customer_id,total_invoices,total_invoice_value,average_invoice_value,average_days_overdue,maximum_days_overdue,total_previous_payments,total_previous_late_payments,average_payment_delay,total_payment_failures,total_communications,average_last_contact_days,payment_reliability_score,payment_behavior_score,customer_value_score,customer_lifetime_value,recovery_rate,late_payment_rate,payment_failure_rate,communication_per_invoice,cluster,customer_segment,recommended_strategy,customer_priority_score
CUST1618,2,69380.13,34690.065,537.5,552,35,10,12.0,4,12,34.5,74.13,75.86500000000001,97.65,4882303.0,0.0,0.2857142857142857,2.0,6.0,3,Valuable but Risky,Priority human intervention,40017447.8
CUST0322,1,10444.85,10444.85,535.0,535,25,6,7.0,2,4,43.0,76.0,79.8,83.2,4159803.0,0.0,0.24,2.0,4.0,3,Valuable but Risky,Priority human intervention,32754288.82
CUST1989,1,50926.92,50926.92,398.0,398,7,2,14.0,1,2,29.0,71.43,75.32,96.69,4834377.0,0.0,0.2857142857142857,1.0,2.0,3,Valuable but Risky,Priority human intervention,30953825.31
CUST0022,3,64753.33,21584.443333333333,435.3333333333333,582,48,16,2.6666666666666665,1,5,40.0,59.80666666666667,77.63666666666667,81.69,4084464.0,0.0,0.3333333333333333,0.3333333333333333,1.6666666666666667,3,Valuable but Risky,Priority human intervention,29153996.37
CUST0301,1,17848.45,17848.45,522.0,522,18,8,21.0,0,1,5.0,55.56,65.18,64.56,3227902.0,0.0,0.4444444444444444,0.0,1.0,3,Valuable but Risky,Priority human intervention,29000906.19
CUST1683,2,160044.66,80022.33,360.0,431,52,14,32.5,1,3,31.5,73.185,66.09,99.28,4964082.0,0.0,0.2692307692307692,0.5,1.5,3,Valuable but Risky,Priority human intervention,28982601.83
CUST0037,3,109867.98999999999,36622.66333333333,390.6666666666667,461,37,11,20.0,0,10,42.666666666666664,64.80333333333333,70.39999999999999,89.92,4496228.0,0.0,0.2972972972972973,0.0,3.3333333333333335,3,Valuable but Risky,Priority human intervention,28620314.02
CUST0178,3,75131.56,25043.853333333333,366.0,550,26,9,12.0,3,5,53.0,70.0,75.8,89.31,4465677.0,0.3333333333333333,0.34615384615384615,1.0,1.6666666666666667,3,Valuable but Risky,Priority human intervention,28013535.33
CUST1941,5,126107.8,25221.56,477.2,515,105,36,23.4,3,19,34.2,63.82000000000001,66.672,70.96,3547831.0,0.0,0.34285714285714286,0.6,3.8,3,Valuable but Risky,Priority human intervention,27499136.71
CUST1794,4,133493.03,33373.2575,389.25,571,54,15,14.5,2,24,47.0,79.5,80.05,87.07,4353677.0,0.25,0.2777777777777778,0.5,6.0,0,Valuable but Risky,Priority human intervention,27217132.7
CUST1845,2,40617.05,20308.525,426.0,551,20,9,10.0,1,4,30.5,43.75,64.875,71.25,3562305.0,0.0,0.45,0.5,2.0,3,Valuable but Risky,Priority human intervention,27169700.24
CUST0048,2,52379.979999999996,26189.989999999998,467.5,489,43,15,17.5,1,6,80.5,63.78,70.39,70.97,3548408.0,0.0,0.3488372093023256,0.5,3.0,3,Valuable but Risky,Priority human intervention,27161825.42
CUST0053,4,200851.91,50212.9775,393.75,551,92,28,12.75,1,15,47.0,68.62,76.1625,84.04,4201785.0,0.25,0.30434782608695654,0.25,3.75,0,Valuable but Risky,Priority human intervention,27060408.83
CUST0305,2,31538.53,15769.265,432.5,520,28,4,19.5,2,6,59.0,88.235,80.42,87.09,4354459.0,0.0,0.14285714285714285,1.0,3.0,0,Valuable but Risky,Priority human intervention,26499993.34
CUST1065,1,184964.29,184964.29,349.0,349,21,5,18.0,3,6,66.0,76.19,71.3,94.09,4704419.0,0.0,0.23809523809523808,3.0,6.0,3,Valuable but Risky,Priority human intervention,26152089.24
CUST1905,4,63130.240000000005,15782.560000000001,321.5,515,81,26,14.0,4,17,69.75,64.205,71.705,93.91,4695287.0,0.25,0.32098765432098764,1.0,4.25,3,Valuable but Risky,Priority human intervention,26143184.12
CUST0563,3,18579.07,6193.0233333333335,324.6666666666667,527,41,11,14.666666666666666,7,10,28.666666666666668,82.19,77.62666666666667,96.09999999999998,4804896.0,0.3333333333333333,0.2682926829268293,2.3333333333333335,3.3333333333333335,0,Valuable but Risky,Priority human intervention,25879247.98
CUST0009,4,126862.77,31715.6925,304.25,498,69,19,13.25,2,9,49.75,78.93,80.51750000000001,100.0,4999982.0,0.5,0.2753623188405797,0.5,2.25,0,Valuable but Risky,Priority human intervention,25778168.07
CUST0002,1,22805.14,22805.14,377.0,377,25,10,8.0,0,4,73.0,60.0,75.2,77.03,3851250.0,0.0,0.4,0.0,4.0,3,Valuable but Risky,Priority human intervention,25718647.5
CUST0753,5,252322.55,50464.509999999995,299.6,537,69,22,15.4,5,23,44.4,65.762,71.64200000000001,97.19,4859479.0,0.4,0.3188405797101449,1.0,4.6,3,Valuable but Risky,Priority human intervention,25609876.89
CUST1586,5,162802.56,32560.512,324.6,553,91,25,19.0,6,24,49.8,71.124,71.764,94.28,4713754.0,0.4,0.27472527472527475,1.2,4.8,3,Valuable but Risky,Priority human intervention,25513115.83
CUST1315,3,92506.06,30835.353333333333,497.0,513,39,10,16.0,3,7,45.666666666666664,78.89,77.84666666666668,67.62,3380922.0,0.0,0.2564102564102564,1.0,2.3333333333333335,3,Valuable but Risky,Priority human intervention,25359515.71
CUST0153,1,42744.41,42744.41,340.0,340,13,6,12.0,0,6,20.0,53.85,69.72,77.35,3867242.0,0.0,0.46153846153846156,0.0,6.0,3,Valuable but Risky,Priority human intervention,24869340.86
CUST0635,5,164287.51,32857.502,289.8,577,48,14,19.0,6,25,36.4,54.967999999999996,63.681999999999995,97.7,4884777.0,0.4,0.2916666666666667,1.2,5.0,3,Valuable but Risky,Priority human intervention,24594445.13
CUST1389,6,422486.62,70414.43666666666,296.3333333333333,558,79,23,17.666666666666668,5,20,57.5,72.265,73.865,94.76,4738118.0,0.3333333333333333,0.2911392405063291,0.8333333333333334,3.3333333333333335,0,Valuable but Risky,Priority human intervention,24245969.4
CUST1521,4,62087.88,15521.97,402.25,531,59,19,14.25,2,9,66.75,55.235,68.0675,72.99,3649537.0,0.0,0.3220338983050847,0.5,2.25,3,Valuable but Risky,Priority human intervention,24232616.4
CUST1145,5,107898.92,21579.784,300.0,546,67,17,15.8,4,16,50.8,78.7,78.27000000000001,96.3,4814812.0,0.2,0.2537313432835821,0.8,3.2,0,Valuable but Risky,Priority human intervention,24145922.87
CUST1943,5,201091.88,40218.376000000004,275.4,488,62,19,18.0,3,26,64.2,68.078,72.038,95.41,4770553.0,0.4,0.3064516129032258,0.6,5.2,3,Valuable but Risky,Priority human intervention,23396792.47
CUST1583,4,149582.24,37395.56,289.5,458,97,32,6.25,7,10,31.0,66.43,75.965,89.93,4496460.0,0.25,0.32989690721649484,1.75,2.5,3,Valuable but Risky,Priority human intervention,23291431.02
CUST0372,5,92642.13,18528.426,278.4,428,64,14,10.6,5,15,38.2,77.478,80.378,99.1,4954948.0,0.4,0.21875,1.0,3.0,0,Valuable but Risky,Priority human intervention,22850981.44
CUST1286,3,57315.55,19105.183333333334,289.0,527,34,9,10.333333333333334,1,13,59.333333333333336,73.33,79.79666666666667,92.33,4616701.0,0.3333333333333333,0.2647058823529412,0.3333333333333333,4.333333333333333,0,Valuable but Risky,Priority human intervention,22712811.07
CUST0177,6,129225.06,21537.51,271.3333333333333,542,107,33,15.5,6,22,63.0,67.48333333333333,72.44333333333333,93.46999999999998,4673636.0,0.16666666666666666,0.308411214953271,1.0,3.6666666666666665,3,Valuable but Risky,Priority human intervention,22707173.54
CUST0309,6,89113.14,14852.19,317.3333333333333,564,84,24,13.0,4,24,59.666666666666664,74.53833333333334,78.13666666666667,84.49,4224482.0,0.3333333333333333,0.2857142857142857,0.6666666666666666,4.0,0,Valuable but Risky,Priority human intervention,22667363.42
CUST1230,3,75096.64,25032.213333333333,284.0,456,53,16,18.0,3,10,49.333333333333336,69.82666666666667,72.11666666666666,90.39,4519353.0,0.3333333333333333,0.3018867924528302,1.0,3.3333333333333335,3,Valuable but Risky,Priority human intervention,22593354.17
CUST1105,5,140215.99,28043.197999999997,283.4,588,100,32,15.6,4,13,42.0,68.60799999999999,73.34400000000001,88.89,4444643.0,0.6,0.32,0.8,2.6,3,Valuable but Risky,Priority human intervention,22493804.87
CUST1224,8,339772.70999999996,42471.588749999995,297.375,549,156,40,13.875,5,32,61.125,72.21125,76.5325,89.95,4497395.0,0.375,0.2564102564102564,0.625,4.0,0,Valuable but Risky,Priority human intervention,22453965.27
CUST0830,4,111422.77,27855.6925,309.5,541,52,8,11.25,3,10,68.25,92.195,87.85000000000001,94.93,4746671.0,0.25,0.15384615384615385,0.75,2.5,0,Valuable but Risky,Priority human intervention,22428020.48
CUST1953,7,475206.65,67886.66428571429,270.2857142857143,549,80,19,18.285714285714285,5,25,45.0,84.83142857142856,80.01714285714286,97.49,4874574.0,0.2857142857142857,0.2375,0.7142857142857143,3.5714285714285716,0,Valuable but Risky,Priority human intervention,22336690.8
CUST0085,7,620057.47,88579.63857142857,267.7142857142857,448,91,30,6.714285714285714,6,30,23.428571428571427,73.26714285714286,80.89142857142858,90.5,4525156.0,0.14285714285714285,0.32967032967032966,0.8571428571428571,4.285714285714286,0,Valuable but Risky,Priority human intervention,22125242.34
CUST1829,5,66481.95,13296.39,356.8,516,56,14,13.8,3,28,52.6,79.702,80.372,77.42,3870888.0,0.2,0.25,0.6,5.6,0,Valuable but Risky,Priority human intervention,22102770.48
CUST0593,2,39969.13,19984.565,286.0,405,8,2,20.5,0,4,26.0,85.715,80.56,91.26,4563070.0,1.0,0.25,0.0,2.0,0,Valuable but Risky,Priority human intervention,22016812.75
CUST1535,4,217883.34999999998,54470.837499999994,313.5,530,65,17,21.0,4,9,60.5,76.27250000000001,73.54,83.73,4186725.0,0.25,0.26153846153846155,1.0,2.25,0,Valuable but Risky,Priority human intervention,21839889.93
CUST1803,5,392238.02999999997,78447.606,258.8,531,84,24,10.6,3,16,33.2,57.758,71.32000000000001,93.73,4686440.0,0.4,0.2857142857142857,0.6,3.2,0,Valuable but Risky,Priority human intervention,21619217.21
CUST0821,6,539573.83,89928.97166666666,282.6666666666667,526,113,31,13.166666666666666,5,17,66.33333333333333,74.8,77.83333333333333,88.42,4421047.0,0.3333333333333333,0.2743362831858407,0.8333333333333334,2.8333333333333335,0,Valuable but Risky,Priority human intervention,21559059.64
CUST0415,9,188038.37,20893.152222222223,272.22222222222223,476,154,45,16.555555555555557,9,39,47.44444444444444,71.3411111111111,73.73777777777778,89.38,4468909.0,0.2222222222222222,0.2922077922077922,1.0,4.333333333333333,0,Valuable but Risky,Priority human intervention,21494936.4
CUST0224,6,475621.95999999996,79270.32666666666,334.6666666666667,579,100,23,14.166666666666666,5,19,68.5,77.54666666666667,78.60833333333333,80.23,4011676.0,0.5,0.23,0.8333333333333334,3.1666666666666665,0,Valuable but Risky,Priority human intervention,21448024.57
CUST1071,8,458698.49,57337.31125,259.75,542,95,20,21.125,5,28,51.625,70.88125,71.51375,98.36,4917951.0,0.375,0.21052631578947367,0.625,3.5,0,Valuable but Risky,Priority human intervention,21417029.51
CUST0722,3,35229.44,11743.146666666667,266.0,491,61,14,13.666666666666666,5,6,48.333333333333336,77.15333333333334,77.04666666666667,95.12,4755815.0,0.0,0.22950819672131148,1.6666666666666667,2.0,0,Valuable but Risky,Priority human intervention,21401167.5
CUST1414,3,58002.64,19334.213333333333,227.33333333333334,568,30,11,7.0,2,13,48.0,76.07000000000001,82.50333333333333,95.38,4768784.0,0.6666666666666666,0.36666666666666664,0.6666666666666666,4.333333333333333,0,Valuable but Risky,Priority human intervention,21333420.16
CUST0876,5,113067.08,22613.416,349.6,562,104,27,16.8,0,11,45.4,73.124,76.484,75.27,3763543.0,0.2,0.25961538461538464,0.0,2.2,0,Valuable but Risky,Priority human intervention,21313812.52
CUST1035,3,45518.15,15172.716666666667,350.0,529,56,15,11.333333333333334,3,11,40.666666666666664,79.13,80.76333333333334,74.7,3735104.0,0.0,0.26785714285714285,1.0,3.6666666666666665,0,Valuable but Risky,Priority human intervention,21310102.29
CUST0482,5,126327.93000000001,25265.586000000003,248.4,545,81,19,12.0,3,20,46.2,77.962,80.58,99.06,4952825.0,0.4,0.2345679012345679,0.6,4.0,0,Valuable but Risky,Priority human intervention,21303262.1
CUST1638,5,379220.24,75844.048,264.0,504,77,17,15.0,4,20,54.8,73.05,75.924,95.76,4788202.0,0.4,0.22077922077922077,0.8,4.0,0,Valuable but Risky,Priority human intervention,21277028.52
CUST1442,3,49039.17,16346.39,261.6666666666667,456,27,6,6.666666666666667,1,16,47.333333333333336,59.52333333333333,75.09333333333333,96.12,4805997.0,0.0,0.2222222222222222,0.3333333333333333,5.333333333333333,3,Valuable but Risky,Priority human intervention,21244286.74
CUST0114,2,94062.87,47031.435,238.5,477,32,12,20.0,0,6,19.5,67.855,71.93,91.29,4564276.0,0.5,0.375,0.0,3.0,3,Valuable but Risky,Priority human intervention,21243852.11
CUST0129,5,217573.87,43514.774,253.2,526,55,14,17.4,3,21,34.8,75.458,76.09,95.45,4772727.0,0.2,0.2545454545454545,0.6,4.2,0,Valuable but Risky,Priority human intervention,21148213.67
CUST1775,3,245561.62,81853.87333333334,263.6666666666667,474,42,16,18.333333333333332,1,5,63.0,62.98333333333333,69.82333333333334,83.99,4199287.0,0.3333333333333333,0.38095238095238093,0.3333333333333333,1.6666666666666667,3,Valuable but Risky,Priority human intervention,21089085.94
CUST0231,5,74673.09,14934.617999999999,242.8,571,78,21,13.0,0,15,51.2,77.716,81.056,96.55,4827402.0,0.2,0.2692307692307692,0.0,3.0,0,Valuable but Risky,Priority human intervention,21003654.76
CUST1884,5,217377.88,43475.576,275.2,537,66,12,13.6,3,23,49.0,79.8,80.53999999999999,94.25,4712315.0,0.4,0.18181818181818182,0.6,4.6,0,Valuable but Risky,Priority human intervention,20895261.49
CUST0867,3,41391.64,13797.213333333333,316.0,553,53,13,15.333333333333334,5,16,58.333333333333336,73.09333333333333,74.01333333333334,80.54,4026765.0,0.0,0.24528301886792453,1.6666666666666667,5.333333333333333,3,Valuable but Risky,Priority human intervention,20860162.23
CUST0962,5,440051.65,88010.33,261.4,441,66,16,20.6,4,21,51.8,80.026,76.05199999999999,92.68,4634074.0,0.2,0.24242424242424243,0.8,4.2,0,Valuable but Risky,Priority human intervention,20807553.97
CUST0433,7,67825.15,9689.307142857142,232.71428571428572,518,113,34,10.714285714285714,10,29,28.714285714285715,69.19142857142857,75.30857142857143,96.09,4804619.0,0.42857142857142855,0.3008849557522124,1.4285714285714286,4.142857142857143,0,Valuable but Risky,Priority human intervention,20795496.52
CUST0082,5,299564.79,59912.958,257.2,385,83,16,8.2,6,15,24.8,81.08,83.22,97.38,4868750.0,0.0,0.1927710843373494,1.2,3.0,0,Valuable but Risky,Priority human intervention,20743690.66
CUST0261,3,109418.49,36472.83,205.0,482,29,12,11.666666666666666,3,17,44.333333333333336,55.64000000000001,68.82000000000001,96.06,4802820.0,0.6666666666666666,0.41379310344827586,1.0,5.666666666666667,3,Valuable but Risky,Priority human intervention,20710091.07
CUST1827,3,78095.04000000001,26031.680000000004,285.6666666666667,354,61,14,16.333333333333332,6,10,55.0,77.85666666666667,75.13,87.29,4364366.0,0.3333333333333333,0.22950819672131148,2.0,3.3333333333333335,0,Valuable but Risky,Priority human intervention,20694965.01
CUST0857,2,42596.35,21298.175,319.5,518,22,5,17.0,1,11,16.0,87.5,82.55,79.97,3998401.0,0.0,0.22727272727272727,0.5,5.5,0,Valuable but Risky,Priority human intervention,20585404.06
CUST0885,1,28194.63,28194.63,326.0,326,23,5,17.0,0,2,37.0,78.26,78.93,79.22,3961147.0,0.0,0.21739130434782608,0.0,2.0,0,Valuable but Risky,Priority human intervention,20542852.79
CUST0101,10,322997.57,32299.757,258.3,557,157,42,16.7,14,46,51.3,72.5,73.433,90.4,4520013.0,0.1,0.267515923566879,1.4,4.6,0,Valuable but Risky,Priority human intervention,20527682.22
CUST1327,2,41212.83,20606.415,356.5,398,45,13,16.5,2,6,81.0,70.58,73.39,69.67,3483372.0,0.0,0.28888888888888886,1.0,3.0,3,Valuable but Risky,Priority human intervention,20495386.77
CUST0736,1,15236.1,15236.1,298.0,298,22,6,0.0,0,1,27.0,72.73,86.36,80.73,4036280.0,0.0,0.2727272727272727,0.0,1.0,0,Valuable but Risky,Priority human intervention,20445592.87
CUST0654,1,93700.4,93700.4,272.0,272,28,6,20.0,1,4,38.0,78.57,75.28,90.46,4523014.0,0.0,0.21428571428571427,1.0,4.0,0,Valuable but Risky,Priority human intervention,20431100.38
CUST0836,9,257488.87,28609.874444444446,268.3333333333333,419,150,38,14.333333333333334,11,34,43.666666666666664,76.25555555555555,77.08333333333333,88.43,4421545.0,0.3333333333333333,0.25333333333333335,1.2222222222222223,3.7777777777777777,0,Valuable but Risky,Priority human intervention,20411816.85
CUST0141,4,165913.66,41478.415,274.25,440,85,26,15.75,3,18,57.25,69.66499999999999,73.8825,83.38,4168893.0,0.25,0.3058823529411765,0.75,4.5,3,Valuable but Risky,Priority human intervention,20374483.62
CUST0353,7,124096.51999999999,17728.074285714283,295.2857142857143,529,118,29,16.857142857142858,3,26,46.0,74.80428571428571,76.43142857142857,82.52,4125837.0,0.2857142857142857,0.2457627118644068,0.42857142857142855,3.7142857142857144,0,Valuable but Risky,Priority human intervention,20316950.05
CUST1706,5,231371.61,46274.322,285.0,508,107,25,18.6,5,19,35.4,74.342,74.01,85.53,4276405.0,0.4,0.2336448598130841,1.0,3.8,0,Valuable but Risky,Priority human intervention,20310925.43
CUST1823,10,244223.55,24422.355,223.9,573,143,48,13.7,7,42,52.1,65.902,73.332,93.75,4687370.0,0.4,0.3356643356643357,0.7,4.2,0,Valuable but Risky,Priority human intervention,20278578.76
CUST0241,3,72054.75,24018.25,288.3333333333333,528,53,10,9.333333333333334,4,7,61.666666666666664,86.30333333333333,84.88666666666667,87.68,4383848.0,0.0,0.18867924528301888,1.3333333333333333,2.3333333333333335,0,Valuable but Risky,Priority human intervention,20236007.8
CUST1372,5,75573.03,15114.606,244.8,501,103,24,10.8,2,20,56.6,76.05199999999999,80.744,95.08,4753855.0,0.4,0.23300970873786409,0.4,4.0,0,Valuable but Risky,Priority human intervention,20210622.22
CUST1466,5,99624.87000000001,19924.974000000002,308.0,593,90,22,16.8,3,15,40.8,76.12,76.78200000000001,79.27,3963397.0,0.6,0.24444444444444444,0.6,3.0,0,Valuable but Risky,Priority human intervention,20123487.7
CUST1896,2,170909.75,85454.875,462.0,513,56,13,9.5,1,14,29.0,76.44,81.52000000000001,58.08,2904119.0,0.0,0.23214285714285715,0.5,7.0,0,Valuable but Risky,Priority human intervention,20109986.89
CUST1018,6,143207.95,23867.99166666667,311.1666666666667,540,127,25,12.666666666666666,3,23,41.666666666666664,83.29166666666667,83.045,81.56,4077902.0,0.3333333333333333,0.1968503937007874,0.5,3.8333333333333335,0,Valuable but Risky,Priority human intervention,20067559.1
CUST1058,5,299438.81,59887.762,329.8,550,62,15,22.6,2,18,44.0,75.866,73.572,75.07,3753292.0,0.2,0.24193548387096775,0.4,3.6,0,Valuable but Risky,Priority human intervention,20034467.33
CUST0774,4,74801.25,18700.3125,223.25,420,36,14,8.25,4,18,50.0,46.1375,66.12,88.75,4437373.0,0.5,0.3888888888888889,1.0,4.5,3,Valuable but Risky,Priority human intervention,19921955.86
CUST0892,9,306231.19,34025.68777777778,252.33333333333334,579,176,41,10.666666666666666,5,26,39.0,79.57555555555555,82.27666666666667,91.65,4582669.0,0.5555555555555556,0.23295454545454544,0.5555555555555556,2.888888888888889,0,Valuable but Risky,Priority human intervention,19907617.54
CUST1619,4,62014.670000000006,15503.667500000001,214.0,500,41,11,3.0,2,17,44.0,79.16499999999999,86.78,99.68,4983842.0,0.75,0.2682926829268293,0.5,4.25,0,Valuable but Risky,Priority human intervention,19847846.87
CUST1662,3,174241.8,58080.6,392.0,476,36,8,11.0,1,3,53.0,82.47666666666667,83.97333333333334,65.96,3298140.0,0.0,0.2222222222222222,0.3333333333333333,1.0,0,Valuable but Risky,Priority human intervention,19832815.2
CUST0967,8,346840.13,43355.01625,289.25,517,92,19,18.0,2,18,52.875,85.15375,81.27875,83.79,4189289.0,0.25,0.20652173913043478,0.25,2.25,0,Valuable but Risky,Priority human intervention,19674517.66
CUST1570,3,29368.98,9789.66,313.0,497,49,14,5.0,3,16,38.0,72.16,81.08,73.99,3699279.0,0.0,0.2857142857142857,1.0,5.333333333333333,0,Valuable but Risky,Priority human intervention,19643171.49
CUST0315,4,134815.93,33703.9825,298.5,564,72,15,13.5,6,4,30.5,79.2325,78.5175,81.2,4060162.0,0.25,0.20833333333333334,1.5,1.0,0,Valuable but Risky,Priority human intervention,19550525.9
CUST1410,4,223548.37,55887.0925,264.0,469,61,14,13.0,4,7,68.0,82.5075,81.455,87.29,4364380.0,0.0,0.22950819672131148,1.0,1.75,0,Valuable but Risky,Priority human intervention,19532389.18
CUST0232,8,356431.66,44553.9575,227.25,542,97,25,12.25,5,36,42.875,76.08500000000001,79.44375,94.42,4720817.0,0.375,0.25773195876288657,0.625,4.5,0,Valuable but Risky,Priority human intervention,19430542.09
CUST1898,4,367748.91000000003,91937.22750000001,333.25,518,75,17,17.25,6,11,59.0,82.245,77.77250000000001,72.94,3647170.0,0.25,0.22666666666666666,1.5,2.75,0,Valuable but Risky,Priority human intervention,19383006.54
CUST0174,1,54571.86,54571.86,386.0,386,2,0,24.0,1,6,55.0,100.0,83.6,79.66,3982747.0,0.0,0.0,1.0,6.0,0,Valuable but Risky,Priority human intervention,19356150.42
CUST0629,3,44136.96,14712.32,380.3333333333333,546,19,9,16.666666666666668,2,14,40.0,53.173333333333325,65.25,54.62,2731206.0,0.3333333333333333,0.47368421052631576,0.6666666666666666,4.666666666666667,3,Valuable but Risky,Priority human intervention,19333105.21
CUST1420,5,201587.01,40317.402,233.8,518,79,14,11.0,8,8,27.8,79.372,79.888,98.21,4910319.0,0.4,0.17721518987341772,1.6,1.6,0,Valuable but Risky,Priority human intervention,19295316.06
CUST1394,2,148586.22,74293.11,227.0,228,51,14,14.0,4,1,31.0,72.38499999999999,73.78999999999999,92.58,4628887.0,0.5,0.27450980392156865,2.0,0.5,3,Valuable but Risky,Priority human intervention,19291567.29
CUST0914,3,93275.94,31091.98,314.6666666666667,508,58,15,18.666666666666668,7,19,50.333333333333336,74.3,71.27999999999999,73.91,3695525.0,0.6666666666666666,0.25862068965517243,2.3333333333333335,6.333333333333333,3,Valuable but Risky,Priority human intervention,19287242.32
CUST1566,4,85645.32,21411.33,205.5,433,54,16,4.75,2,17,46.75,72.03999999999999,82.17,97.32,4866129.0,0.5,0.2962962962962963,0.5,4.25,0,Valuable but Risky,Priority human intervention,19270771.98
CUST1077,4,217008.49,54252.1225,246.5,510,78,17,17.5,5,16,56.25,80.215,77.1075,91.14,4557167.0,0.25,0.21794871794871795,1.25,4.0,0,Valuable but Risky,Priority human intervention,19232121.12
CUST1947,5,228057.45,45611.490000000005,307.0,505,81,17,23.2,2,17,66.2,81.94800000000001,76.25399999999999,77.98,3899091.0,0.4,0.20987654320987653,0.4,3.4,0,Valuable but Risky,Priority human intervention,19199894.27
CUST0319,3,95148.99,31716.33,316.0,426,37,10,27.333333333333332,1,12,52.0,62.336666666666666,64.10000000000001,72.65,3632299.0,0.0,0.2702702702702703,0.3333333333333333,4.0,3,Valuable but Risky,Priority human intervention,19194245.96
CUST0360,2,125870.13,62935.065,505.5,564,37,11,14.0,2,4,19.0,69.85499999999999,74.525,48.86,2442919.0,0.0,0.2972972972972973,1.0,2.0,3,High-Risk Customer,Frequent follow-up and payment assistance,19189458.87
CUST0965,9,127122.49,14124.721111111112,218.44444444444446,567,130,38,11.88888888888889,11,37,42.111111111111114,78.34777777777778,79.59666666666666,93.2,4660146.0,0.3333333333333333,0.2923076923076923,1.2222222222222223,4.111111111111111,0,Valuable but Risky,Priority human intervention,19177815.19
CUST0822,7,188352.1,26907.442857142858,200.57142857142858,497,117,32,11.285714285714286,3,26,37.57142857142857,74.4057142857143,79.57571428571428,99.88,4993772.0,0.42857142857142855,0.27350427350427353,0.42857142857142855,3.7142857142857144,0,Valuable but Risky,Priority human intervention,19115110.46
CUST0388,4,78991.77,19747.9425,206.25,508,45,18,9.0,3,20,57.25,51.4975,68.8475,89.17,4458285.0,0.5,0.4,0.75,5.0,3,Valuable but Risky,Priority human intervention,19114896.94
CUST1054,3,46564.47,15521.49,220.0,352,54,15,11.666666666666666,4,13,37.333333333333336,73.26666666666667,76.96666666666667,93.14,4656976.0,0.3333333333333333,0.2777777777777778,1.3333333333333333,4.333333333333333,0,Valuable but Risky,Priority human intervention,19041857.42
CUST1293,7,491013.02,70144.71714285715,191.57142857142858,541,72,23,9.142857142857142,6,33,55.0,69.47,77.53428571428572,98.86,4943180.0,0.5714285714285714,0.3194444444444444,0.8571428571428571,4.714285714285714,0,Valuable but Risky,Priority human intervention,19017021.55
CUST0497,4,157770.0,39442.5,274.25,527,82,16,16.0,3,9,39.25,81.625,79.7125,84.93,4246656.0,0.5,0.1951219512195122,0.75,2.25,0,Valuable but Risky,Priority human intervention,18994204.73
CUST1267,2,42390.9,21195.45,266.0,324,31,7,14.0,1,2,77.5,77.525,79.36,84.61,4230266.0,0.0,0.22580645161290322,0.5,1.0,0,Valuable but Risky,Priority human intervention,18978883.72
CUST0344,8,371050.79,46381.34875,218.75,405,92,31,15.375,2,18,49.0,73.2675,76.91,88.93,4446720.0,0.375,0.33695652173913043,0.25,2.25,0,Valuable but Risky,Priority human intervention,18949914.78
CUST1855,7,247355.97,35336.567142857144,229.57142857142858,557,132,37,10.428571428571429,4,26,35.285714285714285,70.65,77.92428571428572,89.64,4482027.0,0.42857142857142855,0.2803030303030303,0.5714285714285714,3.7142857142857144,0,Valuable but Risky,Priority human intervention,18911971.13
CUST1270,10,375906.44999999995,37590.645,262.1,580,111,30,12.5,10,38,37.5,72.479,76.739,82.04,4101889.0,0.3,0.2702702702702703,1.0,3.8,0,Valuable but Risky,Priority human intervention,18867248.2
CUST1055,7,103831.55,14833.078571428572,249.85714285714286,540,93,30,17.714285714285715,5,24,42.0,67.73571428571428,71.81285714285714,81.47,4073278.0,0.42857142857142855,0.3225806451612903,0.7142857142857143,3.4285714285714284,3,Valuable but Risky,Priority human intervention,18847639.2
CUST0474,6,154198.45,25699.74166666667,199.83333333333334,490,113,31,17.0,4,26,42.5,69.795,73.365,97.79,4889498.0,0.3333333333333333,0.2743362831858407,0.6666666666666666,4.333333333333333,0,Valuable but Risky,Priority human intervention,18682209.35
CUST0595,4,69107.25,17276.8125,216.5,580,59,18,11.75,4,12,47.75,74.4725,78.185,90.34,4516951.0,0.25,0.3050847457627119,1.0,3.0,0,Valuable but Risky,Priority human intervention,18657687.18
CUST0148,6,902125.0100000001,150354.16833333336,382.1666666666667,535,96,18,8.666666666666666,8,27,26.833333333333332,74.92999999999999,79.60000000000001,65.04,3252209.0,0.16666666666666666,0.1875,1.3333333333333333,4.5,0,Valuable but Risky,Priority human intervention,18621267.93
CUST0084,5,147147.86,29429.571999999996,301.6,445,79,25,10.4,3,19,57.8,57.403999999999996,71.264,70.44,3521750.0,0.2,0.31645569620253167,0.6,3.8,3,Valuable but Risky,Priority human intervention,18619091.04
CUST0790,2,50245.35,25122.675,227.5,455,25,6,8.0,1,4,37.0,76.605,82.505,91.65,4582688.0,0.5,0.24,0.5,2.0,0,Valuable but Risky,Priority human intervention,18610295.97
CUST1276,4,136959.09,34239.7725,223.5,471,56,11,11.75,3,19,49.75,79.57,81.2375,96.06,4802989.0,0.25,0.19642857142857142,0.75,4.75,0,Valuable but Risky,Priority human intervention,18589711.62
CUST0993,7,273875.97,39125.138571428564,222.0,548,124,34,17.0,5,30,43.142857142857146,74.6557142857143,75.7,90.34,4517223.0,0.2857142857142857,0.27419354838709675,0.7142857142857143,4.285714285714286,0,Valuable but Risky,Priority human intervention,18533728.82
CUST1083,8,158108.86000000002,19763.607500000002,204.0,580,125,33,13.5,3,29,47.375,74.43875,78.37,96.07,4803267.0,0.5,0.264,0.375,3.625,0,Valuable but Risky,Priority human intervention,18456841.64
CUST1001,3,55393.18,18464.393333333333,256.3333333333333,428,43,10,8.666666666666666,2,20,69.66666666666667,77.42333333333333,82.18,84.04,4201923.0,0.3333333333333333,0.23255813953488372,0.6666666666666666,6.666666666666667,0,Valuable but Risky,Priority human intervention,18454910.96
CUST0637,5,238236.94,47647.388,325.6,540,108,20,11.8,4,14,25.6,84.022,83.33,73.05,3652615.0,0.2,0.18518518518518517,0.8,2.8,0,Valuable but Risky,Priority human intervention,18424331.19
CUST0383,5,290712.17,58142.433999999994,247.4,521,84,26,17.6,2,25,56.6,66.394,71.84,80.97,4048422.0,0.6,0.30952380952380953,0.4,5.0,3,Valuable but Risky,Priority human intervention,18417428.37
CUST0042,5,107255.46,21451.092,287.2,503,61,15,7.6,3,12,53.8,64.616,76.548,76.35,3817255.0,0.2,0.2459016393442623,0.6,2.4,0,Valuable but Risky,Priority human intervention,18414938.74
CUST1658,5,106257.47,21251.494,314.4,467,91,28,10.0,5,23,32.4,67.748,75.876,67.9,3395026.0,0.2,0.3076923076923077,1.0,4.6,3,Valuable but Risky,Priority human intervention,18397907.05
CUST0192,7,303899.29000000004,43414.18428571429,230.14285714285714,570,102,27,17.857142857142858,6,27,56.142857142857146,73.08571428571429,74.11571428571428,88.06000000000002,4402892.0,0.42857142857142855,0.2647058823529412,0.8571428571428571,3.857142857142857,0,Valuable but Risky,Priority human intervention,18383554.06
CUST1228,6,237346.22,39557.70333333333,210.83333333333334,571,109,24,8.0,7,23,38.0,77.485,81.60666666666667,96.91000000000001,4845464.0,0.5,0.22018348623853212,1.1666666666666667,3.8333333333333335,0,Valuable but Risky,Priority human intervention,18377570.61
CUST1130,7,411651.0,58807.28571428572,288.57142857142856,564,84,23,14.428571428571429,6,23,54.285714285714285,79.1842857142857,79.22,74.25,3712340.0,0.2857142857142857,0.27380952380952384,0.8571428571428571,3.2857142857142856,0,Valuable but Risky,Priority human intervention,18374820.3
CUST1447,5,117564.17,23512.834,277.2,433,98,15,9.2,5,20,36.2,84.24600000000001,84.604,84.31,4215255.0,0.4,0.15306122448979592,1.0,4.0,0,Valuable but Risky,Priority human intervention,18333606.43
CUST1231,7,97929.47,13989.924285714285,201.0,549,116,28,7.0,3,22,49.0,79.72571428571428,84.80714285714285,97.81000000000002,4890351.0,0.42857142857142855,0.2413793103448276,0.42857142857142855,3.142857142857143,0,Valuable but Risky,Priority human intervention,18273049.46
CUST1318,5,129739.9,25947.98,214.4,547,75,21,10.6,3,18,38.4,80.39,82.634,90.76,4538155.0,0.6,0.28,0.6,3.6,0,Valuable but Risky,Priority human intervention,18262987.93
CUST1093,11,540564.59,49142.23545454545,211.45454545454547,472,175,42,16.272727272727273,5,42,60.36363636363637,76.80090909090909,77.72727272727273,94.41,4720432.0,0.36363636363636365,0.24,0.45454545454545453,3.8181818181818183,0,Valuable but Risky,Priority human intervention,18230480.04
CUST1193,6,114564.07,19094.01166666667,225.5,399,80,22,20.333333333333332,6,20,64.83333333333333,73.72666666666667,72.66333333333334,87.49,4374660.0,0.3333333333333333,0.275,1.0,3.3333333333333335,3,Valuable but Risky,Priority human intervention,18155385.83
CUST1121,4,134911.75,33727.9375,196.25,414,74,25,20.25,3,12,58.25,66.695,69.7,91.59,4579275.0,0.5,0.33783783783783783,0.75,3.0,3,Valuable but Risky,Priority human intervention,18149244.82
CUST0188,5,69340.04000000001,13868.008000000002,340.8,518,43,7,20.0,4,15,30.4,84.28399999999999,78.542,70.79,3539429.0,0.2,0.16279069767441862,0.8,3.0,0,Valuable but Risky,Priority human intervention,18141631.43
CUST0544,3,180317.51,60105.83666666667,372.6666666666667,545,63,18,13.0,1,11,57.333333333333336,70.04666666666667,76.55666666666667,59.64000000000001,2982235.0,0.3333333333333333,0.2857142857142857,0.3333333333333333,3.6666666666666665,3,Valuable but Risky,Priority human intervention,18123468.13
CUST1647,5,124154.6,24830.920000000002,220.2,445,44,11,7.6,4,22,39.2,66.042,76.862,90.47,4523447.0,0.4,0.25,0.8,4.4,0,Valuable but Risky,Priority human intervention,18105096.62
CUST0368,6,240897.74,40149.62333333333,196.16666666666666,462,120,28,6.5,5,18,45.333333333333336,73.53333333333333,81.19666666666667,99.05,4952444.0,0.5,0.23333333333333334,0.8333333333333334,3.0,0,Valuable but Risky,Priority human intervention,18089902.25
CUST1431,3,62295.51,20765.170000000002,202.66666666666666,549,50,11,21.666666666666668,2,11,38.333333333333336,77.24333333333334,74.28666666666668,97.53000000000002,4876709.0,0.3333333333333333,0.22,0.6666666666666666,3.6666666666666665,0,Valuable but Risky,Priority human intervention,18007410.54
CUST1709,5,88239.03,17647.806,246.2,487,80,20,22.4,2,13,70.2,75.732,73.626,83.18,4159070.0,0.0,0.25,0.4,2.6,3,Valuable but Risky,Priority human intervention,17998375.42
CUST1891,6,266342.57,44390.42833333334,267.1666666666667,554,95,23,16.833333333333332,10,19,63.0,78.88166666666666,76.00666666666667,78.6,3929928.0,0.3333333333333333,0.24210526315789474,1.6666666666666667,3.1666666666666665,0,Valuable but Risky,Priority human intervention,17922815.85
CUST0673,8,256902.85,32112.85625,228.875,530,128,24,14.875,6,20,50.25,84.0025,81.5775,91.62,4581211.0,0.25,0.1875,0.75,2.5,0,Valuable but Risky,Priority human intervention,17891418.49
CUST1510,4,32339.850000000002,8084.962500000001,254.75,547,62,17,19.5,4,19,57.25,74.1925,73.39500000000001,79.06,3952908.0,0.5,0.27419354838709675,1.0,4.75,3,Valuable but Risky,Priority human intervention,17867941.12
CUST1368,3,69599.97,23199.99,239.0,443,56,16,18.333333333333332,7,2,34.333333333333336,79.17999999999999,73.92333333333333,81.52,4075942.0,0.3333333333333333,0.2857142857142857,2.3333333333333335,0.6666666666666666,3,Valuable but Risky,Priority human intervention,17765284.35
CUST1041,5,163515.95,32703.190000000002,215.0,557,90,21,17.0,3,15,49.6,76.364,76.782,91.19,4559322.0,0.4,0.23333333333333334,0.6,3.0,0,Valuable but Risky,Priority human intervention,17712965.97
CUST0835,6,268515.41,44752.56833333333,310.3333333333333,519,109,30,16.5,2,24,58.0,75.545,77.20666666666666,67.31,3365258.0,0.16666666666666666,0.27522935779816515,0.3333333333333333,4.0,0,Valuable but Risky,Priority human intervention,17609355.69
CUST1068,7,472773.54,67539.07714285715,193.28571428571428,564,102,30,14.571428571428571,6,36,52.857142857142854,77.91857142857144,78.50428571428571,92.78,4639058.0,0.5714285714285714,0.29411764705882354,0.8571428571428571,5.142857142857143,0,Valuable but Risky,Priority human intervention,17607369.21
CUST1795,5,85049.97,17009.994,241.8,523,58,14,15.6,3,12,36.2,78.034,78.45599999999999,82.97,4148535.0,0.2,0.2413793103448276,0.6,2.4,0,Valuable but Risky,Priority human intervention,17602377.06
CUST0661,7,312515.69,44645.09857142857,251.57142857142858,508,112,33,10.714285714285714,7,27,65.71428571428571,72.95142857142858,78.04714285714286,77.26,3863233.0,0.2857142857142857,0.29464285714285715,1.0,3.857142857142857,0,Valuable but Risky,Priority human intervention,17583869.64
CUST0984,5,148206.36000000002,29641.272000000004,198.4,380,79,22,13.2,2,28,64.2,69.22999999999999,75.898,92.14,4607220.0,0.4,0.27848101265822783,0.4,5.6,0,Valuable but Risky,Priority human intervention,17576485.98
CUST0143,3,204196.6,68065.53333333334,309.6666666666667,556,23,3,13.333333333333334,5,9,51.333333333333336,90.30333333333333,83.82000000000001,75.66,3783003.0,0.3333333333333333,0.13043478260869565,1.6666666666666667,3.0,0,Valuable but Risky,Priority human intervention,17519141.72
CUST1587,4,89446.17000000001,22361.542500000003,207.0,436,86,21,11.5,1,7,61.75,76.055,80.625,91.35,4567562.0,0.5,0.2441860465116279,0.25,1.75,0,Valuable but Risky,Priority human intervention,17446493.5
CUST1115,3,120234.06,40078.02,204.33333333333334,321,43,10,17.0,1,6,21.666666666666668,79.16666666666667,78.71666666666665,92.99,4649409.0,0.3333333333333333,0.23255813953488372,0.3333333333333333,2.0,0,Valuable but Risky,Priority human intervention,17440329.62
CUST0483,2,121481.56999999999,60740.784999999996,225.0,450,36,13,9.5,2,6,41.5,66.19,75.39500000000001,78.7,3935180.0,0.5,0.3611111111111111,1.0,3.0,3,Valuable but Risky,Priority human intervention,17407705.97
CUST0310,4,75616.57,18904.1425,298.75,543,48,15,13.75,4,10,48.5,70.83500000000001,75.17,66.47,3323523.0,0.0,0.3125,1.0,2.5,3,Valuable but Risky,Priority human intervention,17393969.2
CUST1398,5,194134.28999999998,38826.85799999999,187.6,461,93,23,10.8,5,15,26.8,78.514,80.776,96.98,4848793.0,0.4,0.24731182795698925,1.0,3.0,0,Valuable but Risky,Priority human intervention,17393923.93
CUST1153,4,76834.97,19208.7425,207.5,468,82,21,0.0,1,18,55.25,68.75,83.875,89.92,4495975.0,0.5,0.25609756097560976,0.25,4.5,0,Valuable but Risky,Priority human intervention,17365703.44
CUST1865,4,38860.29,9715.0725,224.5,490,35,5,20.75,2,14,45.75,88.35249999999999,80.7275,93.64,4681889.0,0.5,0.14285714285714285,0.5,3.5,0,Valuable but Risky,Priority human intervention,17363119.78
CUST1003,2,33990.62,16995.31,206.5,347,40,17,7.0,2,11,29.5,57.515,72.555,79.48,3974221.0,0.0,0.425,1.0,5.5,3,Valuable but Risky,Priority human intervention,17357907.0
CUST0691,5,142324.14,28464.828,221.0,481,81,20,14.2,1,14,46.2,75.828,78.99600000000001,86.5,4325115.0,0.4,0.24691358024691357,0.2,2.8,0,Valuable but Risky,Priority human intervention,17311673.26
CUST0541,7,538485.96,76926.56571428571,188.85714285714286,556,105,30,13.857142857142858,5,26,44.57142857142857,72.0,76.25857142857141,92.77,4638727.0,0.5714285714285714,0.2857142857142857,0.7142857142857143,3.7142857142857144,0,Valuable but Risky,Priority human intervention,17227664.07
CUST1904,8,221316.19,27664.52375,209.625,417,92,23,17.0,8,30,58.125,72.54375,74.07000000000001,89.02,4450852.0,0.25,0.25,1.0,3.75,0,Valuable but Risky,Priority human intervention,17226188.13
CUST1921,3,93652.97,31217.656666666666,175.33333333333334,526,27,7,5.666666666666667,2,12,57.666666666666664,65.18333333333334,77.85333333333334,99.21999999999998,4961077.0,0.6666666666666666,0.25925925925925924,0.6666666666666666,4.0,0,Valuable but Risky,Priority human intervention,17200850.18
CUST1132,4,125667.54000000001,31416.885000000002,195.25,507,64,19,8.75,5,19,54.5,63.145,73.8225,89.59,4479723.0,0.5,0.296875,1.25,4.75,3,Valuable but Risky,Priority human intervention,17152964.36
CUST1970,6,225793.63999999998,37632.27333333333,220.83333333333334,538,98,26,13.166666666666666,1,29,59.0,65.595,74.565,84.51,4225318.0,0.5,0.2653061224489796,0.16666666666666666,4.833333333333333,0,Valuable but Risky,Priority human intervention,17152779.02
CUST1146,2,66157.86,33078.93,167.5,172,34,13,9.0,2,8,82.5,61.46,73.33,92.47,4623574.0,0.0,0.38235294117647056,1.0,4.0,3,Valuable but Risky,Priority human intervention,17097024.74
CUST1159,6,101560.3,16926.716666666667,169.66666666666666,378,70,21,16.666666666666668,3,14,46.333333333333336,67.16333333333334,72.58333333333333,97.45,4872684.0,0.5,0.3,0.5,2.3333333333333335,0,Valuable but Risky,Priority human intervention,17082005.88
CUST1920,4,164729.81,41182.4525,247.25,419,64,16,14.25,1,22,38.5,80.865,81.38,78.62,3931143.0,0.25,0.25,0.25,5.5,0,Valuable but Risky,Priority human intervention,17063617.58
CUST0943,5,193385.37,38677.074,212.2,505,100,32,16.6,4,20,51.2,68.666,72.772,82.67,4133290.0,0.0,0.32,0.8,4.0,3,Valuable but Risky,Priority human intervention,17033453.42
CUST1919,4,88429.88,22107.47,310.0,543,90,22,19.0,5,15,33.0,75.9575,74.08,66.76,3338210.0,0.25,0.24444444444444444,1.25,3.75,3,Valuable but Risky,Priority human intervention,17032289.24
CUST0645,1,37016.93,37016.93,404.0,404,12,5,31.0,0,5,13.0,58.33,60.56,47.6,2380229.0,0.0,0.4166666666666667,0.0,5.0,3,High-Risk Customer,Frequent follow-up and payment assistance,16994835.06
CUST1249,4,63060.46,15765.115,307.5,562,48,10,16.5,3,10,44.0,83.9325,80.565,69.0,3449752.0,0.25,0.20833333333333334,0.75,2.5,0,Valuable but Risky,Priority human intervention,16986435.11
CUST1008,4,96187.13,24046.7825,291.5,529,52,14,8.5,4,7,35.75,75.25,80.525,68.35,3417611.0,0.25,0.2692307692307692,1.0,1.75,0,Valuable but Risky,Priority human intervention,16982240.51
CUST1681,7,366606.63,52372.375714285714,193.42857142857142,473,123,26,9.142857142857142,3,24,28.571428571428573,78.93142857142857,83.12285714285714,95.31000000000002,4765700.0,0.42857142857142855,0.21138211382113822,0.42857142857142855,3.4285714285714284,0,Valuable but Risky,Priority human intervention,16939877.15
CUST0672,2,13761.67,6880.835,300.5,519,36,9,14.0,2,4,22.5,74.35,76.775,67.66,3383178.0,0.0,0.25,1.0,2.0,3,Valuable but Risky,Priority human intervention,16937034.86
CUST0336,5,112508.38,22501.676,174.4,424,62,16,10.8,3,23,47.6,59.176,71.91,98.08,4904042.0,0.6,0.25806451612903225,0.6,4.6,0,Valuable but Risky,Priority human intervention,16929385.76
CUST0132,5,75210.53,15042.106,274.4,416,128,29,12.6,1,18,50.8,77.122,80.604,73.48,3674064.0,0.2,0.2265625,0.2,3.6,0,Valuable but Risky,Priority human intervention,16872220.4
CUST0362,4,149954.92,37488.73,220.5,483,61,16,21.25,0,19,46.5,75.15,74.8275,83.16,4157834.0,0.25,0.26229508196721313,0.0,4.75,0,Valuable but Risky,Priority human intervention,16821164.98
CUST0108,5,227867.62,45573.524,235.6,545,64,18,21.0,5,16,36.4,73.81,72.306,78.05,3902666.0,0.4,0.28125,1.0,3.2,3,Valuable but Risky,Priority human intervention,16780975.97
CUST1462,7,173094.77000000002,24727.824285714287,162.42857142857142,463,136,39,12.857142857142858,3,26,62.0,70.78714285714285,76.82142857142857,98.9,4944940.0,0.5714285714285714,0.2867647058823529,0.42857142857142855,3.7142857142857144,0,Valuable but Risky,Priority human intervention,16698262.46
CUST0810,8,301405.54,37675.6925,257.625,562,123,24,12.5,8,28,43.125,87.36625,84.1825,78.14,3906756.0,0.375,0.1951219512195122,1.0,3.5,0,Valuable but Risky,Priority human intervention,16697689.54
CUST0937,4,58154.71000000001,14538.677500000002,340.0,537,61,17,7.75,4,15,37.5,75.9825,81.345,59.24,2962066.0,0.25,0.2786885245901639,1.0,3.75,0,Valuable but Risky,Priority human intervention,16665263.13
CUST1778,9,458132.79,50903.64333333333,173.55555555555554,527,123,32,10.88888888888889,5,38,44.22222222222222,71.63777777777779,78.17444444444443,96.46,4822945.0,0.5555555555555556,0.2601626016260163,0.5555555555555556,4.222222222222222,0,Valuable but Risky,Priority human intervention,16625872.1
CUST1021,5,57609.66,11521.932,279.0,549,87,29,16.8,5,17,19.2,66.514,71.176,65.79,3289254.0,0.2,0.3333333333333333,1.0,3.4,3,Valuable but Risky,Priority human intervention,16621696.88
CUST0030,4,78812.66,19703.165,240.0,525,38,11,14.75,3,15,28.25,71.355,75.33,75.71,3785444.0,0.25,0.2894736842105263,0.75,3.75,3,Valuable but Risky,Priority human intervention,16596183.43
CUST1816,9,203284.13,22587.125555555554,213.77777777777777,498,106,30,17.22222222222222,9,37,57.666666666666664,68.81222222222222,72.07222222222222,82.43,4121495.0,0.4444444444444444,0.2830188679245283,1.0,4.111111111111111,0,Valuable but Risky,Priority human intervention,16592430.35
CUST0419,6,137293.01,22882.168333333335,191.83333333333334,541,92,25,11.5,6,24,38.833333333333336,70.83333333333333,76.52,89.31,4465276.0,0.16666666666666666,0.2717391304347826,1.0,4.0,0,Valuable but Risky,Priority human intervention,16572240.91
CUST0272,2,96263.23,48131.615,189.5,367,29,6,24.5,1,9,61.0,76.625,72.615,94.72,4735754.0,0.5,0.20689655172413793,0.5,4.5,0,Valuable but Risky,Priority human intervention,16546561.17
CUST1310,2,40362.92,20181.46,439.0,485,12,3,15.5,1,5,18.5,65.0,72.2,49.11,2455514.0,0.0,0.25,0.5,2.5,3,High-Risk Customer,Frequent follow-up and payment assistance,16544025.58
CUST0828,5,142580.62,28516.124,268.0,524,29,5,6.4,2,28,52.8,82.666,86.692,76.38,3818950.0,0.4,0.1724137931034483,0.4,5.6,0,Valuable but Risky,Priority human intervention,16476793.93
CUST1239,7,190498.6,27214.085714285717,249.57142857142858,545,122,37,12.428571428571429,7,21,58.142857142857146,77.73714285714286,79.41,72.18,3608818.0,0.2857142857142857,0.30327868852459017,1.0,3.0,0,Valuable but Risky,Priority human intervention,16441377.58
CUST1117,11,152236.41,13839.673636363637,171.36363636363637,521,150,51,16.09090909090909,14,41,41.45454545454545,65.10454545454546,70.35272727272728,90.36,4517890.0,0.6363636363636364,0.34,1.2727272727272727,3.727272727272727,0,Valuable but Risky,Priority human intervention,16428280.19
CUST0531,5,211488.25999999998,42297.651999999995,169.8,556,54,22,9.4,4,20,37.8,61.398,73.458,86.49,4324692.0,0.4,0.4074074074074074,0.8,4.0,3,Valuable but Risky,Priority human intervention,16421656.39
CUST1715,3,257087.4,85695.8,182.33333333333334,547,26,10,14.333333333333334,2,7,47.666666666666664,57.28333333333333,68.70666666666666,83.86,4192887.0,0.6666666666666666,0.38461538461538464,0.6666666666666666,2.3333333333333335,3,Valuable but Risky,Priority human intervention,16390962.87
CUST1170,8,468914.04,58614.255,157.125,388,113,34,7.125,4,43,53.875,68.74625,79.1,97.9,4894747.0,0.5,0.3008849557522124,0.5,5.375,0,Valuable but Risky,Priority human intervention,16372441.41
CUST1673,5,151903.02,30380.604,182.6,451,81,19,7.2,5,22,41.6,74.39200000000001,80.88,93.78,4689059.0,0.4,0.2345679012345679,1.0,4.4,0,Valuable but Risky,Priority human intervention,16359605.84
CUST0580,7,326097.8,46585.4,256.0,510,107,29,9.428571428571429,4,27,53.285714285714285,72.75428571428571,79.57714285714285,72.29,3614462.0,0.2857142857142857,0.27102803738317754,0.5714285714285714,3.857142857142857,0,Valuable but Risky,Priority human intervention,16354933.85
CUST1371,3,217677.53,72559.17666666667,178.33333333333334,524,57,14,9.0,6,11,63.0,76.39,78.79333333333334,93.99,4699454.0,0.6666666666666666,0.24561403508771928,2.0,3.6666666666666665,0,Valuable but Risky,Priority human intervention,16292814.64
CUST0697,7,211607.12,30229.588571428572,187.14285714285714,379,99,27,12.428571428571429,8,14,43.714285714285715,72.13857142857144,76.32714285714285,88.92999999999999,4446650.0,0.42857142857142855,0.2727272727272727,1.1428571428571428,2.0,0,Valuable but Risky,Priority human intervention,16250484.55
CUST1982,3,181272.17,60424.05666666667,295.3333333333333,491,51,13,16.333333333333332,1,3,61.0,65.89666666666666,72.48333333333333,65.47,3273253.0,0.0,0.2549019607843137,0.3333333333333333,1.0,3,Valuable but Risky,Priority human intervention,16238757.89
CUST0475,5,266898.42000000004,53379.68400000001,212.0,518,88,15,10.0,6,28,61.2,85.806,84.50399999999999,88.91,4445564.0,0.4,0.17045454545454544,1.2,5.6,0,Valuable but Risky,Priority human intervention,16234391.44
CUST1556,6,199346.93,33224.488333333335,232.0,561,81,28,6.5,7,20,39.166666666666664,69.24166666666666,78.39,72.45,3622401.0,0.5,0.345679012345679,1.1666666666666667,3.3333333333333335,0,Valuable but Risky,Priority human intervention,16183635.48
CUST1092,5,134507.04,26901.408000000003,192.4,569,84,12,17.4,2,13,56.2,86.90799999999999,82.216,96.78,4839125.0,0.2,0.14285714285714285,0.4,2.6,0,Valuable but Risky,Priority human intervention,16170973.14
CUST1388,7,403228.94,57604.13428571429,213.42857142857142,528,167,49,18.285714285714285,4,26,27.0,65.95,70.86,79.64,3981814.0,0.2857142857142857,0.2934131736526946,0.5714285714285714,3.7142857142857144,0,Valuable but Risky,Priority human intervention,16141981.03
CUST1220,5,232243.99000000002,46448.798,222.2,508,91,26,14.6,1,13,42.0,73.264,77.47,77.86,3893139.0,0.6,0.2857142857142857,0.2,2.6,0,Valuable but Risky,Priority human intervention,16127606.39
CUST1950,2,30625.699999999997,15312.849999999999,260.5,455,8,4,11.5,2,9,35.5,71.43,76.815,59.55,2977503.0,0.5,0.5,1.0,4.5,3,Valuable but Risky,Priority human intervention,16100847.47
CUST1792,2,24704.37,12352.185,273.0,546,31,11,18.5,2,7,46.5,54.615,64.21000000000001,63.55,3177640.0,0.5,0.3548387096774194,1.0,3.5,3,Valuable but Risky,Priority human intervention,16058357.5
CUST1719,4,136663.16,34165.79,192.75,351,56,13,4.5,3,11,39.5,78.795,85.19749999999999,89.02,4451207.0,0.25,0.23214285714285715,0.75,2.75,0,Valuable but Risky,Priority human intervention,16055940.82
CUST0862,4,119821.43000000001,29955.357500000002,177.75,575,59,10,11.0,1,11,60.25,83.7675,84.785,98.53,4926709.0,0.5,0.1694915254237288,0.25,2.75,0,Valuable but Risky,Priority human intervention,16003245.14
CUST1744,7,183417.92,26202.56,228.57142857142858,540,82,19,13.428571428571429,9,17,43.57142857142857,77.80428571428571,78.2757142857143,79.03,3951403.0,0.5714285714285714,0.23170731707317074,1.2857142857142858,2.4285714285714284,0,Valuable but Risky,Priority human intervention,15991479.39
CUST0427,7,207781.63,29683.09,170.14285714285714,425,114,29,19.857142857142858,10,23,22.857142857142858,64.92,67.68857142857142,94.34,4716805.0,0.2857142857142857,0.2543859649122807,1.4285714285714286,3.2857142857142856,3,Valuable but Risky,Priority human intervention,15983526.2
CUST1835,4,123862.97,30965.7425,336.25,542,71,20,13.75,2,12,54.25,69.9975,75.75,57.13,2856284.0,0.25,0.28169014084507044,0.5,3.0,3,Valuable but Risky,Priority human intervention,15970549.92
CUST1025,4,90094.34,22523.585,233.0,497,72,20,11.0,6,12,53.75,66.5,73.65,74.91,3745727.0,0.75,0.2777777777777778,1.5,3.0,3,Valuable but Risky,Priority human intervention,15938068.38
CUST1072,3,119705.09,39901.69666666666,485.0,531,28,8,21.0,0,13,46.666666666666664,72.42,73.61333333333333,42.37,2118671.0,0.0,0.2857142857142857,0.0,4.333333333333333,3,High-Risk Customer,Frequent follow-up and payment assistance,15935432.59
CUST1862,4,225844.09999999998,56461.024999999994,223.0,512,49,9,17.0,5,17,63.25,85.2325,79.915,83.32,4165741.0,0.25,0.1836734693877551,1.25,4.25,0,Valuable but Risky,Priority human intervention,15926733.04
CUST1004,3,56560.27,18853.423333333332,273.6666666666667,509,53,14,12.0,2,12,52.0,72.89999999999999,77.92,67.29,3364344.0,0.3333333333333333,0.2641509433962264,0.6666666666666666,4.0,3,Valuable but Risky,Priority human intervention,15892187.72
CUST0658,7,233018.72,33288.38857142857,169.14285714285714,580,89,19,15.428571428571429,6,42,44.0,79.47285714285714,78.76428571428572,97.16,4858163.0,0.42857142857142855,0.21348314606741572,0.8571428571428571,6.0,0,Valuable but Risky,Priority human intervention,15866775.95
CUST0081,2,29060.07,14530.035,205.5,411,6,1,18.5,1,4,59.5,83.33500000000001,79.57,88.7,4435010.0,0.5,0.16666666666666666,0.5,2.0,0,Valuable but Risky,Priority human intervention,15807114.81
CUST1465,9,305478.8,33942.08888888889,164.55555555555554,537,154,43,14.0,9,24,47.44444444444444,63.65888888888888,71.43111111111111,93.29,4664466.0,0.5555555555555556,0.2792207792207792,1.0,2.6666666666666665,0,Valuable but Risky,Priority human intervention,15785717.38
CUST0460,3,82259.19,27419.73,269.3333333333333,484,45,13,15.666666666666666,1,11,67.66666666666667,71.22333333333334,75.54666666666667,66.32,3315962.0,0.3333333333333333,0.28888888888888886,0.3333333333333333,3.6666666666666665,3,Valuable but Risky,Priority human intervention,15784961.63
CUST0702,7,234907.97,33558.28142857143,213.71428571428572,473,124,27,11.428571428571429,9,27,32.0,77.49142857142859,79.31857142857143,82.59,4129441.0,0.42857142857142855,0.21774193548387097,1.2857142857142858,3.857142857142857,0,Valuable but Risky,Priority human intervention,15775416.1
CUST1520,6,126572.99,21095.498333333333,234.0,495,105,30,14.333333333333334,4,20,37.0,71.88333333333334,76.00666666666667,73.47,3673425.0,0.5,0.2857142857142857,0.6666666666666666,3.3333333333333335,0,Valuable but Risky,Priority human intervention,15774736.5
CUST1296,2,60106.98,30053.49,255.0,510,20,5,3.0,3,6,64.0,72.62,81.51,70.99,3549701.0,0.5,0.25,1.5,3.0,0,Valuable but Risky,Priority human intervention,15751798.19
CUST1067,5,111078.51,22215.701999999997,153.4,363,73,24,13.4,4,20,48.4,74.806,77.764,93.45,4672580.0,0.4,0.3287671232876712,0.8,4.0,0,Valuable but Risky,Priority human intervention,15733024.92
CUST1667,5,93232.81,18646.561999999998,158.2,495,64,22,10.2,2,12,59.2,60.936,73.548,90.62,4530967.0,0.4,0.34375,0.4,2.4,3,Valuable but Risky,Priority human intervention,15720473.19
CUST0969,5,216448.97,43289.794,130.2,454,40,15,16.8,1,17,66.0,64.428,71.734,99.27,4963478.0,0.8,0.375,0.2,3.4,3,Valuable but Risky,Priority human intervention,15710648.74
CUST0522,5,293243.75,58648.75,162.2,328,80,17,17.6,3,15,43.6,83.416,79.95,98.78,4939084.0,0.4,0.2125,0.6,3.0,0,Valuable but Risky,Priority human intervention,15702212.38
CUST0980,2,44077.9,22038.95,149.5,299,40,14,6.5,1,13,25.5,66.485,78.345,93.17,4658474.0,0.5,0.35,0.5,6.5,3,Valuable but Risky,Priority human intervention,15690905.05
CUST0925,5,91528.77,18305.754,200.8,560,75,18,13.4,3,15,50.6,77.964,79.744,84.12,4206004.0,0.4,0.24,0.6,3.0,0,Valuable but Risky,Priority human intervention,15688058.44
CUST1116,5,418493.37,83698.674,270.6,568,61,13,11.2,3,13,35.4,79.492,81.828,69.64,3482207.0,0.6,0.21311475409836064,0.6,2.6,0,Valuable but Risky,Priority human intervention,15655317.65
CUST1820,5,152574.1,30514.82,242.8,514,67,16,15.8,5,14,52.0,77.668,77.35600000000001,73.61,3680623.0,0.4,0.23880597014925373,1.0,2.8,0,Valuable but Risky,Priority human intervention,15630232.51
CUST0451,2,49302.07,24651.035,199.0,256,33,14,4.0,4,10,66.0,59.095,73.15,73.31,3665652.0,0.0,0.42424242424242425,2.0,5.0,3,Valuable but Risky,Priority human intervention,15610123.5
CUST1161,2,94067.28,47033.64,232.5,465,27,5,13.5,2,3,61.5,90.38499999999999,85.09,79.14,3957129.0,1.0,0.18518518518518517,1.0,1.5,0,Valuable but Risky,Priority human intervention,15594019.47
CUST1342,7,429622.42000000004,61374.63142857143,171.14285714285714,450,79,28,6.857142857142857,8,23,40.42857142857143,67.75142857142858,77.47714285714287,84.84,4241896.0,0.5714285714285714,0.35443037974683544,1.1428571428571428,3.2857142857142856,0,Valuable but Risky,Priority human intervention,15578113.76
CUST0365,6,348647.8,58107.96666666667,161.66666666666666,356,65,17,12.0,5,21,35.666666666666664,71.825,77.045,94.36,4718170.0,0.3333333333333333,0.26153846153846155,0.8333333333333334,3.5,0,Valuable but Risky,Priority human intervention,15574800.15
CUST0437,3,90505.05,30168.350000000002,136.33333333333334,409,76,25,9.666666666666666,1,10,58.666666666666664,66.95,77.00666666666666,99.04,4952059.0,0.6666666666666666,0.32894736842105265,0.3333333333333333,3.3333333333333335,0,Valuable but Risky,Priority human intervention,15553157.58
CUST1274,4,335592.18,83898.045,163.25,504,70,20,10.75,2,11,64.25,68.61,76.855,91.47,4573535.0,0.25,0.2857142857142857,0.5,2.75,0,Valuable but Risky,Priority human intervention,15479782.57
CUST0948,5,153089.31,30617.862,188.0,498,68,16,10.8,6,22,50.6,72.738,77.49,87.02,4350915.0,0.2,0.23529411764705882,1.2,4.4,0,Valuable but Risky,Priority human intervention,15479019.95
CUST0934,2,125500.87,62750.435,194.5,216,53,11,6.5,1,6,38.0,79.13499999999999,84.67,87.03,4351400.0,0.0,0.20754716981132076,0.5,3.0,0,Valuable but Risky,Priority human intervention,15474563.62
CUST0616,6,174870.41,29145.068333333333,228.0,435,91,24,16.0,3,18,36.0,77.60666666666667,78.20333333333333,74.57,3728621.0,0.5,0.26373626373626374,0.5,3.0,0,Valuable but Risky,Priority human intervention,15455338.91
CUST1304,5,209598.09,41919.618,150.8,342,75,18,6.6,2,19,33.0,78.65799999999999,84.568,98.86,4943091.0,0.6,0.24,0.4,3.8,0,Valuable but Risky,Priority human intervention,15372617.56
CUST1135,4,103094.75,25773.6875,149.75,492,66,24,10.25,2,15,39.25,60.225,72.9625,90.15,4507335.0,0.5,0.36363636363636365,0.5,3.75,3,Valuable but Risky,Priority human intervention,15350548.86
CUST0115,5,54312.520000000004,10862.504,162.6,324,61,18,18.8,3,15,56.6,87.414,81.226,90.26,4513158.0,0.6,0.29508196721311475,0.6,3.0,0,Valuable but Risky,Priority human intervention,15348732.45
CUST0856,5,127645.22,25529.044,234.6,491,53,15,15.8,3,15,52.0,57.42999999999999,68.036,71.32,3566144.0,0.4,0.2830188679245283,0.6,3.0,3,Valuable but Risky,Priority human intervention,15309388.91
CUST1501,6,305806.17,50967.695,203.83333333333334,553,92,26,7.333333333333333,10,20,44.5,70.27166666666666,77.40166666666666,78.55,3927590.0,0.5,0.2826086956521739,1.6666666666666667,3.3333333333333335,0,Valuable but Risky,Priority human intervention,15305789.77
CUST0881,6,342480.07,57080.011666666665,265.5,502,86,28,19.5,4,26,42.333333333333336,61.97,67.95166666666667,63.169999999999995,3158591.0,0.5,0.32558139534883723,0.6666666666666666,4.333333333333333,3,Valuable but Risky,Priority human intervention,15303373.4
CUST0746,7,251009.74,35858.53428571428,205.0,470,109,31,13.857142857142858,4,37,43.714285714285715,76.65285714285713,78.86714285714285,78.05,3902256.0,0.42857142857142855,0.28440366972477066,0.5714285714285714,5.285714285714286,0,Valuable but Risky,Priority human intervention,15286819.38
CUST1602,5,181171.62,36234.324,209.0,561,82,22,3.4,4,13,33.6,77.15599999999999,84.938,77.91,3895474.0,0.4,0.2682926829268293,0.8,2.6,0,Valuable but Risky,Priority human intervention,15266457.62
CUST1075,10,295747.1,29574.71,201.8,505,168,43,14.8,8,40,44.4,74.716,76.877,80.54,4026974.0,0.5,0.25595238095238093,0.8,4.0,0,Valuable but Risky,Priority human intervention,15264101.13
CUST1292,6,190657.04,31776.173333333336,232.5,485,105,26,5.833333333333333,5,26,55.5,78.47500000000001,84.07,73.56,3678104.0,0.5,0.24761904761904763,0.8333333333333334,4.333333333333333,0,Valuable but Risky,Priority human intervention,15258001.43
CUST0696,4,500646.42,125161.605,220.75,485,63,17,8.0,3,11,42.0,73.4725,80.4375,74.78,3739024.0,0.5,0.2698412698412698,0.75,2.75,0,Valuable but Risky,Priority human intervention,15229104.1
CUST0932,4,345610.77,86402.6925,144.25,450,67,23,14.25,3,17,42.75,66.5075,73.205,92.7,4634946.0,0.5,0.34328358208955223,0.75,4.25,0,Valuable but Risky,Priority human intervention,15207119.47
CUST1560,3,139005.22,46335.073333333334,171.33333333333334,328,49,10,12.0,3,7,51.333333333333336,85.17666666666666,83.38666666666667,93.07,4653623.0,0.3333333333333333,0.20408163265306123,1.0,2.3333333333333335,0,Valuable but Risky,Priority human intervention,15203734.57
CUST0044,5,219432.68,43886.536,152.6,405,94,31,11.6,0,13,28.8,69.624,77.854,90.5,4524770.0,0.6,0.32978723404255317,0.0,2.6,0,Valuable but Risky,Priority human intervention,15198894.97
CUST1685,2,100181.87,50090.935,180.5,361,17,7,17.5,2,8,48.0,56.82,65.91,76.72,3835961.0,0.5,0.4117647058823529,1.0,4.0,3,Valuable but Risky,Priority human intervention,15190405.56
CUST1536,4,78659.83,19664.9575,334.0,551,72,18,20.75,5,15,63.5,72.7025,71.4,56.0,2800025.0,0.0,0.25,1.25,3.75,3,Valuable but Risky,Priority human intervention,15190135.62
CUST0339,4,101405.78,25351.445,230.5,475,41,11,17.0,5,15,35.75,71.35,72.975,72.26,3612944.0,0.5,0.2682926829268293,1.25,3.75,3,Valuable but Risky,Priority human intervention,15144403.8
CUST0468,8,264364.95999999996,33045.619999999995,155.25,471,145,35,17.5,3,22,53.375,75.95875,76.73125,95.03,4751669.0,0.375,0.2413793103448276,0.375,2.75,0,Valuable but Risky,Priority human intervention,15056236.7
CUST1095,8,232841.93,29105.24125,208.625,549,149,39,12.875,5,13,61.5,69.26875,75.66125,77.23,3861666.0,0.5,0.26174496644295303,0.625,1.625,0,Valuable but Risky,Priority human intervention,15037560.66
CUST0680,7,227330.31,32475.75857142857,181.14285714285714,402,115,24,9.571428571428571,6,27,42.142857142857146,76.14571428571428,80.61714285714287,88.48,4424142.0,0.42857142857142855,0.20869565217391303,0.8571428571428571,3.857142857142857,0,Valuable but Risky,Priority human intervention,15033948.97
CUST0532,2,38421.77,19210.885,209.0,222,36,7,10.5,0,3,39.5,78.57,82.985,81.46,4072928.0,0.0,0.19444444444444445,0.0,1.5,0,Valuable but Risky,Priority human intervention,15032498.43
CUST0046,5,232222.03,46444.406,162.4,388,52,10,16.2,3,19,42.6,83.264,80.712,95.95,4797647.0,0.4,0.19230769230769232,0.6,3.8,0,Valuable but Risky,Priority human intervention,15009992.21
CUST0402,4,64010.020000000004,16002.505000000001,173.75,441,65,14,15.0,4,5,57.5,77.32249999999999,77.6625,90.01,4500252.0,0.75,0.2153846153846154,1.0,1.25,0,Valuable but Risky,Priority human intervention,14972857.66
CUST0764,1,56133.86,56133.86,288.0,288,17,8,32.0,1,5,71.0,52.94,55.27,52.41,2620466.0,0.0,0.47058823529411764,1.0,5.0,3,Valuable but Risky,Priority human intervention,14952070.71
CUST0461,8,263535.62,32941.9525,146.25,405,113,29,16.5,5,22,44.875,76.88875,77.295,96.25,4812606.0,0.625,0.25663716814159293,0.625,2.75,0,Valuable but Risky,Priority human intervention,14892460.2
CUST1539,3,48765.46000000001,16255.153333333335,343.3333333333333,499,39,12,12.333333333333334,5,0,58.0,77.38,77.95666666666666,51.29,2564399.0,0.0,0.3076923076923077,1.6666666666666667,0.0,3,Valuable but Risky,Priority human intervention,14866938.82
CUST0245,5,111089.65,22217.93,212.4,541,95,18,12.2,4,18,53.2,82.39399999999999,82.276,80.01,4000511.0,0.8,0.18947368421052632,0.8,3.6,0,Valuable but Risky,Priority human intervention,14865561.99
CUST1746,6,150295.33000000002,25049.221666666668,167.0,523,86,17,15.333333333333334,10,21,58.666666666666664,78.56,76.75,92.96,4647855.0,0.5,0.19767441860465115,1.6666666666666667,3.5,0,Valuable but Risky,Priority human intervention,14862867.48
CUST1339,3,63068.54,21022.846666666668,265.6666666666667,426,74,20,9.333333333333334,5,7,65.0,72.94333333333333,77.53666666666668,63.96,3197915.0,0.3333333333333333,0.2702702702702703,1.6666666666666667,2.3333333333333335,3,Valuable but Risky,Priority human intervention,14854171.12
CUST1871,7,442311.8,63187.4,229.28571428571428,526,100,27,11.714285714285714,7,17,43.714285714285715,74.00714285714285,77.9742857142857,71.02,3550967.0,0.42857142857142855,0.27,1.0,2.4285714285714284,0,Valuable but Risky,Priority human intervention,14849890.35
CUST0092,6,374824.54000000004,62470.756666666675,207.33333333333334,442,98,26,12.166666666666666,2,15,38.166666666666664,73.62333333333333,78.84333333333333,76.33,3816484.0,0.3333333333333333,0.2653061224489796,0.3333333333333333,2.5,0,Valuable but Risky,Priority human intervention,14841189.89
CUST1796,5,317968.87,63593.774,149.0,526,50,12,12.6,6,13,59.4,61.896,70.988,96.07,4803292.0,0.6,0.24,1.2,2.6,0,Valuable but Risky,Priority human intervention,14830644.38
CUST0274,5,137724.05,27544.809999999998,149.6,379,64,12,16.0,2,23,59.2,82.814,81.006,99.96,4998008.0,0.4,0.1875,0.4,4.6,0,Valuable but Risky,Priority human intervention,14814095.71
CUST0677,4,169879.69,42469.9225,136.75,349,77,21,17.75,3,11,38.0,71.125,73.4125,98.31,4915313.0,0.5,0.2727272727272727,0.75,2.75,0,Valuable but Risky,Priority human intervention,14810731.76
CUST0700,6,291012.18,48502.03,206.5,576,103,22,13.0,2,24,56.5,74.53833333333334,78.80166666666666,79.6,3980010.0,0.5,0.21359223300970873,0.3333333333333333,4.0,0,Valuable but Risky,Priority human intervention,14804284.77
CUST1895,8,149573.07,18696.63375,218.5,545,61,16,14.0,9,31,56.375,70.87875,74.79124999999999,73.61,3680400.0,0.375,0.26229508196721313,1.125,3.875,0,Valuable but Risky,Priority human intervention,14796716.36
CUST1541,6,198129.12,33021.52,215.5,466,96,21,11.5,5,38,46.833333333333336,78.39166666666667,80.63,76.92,3845830.0,0.3333333333333333,0.21875,0.8333333333333334,6.333333333333333,0,Valuable but Risky,Priority human intervention,14787817.26
CUST1864,8,274810.27999999997,34351.284999999996,144.125,535,117,32,12.875,10,27,44.0,72.03375,75.79125,94.68,4734013.0,0.625,0.27350427350427353,1.25,3.375,0,Valuable but Risky,Priority human intervention,14717773.3
CUST1120,7,154590.14,22084.305714285718,258.0,563,76,25,9.857142857142858,6,19,46.42857142857143,68.09285714285714,76.41714285714285,61.62,3080855.0,0.42857142857142855,0.32894736842105265,0.8571428571428571,2.7142857142857144,0,Valuable but Risky,Priority human intervention,14657573.04
CUST0347,3,54383.08,18127.693333333333,336.3333333333333,561,47,7,16.333333333333332,3,12,81.66666666666667,84.94333333333333,80.66666666666667,58.44,2922176.0,0.3333333333333333,0.14893617021276595,1.0,4.0,0,Valuable but Risky,Priority human intervention,14649427.85
CUST1174,4,275157.95,68789.4875,348.0,507,82,17,9.75,3,14,20.0,82.5,83.9025,54.07,2703528.0,0.0,0.2073170731707317,0.75,3.5,0,Valuable but Risky,Priority human intervention,14622789.49
CUST0619,7,267517.41000000003,38216.77285714286,211.57142857142858,568,101,24,18.285714285714285,8,31,34.42857142857143,73.43714285714286,73.46428571428571,75.63,3781404.0,0.5714285714285714,0.2376237623762376,1.1428571428571428,4.428571428571429,0,Valuable but Risky,Priority human intervention,14581404.04
CUST0077,2,21775.51,10887.755,213.5,280,28,10,24.0,2,10,42.0,67.5,67.35,68.34,3416823.0,0.5,0.35714285714285715,1.0,5.0,3,Valuable but Risky,Priority human intervention,14537361.57
CUST0291,5,125580.73000000001,25116.146,155.0,473,57,12,11.2,2,23,54.8,65.862,75.412,94.09,4704548.0,0.8,0.21052631578947367,0.4,4.6,0,Valuable but Risky,Priority human intervention,14522196.85
CUST1902,5,140098.62,28019.724,150.8,529,103,19,5.6,7,16,45.2,81.852,84.764,97.64,4882094.0,0.6,0.18446601941747573,1.4,3.2,0,Valuable but Risky,Priority human intervention,14502947.51
CUST1948,2,89978.26,44989.13,243.0,432,28,5,15.5,2,11,42.0,89.13,83.265,71.63,3581674.0,0.0,0.17857142857142858,1.0,5.5,0,Valuable but Risky,Priority human intervention,14478917.15
CUST1964,7,132949.99,18992.855714285713,151.42857142857142,539,120,36,16.142857142857142,2,32,50.285714285714285,72.28428571428572,75.88571428571429,88.5,4424798.0,0.5714285714285714,0.3,0.2857142857142857,4.571428571428571,0,Valuable but Risky,Priority human intervention,14462768.32
CUST0931,2,110680.7,55340.35,123.5,247,24,12,15.5,0,11,29.0,50.0,65.7,86.25,4312627.0,0.5,0.5,0.0,5.5,3,Valuable but Risky,Priority human intervention,14458082.02
CUST0660,3,51644.270000000004,17214.756666666668,170.33333333333334,511,50,13,12.0,3,13,48.333333333333336,76.49,79.04666666666667,84.89,4244463.0,0.6666666666666666,0.26,1.0,4.333333333333333,0,Valuable but Risky,Priority human intervention,14457489.87
CUST0273,8,145187.14,18148.3925,160.125,532,107,29,6.5,7,24,47.125,68.98,78.84,87.39,4369453.0,0.625,0.27102803738317754,0.875,3.0,0,Valuable but Risky,Priority human intervention,14446555.03
CUST0902,9,263466.26,29274.02888888889,126.55555555555556,553,123,34,9.444444444444445,10,38,46.22222222222222,76.17,80.19777777777777,99.89,4994490.0,0.5555555555555556,0.2764227642276423,1.1111111111111112,4.222222222222222,0,Valuable but Risky,Priority human intervention,14443099.57
CUST1273,8,242208.35,30276.04375,179.0,416,149,29,12.375,8,26,39.75,82.72375,81.93625,86.61,4330650.0,0.25,0.19463087248322147,1.0,3.25,0,Valuable but Risky,Priority human intervention,14434143.64
CUST0878,4,130141.98999999999,32535.497499999998,134.5,538,36,8,20.75,3,15,34.5,60.489999999999995,66.2925,99.86,4993082.0,0.75,0.2222222222222222,0.75,3.75,3,Valuable but Risky,Priority human intervention,14310727.8
CUST0093,4,76468.57,19117.1425,274.75,550,65,19,11.5,4,16,44.75,80.10249999999999,81.155,59.03,2951717.0,0.5,0.2923076923076923,1.0,4.0,0,Valuable but Risky,Priority human intervention,14294938.38
CUST0583,7,212844.33000000002,30406.33285714286,197.14285714285714,535,93,24,19.0,5,10,61.0,79.95714285714287,77.15142857142857,76.39,3819457.0,0.42857142857142855,0.25806451612903225,0.7142857142857143,1.4285714285714286,0,Valuable but Risky,Priority human intervention,14278080.73
CUST0816,7,193085.47,27583.63857142857,135.57142857142858,564,75,22,12.714285714285714,8,26,52.714285714285715,72.26285714285714,76.21857142857142,93.71,4685352.0,0.7142857142857143,0.29333333333333333,1.1428571428571428,3.7142857142857144,0,Valuable but Risky,Priority human intervention,14274973.49
CUST1808,3,47784.96,15928.32,258.3333333333333,443,40,9,8.333333333333334,4,9,61.666666666666664,83.95,84.31,65.01,3250450.0,0.6666666666666666,0.225,1.3333333333333333,3.0,0,Valuable but Risky,Priority human intervention,14268121.15
CUST1856,5,144473.56,28894.712,239.6,420,63,12,20.4,3,22,43.6,83.748,78.43199999999999,70.58,3529000.0,0.2,0.19047619047619047,0.6,4.4,0,Valuable but Risky,Priority human intervention,14267242.86
CUST0655,6,388293.06,64715.51,120.33333333333333,321,63,20,8.833333333333334,1,25,52.333333333333336,64.38666666666667,76.56,98.14,4906854.0,0.5,0.31746031746031744,0.16666666666666666,4.166666666666667,0,Valuable but Risky,Priority human intervention,14243636.56
CUST1723,8,210329.78,26291.2225,184.0,594,78,16,14.5,6,32,47.125,77.75,78.675,83.19,4159404.0,0.5,0.20512820512820512,0.75,4.0,0,Valuable but Risky,Priority human intervention,14235826.82
CUST0060,7,341171.86,48738.83714285714,205.71428571428572,546,119,31,13.571428571428571,11,30,39.142857142857146,78.96000000000001,78.19428571428571,73.76,3687820.0,0.2857142857142857,0.2605042016806723,1.5714285714285714,4.285714285714286,0,Valuable but Risky,Priority human intervention,14211167.11
CUST1740,4,184652.64,46163.16,322.25,571,81,18,6.75,2,12,52.75,75.6875,82.7975,54.98,2749134.0,0.5,0.2222222222222222,0.5,3.0,0,Valuable but Risky,Priority human intervention,14187822.38
CUST1980,7,424003.57999999996,60571.939999999995,201.28571428571428,557,104,25,14.428571428571429,4,30,67.71428571428571,79.92285714285715,80.16285714285713,75.82000000000001,3791104.0,0.5714285714285714,0.2403846153846154,0.5714285714285714,4.285714285714286,0,Valuable but Risky,Priority human intervention,14167741.01
CUST0218,4,188002.57,47000.6425,196.5,474,58,21,12.5,8,10,41.25,60.472500000000004,68.735,70.13,3506653.0,0.25,0.3620689655172414,2.0,2.5,3,Valuable but Risky,Priority human intervention,14161739.06
CUST0743,8,176956.9,22119.6125,133.125,413,109,29,14.5,4,37,39.0,79.15375,79.8775,95.79,4789400.0,0.5,0.26605504587155965,0.5,4.625,0,Valuable but Risky,Priority human intervention,14135870.16
CUST0263,1,20923.02,20923.02,214.0,214,2,1,27.0,1,5,20.0,50.0,56.8,59.87,2993295.0,0.0,0.5,1.0,5.0,3,Valuable but Risky,Priority human intervention,14098419.45
CUST1969,7,250646.86,35806.694285714286,144.57142857142858,499,136,38,11.0,4,26,45.857142857142854,75.12857142857142,79.82285714285715,89.61,4480675.0,0.7142857142857143,0.27941176470588236,0.5714285714285714,3.7142857142857144,0,Valuable but Risky,Priority human intervention,14020370.95
CUST0161,4,258834.52,64708.63,223.0,538,74,18,19.75,5,14,35.5,75.5875,73.4425,69.82,3490866.0,0.5,0.24324324324324326,1.25,3.5,0,Valuable but Risky,Priority human intervention,14018185.68
CUST1335,8,303185.27,37898.15875,191.0,535,119,29,10.5,7,22,38.625,77.165,80.53375,77.34,3867042.0,0.5,0.24369747899159663,0.875,2.75,0,Valuable but Risky,Priority human intervention,13995442.42
CUST0899,7,159038.25,22719.75,291.14285714285717,528,132,33,11.428571428571429,1,29,53.285714285714285,77.98142857142857,81.84857142857143,57.21999999999999,2861139.0,0.2857142857142857,0.25,0.14285714285714285,4.142857142857143,0,Valuable but Risky,Priority human intervention,13988926.04
CUST0054,3,83260.19,27753.396666666667,187.66666666666666,492,79,14,11.0,0,7,75.0,82.37,84.58666666666666,82.57,4128584.0,0.3333333333333333,0.17721518987341772,0.0,2.3333333333333335,0,Valuable but Risky,Priority human intervention,13981266.8
CUST1502,4,140150.24,35037.56,216.0,509,63,11,6.0,3,17,49.0,86.815,88.3075,75.32,3765929.0,0.25,0.1746031746031746,0.75,4.25,0,Valuable but Risky,Priority human intervention,13978172.02
CUST1630,9,425576.66,47286.29555555555,149.55555555555554,414,134,27,12.333333333333334,7,38,49.44444444444444,81.25777777777778,81.6711111111111,93.03,4651731.0,0.4444444444444444,0.20149253731343283,0.7777777777777778,4.222222222222222,0,Valuable but Risky,Priority human intervention,13947710.12
CUST1411,6,206875.39,34479.23166666667,97.5,296,41,18,15.333333333333334,9,22,28.333333333333332,51.571666666666665,63.585,97.99,4899433.0,0.6666666666666666,0.43902439024390244,1.5,3.6666666666666665,3,Valuable but Risky,Priority human intervention,13924547.08
CUST1200,2,36998.21,18499.105,264.0,477,37,14,14.0,3,11,58.5,67.46000000000001,72.33,55.32,2766207.0,0.5,0.3783783783783784,1.5,5.5,3,Valuable but Risky,Priority human intervention,13878882.9
CUST0313,5,55943.770000000004,11188.754,199.4,592,103,27,13.2,4,21,41.0,73.468,77.214,73.39,3669348.0,0.4,0.2621359223300971,0.8,4.2,0,Valuable but Risky,Priority human intervention,13865860.47
CUST1924,3,211575.54,70525.18000000001,352.6666666666667,567,39,18,13.333333333333334,3,11,30.333333333333332,53.70333333333334,66.85333333333334,41.83,2091381.0,0.0,0.46153846153846156,1.0,3.6666666666666665,3,High-Risk Customer,Frequent follow-up and payment assistance,13836362.2
CUST0554,7,425435.63,60776.51857142857,164.28571428571428,564,128,32,18.571428571428573,7,23,43.857142857142854,67.84,70.77714285714286,83.43999999999998,4172186.0,0.42857142857142855,0.25,1.0,3.2857142857142856,0,Valuable but Risky,Priority human intervention,13783114.46
CUST1737,5,316747.82,63349.564,193.0,496,121,33,12.6,5,21,23.2,74.374,77.63,73.87,3693327.0,0.2,0.2727272727272727,1.0,4.2,0,Valuable but Risky,Priority human intervention,13772752.14
CUST0283,6,596866.3,99477.71666666667,202.33333333333334,554,80,19,18.0,4,23,37.0,78.03166666666667,76.88333333333334,73.51,3675654.0,0.3333333333333333,0.2375,0.6666666666666666,3.8333333333333335,0,Valuable but Risky,Priority human intervention,13751999.98
CUST0444,6,188844.32,31474.053333333333,186.83333333333334,561,135,28,8.833333333333334,4,12,36.333333333333336,80.74499999999999,83.74,79.32,3965770.0,0.3333333333333333,0.2074074074074074,0.6666666666666666,2.0,0,Valuable but Risky,Priority human intervention,13734440.71
CUST0833,8,395006.23,49375.77875,232.625,523,172,46,7.125,4,38,45.5,72.77875,81.1125,65.14,3256943.0,0.375,0.26744186046511625,0.5,4.75,0,Valuable but Risky,Priority human intervention,13730713.08
CUST0551,6,135293.69,22548.948333333334,220.33333333333334,456,100,17,4.833333333333333,6,26,44.166666666666664,87.455,88.82666666666667,73.23,3661646.0,0.6666666666666666,0.17,1.0,4.333333333333333,0,Valuable but Risky,Priority human intervention,13723483.04
CUST1975,7,408876.69,58410.955714285716,161.28571428571428,429,110,18,12.714285714285714,4,30,62.142857142857146,79.32428571428571,80.89,90.22,4511213.0,0.5714285714285714,0.16363636363636364,0.5714285714285714,4.285714285714286,0,Valuable but Risky,Priority human intervention,13715962.31
CUST0853,4,49000.38,12250.095,271.25,580,62,14,12.0,3,11,58.5,75.095,78.8475,60.28,3013944.0,0.25,0.22580645161290322,0.75,2.75,0,Valuable but Risky,Priority human intervention,13715875.8
CUST1554,8,268918.73,33614.84125,121.375,447,108,28,11.375,7,30,52.375,75.22749999999999,79.03875,98.38,4918923.0,0.625,0.25925925925925924,0.875,3.75,0,Valuable but Risky,Priority human intervention,13712408.77
CUST0358,2,159731.79,79865.895,318.5,578,32,13,14.5,1,7,66.0,58.224999999999994,69.415,46.58,2329176.0,0.5,0.40625,0.5,3.5,3,High-Risk Customer,Frequent follow-up and payment assistance,13707564.69
CUST1749,2,58612.34,29306.17,193.0,386,53,11,4.5,3,12,35.5,79.595,84.095,77.41,3870671.0,0.5,0.20754716981132076,1.5,6.0,0,Valuable but Risky,Priority human intervention,13694872.19
CUST1246,6,196707.6,32784.6,182.0,462,92,29,12.833333333333334,7,17,26.5,66.205,73.06833333333334,73.68,3683795.0,0.5,0.31521739130434784,1.1666666666666667,2.8333333333333335,3,Valuable but Risky,Priority human intervention,13662875.32
CUST0391,5,109123.03,21824.606,288.0,502,90,27,10.2,2,20,47.4,76.894,81.526,54.11999999999999,2705982.0,0.2,0.3,0.4,4.0,0,Valuable but Risky,Priority human intervention,13648973.21
CUST1997,5,329413.0,65882.6,137.2,351,91,17,10.8,3,19,30.0,79.98400000000001,82.312,96.51,4825275.0,0.6,0.18681318681318682,0.6,3.8,0,Valuable but Risky,Priority human intervention,13583732.4
CUST0617,6,207302.09,34550.348333333335,137.66666666666666,456,100,24,14.0,3,24,32.333333333333336,81.40333333333334,81.30166666666666,92.14,4606766.0,0.8333333333333334,0.24,0.5,4.0,0,Valuable but Risky,Priority human intervention,13576446.52
CUST0029,8,290229.35,36278.66875,155.0,496,111,20,13.625,8,38,62.375,80.35625,80.005,89.91,4495655.0,0.625,0.18018018018018017,1.0,4.75,0,Valuable but Risky,Priority human intervention,13529491.47
CUST0535,5,132786.13,26557.226000000002,111.0,314,57,17,15.4,3,26,48.2,76.852,77.986,98.77,4938639.0,0.6,0.2982456140350877,0.6,5.2,0,Valuable but Risky,Priority human intervention,13528405.15
CUST1713,3,209526.2,69842.06666666667,172.66666666666666,518,57,13,14.666666666666666,2,10,40.666666666666664,74.84666666666668,77.29,80.79,4039284.0,0.6666666666666666,0.22807017543859648,0.6666666666666666,3.3333333333333335,0,Valuable but Risky,Priority human intervention,13525696.01
CUST0393,6,382724.07,63787.345,233.5,573,87,20,15.166666666666666,5,27,37.0,77.93166666666667,78.2,65.9,3294967.0,0.3333333333333333,0.22988505747126436,0.8333333333333334,4.5,0,Valuable but Risky,Priority human intervention,13514856.31
CUST1332,4,75101.33,18775.3325,248.25,527,70,21,9.75,2,25,31.5,72.8425,79.5725,59.66,2982977.0,0.5,0.3,0.5,6.25,0,Valuable but Risky,Priority human intervention,13504682.62
CUST0898,8,268948.97,33618.62125,333.875,580,117,43,13.75,7,38,31.5,64.60625,72.3025,45.51,2275541.0,0.25,0.36752136752136755,0.875,4.75,3,High-Risk Customer,Frequent follow-up and payment assistance,13501543.27
CUST1960,5,188424.12,37684.824,165.2,468,71,12,7.6,5,20,32.2,81.048,83.966,87.04,4351828.0,0.4,0.16901408450704225,1.0,4.0,0,Valuable but Risky,Priority human intervention,13491647.49
CUST1516,7,184215.72,26316.53142857143,141.85714285714286,511,131,33,6.428571428571429,4,24,36.857142857142854,75.18571428571428,82.59285714285714,88.85,4442541.0,0.5714285714285714,0.25190839694656486,0.5714285714285714,3.4285714285714284,0,Valuable but Risky,Priority human intervention,13451258.38
CUST0262,4,106650.41,26662.6025,188.5,281,60,17,10.0,2,14,47.0,72.24,79.1175,72.41,3620599.0,0.5,0.2833333333333333,0.5,3.5,0,Valuable but Risky,Priority human intervention,13404966.08
CUST1252,1,75947.42,75947.42,367.0,367,2,0,19.0,0,2,69.0,100.0,88.6,57.38,2868907.0,0.0,0.0,0.0,2.0,0,Valuable but Risky,Priority human intervention,13397795.69
CUST1511,9,444939.95,49437.77222222222,131.66666666666666,406,139,32,12.555555555555555,6,39,47.888888888888886,80.04333333333334,81.15444444444444,93.97,4698455.0,0.6666666666666666,0.2302158273381295,0.6666666666666666,4.333333333333333,0,Valuable but Risky,Priority human intervention,13390596.75
CUST1348,5,116006.16,23201.232,232.8,517,96,25,13.6,2,20,45.2,73.588,77.832,63.760000000000005,3188102.0,0.4,0.2604166666666667,0.4,4.0,0,Valuable but Risky,Priority human intervention,13373025.19
CUST1424,5,144367.93,28873.586,205.2,370,76,21,15.2,1,23,51.8,70.67999999999999,75.824,68.64,3431915.0,0.4,0.27631578947368424,0.2,4.6,0,Valuable but Risky,Priority human intervention,13368392.69
CUST0466,6,367103.8,61183.96666666667,120.16666666666667,523,76,21,15.5,5,16,57.666666666666664,77.83999999999999,77.95333333333333,95.12,4755907.0,0.6666666666666666,0.27631578947368424,0.8333333333333334,2.6666666666666665,0,Valuable but Risky,Priority human intervention,13364202.97
CUST1354,7,394118.17,56302.595714285715,150.85714285714286,552,114,25,9.285714285714286,6,25,36.857142857142854,76.02285714285713,80.7242857142857,87.37,4368420.0,0.5714285714285714,0.21929824561403508,0.8571428571428571,3.5714285714285716,0,Valuable but Risky,Priority human intervention,13361672.02
CUST0525,5,102833.62,20566.724,143.2,308,71,17,12.4,6,10,46.0,81.05,80.686,88.44,4422216.0,0.4,0.23943661971830985,1.2,2.0,0,Valuable but Risky,Priority human intervention,13329929.29
CUST1962,6,143313.99,23885.664999999997,162.33333333333334,555,115,31,12.166666666666666,4,27,47.166666666666664,72.67,77.70166666666667,79.86,3992863.0,0.6666666666666666,0.26956521739130435,0.6666666666666666,4.5,0,Valuable but Risky,Priority human intervention,13298201.29
CUST1275,3,260459.3,86819.76666666666,104.66666666666667,159,33,13,19.333333333333332,2,10,28.333333333333332,60.93000000000001,67.53333333333333,93.0,4650145.0,0.3333333333333333,0.3939393939393939,0.6666666666666666,3.3333333333333335,3,Valuable but Risky,Priority human intervention,13266534.89
CUST1695,7,251968.0,35995.42857142857,119.57142857142857,453,119,29,11.0,5,44,22.142857142857142,69.81428571428572,76.87857142857142,97.13,4856546.0,0.5714285714285714,0.24369747899159663,0.7142857142857143,6.285714285714286,0,Valuable but Risky,Priority human intervention,13262276.81
CUST0841,8,391687.38,48960.9225,244.125,495,144,39,17.75,6,26,43.75,76.9,76.3,60.61,3030346.0,0.25,0.2708333333333333,0.75,3.25,0,Valuable but Risky,Priority human intervention,13252476.43
CUST0127,5,56554.18,11310.836,234.8,484,80,23,11.6,2,25,47.8,70.18199999999999,77.33,61.3,3064938.0,0.4,0.2875,0.4,5.0,3,Valuable but Risky,Priority human intervention,13211568.5
CUST1154,12,250857.48,20904.79,158.66666666666666,533,189,50,12.166666666666666,5,44,49.333333333333336,72.62583333333333,78.18166666666667,80.76,4037793.0,0.5833333333333334,0.26455026455026454,0.4166666666666667,3.6666666666666665,0,Valuable but Risky,Priority human intervention,13207499.84
CUST1396,4,77985.8,19496.45,257.5,525,55,14,11.5,1,19,32.75,77.585,81.39,58.84,2941912.0,0.5,0.2545454545454545,0.25,4.75,0,Valuable but Risky,Priority human intervention,13194475.32
CUST0890,7,187678.76,26811.25142857143,199.42857142857142,464,108,31,6.714285714285714,7,22,61.285714285714285,73.45857142857143,80.70142857142856,68.46,3422863.0,0.42857142857142855,0.28703703703703703,1.0,3.142857142857143,0,Valuable but Risky,Priority human intervention,13190880.92
CUST0726,6,219130.45,36521.74166666667,186.16666666666666,379,89,29,13.833333333333334,4,28,52.833333333333336,72.405,76.57,69.48,3474083.0,0.5,0.3258426966292135,0.6666666666666666,4.666666666666667,0,Valuable but Risky,Priority human intervention,13181087.27
CUST1612,5,280639.48,56127.89599999999,179.2,529,72,16,14.2,4,12,46.8,83.69800000000001,81.72999999999999,77.24,3862010.0,0.4,0.2222222222222222,0.8,2.4,0,Valuable but Risky,Priority human intervention,13178894.57
CUST0172,6,344040.69,57340.115,165.33333333333334,562,62,17,12.5,4,16,36.0,64.87166666666667,73.60333333333334,77.94,3897125.0,0.5,0.27419354838709675,0.6666666666666666,2.6666666666666665,0,Valuable but Risky,Priority human intervention,13175634.87
CUST1076,9,323751.20999999996,35972.35666666666,202.66666666666666,556,92,21,12.222222222222221,5,44,49.44444444444444,77.44999999999999,80.2811111111111,70.86,3542963.0,0.5555555555555556,0.22826086956521738,0.5555555555555556,4.888888888888889,0,Valuable but Risky,Priority human intervention,13171093.32
CUST1643,5,83267.41,16653.482,208.6,532,73,18,14.8,5,24,49.8,81.49,79.866,68.36,3417851.0,0.6,0.2465753424657534,1.0,4.8,0,Valuable but Risky,Priority human intervention,13148238.7
CUST1245,11,341858.97,31078.08818181818,171.0,459,125,30,12.545454545454545,12,40,49.54545454545455,83.59454545454545,82.08818181818182,78.24,3911774.0,0.2727272727272727,0.24,1.0909090909090908,3.6363636363636362,0,Valuable but Risky,Priority human intervention,13145125.35
CUST1843,6,219854.05,36642.34166666667,145.0,560,85,22,11.666666666666666,7,20,31.666666666666668,66.74166666666666,74.03666666666668,85.21,4260583.0,0.6666666666666666,0.25882352941176473,1.1666666666666667,3.3333333333333335,0,Valuable but Risky,Priority human intervention,13140139.22
CUST0570,5,65380.57,13076.114,161.2,473,78,15,10.4,6,11,46.4,82.306,82.516,84.24,4211900.0,0.4,0.19230769230769232,1.2,2.2,0,Valuable but Risky,Priority human intervention,13117152.57
CUST1573,4,112017.33,28004.3325,189.25,526,78,18,5.75,2,18,49.5,77.55,84.3275,73.65,3682403.0,0.5,0.23076923076923078,0.5,4.5,0,Valuable but Risky,Priority human intervention,13109354.68
CUST0789,4,64000.16,16000.04,322.0,460,61,17,22.0,4,11,52.5,68.49000000000001,69.0475,48.58,2428907.0,0.25,0.2786885245901639,1.0,2.75,3,High-Risk Customer,Frequent follow-up and payment assistance,13106541.44
CUST0139,7,201572.01,28796.00142857143,161.42857142857142,560,93,30,14.285714285714286,3,21,38.42857142857143,72.61714285714285,76.88142857142857,75.76,3787859.0,0.5714285714285714,0.3225806451612903,0.42857142857142855,3.0,0,Valuable but Risky,Priority human intervention,13096915.24
CUST0798,10,233816.2,23381.620000000003,128.3,470,155,37,9.5,10,36,48.0,66.69300000000001,75.646,92.62,4631025.0,0.6,0.23870967741935484,1.0,3.6,0,Valuable but Risky,Priority human intervention,13096419.19
CUST1564,5,148337.07,29667.414,217.4,515,48,12,17.4,2,16,59.0,64.476,70.998,65.96,3298204.0,0.6,0.25,0.4,3.2,3,Valuable but Risky,Priority human intervention,13085624.37
CUST0228,8,215714.84,26964.355,171.375,513,121,21,7.625,3,24,64.375,81.035,85.19125,82.18,4108848.0,0.375,0.17355371900826447,0.375,3.0,0,Valuable but Risky,Priority human intervention,13085577.26
CUST1362,4,87187.21,21796.8025,176.0,400,45,9,13.75,2,23,45.75,72.24,76.87,78.82,3941151.0,0.75,0.2,0.5,5.75,0,Valuable but Risky,Priority human intervention,13053092.11
CUST0498,4,47522.36,11880.59,111.0,381,51,21,12.25,5,9,40.75,51.504999999999995,65.9,87.55,4377308.0,0.75,0.4117647058823529,1.25,2.25,3,Valuable but Risky,Priority human intervention,13039228.07
CUST1605,5,107106.56,21421.311999999998,114.6,358,79,17,13.6,6,14,41.6,80.712,79.796,99.96,4997796.0,0.6,0.21518987341772153,1.2,2.8,0,Valuable but Risky,Priority human intervention,13033239.76
CUST1213,8,255409.23,31926.15375,194.375,549,116,27,13.0,7,17,43.0,79.82125,80.3575,71.67,3583716.0,0.5,0.23275862068965517,0.875,2.125,0,Valuable but Risky,Priority human intervention,13005065.93
CUST0973,8,287319.13,35914.89125,170.5,427,124,29,11.125,6,48,41.0,75.43875,79.54625,77.9,3894886.0,0.5,0.23387096774193547,0.75,6.0,0,Valuable but Risky,Priority human intervention,12999653.18
CUST1361,8,280702.89,35087.86125,132.0,391,88,22,8.0,9,27,42.375,74.0275,79.9625,89.6,4479899.0,0.75,0.25,1.125,3.375,0,Valuable but Risky,Priority human intervention,12991707.1
CUST1316,7,244669.85,34952.83571428571,166.28571428571428,441,113,34,13.0,6,28,47.57142857142857,59.067142857142855,70.02,74.99,3749509.0,0.7142857142857143,0.3008849557522124,0.8571428571428571,4.0,3,Valuable but Risky,Priority human intervention,12988564.63
CUST1868,3,39666.729999999996,13222.243333333332,302.3333333333333,397,13,5,22.0,4,19,48.333333333333336,66.66666666666667,67.46666666666667,46.580000000000005,2329023.0,0.0,0.38461538461538464,1.3333333333333333,6.333333333333333,3,High-Risk Customer,Frequent follow-up and payment assistance,12974449.67
CUST0097,5,515476.65,103095.33,212.4,425,79,24,10.4,6,5,36.4,71.192,76.95599999999999,63.65999999999999,3183211.0,0.2,0.3037974683544304,1.2,1.0,0,Valuable but Risky,Priority human intervention,12965419.87
CUST0942,7,226847.65,32406.807142857142,120.71428571428571,581,82,28,9.571428571428571,5,19,51.714285714285715,73.45714285714287,79.55857142857143,87.41,4370614.0,0.7142857142857143,0.34146341463414637,0.7142857142857143,2.7142857142857144,0,Valuable but Risky,Priority human intervention,12940520.02
CUST1006,3,143382.18,47794.06,296.0,537,56,15,10.333333333333334,2,8,50.333333333333336,77.96666666666667,81.45,51.45000000000001,2572620.0,0.3333333333333333,0.26785714285714285,0.6666666666666666,2.6666666666666665,0,Valuable but Risky,Priority human intervention,12916389.99
CUST0142,1,27761.53,27761.53,542.0,542,1,0,20.0,2,6,51.0,100.0,84.0,40.21,2010584.0,1.0,0.0,2.0,6.0,2,High-Risk Customer,Frequent follow-up and payment assistance,12907949.28
CUST0693,3,57143.630000000005,19047.876666666667,239.33333333333334,462,55,15,6.0,3,12,44.333333333333336,81.59333333333333,85.19666666666667,59.77,2988687.0,0.3333333333333333,0.2727272727272727,1.0,4.0,0,Valuable but Risky,Priority human intervention,12907505.19
CUST0765,3,20187.98,6729.326666666667,169.66666666666666,388,38,11,11.0,3,12,52.0,70.00333333333333,76.40333333333332,74.1,3705180.0,0.3333333333333333,0.2894736842105263,1.0,4.0,3,Valuable but Risky,Priority human intervention,12883950.91
CUST0485,5,157466.26,31493.252,225.4,465,77,14,10.6,4,28,42.8,75.21799999999999,79.65,67.0,3349973.0,0.4,0.18181818181818182,0.8,5.6,0,Valuable but Risky,Priority human intervention,12882777.99
CUST1393,7,133937.38,19133.911428571428,171.42857142857142,549,84,20,14.142857142857142,7,27,54.285714285714285,84.86571428571428,81.94571428571429,76.46,3822827.0,0.5714285714285714,0.23809523809523808,1.0,3.857142857142857,0,Valuable but Risky,Priority human intervention,12846779.17
CUST1753,1,14779.14,14779.14,416.0,416,14,5,0.0,1,2,10.0,64.29,80.15,36.67,1833611.0,0.0,0.35714285714285715,1.0,2.0,3,High-Risk Customer,Frequent follow-up and payment assistance,12840515.89
CUST1226,3,179722.63,59907.543333333335,280.3333333333333,313,40,16,24.333333333333332,1,5,62.0,69.23,69.34666666666666,48.22,2411216.0,0.0,0.4,0.3333333333333333,1.6666666666666667,3,High-Risk Customer,Frequent follow-up and payment assistance,12838921.46
CUST1090,6,130719.23000000001,21786.538333333334,128.16666666666666,515,84,16,11.0,5,26,27.333333333333332,76.995,80.23,94.45,4722412.0,0.6666666666666666,0.19047619047619047,0.8333333333333334,4.333333333333333,0,Valuable but Risky,Priority human intervention,12827345.29
CUST1063,8,206992.25,25874.03125,110.125,525,153,40,10.625,4,22,36.375,66.94875,76.1,96.7,4834808.0,0.75,0.26143790849673204,0.5,2.75,0,Valuable but Risky,Priority human intervention,12815124.7
CUST0785,7,136226.25,19460.89285714286,241.14285714285714,539,96,23,13.428571428571429,3,24,45.142857142857146,81.27714285714286,81.7242857142857,60.61,3030248.0,0.2857142857142857,0.23958333333333334,0.42857142857142855,3.4285714285714284,0,Valuable but Risky,Priority human intervention,12814161.23
CUST0345,7,236024.3,33717.75714285714,160.57142857142858,572,93,18,11.142857142857142,4,31,50.0,81.7,83.02142857142857,82.4,4120028.0,0.5714285714285714,0.1935483870967742,0.5714285714285714,4.428571428571429,0,Valuable but Risky,Priority human intervention,12813476.94
CUST0777,1,17208.21,17208.21,531.0,531,27,6,20.0,0,4,55.0,77.78,76.89,33.19,1659473.0,0.0,0.2222222222222222,0.0,4.0,3,High-Risk Customer,Frequent follow-up and payment assistance,12798224.55
CUST1918,3,85822.47,28607.49,122.66666666666667,253,37,10,17.333333333333332,2,5,17.333333333333332,68.97333333333334,72.75333333333333,90.31,4515669.0,0.3333333333333333,0.2702702702702703,0.6666666666666666,1.6666666666666667,3,Valuable but Risky,Priority human intervention,12772427.38
CUST0055,6,258049.46,43008.24333333333,138.33333333333334,403,129,29,12.166666666666666,3,15,65.0,77.82000000000001,80.60833333333333,87.46999999999998,4373654.0,0.5,0.2248062015503876,0.5,2.5,0,Valuable but Risky,Priority human intervention,12767227.19
CUST0728,8,194214.84,24276.855,258.5,540,131,27,12.125,3,25,38.25,84.625,84.2875,59.02,2951092.0,0.5,0.20610687022900764,0.375,3.125,0,Valuable but Risky,Priority human intervention,12760206.42
CUST0181,7,204885.62,29269.374285714286,116.85714285714286,509,102,28,18.285714285714285,6,33,45.285714285714285,79.26428571428572,76.94714285714285,92.31000000000002,4615537.0,0.5714285714285714,0.27450980392156865,0.8571428571428571,4.714285714285714,0,Valuable but Risky,Priority human intervention,12756723.69
CUST1307,6,91588.35,15264.725,211.0,546,76,15,7.333333333333333,6,12,27.166666666666668,82.13666666666667,84.66833333333334,68.37,3418270.0,0.5,0.19736842105263158,1.0,2.0,0,Valuable but Risky,Priority human intervention,12729007.8
CUST0300,4,122244.21,30561.0525,113.5,323,66,17,7.25,4,12,32.25,71.0775,79.19,94.72,4736166.0,0.5,0.25757575757575757,1.0,3.0,0,Valuable but Risky,Priority human intervention,12716246.91
CUST1250,5,133469.18,26693.836,166.6,399,51,12,11.6,3,11,46.0,65.912,74.79400000000001,77.02,3850986.0,0.4,0.23529411764705882,0.6,2.2,0,Valuable but Risky,Priority human intervention,12682429.54
CUST1053,5,123996.16,24799.232,186.0,482,71,21,15.4,3,17,41.8,71.31800000000001,75.22,68.32,3416085.0,0.4,0.29577464788732394,0.6,3.4,3,Valuable but Risky,Priority human intervention,12659722.33
CUST0739,6,263590.83999999997,43931.806666666664,229.66666666666666,544,115,22,17.0,6,21,48.666666666666664,83.24,79.41833333333334,64.45,3222382.0,0.16666666666666666,0.19130434782608696,1.0,3.5,0,Valuable but Risky,Priority human intervention,12655368.24
CUST0590,6,170796.09,28466.015,270.3333333333333,496,104,25,12.833333333333334,9,14,57.5,77.99666666666667,78.295,55.06,2752882.0,0.16666666666666666,0.2403846153846154,1.5,2.3333333333333335,0,Valuable but Risky,Priority human intervention,12645522.29
CUST0187,9,168557.0,18728.555555555555,116.33333333333333,316,133,33,19.555555555555557,5,39,46.888888888888886,73.40444444444444,73.86,93.59,4679375.0,0.4444444444444444,0.24812030075187969,0.5555555555555556,4.333333333333333,0,Valuable but Risky,Priority human intervention,12634781.61
CUST0134,7,237582.97,33940.42428571429,256.85714285714283,554,110,31,10.428571428571429,4,24,53.714285714285715,70.73714285714286,77.97,55.21,2760527.0,0.2857142857142857,0.2818181818181818,0.5714285714285714,3.4285714285714284,0,Valuable but Risky,Priority human intervention,12627367.52
CUST0641,6,135209.15,22534.858333333334,153.66666666666666,546,104,26,6.5,3,13,50.666666666666664,72.77166666666666,81.48833333333333,79.63,3981586.0,0.6666666666666666,0.25,0.5,2.1666666666666665,0,Valuable but Risky,Priority human intervention,12624945.61
CUST0331,3,42795.97,14265.323333333334,118.0,346,40,15,13.333333333333334,2,19,14.666666666666666,62.56999999999999,71.95333333333333,84.14,4207137.0,0.3333333333333333,0.375,0.6666666666666666,6.333333333333333,3,Valuable but Risky,Priority human intervention,12610893.16
CUST1716,3,67807.45,22602.483333333334,97.66666666666667,260,18,5,8.666666666666666,1,16,30.0,64.53,76.39999999999999,99.81,4990359.0,0.3333333333333333,0.2777777777777778,0.3333333333333333,5.333333333333333,0,Valuable but Risky,Priority human intervention,12604353.04
CUST1492,3,45823.83,15274.61,144.0,432,42,10,20.333333333333332,2,6,69.33333333333333,84.41666666666667,78.67666666666666,83.15,4157618.0,0.6666666666666666,0.23809523809523808,0.6666666666666666,2.0,0,Valuable but Risky,Priority human intervention,12559966.0
CUST1825,8,407804.06999999995,50975.50874999999,151.375,445,119,25,9.0,4,25,46.625,81.75375,84.47625,82.45,4122250.0,0.625,0.21008403361344538,0.5,3.125,0,Valuable but Risky,Priority human intervention,12539260.97
CUST0698,7,186146.07,26592.295714285716,180.85714285714286,541,95,18,19.714285714285715,7,19,57.57142857142857,84.81428571428572,78.57857142857142,75.05,3752418.0,0.42857142857142855,0.18947368421052632,1.0,2.7142857142857144,0,Valuable but Risky,Priority human intervention,12535784.63
CUST0278,6,319217.24,53202.87333333333,209.66666666666666,466,72,23,13.166666666666666,7,21,43.5,73.20666666666666,76.36833333333333,61.25,3062359.0,0.6666666666666666,0.3194444444444444,1.1666666666666667,3.5,0,Valuable but Risky,Priority human intervention,12512430.26
CUST0626,5,127354.78,25470.956,206.2,374,116,31,26.6,3,18,41.6,77.414,71.546,64.36,3217759.0,0.4,0.2672413793103448,0.6,3.6,3,Valuable but Risky,Priority human intervention,12485848.06
CUST0413,6,199729.41999999998,33288.236666666664,161.0,438,104,24,17.0,8,9,42.0,76.48833333333333,75.37666666666667,77.69,3884242.0,0.5,0.23076923076923078,1.3333333333333333,1.5,0,Valuable but Risky,Priority human intervention,12477380.46
CUST1399,5,143347.63999999998,28669.528,136.0,354,77,19,18.2,2,20,54.2,72.21000000000001,74.384,84.69,4234238.0,0.4,0.24675324675324675,0.4,4.0,0,Valuable but Risky,Priority human intervention,12458557.94
CUST1365,3,42841.149999999994,14280.383333333331,115.33333333333333,346,46,14,5.666666666666667,4,7,37.666666666666664,68.50333333333333,78.18666666666667,88.7,4435224.0,0.6666666666666666,0.30434782608695654,1.3333333333333333,2.3333333333333335,1,Valuable but Risky,Priority human intervention,12457194.37
CUST0701,2,71128.79000000001,35564.395000000004,152.5,305,24,8,20.0,1,5,42.5,60.0,67.0,73.84,3691771.0,1.0,0.3333333333333333,0.5,2.5,3,Valuable but Risky,Priority human intervention,12428962.37
CUST1439,6,243048.7,40508.11666666667,186.16666666666666,469,60,15,7.833333333333333,5,16,44.833333333333336,77.11166666666666,82.19,69.39,3469548.0,0.5,0.25,0.8333333333333334,2.6666666666666665,0,Valuable but Risky,Priority human intervention,12410862.32
CUST1412,6,243181.90999999997,40530.31833333333,93.83333333333333,475,93,27,11.333333333333334,2,22,39.833333333333336,69.62833333333333,77.34833333333334,99.23,4961408.0,0.6666666666666666,0.2903225806451613,0.3333333333333333,3.6666666666666665,0,Valuable but Risky,Priority human intervention,12408854.85
CUST0795,4,159529.91999999998,39882.479999999996,275.75,377,84,17,11.75,6,16,29.25,78.0275,78.965,54.86,2742794.0,0.25,0.20238095238095238,1.5,4.0,0,Valuable but Risky,Priority human intervention,12391796.36
CUST1951,6,356147.79000000004,59357.965000000004,105.5,524,53,11,10.833333333333334,5,33,29.333333333333332,80.265,81.96666666666667,99.64,4981767.0,0.5,0.20754716981132076,0.8333333333333334,5.5,0,Valuable but Risky,Priority human intervention,12362301.81
CUST1976,6,266156.99,44359.49833333333,187.66666666666666,347,128,36,14.166666666666666,6,23,60.166666666666664,70.19333333333333,74.59666666666668,66.94,3347154.0,0.5,0.28125,1.0,3.8333333333333335,0,Valuable but Risky,Priority human intervention,12336703.12
CUST0657,7,500347.76999999996,71478.25285714286,186.28571428571428,541,80,16,10.571428571428571,6,27,37.57142857142857,79.06142857142858,81.47571428571429,71.6,3579801.0,0.5714285714285714,0.2,0.8571428571428571,3.857142857142857,0,Valuable but Risky,Priority human intervention,12298150.64
CUST0818,5,250188.6,50037.72,144.4,487,60,12,8.4,0,13,40.6,66.982,78.452,83.85,4192535.0,0.6,0.2,0.0,2.6,0,Valuable but Risky,Priority human intervention,12295866.65
CUST1718,7,267865.17,38266.45285714285,155.71428571428572,499,102,24,8.714285714285714,3,23,32.0,75.17142857142858,81.50285714285714,77.76,3888187.0,0.7142857142857143,0.23529411764705882,0.42857142857142855,3.2857142857142856,0,Valuable but Risky,Priority human intervention,12282096.58
CUST1540,5,153106.5,30621.3,122.8,521,65,11,6.0,2,22,47.8,85.4,88.30199999999999,94.26,4713062.0,1.0,0.16923076923076924,0.4,4.4,0,Valuable but Risky,Priority human intervention,12277744.04
CUST1321,6,315645.23,52607.53833333333,165.33333333333334,523,80,17,9.333333333333334,7,24,26.0,76.34,80.23666666666666,76.32,3816001.0,0.6666666666666666,0.2125,1.1666666666666667,4.0,0,Valuable but Risky,Priority human intervention,12276711.22
CUST0744,2,64327.27,32163.635,246.5,493,47,14,11.0,0,12,18.0,72.13,79.465,54.48,2723829.0,1.0,0.2978723404255319,0.0,6.0,1,Valuable but Risky,Priority human intervention,12249406.74
CUST1049,8,344734.38,43091.7975,176.875,453,136,32,15.25,11,28,42.5,77.3125,76.75625,71.6,3579921.0,0.5,0.23529411764705882,1.375,3.5,0,Valuable but Risky,Priority human intervention,12244119.51
CUST0438,5,286605.35,57321.06999999999,246.2,534,56,17,10.2,2,19,63.4,70.834,78.498,54.220000000000006,2711198.0,0.4,0.30357142857142855,0.4,3.8,0,Valuable but Risky,Priority human intervention,12235539.75
CUST0569,4,106254.47,26563.6175,164.75,342,67,16,11.5,2,16,21.75,81.83,83.015,74.52,3726158.0,0.5,0.23880597014925373,0.5,4.0,0,Valuable but Risky,Priority human intervention,12220824.99
CUST0538,8,206673.43,25834.17875,150.125,360,108,31,13.25,7,25,44.25,75.91875,78.26125,75.92,3796037.0,0.5,0.28703703703703703,0.875,3.125,0,Valuable but Risky,Priority human intervention,12220207.58
CUST0211,8,363619.88,45452.485,141.875,544,138,33,14.25,4,30,21.375,80.3625,80.6325,81.4,4070120.0,0.625,0.2391304347826087,0.5,3.75,0,Valuable but Risky,Priority human intervention,12198746.89
CUST0612,5,186735.84999999998,37347.17,203.4,522,45,13,16.4,5,21,25.8,66.64,71.478,62.34000000000001,3116983.0,0.6,0.28888888888888886,1.0,4.2,3,Valuable but Risky,Priority human intervention,12188927.39
CUST0599,8,204850.19,25606.27375,230.125,506,141,44,10.125,6,28,51.25,67.94875,76.4025,56.27,2813398.0,0.375,0.3120567375886525,0.75,3.5,0,Valuable but Risky,Priority human intervention,12186028.92
CUST1955,4,252242.97000000003,63060.74250000001,93.5,374,41,12,10.5,1,19,49.75,72.9175,79.66,97.23,4861671.0,0.75,0.2926829268292683,0.25,4.75,0,Valuable but Risky,Priority human intervention,12160699.25
CUST0287,3,104904.92,34968.306666666664,152.66666666666666,289,45,19,16.0,3,10,47.0,59.126666666666665,67.96666666666667,67.62,3381106.0,0.3333333333333333,0.4222222222222222,1.0,3.3333333333333335,3,Valuable but Risky,Priority human intervention,12149941.8
CUST1598,5,248708.7,49741.740000000005,121.0,420,70,12,15.2,1,18,51.2,80.92,80.94,93.8,4690176.0,0.6,0.17142857142857143,0.2,3.6,0,Valuable but Risky,Priority human intervention,12142195.64
CUST1897,2,44919.42,22459.71,251.0,502,26,7,6.0,3,2,44.5,74.185,80.495,54.47,2723705.0,0.5,0.2692307692307692,1.5,1.0,0,Valuable but Risky,Priority human intervention,12134105.77
CUST0061,5,116592.29999999999,23318.46,193.2,415,112,27,12.8,1,24,47.2,75.69800000000001,79.77000000000001,66.69,3334321.0,0.2,0.24107142857142858,0.2,4.8,0,Valuable but Risky,Priority human intervention,12132998.7
CUST0328,4,136102.71,34025.6775,236.5,507,85,28,15.5,3,15,29.75,67.7525,73.0775,54.23,2711637.0,0.25,0.32941176470588235,0.75,3.75,3,Valuable but Risky,Priority human intervention,12130428.37
CUST1677,8,289747.51,36218.43875,171.25,482,114,25,12.375,2,26,51.625,78.06125,81.1025,73.35,3667597.0,0.5,0.21929824561403508,0.25,3.25,0,Valuable but Risky,Priority human intervention,12130014.07
CUST0013,7,460151.96,65735.99428571429,144.14285714285714,348,124,31,16.571428571428573,6,25,55.42857142857143,70.72285714285714,73.70285714285714,79.42999999999999,3971451.0,0.42857142857142855,0.25,0.8571428571428571,3.5714285714285716,0,Valuable but Risky,Priority human intervention,12120017.43
CUST0491,7,486025.19,69432.17,194.14285714285714,381,85,14,13.571428571428571,1,25,40.714285714285715,83.69285714285715,83.41714285714285,70.58,3529027.0,0.42857142857142855,0.16470588235294117,0.14285714285714285,3.5714285714285716,0,Valuable but Risky,Priority human intervention,12090090.63
CUST1889,7,539878.26,77125.46571428572,152.0,449,99,31,18.0,4,20,43.57142857142857,66.03714285714285,71.07857142857144,73.05,3652571.0,0.42857142857142855,0.31313131313131315,0.5714285714285714,2.857142857142857,0,Valuable but Risky,Priority human intervention,12086689.49
CUST1052,5,217839.15,43567.83,174.2,361,57,17,14.8,4,19,62.6,71.572,75.306,67.89,3394250.0,0.2,0.2982456140350877,0.8,3.8,3,Valuable but Risky,Priority human intervention,12082815.42
CUST1908,11,408348.72000000003,37122.61090909091,233.0,572,225,47,10.0,9,48,42.27272727272727,77.37909090909092,81.05454545454546,59.99,2999311.0,0.45454545454545453,0.2088888888888889,0.8181818181818182,4.363636363636363,0,Valuable but Risky,Priority human intervention,12074026.36
CUST1107,4,124136.08,31034.02,135.5,542,20,4,13.5,4,22,29.25,84.445,82.1225,85.44,4272102.0,0.75,0.2,1.0,5.5,0,Valuable but Risky,Priority human intervention,12072960.25
CUST1922,8,338439.63,42304.95375,204.5,472,84,20,15.125,10,24,36.125,80.49,78.67125,63.94,3196779.0,0.5,0.23809523809523808,1.25,3.0,0,Valuable but Risky,Priority human intervention,12051856.83
CUST1160,6,237932.13999999998,39655.35666666667,271.6666666666667,489,55,20,12.833333333333334,9,27,44.833333333333336,80.55499999999999,79.57666666666667,47.53,2376729.0,0.5,0.36363636363636365,1.5,4.5,2,High-Risk Customer,Frequent follow-up and payment assistance,12045694.7
CUST1385,5,190070.56,38014.112,130.8,561,79,20,12.4,3,13,35.2,80.662,81.694,83.19,4159545.0,0.6,0.25316455696202533,0.6,2.6,0,Valuable but Risky,Priority human intervention,12030667.8
CUST1167,4,176391.69,44097.9225,169.0,535,59,12,10.25,6,14,45.75,77.92750000000001,79.815,74.33,3716344.0,0.5,0.2033898305084746,1.5,3.5,0,Valuable but Risky,Priority human intervention,12030246.45
CUST0615,7,269414.05,38487.72142857143,131.42857142857142,526,73,11,6.857142857142857,4,28,55.0,74.75428571428571,82.12,90.13,4506397.0,0.7142857142857143,0.1506849315068493,0.5714285714285714,4.0,0,Valuable but Risky,Priority human intervention,12000596.94
CUST0462,3,38880.15,12960.050000000001,203.33333333333334,522,42,12,10.333333333333334,6,8,80.33333333333333,70.25666666666666,74.92999999999999,61.53,3076394.0,0.0,0.2857142857142857,2.0,2.6666666666666665,3,Valuable but Risky,Priority human intervention,11997936.6
CUST0459,5,61508.090000000004,12301.618,158.6,409,115,29,16.0,4,14,53.2,75.01,76.304,74.1,3705074.0,0.4,0.25217391304347825,0.8,2.8,0,Valuable but Risky,Priority human intervention,11997480.66
CUST0186,4,165757.49,41439.3725,190.0,556,79,20,16.0,1,18,40.25,73.0775,76.4375,66.02,3301128.0,0.25,0.25316455696202533,0.25,4.5,0,Valuable but Risky,Priority human intervention,11996884.16
CUST0260,5,144046.46000000002,28809.292000000005,308.4,528,67,13,15.6,1,15,53.4,79.55199999999999,80.01599999999999,49.19,2459381.0,0.2,0.19402985074626866,0.2,3.0,0,High-Risk Customer,Frequent follow-up and payment assistance,11992969.56
CUST0329,4,208036.25,52009.0625,177.0,478,62,10,8.25,8,22,57.25,89.85249999999999,85.97749999999999,74.45,3722277.0,0.5,0.16129032258064516,2.0,5.5,0,Valuable but Risky,Priority human intervention,11973724.59
CUST0860,3,156563.09,52187.69666666666,431.0,499,48,12,7.0,7,18,35.333333333333336,73.05666666666667,77.66000000000001,36.03,1801498.0,0.3333333333333333,0.25,2.3333333333333335,6.0,2,High-Risk Customer,Frequent follow-up and payment assistance,11957442.97
CUST0036,3,61170.29,20390.096666666668,182.33333333333334,547,29,5,13.0,5,19,31.333333333333332,88.81666666666666,83.27666666666666,72.15,3607689.0,0.6666666666666666,0.1724137931034483,1.6666666666666667,6.333333333333333,0,Valuable but Risky,Priority human intervention,11941865.27
CUST0243,8,431600.05,53950.00625,194.375,558,94,24,11.5,4,22,42.125,75.06375,79.63125,64.61,3230246.0,0.5,0.2553191489361702,0.5,2.75,0,Valuable but Risky,Priority human intervention,11936875.81
CUST0864,3,24733.870000000003,8244.623333333335,188.33333333333334,565,42,11,6.0,0,17,52.666666666666664,77.02333333333333,84.91000000000001,65.61,3280431.0,0.6666666666666666,0.2619047619047619,0.0,5.666666666666667,0,Valuable but Risky,Priority human intervention,11935822.16
CUST0210,6,162396.74,27066.123333333333,101.33333333333333,449,66,12,11.5,6,18,45.833333333333336,76.13666666666667,79.17,99.96999999999998,4998409.0,0.6666666666666666,0.18181818181818182,1.0,3.0,0,Valuable but Risky,Priority human intervention,11893184.08
CUST0282,4,134370.82,33592.705,195.5,307,98,23,15.0,3,22,34.5,76.05,77.525,65.18,3258823.0,0.25,0.23469387755102042,0.75,5.5,0,Valuable but Risky,Priority human intervention,11889882.22
CUST1284,8,180939.84,22617.48,94.25,308,57,18,8.75,7,35,51.375,82.1925,84.09625,92.9,4645130.0,0.625,0.3157894736842105,0.875,4.375,0,Valuable but Risky,Priority human intervention,11872585.56
CUST0793,7,364998.54000000004,52142.64857142857,92.71428571428571,438,81,20,10.428571428571429,7,14,28.142857142857142,81.63428571428572,82.56285714285715,98.64,4931909.0,0.5714285714285714,0.24691358024691357,1.0,2.0,0,Valuable but Risky,Priority human intervention,11851281.65
CUST0236,7,195931.85,27990.264285714286,232.14285714285714,510,108,27,12.428571428571429,2,15,52.714285714285715,69.18285714285715,76.56285714285714,56.99,2849250.0,0.42857142857142855,0.25,0.2857142857142857,2.142857142857143,0,Valuable but Risky,Priority human intervention,11829475.45
CUST1832,6,484658.69,80776.44833333333,106.66666666666667,318,112,32,12.666666666666666,1,15,55.666666666666664,70.97,77.55166666666666,89.04,4451913.0,0.3333333333333333,0.2857142857142857,0.16666666666666666,2.5,0,Valuable but Risky,Priority human intervention,11829368.83
CUST1046,7,372252.42000000004,53178.91714285715,104.85714285714286,468,125,29,20.142857142857142,5,24,40.285714285714285,77.87571428571428,75.42571428571429,93.6,4680232.0,0.8571428571428571,0.232,0.7142857142857143,3.4285714285714284,0,Valuable but Risky,Priority human intervention,11812156.73
CUST1082,6,118032.51000000001,19672.085000000003,131.0,426,102,28,11.5,4,23,36.666666666666664,71.095,77.31333333333333,80.14,4006778.0,0.6666666666666666,0.27450980392156865,0.6666666666666666,3.8333333333333335,0,Valuable but Risky,Priority human intervention,11796425.82
CUST0578,4,157689.32,39422.33,116.5,394,64,12,15.75,2,7,47.75,82.49,80.795,91.49,4574474.0,0.75,0.1875,0.5,1.75,0,Valuable but Risky,Priority human intervention,11760686.75
CUST1449,7,255111.54,36444.50571428572,168.85714285714286,516,130,45,23.142857142857142,8,32,21.428571428571427,65.06,66.35714285714286,64.95,3247445.0,0.5714285714285714,0.34615384615384615,1.1428571428571428,4.571428571428571,3,Valuable but Risky,Priority human intervention,11753252.87
CUST0213,5,117896.12,23579.224,227.8,474,51,16,8.0,5,18,55.2,69.876,78.142,54.529999999999994,2726517.0,0.4,0.3137254901960784,1.0,3.6,3,Valuable but Risky,Priority human intervention,11741451.42
CUST0421,7,213825.09999999998,30546.442857142854,180.42857142857142,520,69,17,15.571428571428571,1,20,35.0,76.78999999999999,78.76571428571428,67.17,3358505.0,0.5714285714285714,0.2463768115942029,0.14285714285714285,2.857142857142857,0,Valuable but Risky,Priority human intervention,11738635.55
CUST1596,2,205919.68,102959.84,279.5,423,40,8,13.5,0,6,28.0,79.695,81.75,51.48,2574055.0,0.0,0.2,0.0,3.0,0,Valuable but Risky,Priority human intervention,11722246.47
CUST1446,3,172398.07,57466.02333333334,295.6666666666667,491,42,8,12.666666666666666,1,15,48.333333333333336,81.71333333333332,82.58999999999999,49.74,2486831.0,0.6666666666666666,0.19047619047619047,0.3333333333333333,5.0,2,High-Risk Customer,Frequent follow-up and payment assistance,11713763.48
CUST1464,9,277674.93,30852.77,157.44444444444446,550,167,38,9.0,3,37,41.55555555555556,76.51888888888888,82.19444444444444,73.99,3699244.0,0.6666666666666666,0.2275449101796407,0.3333333333333333,4.111111111111111,0,Valuable but Risky,Priority human intervention,11690521.7
CUST1525,3,207615.06,69205.02,128.33333333333334,244,51,12,16.0,5,14,41.666666666666664,75.58999999999999,74.86,82.83,4141685.0,0.6666666666666666,0.23529411764705882,1.6666666666666667,4.666666666666667,0,Valuable but Risky,Priority human intervention,11681987.99
CUST1805,1,15498.78,15498.78,271.0,271,15,3,16.0,1,3,87.0,80.0,78.4,52.41,2620725.0,0.0,0.2,1.0,3.0,3,Valuable but Risky,Priority human intervention,11667467.7
CUST0733,3,53874.82,17958.273333333334,119.33333333333333,354,24,3,15.0,2,8,26.333333333333332,89.67999999999999,84.50333333333333,94.5,4725112.0,0.3333333333333333,0.125,0.6666666666666666,2.6666666666666665,0,Valuable but Risky,Priority human intervention,11659213.86
CUST1452,6,272252.33,45375.388333333336,188.0,572,82,20,12.0,3,26,37.5,74.17,78.88666666666667,65.02,3251208.0,0.6666666666666666,0.24390243902439024,0.5,4.333333333333333,0,Valuable but Risky,Priority human intervention,11647254.42
CUST0146,7,262118.63,37445.51857142857,122.57142857142857,445,139,31,15.857142857142858,6,18,58.714285714285715,72.43428571428572,74.98571428571428,85.52,4276156.0,0.5714285714285714,0.22302158273381295,0.8571428571428571,2.5714285714285716,0,Valuable but Risky,Priority human intervention,11640109.74
CUST1069,2,43869.34,21934.67,113.0,226,45,9,14.5,3,5,40.0,80.13499999999999,78.37,90.96,4547968.0,0.5,0.2,1.5,2.5,1,Valuable but Risky,Priority human intervention,11624606.21
CUST0420,4,116072.19,29018.0475,118.0,472,38,12,4.75,3,16,46.25,66.8425,79.07,80.99,4049694.0,0.75,0.3157894736842105,0.75,4.0,0,Valuable but Risky,Priority human intervention,11616227.53
CUST1381,4,140620.44,35155.11,172.0,550,50,11,10.75,2,11,33.25,74.565,79.83250000000001,69.99,3499330.0,0.75,0.22,0.5,2.75,0,Valuable but Risky,Priority human intervention,11612176.67
CUST1197,3,95103.97,31701.323333333334,144.66666666666666,396,50,11,23.0,2,10,70.0,78.99,74.36,77.71,3885598.0,0.3333333333333333,0.22,0.6666666666666666,3.3333333333333335,0,Valuable but Risky,Priority human intervention,11598250.99
CUST1456,6,121715.0,20285.833333333332,219.66666666666666,547,120,30,20.5,9,15,66.5,75.10833333333333,72.255,57.98,2898883.0,0.3333333333333333,0.25,1.5,2.5,3,Valuable but Risky,Priority human intervention,11583453.32
CUST0317,7,284514.92,40644.98857142857,211.28571428571428,436,129,41,5.428571428571429,5,27,41.714285714285715,67.68285714285715,79.15428571428572,56.42,2820742.0,0.14285714285714285,0.3178294573643411,0.7142857142857143,3.857142857142857,0,Valuable but Risky,Priority human intervention,11571289.69
CUST0562,3,24767.03,8255.676666666666,102.66666666666667,308,48,9,17.0,1,7,23.333333333333332,81.64999999999999,79.96,96.09999999999998,4805185.0,0.6666666666666666,0.1875,0.3333333333333333,2.3333333333333335,1,Valuable but Risky,Priority human intervention,11564478.57
CUST1707,3,31393.8,10464.6,105.66666666666667,317,62,20,5.333333333333333,4,9,53.666666666666664,68.27333333333333,78.27333333333333,84.94,4247079.0,1.0,0.3225806451612903,1.3333333333333333,3.0,1,Valuable but Risky,Priority human intervention,11552511.56
CUST0568,5,173532.57,34706.514,270.6,571,64,18,13.4,4,12,36.8,72.22200000000001,76.47200000000001,48.63,2431486.0,0.4,0.28125,0.8,2.4,3,High-Risk Customer,Frequent follow-up and payment assistance,11545455.37
CUST1582,7,222849.5,31835.64285714286,157.28571428571428,393,99,21,11.142857142857142,9,26,49.142857142857146,81.69142857142857,81.58857142857143,74.0,3699886.0,0.42857142857142855,0.21212121212121213,1.2857142857142858,3.7142857142857144,0,Valuable but Risky,Priority human intervention,11538518.94
CUST0440,4,322194.87,80548.7175,121.0,334,58,13,8.75,3,14,40.0,78.685,82.59,85.2,4259738.0,0.5,0.22413793103448276,0.75,3.5,0,Valuable but Risky,Priority human intervention,11524060.17
CUST0212,5,194010.83000000002,38802.166000000005,216.4,552,79,17,11.2,3,17,35.0,74.674,79.418,59.94,2996862.0,0.4,0.21518987341772153,0.6,3.4,0,Valuable but Risky,Priority human intervention,11522517.11
CUST0825,7,194968.49000000002,27852.64142857143,100.85714285714286,370,85,15,10.714285714285714,5,21,40.142857142857146,85.16285714285713,84.72571428571429,97.43999999999998,4872139.0,0.5714285714285714,0.17647058823529413,0.7142857142857143,3.0,0,Valuable but Risky,Priority human intervention,11512987.28
CUST0376,11,306494.69,27863.153636363637,165.8181818181818,488,208,57,13.909090909090908,20,37,32.27272727272727,74.0909090909091,75.06272727272727,67.91,3395647.0,0.5454545454545454,0.27403846153846156,1.8181818181818181,3.3636363636363638,0,Valuable but Risky,Priority human intervention,11499785.99
CUST1546,10,201255.45,20125.545000000002,198.7,489,122,30,10.9,7,35,59.6,81.425,82.774,61.61,3080555.0,0.6,0.2459016393442623,0.7,3.5,0,Valuable but Risky,Priority human intervention,11464310.68
CUST0494,5,119740.70000000001,23948.140000000003,278.2,551,59,16,20.6,3,20,55.8,81.628,77.25399999999999,47.67,2383679.0,0.2,0.2711864406779661,0.6,4.0,3,High-Risk Customer,Frequent follow-up and payment assistance,11459839.8
CUST1417,6,231825.0,38637.5,224.66666666666666,515,103,18,8.166666666666666,5,19,46.0,82.40333333333334,84.635,59.97,2998632.0,0.5,0.17475728155339806,0.8333333333333334,3.1666666666666665,0,Valuable but Risky,Priority human intervention,11436918.31
CUST1907,6,483535.35000000003,80589.225,229.0,512,59,13,13.5,4,7,44.0,88.25833333333333,84.695,56.96,2847909.0,0.3333333333333333,0.22033898305084745,0.6666666666666666,1.1666666666666667,0,Valuable but Risky,Priority human intervention,11434113.29
CUST1481,4,208875.67,52218.9175,102.5,206,67,10,11.5,3,6,40.0,83.095,83.14750000000001,98.01,4900334.0,0.75,0.14925373134328357,0.75,1.5,1,Valuable but Risky,Priority human intervention,11404247.45
CUST0333,7,592619.4500000001,84659.92142857144,194.57142857142858,563,146,38,13.0,5,16,55.714285714285715,74.28,77.91285714285713,61.43,3071372.0,0.42857142857142855,0.2602739726027397,0.7142857142857143,2.2857142857142856,0,Valuable but Risky,Priority human intervention,11402183.05
CUST1892,4,197048.1,49262.025,121.5,333,57,18,7.5,0,13,40.25,70.4625,80.7325,78.11,3905288.0,0.5,0.3157894736842105,0.0,3.25,0,Valuable but Risky,Priority human intervention,11381859.11
CUST0375,3,80824.03,26941.343333333334,153.0,459,62,20,22.666666666666668,2,18,24.666666666666668,68.08999999999999,69.11333333333333,67.98,3398924.0,0.6666666666666666,0.3225806451612903,0.6666666666666666,6.0,3,Valuable but Risky,Priority human intervention,11373238.27
CUST1457,6,218548.66,36424.776666666665,327.3333333333333,522,90,26,20.166666666666668,4,12,48.333333333333336,72.90166666666667,73.02,41.28,2064017.0,0.3333333333333333,0.28888888888888886,0.6666666666666666,2.0,3,High-Risk Customer,Frequent follow-up and payment assistance,11368299.86
CUST1330,7,112806.85,16115.264285714287,95.42857142857143,444,142,27,8.285714285714286,5,22,52.142857142857146,80.94428571428571,84.07428571428571,97.64,4882091.0,0.7142857142857143,0.19014084507042253,0.7142857142857143,3.142857142857143,0,Valuable but Risky,Priority human intervention,11355134.63
CUST0041,5,132469.9,26493.98,158.8,423,95,20,16.4,5,16,54.8,79.612,77.966,72.47,3623465.0,0.6,0.21052631578947367,1.0,3.2,0,Valuable but Risky,Priority human intervention,11351743.72
CUST1594,5,266300.97000000003,53260.194,206.8,361,62,12,12.6,6,22,60.0,80.282,80.17999999999999,61.95,3097589.0,0.4,0.1935483870967742,1.2,4.4,0,Valuable but Risky,Priority human intervention,11342771.38
CUST0167,6,226556.47999999998,37759.41333333333,126.5,322,96,26,13.5,4,17,41.0,79.23666666666666,80.18333333333334,78.77,3938577.0,0.5,0.2708333333333333,0.6666666666666666,2.8333333333333335,0,Valuable but Risky,Priority human intervention,11336947.73
CUST0105,9,286561.26,31840.14,140.22222222222223,466,162,47,14.444444444444445,7,31,36.111111111111114,73.86444444444444,76.71111111111111,73.06,3653110.0,0.6666666666666666,0.29012345679012347,0.7777777777777778,3.4444444444444446,0,Valuable but Risky,Priority human intervention,11321584.21
CUST1491,8,408727.27,51090.90875,200.375,543,112,28,12.125,8,30,40.0,76.18,78.81625,60.22,3010883.0,0.5,0.25,1.0,3.75,0,Valuable but Risky,Priority human intervention,11304924.76
CUST0342,4,188478.72,47119.68,101.75,407,44,13,14.0,3,19,63.0,77.8425,79.02,86.36,4318173.0,0.75,0.29545454545454547,0.75,4.75,0,Valuable but Risky,Priority human intervention,11285888.63
CUST1548,3,213627.45,71209.15000000001,95.66666666666667,193,48,10,11.333333333333334,2,8,60.333333333333336,77.59333333333333,80.66,95.45,4772340.0,0.6666666666666666,0.20833333333333334,0.6666666666666666,2.6666666666666665,1,Valuable but Risky,Priority human intervention,11283269.98
CUST1881,6,442762.54000000004,73793.75666666667,216.5,495,86,22,15.333333333333334,1,16,60.333333333333336,70.595,75.76666666666667,56.76,2837976.0,0.5,0.2558139534883721,0.16666666666666666,2.6666666666666665,0,Valuable but Risky,Priority human intervention,11279964.61
CUST0206,3,64219.97,21406.656666666666,128.66666666666666,386,60,15,7.0,4,10,37.0,75.82333333333334,81.04666666666667,78.84,3941839.0,0.6666666666666666,0.25,1.3333333333333333,3.3333333333333335,1,Valuable but Risky,Priority human intervention,11267089.81
CUST1504,8,496350.5,62043.8125,119.125,337,121,19,17.125,6,33,46.625,89.005,82.72625,88.83,4441401.0,0.5,0.15702479338842976,0.75,4.125,0,Valuable but Risky,Priority human intervention,11260419.77
CUST0423,5,243606.22000000003,48721.244000000006,216.6,548,110,26,2.8,1,16,37.6,76.59,86.216,57.510000000000005,2875494.0,0.6,0.23636363636363636,0.2,3.2,0,Valuable but Risky,Priority human intervention,11255624.59
CUST0717,9,504983.22,56109.246666666666,114.44444444444444,537,112,32,15.666666666666666,9,50,52.0,72.53,74.86555555555555,81.53,4076390.0,0.8888888888888888,0.2857142857142857,1.0,5.555555555555555,0,Valuable but Risky,Priority human intervention,11239189.57
CUST1279,7,311283.49,44469.07,246.85714285714286,421,74,17,9.857142857142858,11,31,37.142857142857146,69.85,75.86857142857143,52.64,2632153.0,0.2857142857142857,0.22972972972972974,1.5714285714285714,4.428571428571429,0,Valuable but Risky,Priority human intervention,11227199.63
CUST1518,4,89782.54,22445.635,164.5,330,60,13,12.5,4,12,56.25,84.6525,82.825,69.7,3485088.0,0.25,0.21666666666666667,1.0,3.0,0,Valuable but Risky,Priority human intervention,11215303.61
CUST1850,5,267643.17,53528.634,185.2,508,64,19,16.4,8,17,42.0,80.52799999999999,77.22200000000001,60.64,3032202.0,0.4,0.296875,1.6,3.4,0,Valuable but Risky,Priority human intervention,11215167.63
CUST1460,6,323832.81,53972.135,93.83333333333333,563,77,18,7.0,6,23,34.5,78.71666666666667,83.15833333333333,93.74,4687203.0,0.8333333333333334,0.23376623376623376,1.0,3.8333333333333335,0,Valuable but Risky,Priority human intervention,11209212.63
CUST1942,4,109895.94,27473.985,226.5,524,93,17,11.0,4,8,50.0,81.63499999999999,82.2175,57.97,2898439.0,0.5,0.1827956989247312,1.0,2.0,0,Valuable but Risky,Priority human intervention,11193272.76
CUST0904,2,55009.77,27504.885,161.5,216,57,18,11.5,0,14,52.0,68.595,77.395,65.03,3251473.0,0.5,0.3157894736842105,0.0,7.0,3,Valuable but Risky,Priority human intervention,11187634.07
CUST1750,7,207945.27000000002,29706.467142857146,80.57142857142857,564,74,18,11.428571428571429,5,19,36.57142857142857,71.91,77.67142857142858,99.17999999999999,4958951.0,0.8571428571428571,0.24324324324324326,0.7142857142857143,2.7142857142857144,0,Valuable but Risky,Priority human intervention,11132557.8
CUST0613,2,37045.36,18522.68,213.5,427,31,7,7.5,4,7,14.5,80.715,81.86,57.92,2896230.0,0.5,0.22580645161290322,2.0,3.5,0,Valuable but Risky,Priority human intervention,11129931.61
CUST0223,4,237655.13,59413.7825,266.75,544,79,30,11.75,1,21,61.0,59.902499999999996,72.4025,43.96,2198091.0,0.75,0.379746835443038,0.25,5.25,3,High-Risk Customer,Frequent follow-up and payment assistance,11122827.38
CUST1111,5,134425.94,26885.188000000002,148.8,532,71,17,11.0,7,19,35.4,75.136,78.17,72.12,3606210.0,0.6,0.23943661971830985,1.4,3.8,0,Valuable but Risky,Priority human intervention,11120535.81
CUST0540,7,498171.79,71167.39857142857,92.14285714285714,545,101,21,11.142857142857142,5,30,45.714285714285715,80.11428571428571,81.94000000000001,95.53,4776276.0,0.7142857142857143,0.2079207920792079,0.7142857142857143,4.285714285714286,0,Valuable but Risky,Priority human intervention,11085419.08
CUST1222,5,182978.36,36595.672,84.0,420,78,16,8.2,7,11,48.2,80.97,82.766,99.65,4982400.0,0.8,0.20512820512820512,1.4,2.2,0,Valuable but Risky,Priority human intervention,11048152.62
CUST1555,6,206283.8,34380.63333333333,189.66666666666666,475,97,24,9.333333333333334,4,24,58.166666666666664,80.295,83.215,61.0,3050109.0,0.3333333333333333,0.24742268041237114,0.6666666666666666,4.0,0,Valuable but Risky,Priority human intervention,11021165.33
CUST0341,5,237245.03,47449.006,147.0,556,56,17,14.4,9,10,72.6,67.16600000000001,71.346,68.45,3422455.0,0.4,0.30357142857142855,1.8,2.0,3,Valuable but Risky,Priority human intervention,11019693.95
CUST0503,12,219434.02,18286.16833333333,202.91666666666666,565,175,46,13.833333333333334,12,47,41.916666666666664,76.05916666666667,77.72916666666667,57.57,2878630.0,0.5,0.26285714285714284,1.0,3.9166666666666665,0,Valuable but Risky,Priority human intervention,11011924.91
CUST1914,7,171617.66,24516.808571428573,155.28571428571428,443,89,20,16.0,10,19,59.285714285714285,59.98857142857143,67.53714285714285,70.33,3516689.0,0.42857142857142855,0.2247191011235955,1.4285714285714286,2.7142857142857144,3,Valuable but Risky,Priority human intervention,10995043.88
CUST1565,9,211924.39,23547.154444444444,230.44444444444446,514,146,46,16.444444444444443,13,34,51.0,79.73,77.11111111111111,50.6,2530017.0,0.5555555555555556,0.3150684931506849,1.4444444444444444,3.7777777777777777,0,Valuable but Risky,Priority human intervention,10994367.94
CUST0057,9,422290.38,46921.153333333335,196.66666666666666,553,166,42,14.777777777777779,8,28,56.77777777777778,76.99555555555555,77.85333333333332,59.059999999999995,2953030.0,0.4444444444444444,0.25301204819277107,0.8888888888888888,3.111111111111111,0,Valuable but Risky,Priority human intervention,10977207.1
CUST1034,6,257365.17,42894.195,162.33333333333334,533,97,20,11.666666666666666,2,24,43.333333333333336,79.77833333333332,82.22333333333333,69.21,3460580.0,0.5,0.20618556701030927,0.3333333333333333,4.0,0,Valuable but Risky,Priority human intervention,10950059.99
CUST0869,5,177853.88999999998,35570.778,64.0,182,51,21,10.0,5,21,35.8,58.0,71.0,94.52,4726029.0,0.8,0.4117647058823529,1.0,4.2,3,Valuable but Risky,Priority human intervention,10942147.14
CUST1181,3,308858.58,102952.86,141.0,423,38,11,9.0,1,7,33.333333333333336,69.44666666666667,78.65666666666668,70.37,3518582.0,1.0,0.2894736842105263,0.3333333333333333,2.3333333333333335,0,Valuable but Risky,Priority human intervention,10934456.54
CUST1218,3,200938.62,66979.54,322.0,553,49,5,4.0,3,18,53.0,87.22333333333334,89.21333333333332,46.82,2341136.0,0.6666666666666666,0.10204081632653061,1.0,6.0,2,High-Risk Customer,Frequent follow-up and payment assistance,10887715.75
CUST0805,4,86485.93,21621.4825,241.75,519,76,15,10.25,1,10,35.5,81.8825,84.29,53.15,2657622.0,0.5,0.19736842105263158,0.25,2.5,0,Valuable but Risky,Priority human intervention,10875006.71
CUST1616,5,219873.52,43974.704,176.4,591,73,19,13.2,4,25,69.4,72.308,76.636,62.42999999999999,3121640.0,0.6,0.2602739726027397,0.8,5.0,0,Valuable but Risky,Priority human intervention,10873912.22
CUST1171,8,484714.22000000003,60589.277500000004,237.0,521,92,20,9.625,7,24,34.125,70.09875,77.525,52.92,2645834.0,0.5,0.21739130434782608,0.875,3.0,0,Valuable but Risky,Priority human intervention,10854821.58
CUST1636,10,214387.55,21438.754999999997,148.2,473,87,22,13.2,12,18,49.3,81.649,80.50399999999999,69.78,3488780.0,0.6,0.25287356321839083,1.2,1.8,0,Valuable but Risky,Priority human intervention,10848822.57
CUST1686,4,135895.91,33973.9775,165.5,479,66,19,15.25,3,9,37.75,72.595,75.65,63.39,3169734.0,0.25,0.2878787878787879,0.75,2.25,3,Valuable but Risky,Priority human intervention,10838329.1
CUST1168,7,151326.9,21618.12857142857,134.14285714285714,513,75,22,15.428571428571429,8,37,36.285714285714285,71.18571428571428,74.05142857142857,71.53,3576362.0,0.5714285714285714,0.29333333333333333,1.1428571428571428,5.285714285714286,0,Valuable but Risky,Priority human intervention,10830109.71
CUST0579,5,146590.68,29318.136,189.0,404,63,18,16.6,5,11,44.4,67.654,71.86800000000001,58.279999999999994,2914140.0,0.4,0.2857142857142857,1.0,2.2,3,Valuable but Risky,Priority human intervention,10828111.63
CUST1238,5,156346.41,31269.282,120.6,405,86,25,12.8,4,17,27.2,74.608,78.02799999999999,75.97,3798529.0,0.6,0.29069767441860467,0.8,3.4,0,Valuable but Risky,Priority human intervention,10815472.12
CUST0963,5,287804.49,57560.898,138.4,486,80,21,11.6,5,12,42.0,77.896,79.99000000000001,71.84,3591815.0,0.8,0.2625,1.0,2.4,0,Valuable but Risky,Priority human intervention,10810644.79
CUST1692,3,95757.67,31919.22333333333,225.33333333333334,414,69,23,12.666666666666666,2,17,71.66666666666667,66.76333333333334,74.45,49.76,2488064.0,0.6666666666666666,0.3333333333333333,0.6666666666666666,5.666666666666667,3,High-Risk Customer,Frequent follow-up and payment assistance,10792668.73
CUST1710,4,150072.95,37518.2375,160.5,513,75,15,16.5,3,5,37.75,77.0375,77.12,68.96,3448116.0,0.75,0.2,0.75,1.25,0,Valuable but Risky,Priority human intervention,10778810.62
CUST1781,5,92122.28,18424.456,99.4,260,61,16,11.8,5,9,44.0,68.508,75.174,85.62,4280987.0,0.8,0.26229508196721313,1.0,1.8,1,Valuable but Risky,Priority human intervention,10775314.46
CUST0972,5,173065.28,34613.056,98.6,283,83,14,10.2,3,25,41.0,84.364,84.864,92.79,4639699.0,0.6,0.1686746987951807,0.6,5.0,0,Valuable but Risky,Priority human intervention,10768685.48
CUST1009,5,142161.86000000002,28432.372000000003,99.0,243,98,21,9.0,2,10,32.4,78.814,83.208,89.12,4455813.0,0.6,0.21428571428571427,0.4,2.0,1,Valuable but Risky,Priority human intervention,10767153.84
CUST0545,5,80903.99,16180.798,124.0,322,98,28,13.2,6,16,41.2,76.146,77.752,74.68,3733909.0,0.4,0.2857142857142857,1.2,3.2,0,Valuable but Risky,Priority human intervention,10753657.92
CUST0390,6,294368.16,49061.35999999999,303.8333333333333,508,104,25,13.0,6,21,47.166666666666664,70.37166666666667,75.38666666666667,42.91,2145588.0,0.3333333333333333,0.2403846153846154,1.0,3.5,2,High-Risk Customer,Frequent follow-up and payment assistance,10747435.97
CUST0611,6,247722.78,41287.13,120.83333333333333,433,66,17,12.333333333333334,5,27,18.0,60.35,71.11,77.32,3866126.0,0.6666666666666666,0.25757575757575757,0.8333333333333334,4.5,0,Valuable but Risky,Priority human intervention,10736798.15
CUST0668,10,193765.97999999998,19376.597999999998,158.4,488,125,26,14.3,14,44,63.5,81.963,79.602,68.77,3438445.0,0.5,0.208,1.4,4.4,0,Valuable but Risky,Priority human intervention,10733009.79
CUST1459,8,287484.39,35935.54875,108.25,529,145,38,10.5,6,24,54.375,73.22375,78.8125,81.45,4072261.0,0.75,0.2620689655172414,0.75,3.0,0,Valuable but Risky,Priority human intervention,10702955.08
CUST0959,4,193779.92,48444.98,126.25,223,89,23,21.25,3,15,61.0,69.42750000000001,70.465,75.09,3754697.0,0.25,0.25842696629213485,0.75,3.75,3,Valuable but Risky,Priority human intervention,10690339.55
CUST1888,6,215702.16,35950.36,161.83333333333334,502,89,17,8.166666666666666,3,22,46.333333333333336,79.66333333333334,83.93166666666667,68.54,3426910.0,0.5,0.19101123595505617,0.5,3.6666666666666665,0,Valuable but Risky,Priority human intervention,10686696.9
CUST0019,9,359125.52,39902.83555555556,230.11111111111111,576,125,36,8.666666666666666,12,29,45.111111111111114,76.83111111111111,80.5488888888889,50.26,2513160.0,0.5555555555555556,0.288,1.3333333333333333,3.2222222222222223,0,Valuable but Risky,Priority human intervention,10685531.88
CUST1426,7,200071.78,28581.682857142856,280.42857142857144,538,101,28,20.142857142857142,9,32,41.714285714285715,71.07428571428571,70.88000000000001,43.98,2198983.0,0.2857142857142857,0.27722772277227725,1.2857142857142858,4.571428571428571,3,High-Risk Customer,Frequent follow-up and payment assistance,10684724.65
CUST0923,7,340040.35,48577.19285714285,86.14285714285714,291,85,26,11.857142857142858,9,25,49.57142857142857,77.05428571428571,78.84,87.91,4395398.0,0.5714285714285714,0.3058823529411765,1.2857142857142858,3.5714285714285716,0,Valuable but Risky,Priority human intervention,10684363.01
CUST1762,4,122208.55,30552.1375,191.5,559,64,20,15.25,3,21,64.0,55.655,67.17750000000001,55.85,2792455.0,0.75,0.3125,0.75,5.25,3,Valuable but Risky,Priority human intervention,10683758.3
CUST0566,8,320597.48,40074.685,107.375,277,102,32,13.25,7,34,54.875,71.32625,75.965,78.41,3920426.0,0.625,0.3137254901960784,0.875,4.25,0,Valuable but Risky,Priority human intervention,10680566.45
CUST1256,7,313173.47000000003,44739.067142857144,148.14285714285714,502,110,34,13.285714285714286,4,21,41.0,69.97571428571429,75.87285714285714,65.74,3286904.0,0.42857142857142855,0.3090909090909091,0.5714285714285714,3.0,0,Valuable but Risky,Priority human intervention,10677230.18
CUST0492,7,257587.69,36798.241428571426,170.42857142857142,465,113,24,16.0,7,13,42.0,67.80142857142857,72.30142857142857,65.1,3255228.0,0.42857142857142855,0.21238938053097345,1.0,1.8571428571428572,0,Valuable but Risky,Priority human intervention,10672744.43
CUST0229,9,241017.11000000002,26779.67888888889,131.33333333333334,492,162,49,8.777777777777779,6,17,40.666666666666664,70.49111111111111,78.64444444444445,70.62,3530826.0,0.3333333333333333,0.30246913580246915,0.6666666666666666,1.8888888888888888,0,Valuable but Risky,Priority human intervention,10638538.57
CUST0111,7,278657.06,39808.15142857143,202.28571428571428,450,127,32,12.285714285714286,5,24,39.714285714285715,72.62714285714286,77.51285714285714,56.1,2805063.0,0.2857142857142857,0.25196850393700787,0.7142857142857143,3.4285714285714284,0,Valuable but Risky,Priority human intervention,10615822.45
CUST0099,5,179699.23,35939.846000000005,147.4,370,94,29,18.6,2,15,60.0,61.616,68.848,65.55,3277544.0,0.6,0.30851063829787234,0.4,3.0,3,Valuable but Risky,Priority human intervention,10610246.75
CUST1799,6,196339.74000000002,32723.290000000005,361.1666666666667,497,90,11,16.833333333333332,7,14,61.666666666666664,87.50166666666667,81.31833333333333,40.98,2049117.0,0.0,0.12222222222222222,1.1666666666666667,2.3333333333333335,2,High-Risk Customer,Frequent follow-up and payment assistance,10604825.57
CUST0625,2,61001.5,30500.75,76.5,153,15,4,14.0,2,1,39.5,39.285,59.239999999999995,94.82,4741066.0,0.5,0.26666666666666666,1.0,0.5,3,Valuable but Risky,Priority human intervention,10599443.22
CUST0547,7,114685.76000000001,16383.680000000002,267.0,503,97,26,17.571428571428573,4,22,43.285714285714285,70.47428571428571,73.55285714285715,45.55,2277503.0,0.14285714285714285,0.26804123711340205,0.5714285714285714,3.142857142857143,3,High-Risk Customer,Frequent follow-up and payment assistance,10598841.54
CUST1150,4,69746.02,17436.505,105.0,289,76,20,15.25,3,9,66.0,74.27250000000001,76.48750000000001,81.73,4086405.0,0.5,0.2631578947368421,0.75,2.25,0,Valuable but Risky,Priority human intervention,10581638.21
CUST0394,4,117332.8,29333.2,157.25,393,31,11,6.75,4,17,59.75,62.9725,75.4325,60.71,3035696.0,0.5,0.3548387096774194,1.0,4.25,3,Valuable but Risky,Priority human intervention,10580379.82
CUST0710,8,210760.16999999998,26345.021249999998,120.75,366,168,31,7.625,9,30,45.25,81.24625,83.79875,80.89,4044528.0,0.75,0.18452380952380953,1.125,3.75,0,Valuable but Risky,Priority human intervention,10575778.67
CUST1219,3,39453.03,13151.01,144.66666666666666,413,41,7,11.0,1,13,47.333333333333336,84.85000000000001,85.15666666666667,73.83,3691644.0,0.6666666666666666,0.17073170731707318,0.3333333333333333,4.333333333333333,1,Valuable but Risky,Priority human intervention,10574309.06
CUST0363,6,151231.71,25205.285,215.66666666666666,355,67,24,12.333333333333334,7,8,34.833333333333336,57.02,68.77499999999999,49.169999999999995,2458630.0,0.3333333333333333,0.3582089552238806,1.1666666666666667,1.3333333333333333,3,High-Risk Customer,Frequent follow-up and payment assistance,10541162.07
CUST1688,7,269814.25,38544.892857142855,261.42857142857144,554,135,37,17.571428571428573,5,19,53.0,74.2957142857143,75.17714285714285,45.75,2287300.0,0.2857142857142857,0.2740740740740741,0.7142857142857143,2.7142857142857144,2,High-Risk Customer,Frequent follow-up and payment assistance,10532713.95
CUST0644,3,73438.2,24479.399999999998,245.66666666666666,349,43,12,14.333333333333334,0,21,44.666666666666664,66.22666666666667,74.51333333333334,47.64000000000001,2382214.0,0.3333333333333333,0.27906976744186046,0.0,7.0,3,High-Risk Customer,Frequent follow-up and payment assistance,10532525.23
CUST0064,6,94682.31,15780.385,133.66666666666666,500,70,20,21.333333333333332,8,27,46.166666666666664,63.80833333333334,66.43666666666667,70.05,3502501.0,0.8333333333333334,0.2857142857142857,1.3333333333333333,4.5,3,Valuable but Risky,Priority human intervention,10522513.72
CUST1863,4,144415.0,36103.75,135.5,429,70,19,16.25,3,19,41.75,67.56,72.53,70.15,3507521.0,0.5,0.2714285714285714,0.75,4.75,3,Valuable but Risky,Priority human intervention,10502269.49
CUST0843,6,228176.5,38029.416666666664,131.16666666666666,369,84,19,10.5,5,26,51.166666666666664,75.18166666666666,79.625,73.73,3686562.0,0.6666666666666666,0.2261904761904762,0.8333333333333334,4.333333333333333,0,Valuable but Risky,Priority human intervention,10449720.91
CUST0371,8,410346.15,51293.26875,82.625,475,121,35,11.625,5,24,43.5,65.70875,74.6275,88.71,4435724.0,0.875,0.2892561983471074,0.625,3.0,0,Valuable but Risky,Priority human intervention,10443930.49
CUST0715,4,116731.45,29182.8625,362.0,563,75,9,16.5,4,11,10.5,89.725,82.9625,40.26,2012889.0,0.25,0.12,1.0,2.75,2,High-Risk Customer,Frequent follow-up and payment assistance,10415492.84
CUST0879,4,73393.93,18348.4825,248.5,454,72,22,16.75,2,8,38.25,65.5625,71.7325,45.74,2287035.0,0.0,0.3055555555555556,0.5,2.0,3,High-Risk Customer,Frequent follow-up and payment assistance,10405691.61
CUST0510,3,59002.99,19667.663333333334,158.0,358,45,13,7.0,2,13,29.0,70.51333333333334,79.72333333333334,62.54,3127099.0,0.6666666666666666,0.28888888888888886,0.6666666666666666,4.333333333333333,1,Valuable but Risky,Priority human intervention,10398646.54
CUST0269,3,191169.59000000003,63723.19666666668,155.66666666666666,278,46,15,17.0,2,13,43.666666666666664,66.03333333333335,71.48666666666666,61.24,3061786.0,0.3333333333333333,0.32608695652173914,0.6666666666666666,4.333333333333333,3,Valuable but Risky,Priority human intervention,10380563.88
CUST0933,2,64374.79,32187.395,259.5,477,26,6,5.5,3,7,68.5,65.97,76.685,46.92,2345936.0,0.5,0.23076923076923078,1.5,3.5,3,High-Risk Customer,Frequent follow-up and payment assistance,10379864.52
CUST0537,6,90510.13,15085.021666666667,123.5,455,49,14,8.833333333333334,10,32,48.666666666666664,65.16333333333334,73.95,72.17,3608539.0,0.6666666666666666,0.2857142857142857,1.6666666666666667,5.333333333333333,3,Valuable but Risky,Priority human intervention,10369394.57
CUST0758,4,117429.31,29357.3275,163.25,341,46,23,11.0,2,15,63.5,48.489999999999995,66.6425,52.51,2625508.0,0.5,0.5,0.5,3.75,3,Valuable but Risky,Priority human intervention,10367474.72
CUST0896,2,44548.18,22274.09,77.0,154,34,9,11.5,3,4,43.5,74.17500000000001,77.19,92.6,4630197.0,0.5,0.2647058823529412,1.5,2.0,1,Valuable but Risky,Priority human intervention,10364832.17
CUST1392,8,479276.61,59909.57625,133.125,431,156,42,11.625,10,29,48.125,69.5925,75.32125,70.06,3502814.0,0.375,0.2692307692307692,1.25,3.625,0,Valuable but Risky,Priority human intervention,10364456.14
CUST1983,5,337520.67,67504.13399999999,256.8,489,104,21,16.8,1,17,43.4,81.578,80.30799999999999,48.32,2415885.0,0.4,0.20192307692307693,0.2,3.4,0,High-Risk Customer,Frequent follow-up and payment assistance,10360429.9
CUST0824,3,71001.62,23667.206666666665,167.33333333333334,447,57,11,21.666666666666668,4,7,77.33333333333333,81.82333333333334,75.24333333333333,64.96,3248156.0,0.3333333333333333,0.19298245614035087,1.3333333333333333,2.3333333333333335,0,Valuable but Risky,Priority human intervention,10359148.28
CUST1345,3,114827.11,38275.70333333333,302.6666666666667,534,54,14,6.666666666666667,4,17,55.0,73.70333333333333,80.18666666666667,40.85,2042569.0,0.3333333333333333,0.25925925925925924,1.3333333333333333,5.666666666666667,2,High-Risk Customer,Frequent follow-up and payment assistance,10357085.68
CUST1317,9,366629.82,40736.64666666667,96.0,466,121,31,14.333333333333334,11,34,50.44444444444444,67.82333333333332,72.86666666666666,84.11,4205479.0,0.7777777777777778,0.256198347107438,1.2222222222222223,3.7777777777777777,0,Valuable but Risky,Priority human intervention,10354514.91
CUST1138,11,323555.73,29414.157272727272,205.0,552,206,59,18.727272727272727,8,45,30.90909090909091,73.16909090909091,73.89272727272727,52.72,2635917.0,0.45454545454545453,0.28640776699029125,0.7272727272727273,4.090909090909091,0,Valuable but Risky,Priority human intervention,10342135.51
CUST1537,7,166927.85,23846.835714285717,273.7142857142857,525,130,38,14.714285714285714,8,24,38.0,73.54285714285713,75.65714285714286,42.8,2139934.0,0.2857142857142857,0.2923076923076923,1.1428571428571428,3.4285714285714284,3,High-Risk Customer,Frequent follow-up and payment assistance,10334893.56
CUST1419,3,149406.16999999998,49802.056666666664,139.66666666666666,317,45,7,15.666666666666666,3,11,44.333333333333336,86.18333333333334,81.69,74.37,3718508.0,0.3333333333333333,0.15555555555555556,1.0,3.6666666666666665,0,Valuable but Risky,Priority human intervention,10298339.04
CUST1838,2,87173.52,43586.76,163.0,326,33,5,12.0,0,1,53.5,84.96,85.28,68.01,3400448.0,0.5,0.15151515151515152,0.0,0.5,1,Valuable but Risky,Priority human intervention,10298205.25
CUST0068,5,277535.07,55507.014,112.4,287,70,17,19.8,1,23,40.8,78.33,76.884,77.98,3899033.0,0.6,0.24285714285714285,0.2,4.6,0,Valuable but Risky,Priority human intervention,10292778.71
CUST0470,4,383895.63,95973.9075,134.0,460,33,10,15.25,6,19,47.5,77.5,76.6,67.51,3375315.0,0.5,0.30303030303030304,1.5,4.75,0,Valuable but Risky,Priority human intervention,10291642.28
CUST0995,3,52937.149999999994,17645.716666666664,241.66666666666666,385,39,8,24.666666666666668,2,10,46.0,78.62333333333333,73.17666666666666,49.89000000000001,2494291.0,0.3333333333333333,0.20512820512820512,0.6666666666666666,3.3333333333333335,3,High-Risk Customer,Frequent follow-up and payment assistance,10270296.49
CUST0293,5,143629.74,28725.947999999997,55.4,236,39,13,11.6,2,11,42.4,52.052,68.268,99.0,4950164.0,0.8,0.3333333333333333,0.4,2.2,3,Valuable but Risky,Priority human intervention,10256739.81
CUST0738,8,271953.72000000003,33994.215000000004,277.75,567,175,46,13.25,8,26,52.25,74.9675,77.53375,42.99,2149409.0,0.375,0.26285714285714284,1.0,3.25,2,High-Risk Customer,Frequent follow-up and payment assistance,10253632.81
CUST0502,8,242512.29,30314.03625,129.5,511,146,38,8.375,3,19,44.0,72.765,80.60875,70.89,3544708.0,0.75,0.2602739726027397,0.375,2.375,0,Valuable but Risky,Priority human intervention,10252460.92
CUST0679,2,94162.84,47081.42,204.5,409,22,4,1.5,2,6,58.5,88.235,91.22,56.96,2847921.0,0.5,0.18181818181818182,1.0,3.0,1,Valuable but Risky,Priority human intervention,10248632.07
CUST0208,6,218117.75,36352.958333333336,231.66666666666666,478,109,34,12.833333333333334,10,20,21.666666666666668,67.13833333333334,72.53500000000001,47.07,2353554.0,0.16666666666666666,0.3119266055045872,1.6666666666666667,3.3333333333333335,3,High-Risk Customer,Frequent follow-up and payment assistance,10240838.87
CUST0912,6,201608.19,33601.365,192.66666666666666,454,117,31,10.5,1,21,19.833333333333332,76.89833333333333,81.815,55.29999999999999,2765223.0,0.5,0.26495726495726496,0.16666666666666666,3.5,0,Valuable but Risky,Priority human intervention,10237154.91
CUST0486,8,125280.05,15660.00625,173.5,509,169,33,12.625,8,39,38.625,78.11625,79.4825,62.62,3130977.0,0.625,0.1952662721893491,1.0,4.875,0,Valuable but Risky,Priority human intervention,10235330.55
CUST1147,3,69852.84,23284.28,110.33333333333333,265,53,9,16.0,2,11,48.333333333333336,78.37,78.25333333333333,83.17,4158502.0,0.6666666666666666,0.16981132075471697,0.6666666666666666,3.6666666666666665,1,Valuable but Risky,Priority human intervention,10232007.25
CUST1234,7,268740.16000000003,38391.45142857143,106.28571428571429,357,85,19,13.714285714285714,4,28,19.857142857142858,73.01142857142857,77.13428571428572,81.06000000000002,4052981.0,0.7142857142857143,0.2235294117647059,0.5714285714285714,4.0,0,Valuable but Risky,Priority human intervention,10229587.81
CUST1766,1,13146.88,13146.88,480.0,480,21,2,13.0,1,7,39.0,90.48,85.44,32.14,1607009.0,0.0,0.09523809523809523,1.0,7.0,2,High-Risk Customer,Frequent follow-up and payment assistance,10208333.36
CUST0997,7,168789.68,24112.81142857143,118.57142857142857,357,98,21,12.285714285714286,7,29,38.857142857142854,81.86,81.56000000000002,76.86,3842824.0,0.5714285714285714,0.21428571428571427,1.0,4.142857142857143,0,Valuable but Risky,Priority human intervention,10199168.6
CUST0871,6,248865.36,41477.56,195.16666666666666,500,81,22,12.333333333333334,6,12,36.0,75.37,78.28500000000001,54.29999999999999,2714749.0,0.5,0.2716049382716049,1.0,2.0,0,Valuable but Risky,Priority human intervention,10189413.77
CUST0588,6,177379.09,29563.181666666667,83.83333333333333,424,45,6,6.833333333333333,5,22,49.833333333333336,86.03166666666668,87.24833333333333,97.74,4886917.0,0.6666666666666666,0.13333333333333333,0.8333333333333334,3.6666666666666665,0,Valuable but Risky,Priority human intervention,10181620.07
CUST1010,6,117177.01,19529.501666666667,123.16666666666667,416,94,22,10.166666666666666,7,25,37.666666666666664,74.435,78.785,73.85,3692693.0,0.6666666666666666,0.23404255319148937,1.1666666666666667,4.166666666666667,0,Valuable but Risky,Priority human intervention,10169571.76
CUST0214,9,461640.96,51293.44,81.22222222222223,493,91,26,8.666666666666666,10,24,33.888888888888886,76.48333333333333,80.82,87.14,4357086.0,0.7777777777777778,0.2857142857142857,1.1111111111111112,2.6666666666666665,0,Valuable but Risky,Priority human intervention,10152010.38
CUST1929,2,28694.559999999998,14347.279999999999,117.0,234,30,10,16.5,3,9,30.0,66.66499999999999,70.43,70.05,3502629.0,0.5,0.3333333333333333,1.5,4.5,3,Valuable but Risky,Priority human intervention,10134273.24
CUST1101,10,271045.48,27104.548,113.8,453,158,43,12.2,4,52,43.5,71.505,77.634,74.5,3725002.0,0.6,0.2721518987341772,0.4,5.2,0,Valuable but Risky,Priority human intervention,10131486.77
CUST0063,4,212237.43,53059.3575,163.0,338,87,25,7.75,5,19,58.0,71.6075,78.655,59.79,2989302.0,0.25,0.28735632183908044,1.25,4.75,0,Valuable but Risky,Priority human intervention,10121020.66
CUST0414,1,13113.2,13113.2,167.0,167,22,3,23.0,0,5,67.0,86.36,79.38,66.66,3332831.0,1.0,0.13636363636363635,0.0,5.0,1,Valuable but Risky,Priority human intervention,10112112.24
CUST0553,5,86199.88,17239.976000000002,199.8,360,58,13,15.6,5,22,24.4,67.978,72.63,54.89,2744245.0,0.2,0.22413793103448276,1.0,4.4,3,Valuable but Risky,Priority human intervention,10071284.52
CUST0803,8,436550.43,54568.80375,150.875,385,73,17,15.375,7,14,59.75,73.215,75.63250000000001,65.02,3251078.0,0.5,0.2328767123287671,0.875,1.75,0,Valuable but Risky,Priority human intervention,10055517.45
CUST0981,4,258459.44,64614.86,183.25,554,100,25,14.25,2,18,27.25,75.6,78.2525,56.68,2834067.0,0.5,0.25,0.5,4.5,0,Valuable but Risky,Priority human intervention,10034368.47
CUST0073,4,84566.87,21141.7175,62.75,251,49,17,10.25,4,9,38.0,64.61500000000001,74.1575,91.5,4575121.0,0.75,0.3469387755102041,1.0,2.25,3,Valuable but Risky,Priority human intervention,10029318.82
CUST1207,6,208526.09,34754.348333333335,324.6666666666667,531,134,30,18.666666666666668,4,23,46.833333333333336,75.95833333333333,75.44666666666667,38.54,1927145.0,0.0,0.22388059701492538,0.6666666666666666,3.8333333333333335,2,High-Risk Customer,Frequent follow-up and payment assistance,10016168.35
CUST1297,7,231369.49,33052.78428571428,312.14285714285717,568,119,27,16.285714285714285,5,21,48.42857142857143,79.94571428571429,78.77,39.55,1977716.0,0.14285714285714285,0.226890756302521,0.7142857142857143,3.0,2,High-Risk Customer,Frequent follow-up and payment assistance,10000405.24
CUST0582,6,140442.27,23407.045,194.5,427,76,22,15.333333333333334,9,12,57.833333333333336,71.35166666666667,73.47500000000001,52.66,2632814.0,0.16666666666666666,0.2894736842105263,1.5,2.0,3,Valuable but Risky,Priority human intervention,9998111.17
CUST0366,5,108080.73,21616.146,192.8,500,38,9,20.0,4,19,36.2,60.239999999999995,66.52000000000001,55.06,2752994.0,0.4,0.23684210526315788,0.8,3.8,3,Valuable but Risky,Priority human intervention,9969895.32
CUST1305,5,160567.25,32113.45,103.6,339,67,18,16.4,4,24,48.6,69.974,73.546,77.01,3850315.0,0.6,0.26865671641791045,0.8,4.8,0,Valuable but Risky,Priority human intervention,9945306.18
CUST1157,2,57295.26,28647.63,74.0,148,15,3,14.0,1,9,44.5,75.0,78.1,95.17,4758569.0,0.5,0.2,0.5,4.5,1,Valuable but Risky,Priority human intervention,9935892.07
CUST1403,4,317207.36,79301.84,172.25,484,37,10,12.0,5,17,37.0,61.405,71.0025,57.44,2872236.0,0.5,0.2702702702702703,1.25,4.25,3,Valuable but Risky,Priority human intervention,9933084.81
CUST1933,6,105476.49,17579.415,262.5,467,87,28,4.666666666666667,4,27,48.166666666666664,76.24833333333333,83.99166666666666,41.35,2067337.0,0.0,0.3218390804597701,0.6666666666666666,4.5,2,High-Risk Customer,Frequent follow-up and payment assistance,9905989.79
CUST0007,5,504470.68,100894.136,275.6,513,74,21,14.0,6,19,47.6,67.73400000000001,73.066,40.97,2048671.0,0.4,0.28378378378378377,1.2,3.8,2,High-Risk Customer,Frequent follow-up and payment assistance,9878470.08
CUST1885,10,820535.13,82053.513,176.2,498,151,37,15.8,7,36,55.1,68.52000000000001,73.37899999999999,57.44,2871839.0,0.5,0.24503311258278146,0.7,3.6,0,Valuable but Risky,Priority human intervention,9875626.7
CUST1691,4,128349.45000000001,32087.362500000003,139.25,443,95,27,18.0,8,21,41.25,72.6375,71.52,64.03,3201478.0,0.75,0.28421052631578947,2.0,5.25,3,Valuable but Risky,Priority human intervention,9836456.91
CUST0901,1,43342.23,43342.23,77.0,77,18,4,12.0,1,6,1.0,77.78,79.69,90.81,4540512.0,1.0,0.2222222222222222,1.0,6.0,1,Valuable but Risky,Priority human intervention,9822640.96
CUST0464,11,422307.88,38391.62545454546,174.36363636363637,516,145,31,14.363636363636363,15,39,41.63636363636363,77.40545454545455,77.35636363636364,58.61000000000001,2930304.0,0.6363636363636364,0.21379310344827587,1.3636363636363635,3.5454545454545454,0,Valuable but Risky,Priority human intervention,9758518.59
CUST1569,5,172845.06999999998,34569.013999999996,255.2,533,89,16,10.2,7,16,28.2,80.74600000000001,81.452,46.57,2328581.0,0.4,0.1797752808988764,1.4,3.2,2,High-Risk Customer,Frequent follow-up and payment assistance,9758062.58
CUST1581,4,177307.22999999998,44326.807499999995,77.25,215,97,28,10.25,6,16,20.75,70.025,75.86250000000001,85.35,4267690.0,0.5,0.28865979381443296,1.5,4.0,0,Valuable but Risky,Priority human intervention,9748041.91
CUST1733,6,194721.47999999998,32453.579999999998,136.0,554,100,24,8.166666666666666,2,23,43.5,75.67166666666667,82.27166666666666,66.62,3330931.0,0.6666666666666666,0.24,0.3333333333333333,3.8333333333333335,0,Valuable but Risky,Priority human intervention,9747636.48
CUST0815,4,343160.12,85790.03,156.0,457,35,10,10.25,2,12,56.0,84.26,84.98,59.22,2961190.0,0.5,0.2857142857142857,0.5,3.0,0,Valuable but Risky,Priority human intervention,9746545.37
CUST0988,8,182997.44,22874.68,131.0,448,150,39,10.5,10,32,46.5,74.27,78.33375,66.82,3341070.0,0.625,0.26,1.25,4.0,0,Valuable but Risky,Priority human intervention,9724518.34
CUST0708,7,377001.81,53857.40142857143,123.0,507,82,22,12.428571428571429,5,39,43.857142857142854,62.925714285714285,72.57714285714286,68.72,3435744.0,0.5714285714285714,0.2682926829268293,0.7142857142857143,5.571428571428571,0,Valuable but Risky,Priority human intervention,9717289.62
CUST1221,6,395959.98,65993.33,143.66666666666666,469,98,26,18.5,4,31,45.0,67.78833333333334,71.46333333333332,62.87,3143510.0,0.5,0.2653061224489796,0.6666666666666666,5.166666666666667,0,Valuable but Risky,Priority human intervention,9691847.63
CUST1786,3,150736.47,50245.49,87.66666666666667,252,60,20,16.333333333333332,4,8,75.0,67.14999999999999,71.10666666666667,77.43,3871615.0,0.3333333333333333,0.3333333333333333,1.3333333333333333,2.6666666666666665,3,Valuable but Risky,Priority human intervention,9687641.09
CUST1478,5,361248.81,72249.762,109.4,547,86,19,12.8,3,19,47.8,77.464,79.856,75.78,3788858.0,0.6,0.22093023255813954,0.6,3.8,0,Valuable but Risky,Priority human intervention,9686700.1
CUST0678,6,104469.09,17411.515,72.66666666666667,287,67,18,8.833333333333334,2,24,62.333333333333336,69.415,78.74,88.26,4413089.0,0.6666666666666666,0.26865671641791045,0.3333333333333333,4.0,0,Valuable but Risky,Priority human intervention,9667080.03
CUST1949,5,185880.65,37176.13,214.8,497,58,14,10.8,4,21,49.8,82.732,83.288,49.42,2470872.0,0.4,0.2413793103448276,0.8,4.2,2,High-Risk Customer,Frequent follow-up and payment assistance,9655826.97
CUST0396,11,540001.42,49091.038181818185,133.1818181818182,404,174,41,7.363636363636363,10,34,61.18181818181818,76.67272727272727,82.0990909090909,67.02,3351106.0,0.5454545454545454,0.23563218390804597,0.9090909090909091,3.090909090909091,0,Valuable but Risky,Priority human intervention,9655439.82
CUST1188,10,344794.46,34479.446,89.5,507,137,25,13.9,2,38,37.9,80.988,81.755,86.12,4306146.0,0.7,0.18248175182481752,0.2,3.8,0,Valuable but Risky,Priority human intervention,9649224.53
CUST0038,3,68233.12,22744.373333333333,167.33333333333334,305,39,9,10.0,0,12,37.333333333333336,75.14,81.57333333333334,58.60999999999999,2930593.0,0.3333333333333333,0.23076923076923078,0.0,4.0,1,Valuable but Risky,Priority human intervention,9642402.4
CUST0773,2,75421.0,37710.5,238.0,476,31,6,10.0,3,13,59.5,80.46,81.23,47.77,2388377.0,0.5,0.1935483870967742,1.5,6.5,2,High-Risk Customer,Frequent follow-up and payment assistance,9635175.08
CUST0895,2,37982.53999999999,18991.269999999997,114.0,177,45,12,18.5,0,7,72.5,75.0,76.4,71.09,3554438.0,1.0,0.26666666666666666,0.0,3.5,1,Valuable but Risky,Priority human intervention,9634896.61
CUST1479,5,184324.14,36864.828,214.8,422,66,21,14.4,3,20,62.0,61.65599999999999,70.988,46.41,2320463.0,0.4,0.3181818181818182,0.6,4.0,3,High-Risk Customer,Frequent follow-up and payment assistance,9629077.65
CUST0720,6,194443.62000000002,32407.270000000004,241.0,534,78,20,15.166666666666666,5,22,54.666666666666664,77.92666666666666,78.19666666666667,44.91,2245690.0,0.3333333333333333,0.2564102564102564,0.8333333333333334,3.6666666666666665,2,High-Risk Customer,Frequent follow-up and payment assistance,9621342.11
CUST1599,4,167158.13999999998,41789.534999999996,153.75,542,46,22,20.25,8,21,27.25,52.515,60.1075,51.16,2557743.0,0.5,0.4782608695652174,2.0,5.25,3,Valuable but Risky,Priority human intervention,9594316.41
CUST1558,7,221684.29,31669.184285714287,121.42857142857143,418,123,37,8.714285714285714,3,19,41.857142857142854,73.18714285714286,80.51,66.43,3321557.0,0.5714285714285714,0.3008130081300813,0.42857142857142855,2.7142857142857144,0,Valuable but Risky,Priority human intervention,9567318.65
CUST0473,5,165786.07,33157.214,162.2,484,81,21,14.0,3,17,34.4,79.286,80.04400000000001,57.92999999999999,2896274.0,0.4,0.25925925925925924,0.6,3.4,0,Valuable but Risky,Priority human intervention,9562853.13
CUST1288,3,73489.20999999999,24496.403333333332,146.0,351,75,21,10.666666666666666,2,5,49.0,71.60666666666667,78.07000000000001,60.60999999999999,3030672.0,0.3333333333333333,0.28,0.6666666666666666,1.6666666666666667,3,Valuable but Risky,Priority human intervention,9542979.99
CUST0222,4,151077.09,37769.2725,128.0,485,67,18,13.0,2,12,36.25,74.75,78.575,65.89,3294424.0,0.5,0.26865671641791045,0.5,3.0,0,Valuable but Risky,Priority human intervention,9529244.35
CUST1866,5,98225.34,19645.068,127.6,329,41,9,17.8,6,14,44.8,69.238,71.538,68.56,3427932.0,0.6,0.21951219512195122,1.2,2.8,3,Valuable but Risky,Priority human intervention,9514601.5
CUST0508,7,442901.33,63271.618571428575,78.42857142857143,476,101,22,6.142857142857143,8,19,50.285714285714285,79.57571428571428,83.8157142857143,87.5,4374848.0,0.7142857142857143,0.21782178217821782,1.1428571428571428,2.7142857142857144,0,Valuable but Risky,Priority human intervention,9506291.0
CUST1726,6,119822.96,19970.493333333336,142.16666666666666,516,68,11,12.5,10,23,56.0,87.18166666666667,82.75833333333334,67.38,3368843.0,0.6666666666666666,0.16176470588235295,1.6666666666666667,3.8333333333333335,0,Valuable but Risky,Priority human intervention,9477926.02
CUST1806,6,209571.72,34928.62,126.33333333333333,474,81,17,8.333333333333334,1,21,29.0,81.705,85.52,69.22,3461134.0,0.6666666666666666,0.20987654320987653,0.16666666666666666,3.5,0,Valuable but Risky,Priority human intervention,9477809.82
CUST0255,9,481104.55000000005,53456.061111111114,188.77777777777777,539,120,32,7.555555555555555,2,39,48.55555555555556,73.79444444444444,81.92,51.77,2588568.0,0.4444444444444444,0.26666666666666666,0.2222222222222222,4.333333333333333,0,Valuable but Risky,Priority human intervention,9468598.25
CUST0355,3,199794.53,66598.17666666667,233.66666666666666,555,29,7,10.666666666666666,5,9,32.0,84.24333333333334,82.38666666666667,45.669999999999995,2283706.0,0.3333333333333333,0.2413793103448276,1.6666666666666667,3.0,2,High-Risk Customer,Frequent follow-up and payment assistance,9459267.75
CUST0102,2,15385.27,7692.635,83.5,167,36,6,10.5,2,5,43.0,78.82,81.11,88.37,4418327.0,1.0,0.16666666666666666,1.0,2.5,1,Valuable but Risky,Priority human intervention,9458901.72
CUST1214,3,670039.23,223346.41,101.0,303,62,20,19.0,1,9,40.666666666666664,67.57666666666667,71.72,71.15,3557447.0,0.6666666666666666,0.3225806451612903,0.3333333333333333,3.0,0,Valuable but Risky,Priority human intervention,9457071.2
CUST0432,3,64439.03,21479.676666666666,277.0,503,21,6,18.0,2,16,65.0,79.54666666666667,77.64,38.95,1947501.0,0.3333333333333333,0.2857142857142857,0.6666666666666666,5.333333333333333,3,High-Risk Customer,Frequent follow-up and payment assistance,9439815.56
CUST1577,5,180194.25,36038.85,234.8,468,89,12,12.8,6,17,26.6,89.262,84.55,49.68,2484138.0,0.2,0.1348314606741573,1.2,3.4,2,High-Risk Customer,Frequent follow-up and payment assistance,9438272.99
CUST1506,9,171921.96,19102.44,168.77777777777777,410,125,34,12.444444444444445,6,33,52.333333333333336,73.94777777777777,78.17444444444445,55.18,2759236.0,0.5555555555555556,0.272,0.6666666666666666,3.6666666666666665,0,Valuable but Risky,Priority human intervention,9433423.2
CUST1837,8,134211.85,16776.48125,156.375,338,129,32,13.125,7,31,46.375,76.01625,78.38374999999999,58.73,2936569.0,0.25,0.24806201550387597,0.875,3.875,0,Valuable but Risky,Priority human intervention,9396195.6
CUST1607,5,69521.07,13904.214000000002,97.6,405,103,26,10.6,5,20,22.2,74.392,78.834,75.93,3796328.0,0.6,0.2524271844660194,1.0,4.0,0,Valuable but Risky,Priority human intervention,9395137.79
CUST1883,7,251433.28,35919.04,230.42857142857142,507,118,28,15.857142857142858,9,26,47.142857142857146,73.25428571428571,74.54142857142857,45.95,2297680.0,0.42857142857142855,0.23728813559322035,1.2857142857142858,3.7142857142857144,2,High-Risk Customer,Frequent follow-up and payment assistance,9393728.09
CUST0024,4,173954.6,43488.65,233.25,548,64,20,16.5,4,23,56.75,72.505,74.35,42.84,2142101.0,0.5,0.3125,1.0,5.75,3,High-Risk Customer,Frequent follow-up and payment assistance,9369348.95
CUST0149,8,168390.06,21048.7575,76.75,341,126,30,7.5,3,34,52.625,72.25125,80.87625,85.56,4277995.0,0.75,0.23809523809523808,0.375,4.25,0,Valuable but Risky,Priority human intervention,9361679.06
CUST0663,7,106875.71,15267.958571428573,72.28571428571429,417,91,16,7.142857142857143,7,18,40.0,83.69285714285715,85.56285714285714,92.23,4611307.0,0.7142857142857143,0.17582417582417584,1.0,2.5714285714285716,0,Valuable but Risky,Priority human intervention,9341480.03
CUST0855,5,100580.29,20116.057999999997,163.2,411,73,19,12.6,1,28,52.0,77.99600000000001,81.03599999999999,56.27,2813545.0,0.6,0.2602739726027397,0.2,5.6,0,Valuable but Risky,Priority human intervention,9332644.39
CUST1356,3,31609.15,10536.383333333333,164.0,492,52,14,14.0,2,17,32.666666666666664,75.21333333333334,77.87333333333333,55.70000000000001,2785090.0,0.6666666666666666,0.2692307692307692,0.6666666666666666,5.666666666666667,3,Valuable but Risky,Priority human intervention,9332193.88
CUST0699,3,69786.55,23262.183333333334,232.0,529,49,10,13.666666666666666,2,9,52.333333333333336,79.29,80.11,46.63,2331608.0,0.6666666666666666,0.20408163265306123,0.6666666666666666,3.0,2,High-Risk Customer,Frequent follow-up and payment assistance,9320721.94
CUST0118,5,97926.27,19585.254,64.8,191,94,25,4.6,4,14,65.4,73.86,82.572,89.27,4463359.0,0.6,0.26595744680851063,0.8,2.8,1,Valuable but Risky,Priority human intervention,9311896.39
CUST0741,3,102255.87000000001,34085.29,56.666666666666664,170,44,13,9.0,2,9,75.66666666666667,63.89000000000001,75.21333333333332,91.76,4587871.0,0.3333333333333333,0.29545454545454547,0.6666666666666666,3.0,1,Valuable but Risky,Priority human intervention,9311292.73
CUST1899,3,46626.43,15542.143333333333,120.33333333333333,322,54,14,7.0,1,4,38.333333333333336,75.13333333333333,82.69666666666666,67.11,3355610.0,0.3333333333333333,0.25925925925925924,0.3333333333333333,1.3333333333333333,1,Valuable but Risky,Priority human intervention,9310367.8
CUST1603,6,123682.57,20613.76166666667,89.66666666666667,274,77,18,13.5,2,14,48.666666666666664,75.81166666666667,79.14,79.49,3974482.0,0.5,0.23376623376623376,0.3333333333333333,2.3333333333333335,0,Valuable but Risky,Priority human intervention,9300459.94
CUST0979,4,526973.6900000001,131743.42250000002,105.5,422,70,16,12.75,6,8,21.0,77.2025,77.94999999999999,73.65,3682632.0,0.75,0.22857142857142856,1.5,2.0,0,Valuable but Risky,Priority human intervention,9297593.62
CUST1860,6,240371.17,40061.86166666667,161.5,307,116,27,9.166666666666666,3,14,52.666666666666664,76.39166666666667,81.69500000000001,57.580000000000005,2879045.0,0.5,0.23275862068965517,0.5,2.3333333333333335,0,Valuable but Risky,Priority human intervention,9281073.13
CUST1854,3,24763.16,8254.386666666667,195.66666666666666,483,41,10,25.0,2,12,62.666666666666664,79.77,73.55333333333333,50.46,2523188.0,0.3333333333333333,0.24390243902439024,0.6666666666666666,4.0,3,Valuable but Risky,Priority human intervention,9279793.13
CUST1939,8,257002.72,32125.34,129.625,469,139,25,7.375,5,19,47.875,81.08375,84.86749999999999,68.47,3423307.0,0.5,0.17985611510791366,0.625,2.375,0,Valuable but Risky,Priority human intervention,9274576.02
CUST1802,7,397494.62,56784.94571428571,159.71428571428572,507,106,21,14.571428571428571,7,29,36.142857142857146,75.7,77.10571428571428,59.589999999999996,2979735.0,0.8571428571428571,0.19811320754716982,1.0,4.142857142857143,0,Valuable but Risky,Priority human intervention,9271955.46
CUST1702,4,202199.01,50549.7525,105.5,245,55,12,12.75,2,5,37.5,86.71,84.705,74.03,3701361.0,0.75,0.21818181818181817,0.5,1.25,1,Valuable but Risky,Priority human intervention,9265852.53
CUST0609,3,80006.03,26668.676666666666,117.0,204,40,8,3.0,2,13,20.666666666666668,79.75666666666666,86.74666666666667,71.05,3552626.0,0.6666666666666666,0.2,0.6666666666666666,4.333333333333333,1,Valuable but Risky,Priority human intervention,9251038.1
CUST1754,4,91922.28,22980.57,297.25,475,71,21,11.25,4,19,50.5,71.63,77.0675,35.84,1792166.0,0.25,0.29577464788732394,1.0,4.75,3,High-Risk Customer,Frequent follow-up and payment assistance,9225111.38
CUST1693,3,203147.39,67715.79666666668,65.0,195,46,14,14.333333333333334,0,10,63.0,71.18333333333334,76.99,85.59999999999998,4280207.0,0.6666666666666666,0.30434782608695654,0.0,3.3333333333333335,1,Valuable but Risky,Priority human intervention,9211749.85
CUST0756,6,123411.87,20568.645,119.16666666666667,547,114,29,10.5,4,14,34.166666666666664,73.36833333333333,79.05166666666666,67.01,3350354.0,0.6666666666666666,0.2543859649122807,0.6666666666666666,2.3333333333333335,0,Valuable but Risky,Priority human intervention,9210779.5
CUST1136,9,583045.77,64782.863333333335,203.44444444444446,488,145,35,18.11111111111111,9,29,42.111111111111114,72.70333333333333,73.48555555555555,48.82,2441098.0,0.5555555555555556,0.2413793103448276,1.0,3.2222222222222223,0,High-Risk Customer,Frequent follow-up and payment assistance,9195363.64
CUST0033,3,202670.72999999998,67556.90999999999,326.3333333333333,516,38,9,20.333333333333332,1,7,50.666666666666664,70.45333333333333,72.36,34.69,1734351.0,0.3333333333333333,0.23684210526315788,0.3333333333333333,2.3333333333333335,3,High-Risk Customer,Frequent follow-up and payment assistance,9145354.53
CUST0448,3,61172.05,20390.683333333334,78.66666666666667,236,30,9,17.0,2,8,28.666666666666668,67.71333333333332,72.32666666666667,78.74,3937008.0,0.6666666666666666,0.3,0.6666666666666666,2.6666666666666665,3,Valuable but Risky,Priority human intervention,9144357.25
CUST0823,3,73314.43,24438.14333333333,212.0,538,65,20,25.0,1,5,51.0,66.68333333333334,67.67666666666666,44.79999999999999,2239921.0,0.3333333333333333,0.3076923076923077,0.3333333333333333,1.6666666666666667,3,High-Risk Customer,Frequent follow-up and payment assistance,9138877.68
CUST1751,6,129174.25,21529.041666666668,80.16666666666667,305,80,18,7.0,4,21,28.5,83.67999999999999,86.305,82.74,4137138.0,0.6666666666666666,0.225,0.6666666666666666,3.5,1,Valuable but Risky,Priority human intervention,9130835.95
CUST0713,5,123780.38,24756.076,141.6,580,82,15,17.6,3,16,44.0,85.12,80.80199999999999,63.89,3194311.0,0.6,0.18292682926829268,0.6,3.2,0,Valuable but Risky,Priority human intervention,9129185.02
CUST0907,5,140995.95,28199.190000000002,143.2,433,115,25,12.4,3,21,48.4,78.088,80.402,61.67,3083449.0,0.6,0.21739130434782608,0.6,4.2,0,Valuable but Risky,Priority human intervention,9129154.05
CUST0614,2,55245.740000000005,27622.870000000003,187.0,374,15,7,13.0,1,11,14.0,51.925,67.16,43.37,2168433.0,0.5,0.4666666666666667,0.5,5.5,3,High-Risk Customer,Frequent follow-up and payment assistance,9127657.31
CUST1694,4,84406.91,21101.7275,228.0,557,59,21,13.0,2,15,25.0,61.852500000000006,72.125,40.96,2048173.0,0.5,0.3559322033898305,0.5,3.75,3,High-Risk Customer,Frequent follow-up and payment assistance,9109162.63
CUST0147,5,131321.65,26264.329999999998,199.8,508,59,12,12.4,4,18,53.0,78.69,80.306,50.49,2524653.0,0.6,0.2033898305084746,0.8,3.6,2,Valuable but Risky,Priority human intervention,9108348.95
CUST0049,8,235663.46,29457.9325,195.875,525,96,26,10.25,4,24,44.125,74.55625,80.12875,48.31,2415600.0,0.625,0.2708333333333333,0.5,3.0,2,High-Risk Customer,Frequent follow-up and payment assistance,9082844.72
CUST1236,4,53652.94,13413.235,213.25,540,30,9,15.0,6,13,44.25,68.515,72.2575,44.59,2229441.0,0.5,0.3,1.5,3.25,3,High-Risk Customer,Frequent follow-up and payment assistance,9078841.11
CUST0387,12,668156.56,55679.71333333334,104.58333333333333,361,172,37,8.5,8,39,51.666666666666664,80.18249999999999,83.6575,72.71,3635681.0,0.5833333333333334,0.21511627906976744,0.6666666666666666,3.25,0,Valuable but Risky,Priority human intervention,9038031.7
CUST0992,9,211501.22,23500.135555555556,238.44444444444446,530,150,44,14.88888888888889,3,21,43.77777777777778,73.38111111111112,77.09111111111112,41.26,2063148.0,0.2222222222222222,0.29333333333333333,0.3333333333333333,2.3333333333333335,2,High-Risk Customer,Frequent follow-up and payment assistance,9030841.99
CUST0620,6,213717.29,35619.54833333333,272.5,541,114,34,17.833333333333332,7,21,46.333333333333336,74.72,74.32666666666667,37.28,1864188.0,0.3333333333333333,0.2982456140350877,1.1666666666666667,3.5,3,High-Risk Customer,Frequent follow-up and payment assistance,9015147.76
CUST1615,5,187859.91,37571.982,185.0,498,79,23,12.0,1,12,47.8,67.934,76.366,48.98,2449146.0,0.6,0.2911392405063291,0.2,2.4,2,High-Risk Customer,Frequent follow-up and payment assistance,9012237.24
CUST0766,3,54730.270000000004,18243.423333333336,36.666666666666664,108,22,10,9.0,3,7,53.0,55.55666666666667,70.38,90.66000000000001,4533120.0,0.3333333333333333,0.45454545454545453,1.0,2.3333333333333335,3,Valuable but Risky,Priority human intervention,9011293.09
CUST0574,7,218820.23,31260.032857142858,219.14285714285714,395,106,27,20.0,10,25,50.0,79.18714285714285,74.73714285714286,44.99,2249391.0,0.14285714285714285,0.25471698113207547,1.4285714285714286,3.5714285714285716,2,High-Risk Customer,Frequent follow-up and payment assistance,9007325.51
CUST1255,3,52859.83,17619.943333333333,74.33333333333333,223,31,7,14.666666666666666,2,10,40.666666666666664,91.02666666666666,85.38,84.28,4213960.0,0.6666666666666666,0.22580645161290322,0.6666666666666666,3.3333333333333335,1,Valuable but Risky,Priority human intervention,9005187.21
CUST0512,3,52781.54,17593.846666666668,188.66666666666666,566,18,3,19.0,2,11,51.0,78.57,76.55,53.43,2671578.0,0.6666666666666666,0.16666666666666666,0.6666666666666666,3.6666666666666665,2,Valuable but Risky,Priority human intervention,8997281.02
CUST0735,7,212907.24,30415.32,151.85714285714286,498,116,25,10.142857142857142,5,29,39.857142857142854,76.29285714285713,80.63142857142859,58.78000000000001,2938939.0,0.42857142857142855,0.21551724137931033,0.7142857142857143,4.142857142857143,0,Valuable but Risky,Priority human intervention,8997170.86
CUST0559,6,188718.38,31453.063333333335,120.16666666666667,364,63,14,11.5,4,17,43.0,79.82666666666667,81.67999999999999,66.8,3339791.0,0.8333333333333334,0.2222222222222222,0.6666666666666666,2.8333333333333335,0,Valuable but Risky,Priority human intervention,8987130.19
CUST0138,4,172366.96,43091.74,144.5,457,63,17,10.0,4,6,29.75,73.4375,78.72,57.86,2893236.0,0.5,0.2698412698412698,1.0,1.5,0,Valuable but Risky,Priority human intervention,8982808.91
CUST1467,5,400764.7,80152.94,143.0,548,79,14,10.4,3,11,41.8,76.99,81.054,62.77,3138589.0,0.6,0.17721518987341772,0.6,2.2,0,Valuable but Risky,Priority human intervention,8978350.99
CUST1340,5,164294.24000000002,32858.848000000005,158.0,396,69,16,7.2,5,25,48.0,78.488,82.924,56.470000000000006,2823737.0,0.6,0.2318840579710145,1.0,5.0,0,Valuable but Risky,Priority human intervention,8974572.81
CUST1610,6,197019.84,32836.64,86.83333333333333,375,90,24,11.333333333333334,10,25,23.0,77.66666666666667,78.69833333333334,75.8,3790030.0,0.6666666666666666,0.26666666666666666,1.6666666666666667,4.166666666666667,0,Valuable but Risky,Priority human intervention,8969316.55
CUST1175,3,70427.17,23475.72333333333,66.0,198,30,9,19.333333333333332,2,8,69.66666666666667,76.07000000000001,75.10333333333334,83.09,4154399.0,0.6666666666666666,0.3,0.6666666666666666,2.6666666666666665,1,Valuable but Risky,Priority human intervention,8965193.04
CUST1597,10,305299.8,30529.98,142.0,350,156,34,10.5,6,38,44.7,74.66499999999999,79.834,60.8,3040193.0,0.4,0.21794871794871795,0.6,3.8,0,Valuable but Risky,Priority human intervention,8960773.98
CUST1505,3,83685.56,27895.186666666665,135.0,215,54,15,18.666666666666668,2,5,44.666666666666664,69.84333333333333,72.38666666666667,59.56,2978100.0,0.3333333333333333,0.2777777777777778,0.6666666666666666,1.6666666666666667,3,Valuable but Risky,Priority human intervention,8942572.5
CUST0638,4,68396.6,17099.15,303.0,502,53,19,16.25,6,9,47.25,76.5,75.5,32.66,1633214.0,0.25,0.3584905660377358,1.5,2.25,3,High-Risk Customer,Frequent follow-up and payment assistance,8941384.42
CUST0670,4,98177.04999999999,24544.262499999997,83.75,319,67,25,6.0,3,15,64.25,62.4625,76.1325,70.84,3542099.0,0.75,0.373134328358209,0.75,3.75,3,Valuable but Risky,Priority human intervention,8937191.58
CUST0074,8,232904.94999999998,29113.118749999998,140.625,381,143,41,14.375,4,32,48.75,68.47,74.61125,57.59,2879455.0,0.5,0.2867132867132867,0.5,4.0,0,Valuable but Risky,Priority human intervention,8915235.67
CUST1935,3,188082.9,62694.299999999996,205.0,433,39,11,16.0,2,11,27.0,72.12666666666667,75.13,45.57,2278531.0,0.6666666666666666,0.28205128205128205,0.6666666666666666,3.6666666666666665,3,High-Risk Customer,Frequent follow-up and payment assistance,8909640.45
CUST0472,5,84484.12,16896.824,85.2,426,66,16,16.0,4,14,39.0,78.626,78.112,77.42,3870887.0,0.8,0.24242424242424243,0.8,2.8,0,Valuable but Risky,Priority human intervention,8906793.69
CUST1880,4,99150.62,24787.655,138.0,552,46,12,7.0,2,19,18.25,78.8925,84.245,59.29,2964611.0,0.75,0.2608695652173913,0.5,4.75,0,Valuable but Risky,Priority human intervention,8896410.92
CUST1039,5,76967.04000000001,15393.408000000001,34.4,60,83,28,7.8,2,16,58.0,61.666,75.356,98.94,4946799.0,0.6,0.3373493975903614,0.4,3.2,1,Valuable but Risky,Priority human intervention,8891364.6
CUST1874,6,201438.6,33573.1,248.83333333333334,567,140,40,14.666666666666666,3,22,40.166666666666664,70.19333333333333,75.29666666666667,39.61,1980440.0,0.5,0.2857142857142857,0.5,3.6666666666666665,2,High-Risk Customer,Frequent follow-up and payment assistance,8882273.4
CUST1785,8,290761.49,36345.18625,303.0,484,137,26,9.75,9,18,47.625,78.7875,81.295,37.05,1852466.0,0.125,0.1897810218978102,1.125,2.25,2,High-Risk Customer,Frequent follow-up and payment assistance,8882236.43
CUST1295,6,304810.33,50801.72166666667,85.0,356,88,21,12.333333333333334,3,22,50.166666666666664,78.39833333333333,80.8,77.51,3875258.0,0.6666666666666666,0.23863636363636365,0.5,3.6666666666666665,0,Valuable but Risky,Priority human intervention,8880065.63
CUST1790,10,279178.14,27917.814000000002,88.2,401,158,40,11.2,9,34,43.2,76.439,79.702,75.3,3764755.0,0.6,0.25316455696202533,0.9,3.4,0,Valuable but Risky,Priority human intervention,8879007.87
CUST1139,8,371619.99,46452.49875,47.875,225,127,29,14.875,8,21,35.375,81.24625,79.69625,97.74,4887231.0,0.75,0.2283464566929134,1.0,2.625,0,Valuable but Risky,Priority human intervention,8877251.05
CUST0740,5,165781.06999999998,33156.21399999999,87.0,210,58,12,11.0,6,17,46.2,81.982,81.99199999999999,78.64,3931857.0,0.6,0.20689655172413793,1.2,3.4,1,Valuable but Risky,Priority human intervention,8873794.51
CUST0217,6,67674.33,11279.055,95.83333333333333,460,63,17,13.0,7,26,52.666666666666664,75.45666666666666,77.59666666666666,71.36,3567741.0,0.8333333333333334,0.2698412698412698,1.1666666666666667,4.333333333333333,0,Valuable but Risky,Priority human intervention,8872160.16
CUST0674,5,128281.42,25656.284,169.6,533,93,23,8.8,2,7,27.6,73.774,80.80799999999999,52.67999999999999,2634182.0,0.6,0.24731182795698925,0.4,1.4,0,Valuable but Risky,Priority human intervention,8858102.6
CUST0847,2,107055.66,53527.83,382.5,478,25,9,15.0,0,4,58.5,64.935,73.465,26.96,1347819.0,0.0,0.36,0.0,2.0,3,High-Risk Customer,Frequent follow-up and payment assistance,8844388.28
CUST1911,7,578651.6100000001,82664.51571428574,100.28571428571429,288,90,23,16.285714285714285,4,22,35.142857142857146,70.68142857142857,74.42857142857143,70.32,3516032.0,0.42857142857142855,0.25555555555555554,0.5714285714285714,3.142857142857143,0,Valuable but Risky,Priority human intervention,8841760.09
CUST1476,7,295793.75,42256.25,195.57142857142858,395,76,18,17.571428571428573,7,23,32.42857142857143,79.25571428571428,77.08571428571429,48.35,2417322.0,0.5714285714285714,0.23684210526315788,1.0,3.2857142857142856,2,High-Risk Customer,Frequent follow-up and payment assistance,8837129.45
CUST1809,10,235347.91,23534.791,197.5,528,135,37,14.1,9,34,39.9,74.688,77.084,46.58,2329042.0,0.4,0.2740740740740741,0.9,3.4,2,High-Risk Customer,Frequent follow-up and payment assistance,8827931.79
CUST1289,6,166026.86,27671.14333333333,252.16666666666666,479,59,11,9.333333333333334,5,13,56.5,83.59833333333333,84.53333333333333,42.24,2112087.0,0.3333333333333333,0.1864406779661017,0.8333333333333334,2.1666666666666665,2,High-Risk Customer,Frequent follow-up and payment assistance,8824824.52
CUST1626,8,328917.81,41114.72625,133.0,388,112,27,15.5,11,23,60.125,81.2675,78.58375,60.99,3049610.0,0.75,0.24107142857142858,1.375,2.875,0,Valuable but Risky,Priority human intervention,8818546.35
CUST1807,12,253148.96,21095.746666666666,199.41666666666666,547,183,34,12.0,9,52,39.083333333333336,74.585,78.5925,49.53,2476277.0,0.5,0.18579234972677597,0.75,4.333333333333333,0,High-Risk Customer,Frequent follow-up and payment assistance,8791922.26
CUST1357,9,284120.12,31568.902222222223,118.33333333333333,503,148,35,5.666666666666667,5,33,53.22222222222222,79.78666666666668,85.38444444444445,65.1,3255228.0,0.6666666666666666,0.23648648648648649,0.5555555555555556,3.6666666666666665,0,Valuable but Risky,Priority human intervention,8788015.86
CUST1430,3,86865.61,28955.203333333335,60.0,180,40,7,12.666666666666666,2,8,29.0,87.71999999999998,84.92666666666666,93.42,4670792.0,0.6666666666666666,0.175,0.6666666666666666,2.6666666666666665,1,Valuable but Risky,Priority human intervention,8781088.96
CUST0734,4,100149.12,25037.28,135.5,348,76,21,14.75,3,17,68.25,71.7,75.5025,58.41,2920574.0,0.5,0.27631578947368424,0.75,4.25,3,Valuable but Risky,Priority human intervention,8778438.44
CUST1531,2,62084.41,31042.205,439.0,551,41,10,7.5,1,5,70.0,75.595,82.3,26.17,1308624.0,0.0,0.24390243902439024,0.5,2.5,2,High-Risk Customer,Frequent follow-up and payment assistance,8773845.16
CUST1427,5,112530.56,22506.112,134.0,381,103,26,12.8,2,25,43.2,75.36,79.204,59.86,2992775.0,0.6,0.2524271844660194,0.4,5.0,0,Valuable but Risky,Priority human intervention,8770864.67
CUST0809,5,340251.47000000003,68050.29400000001,66.0,217,48,12,6.2,5,16,62.6,73.452,81.006,84.53,4226426.0,0.6,0.25,1.0,3.2,0,Valuable but Risky,Priority human intervention,8769833.95
CUST1768,5,202870.55000000002,40574.11,93.6,400,48,9,15.8,3,13,36.2,84.848,81.744,76.15,3807454.0,0.8,0.1875,0.6,2.6,0,Valuable but Risky,Priority human intervention,8753336.75
CUST1533,5,176594.41999999998,35318.884,47.2,126,97,22,12.4,3,13,38.2,76.17999999999999,79.452,96.67,4833725.0,0.6,0.2268041237113402,0.6,2.6,1,Valuable but Risky,Priority human intervention,8729009.7
CUST1488,9,241053.53,26783.725555555557,179.44444444444446,354,155,31,15.444444444444445,5,37,52.44444444444444,82.03777777777778,80.64222222222222,51.99,2599565.0,0.3333333333333333,0.2,0.5555555555555556,4.111111111111111,0,Valuable but Risky,Priority human intervention,8717207.97
CUST0643,5,298587.01,59717.402,91.4,340,64,19,6.2,3,18,32.2,73.572,81.86600000000001,70.22,3510989.0,0.6,0.296875,0.6,3.6,0,Valuable but Risky,Priority human intervention,8715042.73
CUST1585,5,187278.83000000002,37455.766,79.0,395,70,13,13.6,4,13,52.4,83.788,82.134,81.88,4093763.0,0.8,0.18571428571428572,0.8,2.6,0,Valuable but Risky,Priority human intervention,8688719.56
CUST1177,5,107418.22,21483.644,103.6,274,86,22,9.4,3,21,22.8,79.64,82.982,67.84,3392103.0,0.4,0.2558139534883721,0.6,4.2,1,Valuable but Risky,Priority human intervention,8673055.17
CUST1859,4,52919.34,13229.835,59.5,238,15,5,5.25,1,6,51.0,70.0,81.35,81.51,4075345.0,0.75,0.3333333333333333,0.25,1.5,1,Valuable but Risky,Priority human intervention,8666900.37
CUST0076,8,281862.87,35232.85875,208.625,563,119,30,12.0,5,23,50.25,65.97875,74.53999999999999,44.81,2240421.0,0.25,0.25210084033613445,0.625,2.875,2,High-Risk Customer,Frequent follow-up and payment assistance,8657650.4
CUST1771,2,79563.73,39781.865,81.5,163,40,8,7.0,4,11,50.5,78.66499999999999,81.13,79.46,3972750.0,1.0,0.2,2.0,5.5,1,Valuable but Risky,Priority human intervention,8652649.5
CUST0401,5,418180.63,83636.126,163.0,566,101,27,15.6,5,16,70.6,73.554,75.416,51.84000000000001,2592017.0,0.6,0.26732673267326734,1.0,3.2,0,Valuable but Risky,Priority human intervention,8639372.31
CUST0513,3,44219.659999999996,14739.886666666665,49.666666666666664,149,45,11,11.0,0,12,39.666666666666664,62.23333333333333,74.51666666666667,92.76,4637878.0,0.6666666666666666,0.24444444444444444,0.0,4.0,1,Valuable but Risky,Priority human intervention,8638133.66
CUST0435,3,49517.07,16505.69,70.33333333333333,211,35,10,6.666666666666667,1,13,46.666666666666664,71.89333333333333,81.28,78.71,3935250.0,0.6666666666666666,0.2857142857142857,0.3333333333333333,4.333333333333333,1,Valuable but Risky,Priority human intervention,8618197.5
CUST1608,7,190784.43,27254.91857142857,67.71428571428571,350,100,22,15.714285714285714,7,34,44.857142857142854,81.06857142857143,79.10428571428572,84.23,4211603.0,0.5714285714285714,0.22,1.0,4.857142857142857,0,Valuable but Risky,Priority human intervention,8617421.06
CUST0163,5,55350.44,11070.088,111.6,558,81,19,5.0,5,13,31.6,81.704,85.85,65.87,3293484.0,0.8,0.2345679012345679,1.0,2.6,0,Valuable but Risky,Priority human intervention,8603718.7
CUST1559,3,96072.86,32024.286666666667,191.0,411,33,9,12.333333333333334,4,15,56.0,73.25333333333333,76.56,46.46,2322759.0,0.3333333333333333,0.2727272727272727,1.3333333333333333,5.0,3,High-Risk Customer,Frequent follow-up and payment assistance,8602654.7
CUST0324,6,119157.76000000001,19859.626666666667,54.333333333333336,326,113,26,9.166666666666666,3,10,40.833333333333336,71.86333333333333,79.43333333333334,90.48,4524017.0,0.8333333333333334,0.23008849557522124,0.5,1.6666666666666667,1,Valuable but Risky,Priority human intervention,8588559.35
CUST0164,3,156831.44,52277.14666666667,130.0,344,56,12,11.333333333333334,3,7,47.333333333333336,79.39999999999999,80.89666666666666,61.49,3074243.0,0.3333333333333333,0.21428571428571427,1.0,2.3333333333333335,0,Valuable but Risky,Priority human intervention,8585921.52
CUST0854,5,261910.72999999998,52382.14599999999,184.2,511,90,23,8.4,8,20,44.0,76.512,80.014,47.95,2397693.0,0.6,0.25555555555555554,1.6,4.0,2,High-Risk Customer,Frequent follow-up and payment assistance,8555661.29
CUST0936,4,101987.92,25496.98,155.5,283,56,12,11.25,1,12,38.75,74.7925,80.14750000000001,55.14,2757184.0,0.5,0.21428571428571427,0.25,3.0,1,Valuable but Risky,Priority human intervention,8554163.36
CUST1678,5,69367.77,13873.554,44.4,202,59,16,13.4,0,22,29.6,75.954,79.938,93.2,4659770.0,0.8,0.2711864406779661,0.0,4.4,1,Occasional Late Payer,Personalized payment reminder,8553442.22
CUST1931,4,128856.69,32214.1725,105.0,406,38,6,14.25,3,10,63.75,90.8325,85.36500000000001,71.58,3578880.0,0.5,0.15789473684210525,0.75,2.5,0,Valuable but Risky,Priority human intervention,8495130.95
CUST0549,5,45313.14,9062.628,115.8,451,69,18,8.2,3,26,59.6,74.28999999999999,81.024,62.42,3120771.0,0.6,0.2608695652173913,0.6,5.2,0,Valuable but Risky,Priority human intervention,8491482.21
CUST0791,9,367381.45,40820.16111111111,146.33333333333334,560,123,24,7.111111111111111,7,23,47.111111111111114,78.42666666666668,83.39222222222222,57.599999999999994,2879915.0,0.6666666666666666,0.1951219512195122,0.7777777777777778,2.5555555555555554,0,Valuable but Risky,Priority human intervention,8478422.93
CUST1152,12,439819.22,36651.60166666666,187.58333333333334,531,171,54,18.083333333333332,10,42,42.833333333333336,71.15916666666666,73.0625,44.73,2236268.0,0.4166666666666667,0.3157894736842105,0.8333333333333334,3.5,0,High-Risk Customer,Frequent follow-up and payment assistance,8462018.5
CUST1782,9,176047.45,19560.82777777778,109.33333333333333,247,141,31,11.777777777777779,7,45,39.22222222222222,73.62666666666667,78.19222222222223,66.2,3309819.0,0.5555555555555556,0.2198581560283688,0.7777777777777778,5.0,0,Valuable but Risky,Priority human intervention,8451853.64
CUST1020,5,302134.7,60426.94,104.4,509,95,22,18.8,3,26,54.0,76.28999999999999,75.664,67.07,3353364.0,0.6,0.23157894736842105,0.6,5.2,0,Valuable but Risky,Priority human intervention,8441582.04
CUST0690,4,85423.3,21355.825,122.0,404,57,11,7.0,3,21,40.75,83.1675,85.885,63.72,3185812.0,0.75,0.19298245614035087,0.75,5.25,1,Valuable but Risky,Priority human intervention,8437371.57
CUST0529,8,146615.94999999998,18326.993749999998,153.875,489,136,34,11.75,6,27,43.75,70.46375,76.6825,53.1,2654884.0,0.625,0.25,0.75,3.375,0,Valuable but Risky,Priority human intervention,8425108.44
CUST1336,2,71123.25,35561.625,53.5,107,31,6,6.5,1,3,32.5,81.725,85.965,91.78,4589170.0,1.0,0.1935483870967742,0.5,1.5,1,Valuable but Risky,Priority human intervention,8407803.55
CUST0589,9,343372.75,38152.52777777778,174.0,383,191,44,12.0,8,21,47.333333333333336,77.17666666666668,79.60777777777778,49.75,2487245.0,0.4444444444444444,0.23036649214659685,0.8888888888888888,2.3333333333333335,0,High-Risk Customer,Frequent follow-up and payment assistance,8385010.76
CUST1064,2,133522.78,66761.39,213.5,427,38,8,6.5,2,10,45.0,82.155,85.18,44.18,2209173.0,0.5,0.21052631578947367,1.0,5.0,2,High-Risk Customer,Frequent follow-up and payment assistance,8383811.53
CUST1763,7,169625.66999999998,24232.23857142857,196.14285714285714,413,109,24,15.0,7,32,42.57142857142857,79.69285714285715,78.8442857142857,46.39,2319409.0,0.2857142857142857,0.22018348623853212,1.0,4.571428571428571,2,High-Risk Customer,Frequent follow-up and payment assistance,8381152.5
CUST0561,9,179469.7,19941.07777777778,65.55555555555556,428,139,33,9.666666666666666,6,12,46.77777777777778,75.65222222222222,80.69111111111111,81.74,4087106.0,0.7777777777777778,0.23741007194244604,0.6666666666666666,1.3333333333333333,0,Valuable but Risky,Priority human intervention,8372849.93
CUST0267,5,141240.41999999998,28248.083999999995,217.4,514,92,22,16.2,4,8,39.0,79.14399999999999,78.25,42.58,2128808.0,0.4,0.2391304347826087,0.8,1.6,2,High-Risk Customer,Frequent follow-up and payment assistance,8372601.86
CUST1350,6,129967.09,21661.181666666667,72.0,263,113,26,8.666666666666666,6,27,46.0,75.69833333333334,80.64833333333333,79.11,3955513.0,0.6666666666666666,0.23008849557522124,1.0,4.5,1,Valuable but Risky,Priority human intervention,8368885.38
CUST1143,2,12324.74,6162.37,150.5,301,36,11,34.0,1,8,54.0,72.745,64.975,50.96,2548214.0,0.5,0.3055555555555556,0.5,4.0,3,Valuable but Risky,Priority human intervention,8333721.54
CUST1811,9,270644.99,30071.665555555555,77.77777777777777,394,127,34,11.444444444444445,7,31,29.444444444444443,71.80222222222223,77.47999999999999,73.76,3687967.0,0.7777777777777778,0.2677165354330709,0.7777777777777778,3.4444444444444446,0,Valuable but Risky,Priority human intervention,8311638.66
CUST1523,4,78216.7,19554.175,214.5,525,81,24,18.25,0,19,42.75,72.6225,75.36,40.66,2032847.0,0.75,0.2962962962962963,0.0,4.75,3,High-Risk Customer,Frequent follow-up and payment assistance,8287616.06
CUST1487,8,219398.91,27424.86375,99.125,380,108,37,12.0,2,38,42.0,61.64,73.11875,61.99,3099316.0,0.75,0.3425925925925926,0.25,4.75,3,Valuable but Risky,Priority human intervention,8285827.62
CUST1233,8,167390.21,20923.77625,231.375,588,163,45,10.375,5,26,36.125,73.15125,79.1025,39.18,1958911.0,0.5,0.27607361963190186,0.625,3.25,2,High-Risk Customer,Frequent follow-up and payment assistance,8283429.42
CUST1708,2,102659.26000000001,51329.630000000005,112.5,225,19,9,16.0,0,1,53.0,51.47,66.135,52.75,2637551.0,0.5,0.47368421052631576,0.0,0.5,3,Valuable but Risky,Priority human intervention,8259699.18
CUST0723,7,264901.57,37843.08142857143,106.28571428571429,470,119,38,11.714285714285714,3,33,29.285714285714285,67.36428571428571,75.79857142857144,60.65,3032410.0,0.8571428571428571,0.31932773109243695,0.42857142857142855,4.714285714285714,0,Valuable but Risky,Priority human intervention,8252960.46
CUST1257,4,162013.05,40503.2625,77.25,309,91,17,10.5,3,18,14.0,79.0925,81.745,78.28,3914044.0,0.75,0.18681318681318682,0.75,4.5,1,Valuable but Risky,Priority human intervention,8233686.19
CUST1844,7,103680.42,14811.488571428572,95.71428571428571,335,121,33,10.0,3,19,32.714285714285715,72.78428571428572,79.53285714285714,65.99,3299479.0,0.7142857142857143,0.2727272727272727,0.42857142857142855,2.7142857142857144,0,Valuable but Risky,Priority human intervention,8218702.24
CUST1086,2,169905.85,84952.925,113.5,227,10,3,23.5,3,5,67.0,66.66499999999999,66.23,59.2,2959984.0,0.5,0.3,1.5,2.5,3,Valuable but Risky,Priority human intervention,8215435.59
CUST1015,3,181655.77,60551.92333333333,34.0,102,46,12,14.666666666666666,3,6,40.333333333333336,70.95666666666666,74.67666666666666,97.18,4859045.0,1.0,0.2608695652173913,1.0,2.0,1,Valuable but Risky,Priority human intervention,8209673.42
CUST1028,5,87608.12,17521.624,56.4,282,103,18,11.8,1,16,37.0,81.34,83.19,89.24,4461887.0,0.8,0.17475728155339806,0.2,3.2,1,Valuable but Risky,Priority human intervention,8197915.96
CUST1672,4,118291.51999999999,29572.879999999997,144.25,398,63,20,6.75,3,13,30.5,64.745,76.82,50.91,2545389.0,0.25,0.31746031746031744,0.75,3.25,3,Valuable but Risky,Priority human intervention,8190799.18
CUST1185,6,393491.49,65581.915,121.33333333333333,415,99,23,13.5,8,28,41.333333333333336,76.54,77.505,60.03,3001720.0,0.5,0.23232323232323232,1.3333333333333333,4.666666666666667,0,Valuable but Risky,Priority human intervention,8187317.64
CUST1736,5,128146.18000000001,25629.236,219.0,444,82,27,8.6,6,16,36.2,72.148,78.514,38.59,1929262.0,0.4,0.32926829268292684,1.2,3.2,2,High-Risk Customer,Frequent follow-up and payment assistance,8180776.71
CUST1986,5,79459.98000000001,15891.996000000003,193.6,520,80,19,5.6,1,7,55.0,81.566,87.024,45.03,2251340.0,0.4,0.2375,0.2,1.4,2,High-Risk Customer,Frequent follow-up and payment assistance,8179793.62
CUST0106,7,260506.35,37215.19285714286,182.0,498,115,28,9.285714285714286,6,31,50.857142857142854,79.21857142857142,82.32285714285715,46.54,2326787.0,0.5714285714285714,0.24347826086956523,0.8571428571428571,4.428571428571429,2,High-Risk Customer,Frequent follow-up and payment assistance,8159131.53
CUST1699,6,177986.66,29664.443333333333,107.33333333333333,282,49,12,15.0,3,17,45.166666666666664,67.07833333333333,73.54,63.04999999999999,3152641.0,0.6666666666666666,0.24489795918367346,0.5,2.8333333333333335,0,Valuable but Risky,Priority human intervention,8137245.23
CUST1998,5,115143.07,23028.614,138.8,448,58,20,14.8,2,22,24.4,56.096000000000004,68.37,50.67,2533502.0,0.6,0.3448275862068966,0.4,4.4,3,Valuable but Risky,Priority human intervention,8136210.63
CUST1826,3,121965.93,40655.31,53.0,117,65,18,15.0,0,7,65.66666666666667,74.18666666666667,78.09666666666668,83.25,4162732.0,0.6666666666666666,0.27692307692307694,0.0,2.3333333333333335,1,Valuable but Risky,Priority human intervention,8132697.49
CUST0776,3,126577.87,42192.62333333333,70.66666666666667,212,30,6,9.666666666666666,2,12,64.0,75.0,80.36666666666667,79.38,3968949.0,1.0,0.2,0.6666666666666666,4.0,1,Valuable but Risky,Priority human intervention,8128407.55
CUST0162,5,224027.97999999998,44805.596,66.6,333,58,14,20.0,1,22,33.4,75.946,75.572,78.57,3928363.0,0.6,0.2413793103448276,0.2,4.4,0,Valuable but Risky,Priority human intervention,8124396.53
CUST1346,5,61341.93,12268.386,226.6,560,78,24,9.6,1,22,31.6,68.942,78.31,37.99,1899395.0,0.4,0.3076923076923077,0.2,4.4,3,High-Risk Customer,Frequent follow-up and payment assistance,8112169.94
CUST0157,6,169467.75,28244.625,121.83333333333333,424,72,15,9.0,5,12,52.333333333333336,81.735,83.80166666666666,60.51,3025635.0,0.5,0.20833333333333334,0.8333333333333334,2.0,0,Valuable but Risky,Priority human intervention,8110172.59
CUST1774,5,130311.84,26062.368,68.2,159,82,25,11.4,9,21,52.4,68.764,73.944,73.79,3689688.0,0.4,0.3048780487804878,1.8,4.2,3,Valuable but Risky,Priority human intervention,8098145.22
CUST0426,3,76108.62,25369.539999999997,122.33333333333333,367,38,9,10.333333333333334,1,8,33.666666666666664,79.17666666666666,82.72,58.88,2944100.0,0.6666666666666666,0.23684210526315788,0.3333333333333333,2.6666666666666665,1,Valuable but Risky,Priority human intervention,8096016.75
CUST0737,4,203685.2,50921.3,233.0,508,50,8,10.75,2,14,60.75,83.255,84.18,41.9,2094940.0,0.5,0.16,0.5,3.5,2,High-Risk Customer,Frequent follow-up and payment assistance,8092334.23
CUST1561,5,199031.06,39806.212,160.8,431,58,14,12.6,2,23,64.2,75.076,79.17999999999999,49.99,2499308.0,0.6,0.2413793103448276,0.4,4.6,2,Valuable but Risky,Priority human intervention,8091552.74
CUST1349,5,67366.27,13473.254,176.2,519,82,14,9.0,2,24,55.2,86.98400000000001,87.292,50.02,2500979.0,0.6,0.17073170731707318,0.4,4.8,2,Valuable but Risky,Priority human intervention,8087068.1
CUST0646,7,461281.41,65897.34428571428,212.85714285714286,572,97,34,14.571428571428571,8,23,52.857142857142854,63.854285714285716,70.89857142857143,38.27,1913462.0,0.5714285714285714,0.35051546391752575,1.1428571428571428,3.2857142857142856,3,High-Risk Customer,Frequent follow-up and payment assistance,8084729.21
CUST0516,5,94956.91,18991.382,169.0,518,69,21,18.0,6,21,44.0,69.446,71.524,46.08,2304103.0,0.6,0.30434782608695654,1.2,4.2,3,High-Risk Customer,Frequent follow-up and payment assistance,8084396.18
CUST1334,5,239160.55,47832.11,338.2,575,71,22,20.0,6,23,46.6,75.356,73.27799999999999,28.160000000000004,1408126.0,0.2,0.30985915492957744,1.2,4.6,3,High-Risk Customer,Frequent follow-up and payment assistance,8082365.58
CUST1958,4,70303.48999999999,17575.872499999998,43.25,173,70,18,11.25,2,13,47.25,72.2475,78.375,89.66,4482787.0,0.75,0.2571428571428571,0.5,3.25,1,Valuable but Risky,Priority human intervention,8072858.99
CUST0047,5,78133.02,15626.604000000001,172.6,508,92,19,8.8,3,16,52.0,83.13,85.08399999999999,49.04,2452187.0,0.6,0.20652173913043478,0.6,3.2,2,High-Risk Customer,Frequent follow-up and payment assistance,8065189.73
CUST0596,7,291744.44,41677.77714285714,181.57142857142858,519,120,34,15.0,6,26,39.42857142857143,71.83,75.2,44.64,2231913.0,0.5714285714285714,0.2833333333333333,0.8571428571428571,3.7142857142857144,2,High-Risk Customer,Frequent follow-up and payment assistance,8065017.63
CUST0304,4,112226.23,28056.5575,163.0,367,59,20,16.25,6,23,58.75,66.83500000000001,70.6675,45.7,2284805.0,0.5,0.3389830508474576,1.5,5.75,3,High-Risk Customer,Frequent follow-up and payment assistance,8045998.9
CUST1142,5,183132.61,36626.522,61.2,306,93,29,7.6,3,10,61.2,64.258,76.37,76.09,3804542.0,1.0,0.3118279569892473,0.6,2.0,1,Valuable but Risky,Priority human intervention,8045338.15
CUST0941,3,34237.38,11412.46,38.666666666666664,116,51,13,5.333333333333333,1,15,39.666666666666664,76.44333333333333,84.35333333333334,92.25,4612530.0,0.6666666666666666,0.2549019607843137,0.3333333333333333,5.0,1,Valuable but Risky,Priority human intervention,8026405.15
CUST0190,3,88271.85,29423.95,141.0,394,45,13,11.666666666666666,2,9,61.333333333333336,75.07666666666667,79.20666666666666,51.62,2581086.0,0.3333333333333333,0.28888888888888886,0.6666666666666666,3.0,3,Valuable but Risky,Priority human intervention,8017426.69
CUST0128,4,184339.57,46084.8925,70.5,155,46,10,16.25,3,21,29.25,87.5,82.5,77.06,3852986.0,0.5,0.21739130434782608,0.75,5.25,1,Valuable but Risky,Priority human intervention,7997458.77
CUST1995,7,144165.25,20595.035714285714,323.2857142857143,541,91,27,13.428571428571429,8,25,66.71428571428571,58.714285714285715,69.01142857142858,29.12,1455802.0,0.2857142857142857,0.2967032967032967,1.1428571428571428,3.5714285714285716,3,High-Risk Customer,Frequent follow-up and payment assistance,7990547.51
CUST1846,4,65021.4,16255.35,52.0,208,62,13,12.25,2,12,31.5,87.37,85.33500000000001,86.61,4330428.0,0.75,0.20967741935483872,0.5,3.0,1,Valuable but Risky,Priority human intervention,7962399.87
CUST0239,8,288959.66,36119.9575,115.75,451,122,31,11.875,5,25,56.75,77.73625,80.49375,58.85,2942371.0,0.5,0.2540983606557377,0.625,3.125,0,Valuable but Risky,Priority human intervention,7961223.86
CUST0863,3,158463.75,52821.25,256.0,394,62,24,9.0,0,19,46.666666666666664,60.32,74.76333333333334,32.17,1608426.0,0.3333333333333333,0.3870967741935484,0.0,6.333333333333333,3,High-Risk Customer,Frequent follow-up and payment assistance,7942511.36
CUST1471,5,213814.6,42762.92,308.4,480,75,21,16.6,5,17,36.0,73.53200000000001,74.808,30.32,1515915.0,0.2,0.28,1.0,3.4,3,High-Risk Customer,Frequent follow-up and payment assistance,7924475.98
CUST1553,4,62642.56,15660.64,112.25,379,62,14,16.0,5,10,24.0,75.96,75.8775,60.83,3041620.0,0.75,0.22580645161290322,1.25,2.5,1,Valuable but Risky,Priority human intervention,7913608.42
CUST0838,9,271105.15,30122.794444444447,149.77777777777777,546,193,42,16.666666666666668,5,27,44.888888888888886,79.15777777777777,78.46666666666667,52.02,2600982.0,0.3333333333333333,0.21761658031088082,0.5555555555555556,3.0,0,Valuable but Risky,Priority human intervention,7910459.25
CUST1690,9,381779.45,42419.93888888889,145.0,534,68,14,14.666666666666666,3,34,59.333333333333336,80.50333333333333,80.78444444444445,53.42,2671158.0,0.6666666666666666,0.20588235294117646,0.3333333333333333,3.7777777777777777,0,Valuable but Risky,Priority human intervention,7891700.62
CUST0903,3,92908.95,30969.649999999998,94.0,282,50,19,12.666666666666666,2,7,39.333333333333336,63.276666666666664,72.70666666666666,58.95000000000001,2947706.0,0.6666666666666666,0.38,0.6666666666666666,2.3333333333333335,3,Valuable but Risky,Priority human intervention,7891598.5
CUST0505,4,153726.95,38431.7375,103.25,413,54,13,6.75,5,13,53.0,83.85,85.3775,62.58,3129042.0,0.75,0.24074074074074073,1.25,3.25,1,Valuable but Risky,Priority human intervention,7890835.5
CUST1679,2,91597.1,45798.55,355.0,579,22,7,6.5,3,10,37.0,80.555,83.38,26.28,1314134.0,0.0,0.3181818181818182,1.5,5.0,2,High-Risk Customer,Frequent follow-up and payment assistance,7881817.33
CUST1260,5,176079.14,35215.828,182.6,455,57,13,13.4,1,28,30.0,76.112,79.616,45.4,2270182.0,0.6,0.22807017543859648,0.2,5.6,2,High-Risk Customer,Frequent follow-up and payment assistance,7878726.37
CUST0025,5,192373.22,38474.644,187.2,505,47,17,10.8,4,21,48.4,57.196000000000005,70.518,40.19,2009310.0,0.2,0.3617021276595745,0.8,4.2,3,High-Risk Customer,Frequent follow-up and payment assistance,7858026.65
CUST0203,4,78994.14,19748.535,122.5,470,52,16,17.0,4,14,68.75,69.8875,72.745,54.0,2700235.0,0.5,0.3076923076923077,1.0,3.5,3,Valuable but Risky,Priority human intervention,7856645.3
CUST0945,3,96298.08,32099.36,45.333333333333336,136,16,5,9.0,1,15,46.0,63.56999999999999,75.72000000000001,82.24,4112224.0,0.6666666666666666,0.3125,0.3333333333333333,5.0,1,Valuable but Risky,Priority human intervention,7844067.28
CUST0122,9,653719.86,72635.54,137.0,535,126,36,12.555555555555555,8,30,39.888888888888886,74.35333333333334,77.86555555555555,51.39,2569507.0,0.6666666666666666,0.2857142857142857,0.8888888888888888,3.3333333333333335,0,Valuable but Risky,Priority human intervention,7829654.9
CUST1742,9,323889.18,35987.68666666667,58.111111111111114,319,145,33,10.222222222222221,7,33,34.333333333333336,74.58555555555556,79.60222222222222,80.6,4030053.0,0.7777777777777778,0.22758620689655173,0.7777777777777778,3.6666666666666665,0,Valuable but Risky,Priority human intervention,7822132.14
CUST1051,3,69889.36,23296.453333333335,134.33333333333334,403,35,11,12.333333333333334,2,14,59.333333333333336,61.5,72.01666666666667,50.71,2535670.0,0.6666666666666666,0.3142857142857143,0.6666666666666666,4.666666666666667,3,Valuable but Risky,Priority human intervention,7809380.62
CUST1131,4,217228.46000000002,54307.115000000005,403.5,572,56,14,6.75,2,14,56.5,81.6075,85.755,24.81,1240456.0,0.0,0.25,0.5,3.5,2,High-Risk Customer,Frequent follow-up and payment assistance,7807119.95
CUST0307,10,626282.64,62628.264,86.6,527,104,20,12.8,7,38,36.3,75.462,78.651,70.15,3507550.0,0.8,0.19230769230769232,0.7,3.8,0,Valuable but Risky,Priority human intervention,7803759.13
CUST1849,8,971759.95,121469.99375,183.875,561,119,27,12.5,10,26,43.625,75.15375,77.57625,44.78,2239063.0,0.625,0.226890756302521,1.25,3.25,0,High-Risk Customer,Frequent follow-up and payment assistance,7798289.52
CUST0811,5,104462.01999999999,20892.404,298.4,550,91,24,18.6,3,18,35.4,77.296,76.288,30.97,1548339.0,0.4,0.26373626373626374,0.6,3.6,2,High-Risk Customer,Frequent follow-up and payment assistance,7795461.5
CUST1727,5,288860.9,57772.18000000001,199.4,311,65,21,7.8,2,18,65.0,68.6,78.82000000000001,39.35,1967577.0,0.2,0.3230769230769231,0.4,3.6,2,High-Risk Customer,Frequent follow-up and payment assistance,7794147.63
CUST0998,4,101536.16,25384.04,269.5,541,38,7,13.0,3,11,41.0,80.905,81.155,35.62,1780992.0,0.5,0.18421052631578946,0.75,2.75,2,High-Risk Customer,Frequent follow-up and payment assistance,7793011.71
CUST1637,4,237286.4,59321.6,55.75,223,65,13,11.25,1,21,44.5,79.64750000000001,82.575,83.31,4165345.0,0.75,0.2,0.25,5.25,1,Valuable but Risky,Priority human intervention,7785029.8
CUST0769,5,127810.45,25562.09,413.0,524,81,34,23.0,3,28,57.8,57.61,63.806,21.35,1067481.0,0.0,0.41975308641975306,0.6,5.6,3,High-Risk Customer,Frequent follow-up and payment assistance,7774819.95
CUST0976,5,234316.5,46863.3,92.6,463,81,16,4.4,3,25,38.8,84.486,88.404,67.38,3369151.0,0.8,0.19753086419753085,0.6,5.0,0,Valuable but Risky,Priority human intervention,7770759.61
CUST1725,8,302362.8,37795.35,37.75,187,78,24,6.125,8,31,35.125,69.0925,78.87125,86.0,4300167.0,0.875,0.3076923076923077,1.0,3.875,0,Valuable but Risky,Priority human intervention,7746089.29
CUST1867,5,93079.8,18615.96,155.4,436,95,20,18.4,4,15,34.6,76.596,75.658,50.09,2504698.0,0.4,0.21052631578947367,0.8,3.0,2,Valuable but Risky,Priority human intervention,7743735.26
CUST1913,6,157166.16,26194.36,148.33333333333334,377,103,29,15.0,5,32,46.5,59.498333333333335,69.08333333333333,48.66,2432962.0,0.3333333333333333,0.2815533980582524,0.8333333333333334,5.333333333333333,3,High-Risk Customer,Frequent follow-up and payment assistance,7742960.62
CUST0487,3,27678.93,9226.31,154.66666666666666,250,62,18,15.333333333333334,0,8,29.666666666666668,70.80333333333333,76.2,47.0,2349899.0,0.3333333333333333,0.2903225806451613,0.0,2.6666666666666665,3,High-Risk Customer,Frequent follow-up and payment assistance,7721818.65
CUST1611,5,105933.52,21186.704,132.0,263,82,25,13.8,2,22,50.4,70.146,75.994,50.97,2548578.0,0.4,0.3048780487804878,0.4,4.4,3,Valuable but Risky,Priority human intervention,7715353.69
CUST0770,7,231195.45,33027.92142857143,70.14285714285714,276,100,24,10.142857142857142,5,30,40.0,71.92857142857143,78.45,72.9,3644804.0,0.7142857142857143,0.24,0.7142857142857143,4.285714285714286,0,Valuable but Risky,Priority human intervention,7689703.34
CUST0072,6,228554.12,38092.35333333333,279.1666666666667,528,84,21,19.166666666666668,5,30,27.833333333333332,72.185,72.925,32.44,1621951.0,0.3333333333333333,0.25,0.8333333333333334,5.0,3,High-Risk Customer,Frequent follow-up and payment assistance,7687371.93
CUST1098,5,195436.89,39087.378000000004,128.4,412,72,24,7.4,2,22,43.8,66.58399999999999,78.05199999999999,50.46,2523199.0,0.8,0.3333333333333333,0.4,4.4,2,Valuable but Risky,Priority human intervention,7683982.02
CUST0920,6,301387.02,50231.170000000006,20.333333333333332,122,88,26,10.5,6,12,27.333333333333332,75.76333333333334,79.58,98.48,4924196.0,1.0,0.29545454545454547,1.0,2.0,1,Valuable but Risky,Priority human intervention,7676150.08
CUST1030,4,464547.41,116136.8525,185.5,408,76,20,13.25,3,15,48.0,57.03,69.065,42.52,2126198.0,0.5,0.2631578947368421,0.75,3.75,3,High-Risk Customer,Frequent follow-up and payment assistance,7667741.42
CUST1574,6,246729.18,41121.53,81.0,486,95,28,5.833333333333333,5,23,49.833333333333336,69.815,79.74166666666666,65.42,3271131.0,0.8333333333333334,0.29473684210526313,0.8333333333333334,3.8333333333333335,0,Valuable but Risky,Priority human intervention,7665809.42
CUST0478,6,164969.7,27494.95,100.66666666666667,401,59,14,9.166666666666666,3,30,55.666666666666664,86.40333333333332,86.70166666666667,61.669999999999995,3083349.0,0.8333333333333334,0.23728813559322035,0.5,5.0,1,Valuable but Risky,Priority human intervention,7655415.55
CUST1915,8,208087.02,26010.8775,191.625,549,107,25,9.75,7,25,53.5,79.94375,82.37375,42.54,2126775.0,0.625,0.2336448598130841,0.875,3.125,2,High-Risk Customer,Frequent follow-up and payment assistance,7651321.52
CUST1156,6,235716.48,39286.08,115.33333333333333,419,65,14,10.833333333333334,3,17,45.666666666666664,78.49833333333333,81.75,58.43,2921656.0,0.5,0.2153846153846154,0.5,2.8333333333333335,0,Valuable but Risky,Priority human intervention,7646348.32
CUST0320,7,284071.55,40581.65,100.42857142857143,503,139,32,15.857142857142858,6,21,62.714285714285715,79.33285714285715,78.43714285714285,61.92,3095915.0,0.7142857142857143,0.2302158273381295,0.8571428571428571,3.0,0,Valuable but Risky,Priority human intervention,7633610.02
CUST0240,5,148693.51,29738.702,212.4,473,61,19,8.8,7,11,46.8,71.976,77.91,37.25,1862336.0,0.4,0.3114754098360656,1.4,2.2,2,High-Risk Customer,Frequent follow-up and payment assistance,7630082.18
CUST1780,8,356865.06,44608.1325,250.125,545,124,36,11.5,13,32,38.875,69.72875,74.715,33.78,1688846.0,0.375,0.2903225806451613,1.625,4.0,2,High-Risk Customer,Frequent follow-up and payment assistance,7629770.4
CUST1013,4,198720.31,49680.0775,215.75,526,67,14,19.0,1,14,46.75,74.565,75.3825,39.94,1997238.0,0.5,0.208955223880597,0.25,3.5,2,High-Risk Customer,Frequent follow-up and payment assistance,7624008.92
CUST1557,5,120647.97,24129.594,156.8,503,95,18,8.8,5,16,42.4,85.672,85.55799999999999,49.9,2494975.0,0.8,0.18947368421052632,1.0,3.2,2,Valuable but Risky,Priority human intervention,7621071.85
CUST1287,2,125173.51000000001,62586.755000000005,45.5,91,8,2,13.0,1,8,54.5,75.0,78.69999999999999,83.79,4189394.0,1.0,0.25,0.5,4.0,1,Valuable but Risky,Priority human intervention,7619460.34
CUST1697,3,64789.649999999994,21596.55,62.0,186,84,25,12.333333333333334,3,5,38.0,70.04666666666667,75.62666666666667,72.47,3623258.0,0.6666666666666666,0.2976190476190476,1.0,1.6666666666666667,1,Valuable but Risky,Priority human intervention,7616605.92
CUST0606,7,411379.65,58768.52142857143,132.14285714285714,330,134,36,15.0,3,37,64.0,77.26571428571428,78.77714285714286,51.63,2581528.0,0.5714285714285714,0.26865671641791045,0.42857142857142855,5.285714285714286,0,Valuable but Risky,Priority human intervention,7602847.65
CUST1032,8,238511.27000000002,29813.908750000002,89.375,404,127,26,7.125,7,25,50.625,79.95375,83.9525,66.64,3331941.0,0.625,0.2047244094488189,0.875,3.125,0,Valuable but Risky,Priority human intervention,7601646.3
CUST0634,6,128125.79,21354.298333333332,117.16666666666667,367,113,29,13.0,4,18,50.166666666666664,74.60166666666667,78.16833333333334,55.65,2782481.0,0.5,0.25663716814159293,0.6666666666666666,3.0,0,Valuable but Risky,Priority human intervention,7593382.44
CUST1421,4,143895.02,35973.755,97.5,247,36,9,19.5,5,8,60.5,74.1675,72.885,61.48,3074015.0,0.75,0.25,1.25,2.0,3,Valuable but Risky,Priority human intervention,7588974.53
CUST1187,4,98648.37,24662.0925,195.5,484,69,14,13.75,6,11,19.0,82.81,80.16,42.66,2132963.0,0.5,0.2028985507246377,1.5,2.75,2,High-Risk Customer,Frequent follow-up and payment assistance,7581756.09
CUST1641,9,183202.68,20355.853333333333,114.44444444444444,562,98,17,11.0,7,35,50.0,86.77555555555556,85.23222222222222,60.11999999999999,3006151.0,0.6666666666666666,0.17346938775510204,0.7777777777777778,3.888888888888889,0,Valuable but Risky,Priority human intervention,7564798.35
CUST0572,3,33664.44,11221.480000000001,80.33333333333333,241,21,2,2.3333333333333335,2,16,33.333333333333336,95.55666666666667,95.04666666666667,76.4,3820183.0,0.6666666666666666,0.09523809523809523,0.6666666666666666,5.333333333333333,1,Valuable but Risky,Priority human intervention,7545164.61
CUST0379,7,123051.11,17578.73,86.85714285714286,388,77,26,16.285714285714285,6,30,33.142857142857146,66.51,71.76857142857143,60.3,3014932.0,0.8571428571428571,0.33766233766233766,0.8571428571428571,4.285714285714286,3,Valuable but Risky,Priority human intervention,7535875.67
CUST0276,3,184370.25,61456.75,166.33333333333334,499,47,8,12.333333333333334,3,11,58.333333333333336,82.22,81.70666666666666,48.35,2417555.0,0.6666666666666666,0.1702127659574468,1.0,3.6666666666666665,2,High-Risk Customer,Frequent follow-up and payment assistance,7534713.08
CUST0788,7,147840.34,21120.04857142857,141.28571428571428,402,92,19,11.857142857142858,4,17,58.57142857142857,76.13857142857144,79.81142857142856,51.7,2585232.0,0.5714285714285714,0.20652173913043478,0.5714285714285714,2.4285714285714284,2,Valuable but Risky,Priority human intervention,7526035.87
CUST0983,4,191900.33,47975.0825,132.5,501,60,15,7.75,7,21,42.75,75.55,79.6225,51.71,2585394.0,0.5,0.25,1.75,5.25,2,Valuable but Risky,Priority human intervention,7513801.31
CUST0179,9,313980.06,34886.67333333333,303.55555555555554,564,152,42,18.11111111111111,8,30,49.888888888888886,67.22555555555556,70.97,29.130000000000003,1456368.0,0.2222222222222222,0.27631578947368424,0.8888888888888888,3.3333333333333335,3,High-Risk Customer,Frequent follow-up and payment assistance,7501232.04
CUST0070,5,141460.41999999998,28292.083999999995,263.4,560,72,15,13.6,5,23,59.6,80.916,80.3,34.13,1706321.0,0.2,0.20833333333333334,1.0,4.6,2,High-Risk Customer,Frequent follow-up and payment assistance,7492597.7
CUST1567,7,229949.52,32849.93142857143,39.857142857142854,279,93,26,5.142857142857143,5,30,24.428571428571427,74.11142857142856,82.54142857142857,83.62,4181146.0,0.8571428571428571,0.27956989247311825,0.7142857142857143,4.285714285714286,1,Valuable but Risky,Priority human intervention,7482453.0
CUST2000,4,146381.76,36595.44,254.75,528,42,10,11.75,3,14,42.0,80.5925,81.7475,34.03,1701348.0,0.5,0.23809523809523808,0.75,3.5,2,High-Risk Customer,Frequent follow-up and payment assistance,7472563.47
CUST0158,6,191156.45,31859.408333333336,66.5,308,86,29,9.666666666666666,6,21,38.5,69.665,77.03333333333333,67.02,3351017.0,0.8333333333333334,0.3372093023255814,1.0,3.5,1,Valuable but Risky,Priority human intervention,7460883.49
CUST1283,2,45887.11,22943.555,87.5,175,26,7,13.5,1,11,62.0,72.5,77.15,62.69,3134562.0,0.5,0.2692307692307692,0.5,5.5,1,Valuable but Risky,Priority human intervention,7459654.76
CUST1562,9,196759.73,21862.192222222224,61.0,426,178,39,12.0,9,27,51.22222222222222,80.19111111111111,80.89444444444445,75.97,3798294.0,0.7777777777777778,0.21910112359550563,1.0,3.0,0,Valuable but Risky,Priority human intervention,7455112.22
CUST0707,3,113333.2,37777.73333333333,84.33333333333333,253,36,7,17.0,3,11,58.333333333333336,88.89,82.24666666666667,67.51,3375495.0,0.6666666666666666,0.19444444444444445,1.0,3.6666666666666665,1,Valuable but Risky,Priority human intervention,7432027.37
CUST1189,6,172075.59,28679.265,119.83333333333333,251,92,26,8.333333333333334,3,22,57.333333333333336,70.97,79.48666666666666,52.70000000000001,2635171.0,0.5,0.2826086956521739,0.5,3.6666666666666665,1,Valuable but Risky,Priority human intervention,7430131.97
CUST0716,8,186379.03999999998,23297.379999999997,195.125,550,102,29,9.75,8,29,35.0,69.4625,76.88375,39.14,1956862.0,0.5,0.28431372549019607,1.0,3.625,2,High-Risk Customer,Frequent follow-up and payment assistance,7417154.47
CUST0021,5,131501.55,26300.309999999998,86.0,430,83,20,10.8,1,21,44.8,74.17999999999999,80.214,64.26,3212801.0,0.8,0.24096385542168675,0.2,4.2,1,Valuable but Risky,Priority human intervention,7415764.04
CUST1223,6,95461.91,15910.318333333335,60.166666666666664,196,33,3,7.333333333333333,4,21,56.666666666666664,93.055,90.79333333333334,84.7,4235224.0,0.8333333333333334,0.09090909090909091,0.6666666666666666,3.5,1,Valuable but Risky,Priority human intervention,7400091.39
CUST0882,6,293196.72,48866.119999999995,60.833333333333336,365,74,19,11.333333333333334,6,22,29.333333333333332,67.93166666666666,75.16666666666667,73.22,3660954.0,0.8333333333333334,0.25675675675675674,1.0,3.6666666666666665,0,Valuable but Risky,Priority human intervention,7399826.95
CUST1484,3,64766.18,21588.726666666666,46.666666666666664,140,63,15,5.333333333333333,1,8,40.333333333333336,76.26,84.26333333333334,81.48,4074227.0,0.6666666666666666,0.23809523809523808,0.3333333333333333,2.6666666666666665,1,Valuable but Risky,Priority human intervention,7398278.87
CUST1696,4,70604.05,17651.0125,27.5,110,60,13,18.5,3,4,50.5,74.3675,74.5825,95.14,4756797.0,0.75,0.21666666666666667,0.75,1.0,1,Valuable but Risky,Priority human intervention,7378981.35
CUST1468,5,142613.88,28522.776,57.6,240,44,4,9.6,6,11,43.0,95.604,89.644,85.79,4289399.0,0.6,0.09090909090909091,1.2,2.2,1,Valuable but Risky,Priority human intervention,7374646.72
CUST1301,3,173648.35,57882.78333333333,105.0,315,74,16,14.666666666666666,1,9,80.66666666666667,78.96,80.01333333333334,59.07,2953609.0,0.6666666666666666,0.21621621621621623,0.3333333333333333,3.0,1,Valuable but Risky,Priority human intervention,7364065.68
CUST0367,5,144006.55,28801.309999999998,113.8,318,80,20,13.4,0,13,32.8,71.73400000000001,77.828,55.09000000000001,2754716.0,0.6,0.25,0.0,2.6,1,Valuable but Risky,Priority human intervention,7361978.51
CUST0314,5,203039.74,40607.948,212.6,560,68,13,16.0,4,18,55.8,88.428,83.014,39.5,1974914.0,0.2,0.19117647058823528,0.8,3.6,2,High-Risk Customer,Frequent follow-up and payment assistance,7353824.62
CUST0649,7,269240.95,38462.99285714286,185.28571428571428,537,128,33,10.428571428571429,9,27,46.142857142857146,80.11857142857143,81.23,40.99,2049284.0,0.2857142857142857,0.2578125,1.2857142857142858,3.857142857142857,2,High-Risk Customer,Frequent follow-up and payment assistance,7353567.45
CUST1903,3,610434.0,203478.0,123.33333333333333,370,58,14,18.666666666666668,3,16,60.666666666666664,73.0,73.3,52.99,2649327.0,0.6666666666666666,0.2413793103448276,1.0,5.333333333333333,0,Valuable but Risky,Priority human intervention,7345030.72
CUST1313,6,187463.65,31243.941666666666,240.16666666666666,582,51,13,16.666666666666668,4,17,61.833333333333336,81.94500000000001,79.64,34.41,1720357.0,0.3333333333333333,0.2549019607843137,0.6666666666666666,2.8333333333333335,2,High-Risk Customer,Frequent follow-up and payment assistance,7343788.0
CUST1144,6,182590.69,30431.781666666666,24.666666666666668,116,106,26,11.666666666666666,4,21,40.666666666666664,75.84,79.58666666666666,94.56,4728083.0,0.6666666666666666,0.24528301886792453,0.6666666666666666,3.5,1,Valuable but Risky,Priority human intervention,7340125.83
CUST0891,7,270685.3,38669.32857142857,98.28571428571429,294,98,25,18.428571428571427,9,24,36.714285714285715,76.48,74.61428571428571,58.98,2949033.0,0.5714285714285714,0.25510204081632654,1.2857142857142858,3.4285714285714284,0,Valuable but Risky,Priority human intervention,7339223.18
CUST1748,4,103676.87,25919.2175,126.5,506,47,9,8.5,3,2,33.0,84.905,85.85249999999999,54.34,2716981.0,0.75,0.19148936170212766,0.75,0.5,1,Valuable but Risky,Priority human intervention,7332380.21
CUST0264,4,180873.65000000002,45218.412500000006,87.25,349,63,11,7.25,2,14,49.75,84.1675,86.735,66.67,3333616.0,0.75,0.1746031746031746,0.5,3.5,1,Valuable but Risky,Priority human intervention,7332103.19
CUST0233,6,259371.43,43228.57166666666,117.66666666666667,405,97,28,10.5,5,15,71.83333333333333,71.24,77.65666666666667,52.25,2612605.0,0.6666666666666666,0.28865979381443296,0.8333333333333334,2.5,0,Valuable but Risky,Priority human intervention,7328312.13
CUST1408,4,115778.34,28944.585,114.5,458,35,6,8.5,2,9,35.0,85.235,86.515,58.33,2916457.0,0.75,0.17142857142857143,0.5,2.25,1,Valuable but Risky,Priority human intervention,7328223.17
CUST0209,3,20672.75,6890.916666666667,70.33333333333333,197,45,11,19.666666666666668,3,16,15.333333333333334,82.14333333333333,77.27333333333333,68.96,3448147.0,0.6666666666666666,0.24444444444444444,1.0,5.333333333333333,1,Valuable but Risky,Priority human intervention,7309049.97
CUST0865,5,135224.16999999998,27044.833999999995,119.2,296,65,17,16.8,3,19,40.8,76.978,77.20599999999999,52.85,2642316.0,0.4,0.26153846153846155,0.6,3.8,0,Valuable but Risky,Priority human intervention,7306776.11
CUST0088,8,239416.14,29927.0175,127.375,320,138,27,10.875,4,24,51.625,78.01625,81.485,53.61,2680723.0,0.375,0.1956521739130435,0.5,3.0,0,Valuable but Risky,Priority human intervention,7287851.43
CUST0968,3,48926.45,16308.816666666666,229.66666666666666,519,44,9,11.0,1,9,40.0,84.44333333333333,84.95333333333333,36.68,1834006.0,0.3333333333333333,0.20454545454545456,0.3333333333333333,3.0,2,High-Risk Customer,Frequent follow-up and payment assistance,7282810.04
CUST0675,6,288292.31,48048.71833333333,215.5,326,91,22,17.333333333333332,5,16,42.833333333333336,66.14666666666666,71.00666666666666,37.17,1858286.0,0.16666666666666666,0.24175824175824176,0.8333333333333334,2.6666666666666665,3,High-Risk Customer,Frequent follow-up and payment assistance,7280294.87
CUST0449,5,281112.55,56222.509999999995,204.8,373,78,22,17.2,5,10,63.4,71.34200000000001,73.352,37.25,1862375.0,0.4,0.28205128205128205,1.0,2.0,3,High-Risk Customer,Frequent follow-up and payment assistance,7277588.46
CUST0221,8,333635.54000000004,41704.442500000005,203.25,545,106,25,16.0,6,36,31.625,78.33375,78.06625,38.78,1938806.0,0.375,0.2358490566037736,0.75,4.5,2,High-Risk Customer,Frequent follow-up and payment assistance,7266087.02
CUST1227,5,285973.58999999997,57194.71799999999,120.2,493,85,22,15.6,3,21,33.2,73.988,76.436,52.35,2617587.0,0.6,0.25882352941176473,0.6,4.2,0,Valuable but Risky,Priority human intervention,7255766.39
CUST1265,4,62373.34,15593.335,166.0,476,68,16,14.5,4,9,62.25,75.6,77.1,44.15,2207280.0,0.5,0.23529411764705882,1.0,2.25,2,High-Risk Customer,Frequent follow-up and payment assistance,7252862.4
CUST1311,4,79270.76000000001,19817.690000000002,215.25,485,79,17,5.5,3,10,31.0,79.82249999999999,85.1125,37.85,1892360.0,0.5,0.21518987341772153,0.75,2.5,2,High-Risk Customer,Frequent follow-up and payment assistance,7249415.57
CUST0335,3,112515.98,37505.32666666667,106.66666666666667,265,38,4,16.333333333333332,3,6,48.333333333333336,93.15333333333332,84.77666666666666,63.44,3171881.0,0.3333333333333333,0.10526315789473684,1.0,2.0,1,Valuable but Risky,Priority human intervention,7245243.97
CUST1833,5,80784.96,16156.992000000002,191.0,550,58,12,11.2,4,19,47.2,83.982,83.672,41.26,2062755.0,0.6,0.20689655172413793,0.8,3.8,2,High-Risk Customer,Frequent follow-up and payment assistance,7244537.82
CUST1192,6,141884.13999999998,23647.356666666663,113.0,465,88,18,13.5,3,13,48.833333333333336,82.41333333333334,82.105,56.37,2818705.0,0.6666666666666666,0.20454545454545456,0.5,2.1666666666666665,0,Valuable but Risky,Priority human intervention,7231900.17
CUST1112,7,354273.47,50610.49571428571,119.42857142857143,481,87,26,8.428571428571429,5,34,45.285714285714285,65.63000000000001,76.33,50.74,2537111.0,0.5714285714285714,0.2988505747126437,0.7142857142857143,4.857142857142857,0,Valuable but Risky,Priority human intervention,7230891.33
CUST0499,4,368118.55,92029.6375,86.75,347,63,18,5.75,5,14,46.0,72.9425,80.5225,60.2,3010033.0,0.75,0.2857142857142857,1.25,3.5,0,Valuable but Risky,Priority human intervention,7227304.24
CUST1364,4,95184.59,23796.1475,181.75,412,74,21,16.75,2,13,46.25,70.1875,74.045,39.96,1998061.0,0.5,0.28378378378378377,0.5,3.25,3,High-Risk Customer,Frequent follow-up and payment assistance,7227108.14
CUST0961,2,28558.61,14279.305,250.0,500,36,5,17.0,3,8,61.5,87.03999999999999,80.32,36.21,1810511.0,0.5,0.1388888888888889,1.5,4.0,2,High-Risk Customer,Frequent follow-up and payment assistance,7216898.01
CUST0259,10,481850.23,48185.023,125.8,548,88,15,12.0,6,33,43.4,80.453,81.828,54.56,2727747.0,0.7,0.17045454545454544,0.6,3.3,0,Valuable but Risky,Priority human intervention,7209125.35
CUST0894,7,270559.64,38651.37714285714,286.7142857142857,568,100,33,10.714285714285714,5,22,57.714285714285715,71.64571428571428,77.96571428571428,27.99,1399590.0,0.2857142857142857,0.33,0.7142857142857143,3.142857142857143,2,High-Risk Customer,Frequent follow-up and payment assistance,7198511.25
CUST0418,3,74857.24,24952.413333333334,225.0,455,35,8,16.0,1,10,56.333333333333336,86.94333333333333,83.20666666666666,36.05,1802374.0,0.3333333333333333,0.22857142857142856,0.3333333333333333,3.3333333333333335,2,High-Risk Customer,Frequent follow-up and payment assistance,7196621.9
CUST0732,8,273809.99,34226.24875,133.125,527,105,21,13.0,9,31,33.375,72.19875,76.05,51.32,2565967.0,0.5,0.2,1.125,3.875,0,Valuable but Risky,Priority human intervention,7178292.68
CUST1474,2,74364.94,37182.47,181.0,184,38,8,21.0,2,2,49.5,79.25999999999999,75.025,42.19,2109385.0,0.5,0.21052631578947367,1.0,1.0,3,High-Risk Customer,Frequent follow-up and payment assistance,7175239.61
CUST1314,4,414933.15,103733.2875,92.25,273,77,20,9.0,5,19,39.5,72.2225,78.2075,59.25,2962511.0,0.75,0.2597402597402597,1.25,4.75,0,Valuable but Risky,Priority human intervention,7174759.19
CUST0759,4,131641.18,32910.295,133.0,485,67,18,12.5,5,21,44.5,77.6325,78.815,48.52,2426219.0,0.75,0.26865671641791045,1.25,5.25,2,High-Risk Customer,Frequent follow-up and payment assistance,7171830.94
CUST0377,4,111793.03,27948.2575,41.0,164,70,20,9.25,3,14,31.75,67.875,76.885,79.01,3950379.0,1.0,0.2857142857142857,0.75,3.5,1,Valuable but Risky,Priority human intervention,7161472.79
CUST0185,2,138980.74,69490.37,183.0,366,19,3,16.5,0,9,44.0,91.175,85.685,43.62,2181018.0,0.5,0.15789473684210525,0.0,4.5,2,High-Risk Customer,Frequent follow-up and payment assistance,7146851.61
CUST1934,7,190032.41,27147.487142857142,143.28571428571428,560,114,27,9.285714285714286,4,17,31.571428571428573,77.41999999999999,81.99571428571429,47.46999999999999,2373724.0,0.7142857142857143,0.23684210526315788,0.5714285714285714,2.4285714285714284,2,High-Risk Customer,Frequent follow-up and payment assistance,7142678.3
CUST0439,8,470783.98000000004,58847.997500000005,159.375,417,99,23,11.25,9,33,58.875,69.3075,75.65375,44.59,2229431.0,0.375,0.23232323232323232,1.125,4.125,2,High-Risk Customer,Frequent follow-up and payment assistance,7126015.88
CUST0023,4,71647.11,17911.7775,240.75,429,53,14,9.0,3,10,27.5,68.78999999999999,77.4925,33.07,1653546.0,0.25,0.2641509433962264,0.75,2.5,3,High-Risk Customer,Frequent follow-up and payment assistance,7122805.39
CUST0506,7,175782.25,25111.75,105.42857142857143,384,125,29,9.714285714285714,1,25,52.285714285714285,73.56714285714285,80.66714285714285,56.24,2812081.0,0.7142857142857143,0.232,0.14285714285714285,3.5714285714285716,0,Valuable but Risky,Priority human intervention,7117039.56
CUST1729,5,372445.04000000004,74489.008,259.2,543,55,13,13.2,5,20,41.0,79.55,79.854,32.04,1601899.0,0.4,0.23636363636363636,1.0,4.0,2,High-Risk Customer,Frequent follow-up and payment assistance,7114062.58
CUST1208,5,314929.41000000003,62985.882000000005,149.8,356,100,22,9.6,4,12,36.8,79.09200000000001,82.19,46.68,2333785.0,0.4,0.22,0.8,2.4,2,High-Risk Customer,Frequent follow-up and payment assistance,7112349.81
CUST1308,3,89616.83,29872.27666666667,147.66666666666666,443,65,16,0.0,2,15,31.0,78.41333333333334,87.87333333333333,46.04999999999999,2302641.0,0.6666666666666666,0.24615384615384617,0.6666666666666666,5.0,1,High-Risk Customer,Frequent follow-up and payment assistance,7106658.63
CUST0911,4,565925.62,141481.405,115.0,460,47,13,16.25,5,24,25.0,81.25,78.375,51.71,2585610.0,0.75,0.2765957446808511,1.25,6.0,0,Valuable but Risky,Priority human intervention,7096674.26
CUST0107,3,167890.71000000002,55963.57000000001,140.33333333333334,421,57,16,11.666666666666666,1,6,35.333333333333336,71.28,77.97333333333334,46.09,2304614.0,0.6666666666666666,0.2807017543859649,0.3333333333333333,2.0,2,High-Risk Customer,Frequent follow-up and payment assistance,7093494.07
CUST0235,8,280159.53,35019.94125,71.0,188,133,35,15.125,9,32,50.75,77.505,77.4275,65.65,3282244.0,0.625,0.2631578947368421,1.125,4.0,0,Valuable but Risky,Priority human intervention,7089647.04
CUST0917,8,210582.19,26322.77375,229.5,504,130,23,11.375,3,18,40.5,84.26375,84.5575,36.46,1823055.0,0.5,0.17692307692307693,0.375,2.25,2,High-Risk Customer,Frequent follow-up and payment assistance,7069737.17
CUST1974,10,610337.08,61033.708,128.2,545,159,27,11.4,9,36,59.0,85.003,83.863,52.96,2648133.0,0.6,0.16981132075471697,0.9,3.6,0,Valuable but Risky,Priority human intervention,7069216.03
CUST0520,9,397870.11,44207.79,113.0,469,96,22,11.0,7,29,36.55555555555556,81.63111111111112,82.6588888888889,53.96,2698202.0,0.6666666666666666,0.22916666666666666,0.7777777777777778,3.2222222222222223,0,Valuable but Risky,Priority human intervention,7064230.11
CUST1963,4,143596.54,35899.135,33.0,132,32,7,15.0,5,18,47.5,79.1675,78.08500000000001,87.16,4358080.0,0.75,0.21875,1.25,4.5,1,Valuable but Risky,Priority human intervention,7064175.3
CUST0796,2,72809.0,36404.5,159.0,281,39,8,28.0,2,6,38.0,79.81,71.11,45.23,2261549.0,0.0,0.20512820512820512,1.0,3.0,3,High-Risk Customer,Frequent follow-up and payment assistance,7058932.3
CUST1728,6,210060.35,35010.058333333334,110.66666666666667,419,86,23,12.666666666666666,3,24,45.5,70.13166666666666,76.46666666666667,52.85999999999999,2642806.0,0.5,0.26744186046511625,0.5,4.0,0,Valuable but Risky,Priority human intervention,7056496.89
CUST1294,6,145266.25,24211.041666666668,186.66666666666666,384,123,25,9.666666666666666,6,21,50.666666666666664,79.04166666666667,81.72166666666666,40.9,2045141.0,0.3333333333333333,0.2032520325203252,1.0,3.5,2,High-Risk Customer,Frequent follow-up and payment assistance,7054350.85
CUST1102,6,87890.66,14648.443333333335,179.33333333333334,345,79,25,17.0,7,19,32.0,75.86833333333334,75.39999999999999,38.35,1917306.0,0.3333333333333333,0.31645569620253167,1.1666666666666667,3.1666666666666665,3,High-Risk Customer,Frequent follow-up and payment assistance,7050508.54
CUST0603,4,185916.25,46479.0625,106.25,306,72,12,9.5,3,7,36.5,82.1775,83.88749999999999,58.57,2928350.0,0.5,0.16666666666666666,0.75,1.75,1,Valuable but Risky,Priority human intervention,7046342.19
CUST1205,6,123460.1,20576.683333333334,55.333333333333336,332,86,18,15.333333333333334,4,22,43.0,80.57333333333334,79.75333333333333,74.98,3749100.0,0.8333333333333334,0.20930232558139536,0.6666666666666666,3.6666666666666665,1,Valuable but Risky,Priority human intervention,7042495.44
CUST1916,5,111803.19,22360.638,229.8,566,43,12,14.4,6,17,42.0,71.454,74.688,33.29,1664694.0,0.4,0.27906976744186046,1.2,3.4,3,High-Risk Customer,Frequent follow-up and payment assistance,7022298.71
CUST0480,4,143662.82,35915.705,133.75,535,49,9,10.5,1,7,42.75,85.655,86.03,50.61,2530252.0,0.75,0.1836734693877551,0.25,1.75,2,Valuable but Risky,Priority human intervention,7000794.18
CUST1448,7,174795.65,24970.807142857142,220.0,491,135,33,11.142857142857142,4,16,43.0,72.26285714285714,78.30428571428571,35.13,1756517.0,0.42857142857142855,0.24444444444444444,0.5714285714285714,2.2857142857142856,2,High-Risk Customer,Frequent follow-up and payment assistance,6994841.03
CUST0761,6,201383.51,33563.918333333335,32.333333333333336,194,82,13,11.666666666666666,3,26,52.666666666666664,71.62,77.80833333333334,91.21999999999998,4560784.0,0.8333333333333334,0.15853658536585366,0.5,4.333333333333333,1,Valuable but Risky,Priority human intervention,6992275.14
CUST1684,4,183816.56,45954.14,71.0,142,95,27,10.0,5,21,41.25,71.7975,77.39750000000001,63.63,3181603.0,0.75,0.28421052631578947,1.25,5.25,1,Valuable but Risky,Priority human intervention,6986800.19
CUST0032,5,108835.75,21767.15,95.0,461,62,22,11.6,7,18,54.8,64.884,72.67999999999999,52.85,2642631.0,0.8,0.3548387096774194,1.4,3.6,3,Valuable but Risky,Priority human intervention,6981660.61
CUST1813,2,39072.44,19536.22,260.0,311,40,12,8.5,2,4,44.5,70.66499999999999,78.22999999999999,29.81,1490351.0,0.0,0.3,1.0,2.0,3,High-Risk Customer,Frequent follow-up and payment assistance,6974842.68
CUST1985,5,97505.58,19501.116,66.0,330,65,10,13.0,2,22,31.8,88.03200000000001,85.418,72.81,3640437.0,0.8,0.15384615384615385,0.4,4.4,1,Valuable but Risky,Priority human intervention,6972837.02
CUST1945,6,296782.8,49463.799999999996,173.0,558,99,23,13.833333333333334,2,26,33.5,74.84,78.45333333333333,41.44,2071835.0,0.6666666666666666,0.23232323232323232,0.3333333333333333,4.333333333333333,2,High-Risk Customer,Frequent follow-up and payment assistance,6970155.2
CUST0573,5,300533.52,60106.704000000005,194.4,560,59,12,12.8,5,15,21.0,77.592,79.116,39.34,1967043.0,0.6,0.2033898305084746,1.0,3.0,2,High-Risk Customer,Frequent follow-up and payment assistance,6968799.93
CUST1839,3,92697.59,30899.196666666667,225.66666666666666,445,49,14,10.333333333333334,3,16,65.66666666666667,75.80666666666666,79.7,33.28,1664099.0,0.3333333333333333,0.2857142857142857,1.0,5.333333333333333,2,High-Risk Customer,Frequent follow-up and payment assistance,6967820.24
CUST1653,3,287791.85,95930.61666666665,170.66666666666666,292,49,14,9.0,3,9,53.666666666666664,69.43333333333334,77.31666666666666,40.0,1999902.0,0.3333333333333333,0.2857142857142857,1.0,3.0,2,High-Risk Customer,Frequent follow-up and payment assistance,6959658.96
CUST1834,4,128084.01000000001,32021.002500000002,13.5,54,54,19,8.0,1,11,52.25,74.045,81.7225,90.55,4527310.0,0.75,0.35185185185185186,0.25,2.75,1,Valuable but Risky,Priority human intervention,6946486.48
CUST1831,3,246517.63,82172.54333333333,139.0,417,50,11,7.0,4,11,30.666666666666668,75.55666666666667,80.91333333333334,47.63,2381348.0,0.6666666666666666,0.22,1.3333333333333333,3.6666666666666665,2,High-Risk Customer,Frequent follow-up and payment assistance,6943534.5
CUST1689,2,28172.79,14086.395,26.0,52,21,6,6.5,3,10,52.5,61.84,74.02,85.51,4275389.0,0.5,0.2857142857142857,1.5,5.0,1,Valuable but Risky,Priority human intervention,6926130.18
CUST0780,5,304548.13,60909.626000000004,82.2,411,60,17,11.4,4,26,35.2,74.322,78.724,59.15999999999999,2958056.0,0.8,0.2833333333333333,0.8,5.2,0,Valuable but Risky,Priority human intervention,6916625.14
CUST1387,3,34417.32,11472.44,165.0,309,70,21,15.0,5,5,47.0,69.69333333333333,72.51333333333334,40.14,2006874.0,0.3333333333333333,0.3,1.6666666666666667,1.6666666666666667,3,High-Risk Customer,Frequent follow-up and payment assistance,6913680.93
CUST1091,5,137337.85,27467.57,90.4,452,59,9,9.2,2,20,39.4,67.962,77.66,63.010000000000005,3150498.0,0.8,0.15254237288135594,0.4,4.0,1,Valuable but Risky,Priority human intervention,6913580.97
CUST1579,8,430049.25,53756.15625,188.0,548,131,34,16.25,4,29,57.25,75.76375,77.13125,38.0,1899916.0,0.5,0.2595419847328244,0.5,3.625,2,High-Risk Customer,Frequent follow-up and payment assistance,6891909.03
CUST0398,6,229135.4,38189.23333333333,127.66666666666667,353,91,20,17.0,5,26,47.333333333333336,77.64333333333333,76.95333333333333,49.60999999999999,2480721.0,0.5,0.21978021978021978,0.8333333333333334,4.333333333333333,2,High-Risk Customer,Frequent follow-up and payment assistance,6889044.0
CUST1194,6,349661.57,58276.92833333334,94.83333333333333,466,114,24,13.166666666666666,6,22,32.833333333333336,78.65833333333333,79.42999999999999,58.32,2916069.0,0.8333333333333334,0.21052631578947367,1.0,3.6666666666666665,0,Valuable but Risky,Priority human intervention,6877574.32
CUST0669,2,146957.8,73478.9,107.5,215,27,5,7.5,0,13,8.5,90.38499999999999,90.69,55.86,2792974.0,0.5,0.18518518518518517,0.0,6.5,1,Valuable but Risky,Priority human intervention,6868647.17
CUST0318,5,205216.13,41043.226,96.6,467,114,27,9.2,4,22,39.8,76.866,81.312,56.40999999999999,2820374.0,0.8,0.23684210526315788,0.8,4.4,0,Valuable but Risky,Priority human intervention,6858110.48
CUST1198,3,40549.29,13516.43,369.6666666666667,578,31,10,11.333333333333334,2,10,34.0,66.66666666666667,75.2,22.05,1102425.0,0.3333333333333333,0.3225806451612903,0.6666666666666666,3.3333333333333335,3,High-Risk Customer,Frequent follow-up and payment assistance,6847955.9
CUST1376,3,31327.71,10442.57,83.66666666666667,201,63,21,16.333333333333332,5,14,25.333333333333332,64.36666666666667,69.04666666666667,55.9,2794804.0,0.3333333333333333,0.3333333333333333,1.6666666666666667,4.666666666666667,3,Valuable but Risky,Priority human intervention,6844164.46
CUST1178,7,169644.29,24234.898571428574,150.71428571428572,427,94,21,17.571428571428573,6,24,47.42857142857143,78.66714285714285,77.07571428571428,44.46999999999999,2223513.0,0.5714285714285714,0.22340425531914893,0.8571428571428571,3.4285714285714284,2,High-Risk Customer,Frequent follow-up and payment assistance,6820068.56
CUST0597,7,187926.62,26846.66,268.42857142857144,569,119,25,16.142857142857142,6,36,54.42857142857143,81.36428571428571,79.28428571428572,30.580000000000002,1528768.0,0.42857142857142855,0.21008403361344538,0.8571428571428571,5.142857142857143,2,High-Risk Customer,Frequent follow-up and payment assistance,6815699.22
CUST1812,4,134488.97999999998,33622.244999999995,142.5,488,68,11,9.25,3,10,58.75,85.3575,85.63,48.36,2417893.0,0.75,0.16176470588235295,0.75,2.5,2,High-Risk Customer,Frequent follow-up and payment assistance,6811880.17
CUST0442,7,119610.31999999999,17087.18857142857,120.57142857142857,377,104,20,9.142857142857142,7,19,52.142857142857146,85.7242857142857,85.37571428571428,51.76,2588143.0,0.42857142857142855,0.19230769230769232,1.0,2.7142857142857144,2,Valuable but Risky,Priority human intervention,6806531.68
CUST1818,7,296944.84,42420.69142857143,211.57142857142858,569,106,18,15.285714285714286,3,23,37.857142857142854,82.83857142857143,81.39,37.339999999999996,1866760.0,0.5714285714285714,0.16981132075471697,0.42857142857142855,3.2857142857142856,2,High-Risk Customer,Frequent follow-up and payment assistance,6803962.82
CUST1661,9,144458.68,16050.964444444444,182.77777777777777,585,189,62,12.555555555555555,9,39,40.44444444444444,67.0788888888889,74.00666666666666,36.23,1811369.0,0.4444444444444444,0.328042328042328,1.0,4.333333333333333,3,High-Risk Customer,Frequent follow-up and payment assistance,6802430.69
CUST1148,2,48191.75,24095.875,263.0,526,19,3,8.0,2,12,66.5,83.89,85.145,32.36,1618146.0,0.5,0.15789473684210525,1.0,6.0,2,High-Risk Customer,Frequent follow-up and payment assistance,6801323.13
CUST0845,6,108199.88,18033.313333333335,114.5,506,83,21,14.833333333333334,4,21,43.833333333333336,81.12333333333333,80.32833333333333,50.56,2527748.0,0.8333333333333334,0.25301204819277107,0.6666666666666666,3.5,2,Valuable but Risky,Priority human intervention,6793855.71
CUST1819,6,347041.13,57840.18833333333,163.0,504,54,11,9.0,8,17,50.166666666666664,81.00166666666667,82.43333333333334,42.82,2141013.0,0.5,0.2037037037037037,1.3333333333333333,2.8333333333333335,2,High-Risk Customer,Frequent follow-up and payment assistance,6777892.08
CUST0797,4,186350.62,46587.655,122.75,491,67,18,8.5,2,13,72.25,72.21000000000001,80.0075,47.91,2395704.0,0.75,0.26865671641791045,0.5,3.25,2,High-Risk Customer,Frequent follow-up and payment assistance,6770098.6
CUST0010,3,98613.85,32871.28333333333,121.66666666666667,365,42,14,5.333333333333333,4,12,57.0,62.626666666666665,75.44333333333333,45.76,2288057.0,0.6666666666666666,0.3333333333333333,1.3333333333333333,4.0,3,High-Risk Customer,Frequent follow-up and payment assistance,6762479.58
CUST0292,4,63167.83,15791.9575,90.5,189,56,17,10.25,2,16,67.75,69.3625,77.535,54.43,2721252.0,0.75,0.30357142857142855,0.5,4.0,1,Valuable but Risky,Priority human intervention,6757694.81
CUST1306,4,66930.02,16732.505,66.0,264,70,19,9.5,2,14,49.5,67.025,76.815,64.03,3201396.0,0.75,0.2714285714285714,0.5,3.5,1,Valuable but Risky,Priority human intervention,6756774.93
CUST0671,3,43480.18,14493.393333333333,315.6666666666667,537,36,8,1.0,2,3,45.666666666666664,78.33333333333333,87.23333333333333,26.58,1329180.0,0.3333333333333333,0.2222222222222222,0.6666666666666666,1.0,2,High-Risk Customer,Frequent follow-up and payment assistance,6752726.69
CUST0220,3,95771.23999999999,31923.746666666662,256.0,539,28,7,22.0,1,13,28.333333333333332,82.57666666666667,77.42333333333333,30.31,1515744.0,0.3333333333333333,0.25,0.3333333333333333,4.333333333333333,2,High-Risk Customer,Frequent follow-up and payment assistance,6745060.8
CUST1622,1,12355.25,12355.25,237.0,237,13,2,2.0,0,6,66.0,84.62,91.11,34.69,1734449.0,0.0,0.15384615384615385,0.0,6.0,1,High-Risk Customer,Frequent follow-up and payment assistance,6744338.23
CUST1450,7,171024.25,24432.035714285714,80.85714285714286,434,139,23,9.142857142857142,5,38,53.142857142857146,83.55285714285715,84.86142857142856,63.96999999999999,3198491.0,0.7142857142857143,0.16546762589928057,0.7142857142857143,5.428571428571429,0,Valuable but Risky,Priority human intervention,6741879.92
CUST1680,5,149810.25,29962.05,175.0,451,81,21,12.4,4,10,54.8,73.826,77.874,38.89,1944554.0,0.6,0.25925925925925924,0.8,2.0,2,High-Risk Customer,Frequent follow-up and payment assistance,6733918.48
CUST1776,4,58860.92,14715.23,209.75,519,51,16,20.75,2,8,30.5,75.3475,74.2225,33.08,1654243.0,0.5,0.3137254901960784,0.5,2.0,3,High-Risk Customer,Frequent follow-up and payment assistance,6731552.65
CUST1351,7,315485.36,45069.33714285714,162.14285714285714,524,96,22,9.714285714285714,4,23,68.42857142857143,80.7957142857143,83.42571428571429,41.660000000000004,2082816.0,0.7142857142857143,0.22916666666666666,0.5714285714285714,3.2857142857142856,2,High-Risk Customer,Frequent follow-up and payment assistance,6711192.69
CUST1633,6,171907.4,28651.233333333334,155.5,468,49,12,14.0,8,21,53.166666666666664,76.73666666666666,77.30333333333334,42.12,2105845.0,0.5,0.24489795918367346,1.3333333333333333,3.5,2,High-Risk Customer,Frequent follow-up and payment assistance,6698091.28
CUST0303,6,169423.6,28237.266666666666,123.16666666666667,527,64,17,14.333333333333334,9,16,45.666666666666664,82.36666666666666,79.58333333333333,47.41,2370715.0,0.6666666666666666,0.265625,1.5,2.6666666666666665,2,High-Risk Customer,Frequent follow-up and payment assistance,6695973.39
CUST1836,8,145633.8,18204.225,184.375,536,144,34,10.375,5,33,42.5,79.6525,82.35375,38.02,1900924.0,0.625,0.2361111111111111,0.625,4.125,2,High-Risk Customer,Frequent follow-up and payment assistance,6682110.88
CUST0017,4,101468.07999999999,25367.019999999997,120.5,482,55,13,9.0,2,13,20.5,77.16499999999999,82.185,49.0,2450081.0,0.75,0.23636363636363636,0.5,3.25,1,High-Risk Customer,Frequent follow-up and payment assistance,6679366.28
CUST0650,2,61274.509999999995,30637.254999999997,133.5,205,28,11,5.0,3,4,37.5,56.43,72.215,41.03,2051676.0,0.0,0.39285714285714285,1.5,2.0,3,High-Risk Customer,Frequent follow-up and payment assistance,6672709.82
CUST0121,6,235323.04,39220.50666666667,229.5,515,97,34,12.166666666666666,5,19,50.666666666666664,62.803333333333335,72.43666666666667,29.98,1498763.0,0.3333333333333333,0.35051546391752575,0.8333333333333334,3.1666666666666665,3,High-Risk Customer,Frequent follow-up and payment assistance,6669418.09
CUST0039,4,118891.36000000002,29722.840000000004,187.0,528,56,12,18.5,2,14,30.5,77.4525,76.63,38.26,1913236.0,0.5,0.21428571428571427,0.5,3.5,2,High-Risk Customer,Frequent follow-up and payment assistance,6667627.46
CUST1096,5,187527.24000000002,37505.448000000004,44.4,222,88,17,14.2,2,16,33.0,80.214,80.78399999999999,77.39,3869712.0,0.8,0.19318181818181818,0.4,3.2,1,Valuable but Risky,Priority human intervention,6667337.88
CUST1033,5,106217.41,21243.482,113.0,347,77,12,20.4,3,11,34.4,81.45599999999999,77.288,54.010000000000005,2700324.0,0.6,0.15584415584415584,0.6,2.2,0,Valuable but Risky,Priority human intervention,6648057.41
CUST1814,7,261947.52000000002,37421.07428571429,190.0,474,98,17,14.857142857142858,2,17,69.85714285714286,81.79285714285713,81.41,38.98,1948917.0,0.42857142857142855,0.17346938775510204,0.2857142857142857,2.4285714285714284,2,High-Risk Customer,Frequent follow-up and payment assistance,6632283.87
CUST1628,6,143993.19,23998.865,80.83333333333333,485,79,23,8.333333333333334,7,21,40.5,75.44333333333333,80.38666666666667,56.76,2838107.0,0.6666666666666666,0.2911392405063291,1.1666666666666667,3.5,0,Valuable but Risky,Priority human intervention,6626440.96
CUST0695,4,136179.93,34044.9825,126.75,507,53,12,6.25,3,17,64.75,74.5075,82.0025,47.63,2381256.0,0.75,0.22641509433962265,0.75,4.25,2,High-Risk Customer,Frequent follow-up and payment assistance,6622025.82
CUST0136,1,50245.12,50245.12,535.0,535,13,1,13.0,2,5,49.0,92.31,84.36,19.33,966383.0,0.0,0.07692307692307693,2.0,5.0,2,High-Risk Customer,Frequent follow-up and payment assistance,6608572.98
CUST0666,6,327090.01,54515.00166666667,148.83333333333334,452,106,33,18.0,3,21,27.333333333333332,73.135,74.76666666666667,40.49,2024324.0,0.3333333333333333,0.3113207547169811,0.5,3.5,2,High-Risk Customer,Frequent follow-up and payment assistance,6605375.58
CUST0378,5,201126.95,40225.39,29.4,147,87,28,10.2,4,15,45.6,62.274,73.418,77.09,3854409.0,0.8,0.3218390804597701,0.8,3.0,1,Valuable but Risky,Priority human intervention,6592811.53
CUST0712,7,262170.45,37452.92142857143,169.42857142857142,402,78,9,10.428571428571429,14,24,52.714285714285715,85.74714285714286,82.61714285714285,43.839999999999996,2191912.0,0.2857142857142857,0.11538461538461539,2.0,3.4285714285714284,2,High-Risk Customer,Frequent follow-up and payment assistance,6587056.86
CUST1322,4,169058.55,42264.6375,107.5,284,77,20,9.5,2,13,54.5,69.72,78.16,50.32,2515912.0,0.5,0.2597402597402597,0.5,3.25,1,Valuable but Risky,Priority human intervention,6576495.95
CUST0952,3,187821.47,62607.15666666667,209.0,366,56,11,10.666666666666666,2,11,38.0,78.92,81.73,35.57,1778665.0,0.3333333333333333,0.19642857142857142,0.6666666666666666,3.6666666666666665,2,High-Risk Customer,Frequent follow-up and payment assistance,6575660.98
CUST1664,8,548852.66,68606.5825,240.625,565,140,38,12.25,6,38,30.5,74.19875,78.2475,30.34,1517172.0,0.375,0.2714285714285714,0.75,4.75,2,High-Risk Customer,Frequent follow-up and payment assistance,6570573.92
CUST0975,7,369233.8,52747.68571428571,101.28571428571429,477,87,23,16.285714285714285,2,26,64.57142857142857,67.21571428571428,73.26428571428572,51.6,2579832.0,0.7142857142857143,0.26436781609195403,0.2857142857142857,3.7142857142857144,0,Valuable but Risky,Priority human intervention,6565651.26
CUST1801,4,68791.31,17197.8275,172.75,344,74,19,8.5,4,11,51.0,72.6875,79.245,38.12,1905797.0,0.25,0.25675675675675674,1.0,2.75,2,High-Risk Customer,Frequent follow-up and payment assistance,6532698.68
CUST1900,1,15407.54,15407.54,549.0,549,1,1,11.0,0,3,29.0,0.0,43.4,10.06,503222.0,0.0,1.0,0.0,3.0,3,High-Risk Customer,Frequent follow-up and payment assistance,6531821.56
CUST1333,6,186960.71999999997,31160.119999999995,46.833333333333336,249,97,22,11.0,2,21,63.166666666666664,76.58166666666666,81.02333333333333,72.4,3620118.0,0.8333333333333334,0.2268041237113402,0.3333333333333333,3.5,1,Valuable but Risky,Priority human intervention,6521126.31
CUST0930,4,402961.33,100740.3325,162.75,490,70,19,14.0,2,8,53.75,72.555,76.8775,39.03,1951740.0,0.5,0.2714285714285714,0.5,2.0,2,High-Risk Customer,Frequent follow-up and payment assistance,6520135.99
CUST0246,3,54668.77,18222.923333333332,78.66666666666667,236,52,14,19.666666666666668,3,12,51.333333333333336,81.52333333333333,76.96,57.44,2872136.0,0.6666666666666666,0.2692307692307692,1.0,4.0,1,Valuable but Risky,Priority human intervention,6513120.71
CUST0751,4,54478.28,13619.57,226.5,523,81,15,10.75,6,9,68.75,85.0575,83.0775,33.61,1680369.0,0.5,0.18518518518518517,1.5,2.25,2,High-Risk Customer,Frequent follow-up and payment assistance,6502405.67
CUST1000,4,93535.81,23383.9525,168.75,325,57,8,13.25,3,16,43.5,86.625,83.86,42.35,2117636.0,0.25,0.14035087719298245,0.75,4.0,2,High-Risk Customer,Frequent follow-up and payment assistance,6489904.19
CUST1263,3,44535.8,14845.266666666668,437.6666666666667,569,60,17,9.333333333333334,2,8,53.0,70.14999999999999,78.14,18.8,939855.0,0.0,0.2833333333333333,0.6666666666666666,2.6666666666666665,3,High-Risk Customer,Frequent follow-up and payment assistance,6485051.71
CUST1910,7,224006.2,32000.885714285716,90.71428571428571,380,79,21,14.142857142857142,4,27,52.285714285714285,77.08714285714287,78.91571428571429,53.7,2685122.0,0.5714285714285714,0.26582278481012656,0.5714285714285714,3.857142857142857,0,Valuable but Risky,Priority human intervention,6482166.13
CUST0079,6,159968.35,26661.391666666666,124.66666666666667,259,110,33,14.166666666666666,4,19,41.666666666666664,70.87833333333333,75.605,44.35,2217354.0,0.5,0.3,0.6666666666666666,3.1666666666666665,3,High-Risk Customer,Frequent follow-up and payment assistance,6476151.92
CUST0226,9,248572.48,27619.164444444446,137.33333333333334,494,131,25,11.222222222222221,8,32,54.0,83.77888888888889,83.37777777777778,45.77,2288673.0,0.4444444444444444,0.19083969465648856,0.8888888888888888,3.5555555555555554,2,High-Risk Customer,Frequent follow-up and payment assistance,6468383.9
CUST0768,8,459783.13,57472.89125,53.375,375,133,35,10.5,9,42,46.875,70.13250000000001,76.51875,66.74,3337093.0,0.75,0.2631578947368421,1.125,5.25,0,Valuable but Risky,Priority human intervention,6465178.6
CUST0851,2,42692.189999999995,21346.094999999998,201.5,403,53,16,7.5,2,10,73.5,70.62,78.81,32.94,1646853.0,0.5,0.3018867924528302,1.0,5.0,3,High-Risk Customer,Frequent follow-up and payment assistance,6464208.75
CUST1141,4,65798.28,16449.57,249.5,370,74,21,9.75,3,14,30.25,73.2925,79.295,28.77,1438509.0,0.25,0.28378378378378377,0.75,3.5,2,High-Risk Customer,Frequent follow-up and payment assistance,6454337.17
CUST1698,2,47288.07,23644.035,196.5,393,17,7,5.5,0,4,38.5,58.57,75.985,30.8,1540017.0,0.5,0.4117647058823529,0.0,2.0,3,High-Risk Customer,Frequent follow-up and payment assistance,6446329.98
CUST1235,6,158193.7,26365.61666666667,240.0,550,118,34,7.333333333333333,5,25,68.33333333333333,72.23333333333333,80.05166666666666,29.399999999999995,1469920.0,0.5,0.288135593220339,0.8333333333333334,4.166666666666667,2,High-Risk Customer,Frequent follow-up and payment assistance,6437751.32
CUST1461,4,253053.52,63263.38,3.75,15,74,23,8.75,1,16,55.75,71.17,79.83500000000001,94.51,4725519.0,0.75,0.3108108108108108,0.25,4.0,1,Valuable but Risky,Priority human intervention,6426546.19
CUST0711,6,289794.28,48299.04666666667,138.0,475,86,23,6.333333333333333,10,30,48.0,73.42166666666667,79.57833333333333,42.53,2126475.0,0.6666666666666666,0.26744186046511625,1.6666666666666667,5.0,2,High-Risk Customer,Frequent follow-up and payment assistance,6414536.56
CUST0446,5,229891.95,45978.39,133.4,567,91,21,11.8,6,16,33.0,73.384,77.21000000000001,44.61,2230707.0,0.8,0.23076923076923078,1.2,3.2,2,High-Risk Customer,Frequent follow-up and payment assistance,6407963.25
CUST1038,5,193684.82,38736.964,261.2,492,70,13,12.4,6,20,36.2,66.546,73.434,29.9,1495065.0,0.2,0.18571428571428572,1.2,4.0,2,High-Risk Customer,Frequent follow-up and payment assistance,6403064.38
CUST0909,3,37337.87,12445.956666666667,92.0,214,47,14,12.0,4,12,36.0,75.0,77.63333333333334,51.24,2561910.0,0.3333333333333333,0.2978723404255319,1.3333333333333333,4.0,3,Valuable but Risky,Priority human intervention,6384061.69
CUST1341,8,229607.06,28700.8825,183.0,539,131,37,14.25,4,26,42.0,71.005,75.9525,35.15,1757542.0,0.375,0.2824427480916031,0.5,3.25,2,High-Risk Customer,Frequent follow-up and payment assistance,6378669.99
CUST0926,6,248781.88,41463.64666666667,176.16666666666666,422,70,17,7.666666666666667,11,19,46.833333333333336,62.75833333333333,73.11166666666666,37.13,1856684.0,0.5,0.24285714285714285,1.8333333333333333,3.1666666666666665,2,High-Risk Customer,Frequent follow-up and payment assistance,6372802.59
CUST0400,2,25464.48,12732.24,27.5,55,35,8,1.5,1,12,71.0,77.5,86.85,81.37,4068280.0,1.0,0.22857142857142856,0.5,6.0,1,Valuable but Risky,Priority human intervention,6372670.03
CUST1437,4,82564.55,20641.1375,253.0,517,67,16,10.25,2,15,67.5,70.86749999999999,78.2825,29.12,1456150.0,0.25,0.23880597014925373,0.5,3.75,2,High-Risk Customer,Frequent follow-up and payment assistance,6367722.22
CUST1848,5,157763.13,31552.626,111.6,499,85,18,17.0,1,12,51.4,73.484,76.142,49.67,2483351.0,0.8,0.21176470588235294,0.2,2.4,2,High-Risk Customer,Frequent follow-up and payment assistance,6367545.69
CUST1184,5,223050.98,44610.196,201.6,462,82,12,18.0,4,15,36.4,89.264,82.234,36.72,1835818.0,0.4,0.14634146341463414,0.8,3.0,2,High-Risk Customer,Frequent follow-up and payment assistance,6347094.47
CUST1433,5,128215.84,25643.167999999998,73.2,366,42,7,9.6,2,12,45.8,87.67999999999999,87.282,62.82000000000001,3140930.0,0.8,0.16666666666666666,0.4,2.4,1,Valuable but Risky,Priority human intervention,6346772.55
CUST0348,7,273686.25,39098.03571428572,238.42857142857142,545,109,35,11.714285714285714,5,27,55.0,66.50857142857143,74.79857142857144,28.390000000000004,1419277.0,0.42857142857142855,0.3211009174311927,0.7142857142857143,3.857142857142857,2,High-Risk Customer,Frequent follow-up and payment assistance,6345563.29
CUST0327,6,174603.13999999998,29100.52333333333,67.5,297,105,21,7.833333333333333,4,26,28.0,79.355,83.64333333333333,63.01,3150581.0,0.6666666666666666,0.2,0.6666666666666666,4.333333333333333,1,Valuable but Risky,Priority human intervention,6332667.81
CUST1323,3,91178.16,30392.72,155.33333333333334,466,46,9,13.666666666666666,2,16,52.666666666666664,86.50666666666666,83.72,41.46,2072784.0,0.6666666666666666,0.1956521739130435,0.6666666666666666,5.333333333333333,2,High-Risk Customer,Frequent follow-up and payment assistance,6327999.27
CUST0528,12,426929.61,35577.4675,232.5,560,173,39,11.833333333333334,8,28,50.916666666666664,79.46333333333332,81.29833333333333,31.0,1550134.0,0.3333333333333333,0.2254335260115607,0.6666666666666666,2.3333333333333335,2,High-Risk Customer,Frequent follow-up and payment assistance,6316124.03
CUST0075,3,35392.979999999996,11797.659999999998,92.33333333333333,273,35,10,7.666666666666667,4,4,43.0,69.08,77.27,51.07,2553292.0,0.6666666666666666,0.2857142857142857,1.3333333333333333,1.3333333333333333,1,Valuable but Risky,Priority human intervention,6313926.36
CUST0526,2,43870.64,21935.32,82.5,165,22,12,15.0,2,9,15.0,45.0,61.5,44.64,2231906.0,1.0,0.5454545454545454,1.0,4.5,3,High-Risk Customer,Frequent follow-up and payment assistance,6294989.42
CUST1353,5,74968.05,14993.61,314.8,443,94,33,16.2,2,21,26.4,64.964,71.96600000000001,22.44,1121984.0,0.0,0.35106382978723405,0.4,4.2,3,High-Risk Customer,Frequent follow-up and payment assistance,6287837.06
CUST1237,4,119603.26,29900.815,74.75,153,69,20,13.0,3,20,37.25,69.5675,75.485,55.76,2787946.0,0.5,0.2898550724637681,0.75,5.0,1,Valuable but Risky,Priority human intervention,6284090.89
CUST0787,2,43714.41,21857.205,76.0,152,33,9,2.0,2,10,40.5,77.75,85.675,56.08,2803913.0,0.5,0.2727272727272727,1.0,5.0,1,Valuable but Risky,Priority human intervention,6280765.12
CUST0316,2,86222.44,43111.22,0.0,0,13,4,12.0,4,4,62.5,67.85499999999999,72.725,95.95,4797395.0,1.0,0.3076923076923077,2.0,2.0,1,Valuable but Risky,Priority human intervention,6273516.54
CUST1176,3,71384.3,23794.766666666666,227.0,523,66,15,13.333333333333334,5,13,66.66666666666667,77.27333333333333,77.30333333333333,31.26,1563083.0,0.3333333333333333,0.22727272727272727,1.6666666666666667,4.333333333333333,2,High-Risk Customer,Frequent follow-up and payment assistance,6272936.28
CUST1043,6,206547.44999999998,34424.575,18.333333333333332,110,97,17,8.666666666666666,6,18,42.0,81.16833333333334,83.38666666666667,89.92,4495818.0,0.8333333333333334,0.17525773195876287,1.0,3.0,1,Valuable but Risky,Priority human intervention,6252431.42
CUST0994,4,317769.45999999996,79442.36499999999,247.0,408,48,7,10.25,2,15,57.25,87.0925,86.39750000000001,31.39,1569593.0,0.0,0.14583333333333334,0.5,3.75,2,High-Risk Customer,Frequent follow-up and payment assistance,6240767.17
CUST1886,4,79508.99,19877.2475,0.0,0,36,9,9.0,4,17,47.0,80.08500000000001,82.645,99.82,4991064.0,1.0,0.25,1.0,4.25,1,Valuable but Risky,Priority human intervention,6238830.0
CUST1248,2,47981.880000000005,23990.940000000002,0.0,0,33,14,4.0,1,8,65.5,60.339999999999996,76.77000000000001,87.56,4377802.0,1.0,0.42424242424242425,0.5,4.0,1,Valuable but Risky,Priority human intervention,6235051.33
CUST1613,8,289751.15,36218.89375,200.25,491,109,39,11.25,8,28,39.25,71.21125,76.85625,30.56,1528081.0,0.375,0.3577981651376147,1.0,3.5,2,High-Risk Customer,Frequent follow-up and payment assistance,6229663.8
CUST0392,4,148577.38,37144.345,20.75,59,66,14,5.0,5,12,63.0,78.9425,83.97,85.1,4254955.0,0.75,0.21212121212121213,1.25,3.0,1,Valuable but Risky,Priority human intervention,6227706.86
CUST0692,6,212979.81,35496.635,70.83333333333333,252,82,20,10.0,4,20,40.0,80.435,82.885,58.53,2926280.0,0.6666666666666666,0.24390243902439024,0.6666666666666666,3.3333333333333335,1,Valuable but Risky,Priority human intervention,6218345.0
CUST0872,5,206879.88,41375.976,33.4,167,67,10,6.6,3,17,41.4,87.812,88.74600000000001,80.99,4049453.0,0.8,0.14925373134328357,0.6,3.4,1,Valuable but Risky,Priority human intervention,6208234.53
CUST0382,7,203107.62,29015.374285714286,47.714285714285715,241,111,27,13.571428571428571,10,17,40.285714285714285,79.97142857142856,78.98428571428572,67.59,3379693.0,0.7142857142857143,0.24324324324324326,1.4285714285714286,2.4285714285714284,0,Valuable but Risky,Priority human intervention,6206630.03
CUST0197,6,106665.01,17777.501666666667,43.333333333333336,241,66,18,8.166666666666666,2,16,40.5,78.49666666666667,83.68166666666666,68.03,3401463.0,0.6666666666666666,0.2727272727272727,0.3333333333333333,2.6666666666666665,1,Valuable but Risky,Priority human intervention,6205093.11
CUST0628,5,174868.56,34973.712,65.2,235,94,23,14.0,2,10,58.4,75.11800000000001,78.356,60.29,3014391.0,0.6,0.24468085106382978,0.4,2.0,1,Valuable but Risky,Priority human intervention,6198229.26
CUST0831,5,88855.87999999999,17771.176,99.6,353,92,23,10.6,8,13,48.6,76.838,78.864,49.68,2484003.0,0.6,0.25,1.6,2.6,2,High-Risk Customer,Frequent follow-up and payment assistance,6197587.48
CUST0337,2,23146.21,11573.105,90.5,176,38,11,8.0,2,7,76.0,70.28,78.34,50.43,2521378.0,0.5,0.2894736842105263,1.0,3.5,1,Valuable but Risky,Priority human intervention,6193632.35
CUST1383,5,145476.8,29095.359999999997,46.8,125,54,15,4.8,4,26,38.6,79.11800000000001,85.08,65.91,3295705.0,0.8,0.2777777777777778,0.8,5.2,1,Valuable but Risky,Priority human intervention,6182010.2
CUST0477,5,130337.76,26067.552,17.6,88,71,24,10.4,3,12,25.6,67.09400000000001,76.108,78.57,3928450.0,0.8,0.3380281690140845,0.6,2.4,1,Valuable but Risky,Priority human intervention,6181499.07
CUST1956,1,40389.35,40389.35,289.0,289,16,6,6.0,0,2,83.0,62.5,77.65,23.09,1154381.0,1.0,0.375,0.0,2.0,3,High-Risk Customer,Frequent follow-up and payment assistance,6174495.37
CUST0754,6,212256.04,35376.00666666667,62.333333333333336,236,79,16,13.166666666666666,6,23,43.666666666666664,76.71833333333333,78.45833333333333,63.21,3160691.0,0.8333333333333334,0.20253164556962025,1.0,3.8333333333333335,1,Valuable but Risky,Priority human intervention,6170015.57
CUST0238,3,53510.06,17836.686666666665,107.66666666666667,323,59,13,15.666666666666666,1,8,39.0,78.19666666666667,79.03,48.63,2431306.0,0.6666666666666666,0.22033898305084745,0.3333333333333333,2.6666666666666665,1,High-Risk Customer,Frequent follow-up and payment assistance,6161506.32
CUST1113,4,106796.88,26699.22,156.0,555,48,8,5.5,5,14,62.75,71.5275,79.9625,41.19,2059606.0,0.75,0.16666666666666666,1.25,3.5,2,High-Risk Customer,Frequent follow-up and payment assistance,6151356.59
CUST0874,11,402564.2,36596.74545454545,68.72727272727273,154,146,33,17.90909090909091,7,18,42.0,76.06363636363636,76.01272727272728,59.43999999999999,2971989.0,0.5454545454545454,0.22602739726027396,0.6363636363636364,1.6363636363636365,0,Valuable but Risky,Priority human intervention,6147983.02
CUST0682,6,89818.16,14969.693333333335,89.16666666666667,535,104,25,8.0,3,26,58.0,72.04833333333333,80.22333333333333,52.4,2619931.0,0.8333333333333334,0.2403846153846154,0.5,4.333333333333333,2,Valuable but Risky,Priority human intervention,6147390.98
CUST0193,3,42440.41,14146.803333333335,184.33333333333334,361,60,14,18.333333333333332,3,10,70.66666666666667,75.43333333333334,74.71666666666665,35.04,1752159.0,0.3333333333333333,0.23333333333333334,1.0,3.3333333333333335,3,High-Risk Customer,Frequent follow-up and payment assistance,6144432.24
CUST0939,7,348238.96,49748.42285714286,188.85714285714286,531,95,32,10.714285714285714,2,19,41.142857142857146,62.17,74.08571428571429,31.81,1590724.0,0.42857142857142855,0.3368421052631579,0.2857142857142857,2.7142857142857144,2,High-Risk Customer,Frequent follow-up and payment assistance,6142682.39
CUST0844,7,338744.92,48392.131428571425,140.57142857142858,371,113,24,12.142857142857142,2,38,44.142857142857146,82.0442857142857,83.16571428571429,42.089999999999996,2104410.0,0.5714285714285714,0.21238938053097345,0.2857142857142857,5.428571428571429,2,High-Risk Customer,Frequent follow-up and payment assistance,6137853.63
CUST1651,2,33267.11,16633.555,242.0,484,8,2,13.0,2,3,53.0,75.0,77.7,28.7,1434822.0,0.5,0.25,1.0,1.5,2,High-Risk Customer,Frequent follow-up and payment assistance,6133864.05
CUST1987,10,359434.1,35943.409999999996,87.1,405,194,36,14.4,10,31,34.6,84.466,81.595,55.3,2764766.0,0.8,0.18556701030927836,1.0,3.1,0,Valuable but Risky,Priority human intervention,6132792.54
CUST0131,5,356013.22,71202.644,151.2,487,66,14,9.4,4,17,42.0,80.69,83.104,40.2,2010155.0,0.6,0.21212121212121213,0.8,3.4,2,High-Risk Customer,Frequent follow-up and payment assistance,6120617.41
CUST0935,3,74504.43,24834.809999999998,5.0,15,33,8,5.333333333333333,2,5,28.0,71.69333333333333,81.31333333333333,93.82,4691094.0,0.6666666666666666,0.24242424242424243,0.6666666666666666,1.6666666666666667,1,Valuable but Risky,Priority human intervention,6119745.35
CUST0271,12,322525.02,26877.085000000003,202.58333333333334,497,168,43,14.416666666666666,4,36,39.916666666666664,73.61583333333333,77.4925,32.16,1608242.0,0.4166666666666667,0.25595238095238093,0.3333333333333333,3.0,2,High-Risk Customer,Frequent follow-up and payment assistance,6111806.22
CUST0870,9,316790.32,35198.92444444445,67.33333333333333,295,84,19,13.666666666666666,8,39,44.333333333333336,66.92222222222222,73.48222222222222,59.45000000000001,2972705.0,0.7777777777777778,0.2261904761904762,0.8888888888888888,4.333333333333333,0,Valuable but Risky,Priority human intervention,6099471.62
CUST0299,7,346039.71,49434.24428571429,45.0,315,113,33,5.714285714285714,9,26,43.142857142857146,68.79571428571428,78.39714285714285,65.11,3255599.0,0.8571428571428571,0.2920353982300885,1.2857142857142858,3.7142857142857144,0,Valuable but Risky,Priority human intervention,6099206.27
CUST0281,6,102225.12,17037.52,105.0,472,121,25,12.0,4,20,39.333333333333336,78.34666666666666,80.63833333333334,49.28,2464165.0,0.6666666666666666,0.2066115702479339,0.6666666666666666,3.3333333333333335,2,High-Risk Customer,Frequent follow-up and payment assistance,6095244.5
CUST1878,4,81044.68,20261.17,0.0,0,45,11,9.25,3,13,60.75,75.6225,80.7625,97.81,4890349.0,1.0,0.24444444444444444,0.75,3.25,1,Valuable but Risky,Priority human intervention,6085767.64
CUST1023,1,104792.97,104792.97,443.0,443,24,6,18.0,0,6,81.0,75.0,76.7,17.88,894081.0,0.0,0.25,0.0,6.0,3,High-Risk Customer,Frequent follow-up and payment assistance,6068574.79
CUST1242,5,85659.65,17131.93,134.4,508,76,16,10.8,4,25,54.8,81.50800000000001,82.676,42.76,2138062.0,0.8,0.21052631578947367,0.8,5.0,2,High-Risk Customer,Frequent follow-up and payment assistance,6066694.66
CUST1739,7,349579.78,49939.96857142857,180.71428571428572,557,87,19,17.857142857142858,9,32,28.0,72.65,73.04142857142857,35.44,1772199.0,0.42857142857142855,0.21839080459770116,1.2857142857142858,4.571428571428571,2,High-Risk Customer,Frequent follow-up and payment assistance,6061269.78
CUST0653,9,266980.51,29664.501111111113,198.88888888888889,516,113,37,14.666666666666666,6,27,51.333333333333336,66.97444444444444,73.35444444444445,30.450000000000003,1522542.0,0.4444444444444444,0.3274336283185841,0.6666666666666666,3.0,2,High-Risk Customer,Frequent follow-up and payment assistance,6040763.98
CUST0200,4,271256.41000000003,67814.10250000001,0.0,0,49,12,5.5,2,23,60.75,80.3,85.85,96.9,4844821.0,1.0,0.24489795918367346,0.5,5.75,1,Valuable but Risky,Priority human intervention,6031307.78
CUST1606,4,162933.85,40733.4625,6.25,25,62,19,9.5,2,20,44.25,67.995,77.2975,86.81,4340697.0,0.75,0.3064516129032258,0.5,5.0,1,Valuable but Risky,Priority human intervention,6025342.51
CUST0397,2,42657.92,21328.96,242.0,484,51,12,9.0,1,9,39.0,76.46000000000001,81.83,28.44,1422070.0,0.5,0.23529411764705882,0.5,4.5,2,High-Risk Customer,Frequent follow-up and payment assistance,6007827.49
CUST1261,9,226918.12,25213.124444444446,132.88888888888889,455,59,19,11.0,15,19,59.77777777777778,61.708888888888886,70.9211111111111,38.96,1947951.0,0.5555555555555556,0.3220338983050847,1.6666666666666667,2.111111111111111,3,High-Risk Customer,Frequent follow-up and payment assistance,5997488.01
CUST0837,3,73796.31,24598.77,96.66666666666667,224,63,21,9.666666666666666,6,10,53.666666666666664,65.43,72.91666666666667,45.72,2285883.0,0.3333333333333333,0.3333333333333333,2.0,3.3333333333333335,3,High-Risk Customer,Frequent follow-up and payment assistance,5994093.2
CUST1783,6,171945.39,28657.565000000002,211.33333333333334,528,95,26,11.666666666666666,4,31,41.333333333333336,72.96666666666667,78.15166666666666,30.19,1509410.0,0.5,0.2736842105263158,0.6666666666666666,5.166666666666667,2,High-Risk Customer,Frequent follow-up and payment assistance,5985419.71
CUST1444,11,329950.18,29995.47090909091,207.9090909090909,543,220,57,8.818181818181818,5,33,27.363636363636363,74.30636363636364,80.95636363636363,30.87,1543551.0,0.36363636363636365,0.2590909090909091,0.45454545454545453,3.0,2,High-Risk Customer,Frequent follow-up and payment assistance,5984123.99
CUST1993,3,49405.33,16468.443333333333,219.66666666666666,470,40,9,13.333333333333334,1,14,53.666666666666664,83.76666666666667,83.21333333333332,30.47,1523300.0,0.3333333333333333,0.225,0.3333333333333333,4.666666666666667,2,High-Risk Customer,Frequent follow-up and payment assistance,5965115.86
CUST1954,3,345263.35,115087.78333333333,93.66666666666667,173,37,9,15.0,3,11,48.333333333333336,74.46666666666667,76.23666666666666,49.52,2476105.0,0.3333333333333333,0.24324324324324326,1.0,3.6666666666666665,2,High-Risk Customer,Frequent follow-up and payment assistance,5961836.24
CUST0834,5,96706.70999999999,19341.341999999997,119.4,500,37,14,8.4,3,28,44.4,71.714,79.618,39.34,1967160.0,0.6,0.3783783783783784,0.6,5.6,2,High-Risk Customer,Frequent follow-up and payment assistance,5949010.84
CUST1654,3,137995.71,45998.57,294.6666666666667,554,59,16,17.333333333333332,2,10,32.333333333333336,71.04666666666667,73.79,23.709999999999997,1185371.0,0.3333333333333333,0.2711864406779661,0.6666666666666666,3.3333333333333335,3,High-Risk Customer,Frequent follow-up and payment assistance,5946946.03
CUST1500,5,66828.04,13365.607999999998,135.8,452,66,24,10.0,5,16,45.2,69.454,76.726,36.95,1847519.0,0.6,0.36363636363636365,1.0,3.2,3,High-Risk Customer,Frequent follow-up and payment assistance,5940613.37
CUST0778,7,131211.65,18744.52142857143,156.57142857142858,589,121,38,14.714285714285714,4,18,28.714285714285715,70.01714285714286,75.03999999999999,35.24,1761952.0,0.5714285714285714,0.3140495867768595,0.5714285714285714,2.5714285714285716,2,High-Risk Customer,Frequent follow-up and payment assistance,5940378.52
CUST1538,5,186336.56,37267.312,63.8,281,55,12,10.8,7,17,42.4,84.75,83.096,59.54,2976979.0,0.6,0.21818181818181817,1.4,3.4,1,Valuable but Risky,Priority human intervention,5940209.77
CUST0040,2,17767.04,8883.52,109.0,218,54,10,14.0,2,11,22.5,81.455,80.325,47.93,2396582.0,0.5,0.18518518518518517,1.0,5.5,1,High-Risk Customer,Frequent follow-up and payment assistance,5936422.38
CUST0195,7,152863.69,21837.670000000002,25.285714285714285,177,87,20,7.142857142857143,6,15,39.142857142857146,80.62285714285714,84.31285714285715,77.04,3852177.0,0.7142857142857143,0.22988505747126436,0.8571428571428571,2.142857142857143,1,Valuable but Risky,Priority human intervention,5935705.05
CUST0340,5,172271.41,34454.282,236.8,558,94,24,7.4,3,14,32.0,60.028,74.374,28.07,1403324.0,0.4,0.2553191489361702,0.6,2.8,3,High-Risk Customer,Frequent follow-up and payment assistance,5933134.44
CUST0450,7,353389.31,50484.18714285714,26.571428571428573,98,77,21,11.857142857142858,6,14,42.714285714285715,83.74857142857142,83.0457142857143,73.55,3677447.0,0.7142857142857143,0.2727272727272727,0.8571428571428571,2.0,1,Valuable but Risky,Priority human intervention,5924032.8
CUST0430,1,30600.35,30600.35,0.0,0,12,3,7.0,0,3,84.0,75.0,83.3,94.77,4738482.0,1.0,0.25,0.0,3.0,1,Reliable Customer,Automated reminder and self-service payment,5923102.5
CUST0290,1,17195.25,17195.25,312.0,312,10,4,14.0,4,3,26.0,60.0,63.6,20.53,1026433.0,0.0,0.4,4.0,3.0,3,High-Risk Customer,Frequent follow-up and payment assistance,5920465.54
CUST1463,9,179614.5,19957.166666666668,122.88888888888889,541,149,44,10.555555555555555,6,24,35.666666666666664,69.07666666666667,76.87333333333333,40.99,2049482.0,0.5555555555555556,0.2953020134228188,0.6666666666666666,2.6666666666666665,2,High-Risk Customer,Frequent follow-up and payment assistance,5917027.23
CUST1595,7,204727.81,29246.829999999998,59.0,191,112,28,14.285714285714286,7,18,65.85714285714286,77.98571428571428,78.41857142857143,59.54,2977053.0,0.5714285714285714,0.25,1.0,2.5714285714285716,1,Valuable but Risky,Priority human intervention,5916892.84
CUST1044,7,352093.84,50299.12,16.142857142857142,113,80,18,10.428571428571429,5,35,30.142857142857142,78.33285714285715,81.48,82.9,4145077.0,1.0,0.225,0.7142857142857143,5.0,1,Valuable but Risky,Priority human intervention,5897408.3
CUST0183,2,32450.65,16225.325,0.0,0,50,10,9.0,1,11,53.5,81.17,84.185,98.26,4912894.0,1.0,0.2,0.5,5.5,1,Valuable but Risky,Priority human intervention,5895472.8
CUST1281,5,227037.93000000002,45407.586,159.8,521,113,31,10.6,5,23,57.2,74.60799999999999,78.944,35.6,1780085.0,0.6,0.2743362831858407,1.0,4.6,2,High-Risk Customer,Frequent follow-up and payment assistance,5893373.09
CUST0610,5,266349.54000000004,53269.90800000001,226.8,558,83,21,13.4,4,22,54.4,75.39,78.056,28.73,1436689.0,0.4,0.25301204819277107,0.8,4.4,2,High-Risk Customer,Frequent follow-up and payment assistance,5883016.43
CUST0386,3,104291.48999999999,34763.829999999994,0.0,0,47,14,14.666666666666666,4,9,52.333333333333336,68.18333333333334,72.62666666666667,90.59999999999998,4529825.0,1.0,0.2978723404255319,1.3333333333333333,3.0,1,Valuable but Risky,Priority human intervention,5879134.57
CUST1477,2,39711.64,19855.82,247.0,494,32,6,15.0,1,11,61.5,81.745,80.87,28.51,1425645.0,0.5,0.1875,0.5,5.5,2,High-Risk Customer,Frequent follow-up and payment assistance,5874548.43
CUST0352,4,105857.05,26464.2625,0.0,0,40,12,8.0,3,9,45.25,72.5,79.95,90.21,4510276.0,1.0,0.3,0.75,2.25,1,Valuable but Risky,Priority human intervention,5863358.8
CUST0334,6,212565.84,35427.64,94.16666666666667,230,93,22,15.666666666666666,8,10,34.5,76.335,76.10166666666667,48.76,2438229.0,0.5,0.23655913978494625,1.3333333333333333,1.6666666666666667,2,High-Risk Customer,Frequent follow-up and payment assistance,5854152.87
CUST0160,2,19259.25,9629.625,0.0,0,29,9,7.0,0,6,52.0,82.69,87.14500000000001,89.28,4464084.0,0.5,0.3103448275862069,0.0,3.0,1,Occasional Late Payer,Personalized payment reminder,5849489.38
CUST0515,3,190877.93,63625.97666666666,13.333333333333334,40,49,12,6.666666666666667,1,11,58.333333333333336,72.71,81.69,82.88,4143886.0,1.0,0.24489795918367346,0.3333333333333333,3.6666666666666665,1,Valuable but Risky,Priority human intervention,5846543.92
CUST0202,4,182212.58000000002,45553.145000000004,6.5,21,75,21,17.0,3,16,16.25,71.2,73.9025,85.66,4282851.0,0.5,0.28,0.75,4.0,1,Valuable but Risky,Priority human intervention,5838382.48
CUST0584,4,119060.08,29765.02,265.0,341,44,12,11.75,4,13,43.25,71.9375,76.92,25.14,1256751.0,0.0,0.2727272727272727,1.0,3.25,3,High-Risk Customer,Frequent follow-up and payment assistance,5838179.65
CUST1490,5,335727.86,67145.572,148.4,419,88,21,11.2,6,16,65.6,76.034,78.898,37.93,1896585.0,0.6,0.23863636363636365,1.2,3.2,2,High-Risk Customer,Frequent follow-up and payment assistance,5835361.0
CUST1037,7,356070.86,50867.26571428571,161.57142857142858,401,109,26,13.714285714285714,8,26,39.714285714285715,78.48,78.72571428571429,35.98,1798982.0,0.42857142857142855,0.23853211009174313,1.1428571428571428,3.7142857142857144,2,High-Risk Customer,Frequent follow-up and payment assistance,5828065.08
CUST0150,3,150248.34,50082.78,0.0,0,43,11,6.666666666666667,2,19,31.0,75.45,82.39,92.77,4638645.0,1.0,0.2558139534883721,0.6666666666666666,6.333333333333333,1,Valuable but Risky,Priority human intervention,5825275.12
CUST1078,7,236403.87,33771.98142857143,106.0,276,104,25,10.571428571428571,3,18,28.285714285714285,73.92428571428572,79.76142857142857,45.54,2277039.0,0.5714285714285714,0.2403846153846154,0.42857142857142855,2.5714285714285716,2,High-Risk Customer,Frequent follow-up and payment assistance,5818272.54
CUST0511,5,124077.41,24815.482,57.0,285,50,14,6.2,3,7,32.4,75.946,83.054,57.88000000000001,2894180.0,0.8,0.28,0.6,1.4,1,Valuable but Risky,Priority human intervention,5816144.13
CUST1764,4,170450.36000000002,42612.590000000004,170.0,484,57,13,15.0,5,6,50.5,78.4975,77.7475,35.08,1753820.0,0.5,0.22807017543859648,1.25,1.5,2,High-Risk Customer,Frequent follow-up and payment assistance,5815297.89
CUST1527,9,323765.7,35973.96666666667,160.44444444444446,474,168,49,9.0,5,34,52.111111111111114,70.99888888888889,78.98777777777778,34.51,1725502.0,0.5555555555555556,0.2916666666666667,0.5555555555555556,3.7777777777777777,2,High-Risk Customer,Frequent follow-up and payment assistance,5804716.54
CUST1652,7,126832.26999999999,18118.895714285714,161.57142857142858,478,72,14,17.142857142857142,8,30,37.142857142857146,58.75571428571429,66.80571428571429,37.15,1857402.0,0.42857142857142855,0.19444444444444445,1.1428571428571428,4.285714285714286,3,High-Risk Customer,Frequent follow-up and payment assistance,5803128.24
CUST1016,5,192828.68,38565.736,31.6,104,77,17,13.2,5,6,24.6,75.288,77.724,72.23,3611262.0,0.8,0.22077922077922077,1.0,1.2,1,Valuable but Risky,Priority human intervention,5801656.55
CUST1473,5,138390.96,27678.192,162.4,447,55,14,9.2,7,18,38.2,70.378,76.87,35.14,1756826.0,0.6,0.2545454545454545,1.4,3.6,2,High-Risk Customer,Frequent follow-up and payment assistance,5783343.42
CUST0564,2,12478.2,6239.1,200.5,256,42,11,15.0,2,6,65.5,72.545,75.275,30.44,1522178.0,0.0,0.2619047619047619,1.0,3.0,3,High-Risk Customer,Frequent follow-up and payment assistance,5772135.22
CUST1893,7,205968.34999999998,29424.049999999996,118.14285714285714,382,131,29,10.857142857142858,6,14,35.714285714285715,78.5,81.02285714285713,43.3,2165226.0,0.7142857142857143,0.22137404580152673,0.8571428571428571,2.0,2,High-Risk Customer,Frequent follow-up and payment assistance,5768898.76
CUST0003,3,83893.62,27964.539999999997,393.0,500,60,10,14.333333333333334,2,14,70.33333333333333,83.65666666666667,81.89333333333333,20.04,1002246.0,0.0,0.16666666666666666,0.6666666666666666,4.666666666666667,2,High-Risk Customer,Frequent follow-up and payment assistance,5764584.91
CUST1759,8,375496.83999999997,46937.104999999996,195.25,412,121,34,7.875,3,14,42.375,70.6075,79.82875,30.44,1521926.0,0.5,0.2809917355371901,0.375,1.75,2,High-Risk Customer,Frequent follow-up and payment assistance,5756119.09
CUST0985,4,102532.17,25633.0425,10.5,38,34,6,15.25,3,13,33.25,81.4175,80.0575,88.45,4422352.0,1.0,0.17647058823529413,0.75,3.25,1,Valuable but Risky,Priority human intervention,5749057.6
CUST1639,5,167622.43,33524.486,192.2,509,95,22,8.8,5,24,40.0,76.572,81.008,31.940000000000005,1596933.0,0.6,0.23157894736842105,1.0,4.8,2,High-Risk Customer,Frequent follow-up and payment assistance,5746840.76
CUST0182,4,135103.14,33775.785,249.25,553,69,20,10.75,3,15,39.0,68.5125,76.30499999999999,25.49,1274744.0,0.5,0.2898550724637681,0.75,3.75,2,High-Risk Customer,Frequent follow-up and payment assistance,5742490.79
CUST1644,7,215360.04,30765.72,185.57142857142858,495,130,34,15.428571428571429,4,22,48.142857142857146,80.94142857142857,80.07000000000001,31.88,1593812.0,0.5714285714285714,0.26153846153846155,0.5714285714285714,3.142857142857143,2,High-Risk Customer,Frequent follow-up and payment assistance,5741856.6
CUST0385,5,193383.08,38676.615999999995,104.0,520,74,20,9.8,2,20,19.6,72.438,79.53999999999999,44.29,2214563.0,0.8,0.2702702702702703,0.4,4.0,2,High-Risk Customer,Frequent follow-up and payment assistance,5738710.82
CUST0662,7,202566.74,28938.105714285713,264.2857142857143,533,105,26,14.0,6,31,59.142857142857146,74.75571428571428,77.26142857142858,25.23,1261569.0,0.2857142857142857,0.24761904761904763,0.8571428571428571,4.428571428571429,2,High-Risk Customer,Frequent follow-up and payment assistance,5733702.37
CUST0908,3,38221.86,12740.62,148.66666666666666,249,30,16,22.0,3,4,50.666666666666664,41.11,55.35333333333333,30.0,1499991.0,0.3333333333333333,0.5333333333333333,1.0,1.3333333333333333,3,High-Risk Customer,Frequent follow-up and payment assistance,5719299.02
CUST0199,3,79191.08,26397.02666666667,0.0,0,28,7,5.666666666666667,3,7,58.666666666666664,74.41666666666667,81.81,91.48,4573942.0,1.0,0.25,1.0,2.3333333333333335,1,Valuable but Risky,Priority human intervention,5717427.5
CUST0782,4,121366.18000000001,30341.545000000002,0.0,0,76,19,6.5,3,23,37.25,73.63,81.415,91.21,4560579.0,1.0,0.25,0.75,5.75,1,Valuable but Risky,Priority human intervention,5700723.75
CUST0731,5,66252.08,13250.416000000001,162.4,538,71,16,12.2,5,13,45.6,78.032,79.694,35.46,1772907.0,0.6,0.22535211267605634,1.0,2.6,2,High-Risk Customer,Frequent follow-up and payment assistance,5700470.33
CUST1377,4,110211.01000000001,27552.752500000002,190.5,326,76,15,10.75,4,11,51.0,76.5825,79.8425,32.76,1637819.0,0.25,0.19736842105263158,1.0,2.75,2,High-Risk Customer,Frequent follow-up and payment assistance,5696916.34
CUST0204,7,273367.47000000003,39052.49571428572,0.0,0,74,14,13.571428571428571,7,20,36.285714285714285,78.33714285714287,79.02714285714286,95.8,4790039.0,1.0,0.1891891891891892,1.0,2.857142857142857,1,Valuable but Risky,Priority human intervention,5696262.59
CUST1458,1,100302.42,100302.42,0.0,0,28,6,8.0,0,2,24.0,78.57,84.48,93.79,4689276.0,1.0,0.21428571428571427,0.0,2.0,1,Reliable Customer,Automated reminder and self-service payment,5694120.86
CUST0946,2,125288.68,62644.34,114.5,229,19,7,14.0,1,8,58.0,61.365,71.28,38.77,1938529.0,0.5,0.3684210526315789,0.5,4.0,3,High-Risk Customer,Frequent follow-up and payment assistance,5690092.75
CUST0987,5,116454.83,23290.966,70.8,288,59,19,19.2,4,20,39.6,69.02000000000001,71.388,50.38,2519146.0,0.8,0.3220338983050847,0.8,4.0,3,Valuable but Risky,Priority human intervention,5688317.06
CUST0897,7,152543.97,21791.995714285713,52.857142857142854,337,114,23,11.142857142857142,5,31,49.57142857142857,73.37428571428572,78.57142857142857,61.910000000000004,3095529.0,0.7142857142857143,0.20175438596491227,0.7142857142857143,4.428571428571429,1,Valuable but Risky,Priority human intervention,5686385.92
CUST0873,4,128696.12,32174.03,201.0,498,78,23,8.0,0,17,43.0,72.41499999999999,81.4075,29.14,1456978.0,0.25,0.2948717948717949,0.0,4.25,2,High-Risk Customer,Frequent follow-up and payment assistance,5678665.15
CUST1711,8,321651.33999999997,40206.417499999996,78.25,318,162,39,16.875,6,26,62.0,70.795,73.77125,51.2,2559907.0,0.75,0.24074074074074073,0.75,3.25,0,Valuable but Risky,Priority human intervention,5661542.47
CUST0676,6,110752.82,18458.803333333333,0.0,0,60,13,7.0,4,23,38.833333333333336,84.0,86.46833333333335,93.0,4649757.0,1.0,0.21666666666666667,0.6666666666666666,3.8333333333333335,1,Valuable but Risky,Priority human intervention,5657204.35
CUST0706,7,250256.03,35750.86142857143,182.14285714285714,495,92,22,7.142857142857143,5,21,49.714285714285715,73.7057142857143,81.14142857142858,32.35,1617343.0,0.5714285714285714,0.2391304347826087,0.7142857142857143,3.0,2,High-Risk Customer,Frequent follow-up and payment assistance,5654421.99
CUST0618,9,318283.85,35364.87222222222,233.88888888888889,566,164,42,9.0,9,25,68.66666666666667,71.39555555555555,78.29777777777778,26.96,1347991.0,0.3333333333333333,0.25609756097560976,1.0,2.7777777777777777,2,High-Risk Customer,Frequent follow-up and payment assistance,5653434.07
CUST0184,3,18276.739999999998,6092.246666666666,35.0,105,56,13,4.0,2,14,40.0,75.39333333333333,83.96333333333332,67.96,3397769.0,0.6666666666666666,0.23214285714285715,0.6666666666666666,4.666666666666667,1,Valuable but Risky,Priority human intervention,5651824.68
CUST1278,2,49379.16,24689.58,0.0,0,34,10,6.0,0,2,36.0,57.93,75.36500000000001,87.21,4360518.0,1.0,0.29411764705882354,0.0,1.0,1,Occasional Late Payer,Personalized payment reminder,5643023.29
CUST1070,6,198847.15,33141.191666666666,103.83333333333333,294,95,26,6.0,6,23,54.833333333333336,73.81,81.30666666666667,43.46,2172827.0,0.5,0.2736842105263158,1.0,3.8333333333333335,2,High-Risk Customer,Frequent follow-up and payment assistance,5641078.21
CUST1050,5,126307.29,25261.458,104.8,524,82,19,5.2,3,24,25.2,76.138,83.752,44.66,2232926.0,0.8,0.23170731707317074,0.6,4.8,2,High-Risk Customer,Frequent follow-up and payment assistance,5632637.53
CUST1543,6,261361.51,43560.25166666667,101.16666666666667,534,94,27,12.333333333333334,4,13,25.166666666666668,75.63,79.08333333333333,43.46,2173091.0,0.8333333333333334,0.2872340425531915,0.6666666666666666,2.1666666666666665,2,High-Risk Customer,Frequent follow-up and payment assistance,5627188.32
CUST0730,9,479041.02,53226.78,180.33333333333334,369,116,32,11.777777777777779,5,24,54.22222222222222,66.49555555555555,75.07111111111111,31.450000000000003,1572534.0,0.5555555555555556,0.27586206896551724,0.5555555555555556,2.6666666666666665,2,High-Risk Customer,Frequent follow-up and payment assistance,5624429.94
CUST0546,11,396205.06,36018.641818181815,187.54545454545453,454,187,43,10.363636363636363,19,32,36.36363636363637,75.64272727272727,78.14999999999999,31.79,1589600.0,0.45454545454545453,0.22994652406417113,1.7272727272727273,2.909090909090909,2,High-Risk Customer,Frequent follow-up and payment assistance,5621867.3
CUST0947,5,109209.39,21841.878,288.2,568,83,22,11.6,7,11,34.8,78.5,79.49,22.89,1144316.0,0.4,0.26506024096385544,1.4,2.2,2,High-Risk Customer,Frequent follow-up and payment assistance,5619694.52
CUST1114,9,218456.44,24272.937777777777,176.77777777777777,535,142,37,11.0,7,32,64.55555555555556,77.04,80.36444444444444,32.2,1609757.0,0.4444444444444444,0.2605633802816901,0.7777777777777778,3.5555555555555554,2,High-Risk Customer,Frequent follow-up and payment assistance,5616376.67
CUST1272,4,87675.41,21918.8525,97.25,310,51,15,13.75,6,10,36.0,73.035,75.2675,44.0,2200205.0,0.5,0.29411764705882354,1.5,2.5,3,High-Risk Customer,Frequent follow-up and payment assistance,5616346.82
CUST0727,4,140882.27,35220.5675,84.25,208,66,14,13.25,3,19,56.5,72.4875,76.795,50.29,2514722.0,0.5,0.21212121212121213,0.75,4.75,1,Valuable but Risky,Priority human intervention,5616212.47
CUST0900,7,247788.25,35398.32142857143,194.85714285714286,461,128,32,12.142857142857142,11,16,23.857142857142858,77.63142857142859,78.38714285714286,30.4,1519793.0,0.2857142857142857,0.25,1.5714285714285714,2.2857142857142856,2,High-Risk Customer,Frequent follow-up and payment assistance,5601522.77
CUST1927,5,152870.97999999998,30574.195999999996,123.4,510,72,15,8.2,5,18,60.0,83.24600000000001,84.7,41.45,2072643.0,0.6,0.20833333333333334,1.0,3.6,2,High-Risk Customer,Frequent follow-up and payment assistance,5594927.06
CUST1512,6,153846.26,25641.043333333335,61.833333333333336,194,84,24,14.5,6,19,35.833333333333336,69.47,74.03500000000001,53.77,2688439.0,0.6666666666666666,0.2857142857142857,1.0,3.1666666666666665,1,Valuable but Risky,Priority human intervention,5593873.43
CUST0035,3,34901.32,11633.773333333333,213.33333333333334,486,28,5,21.333333333333332,3,13,72.0,84.12666666666667,77.26666666666667,30.25,1512436.0,0.3333333333333333,0.17857142857142858,1.0,4.333333333333333,2,High-Risk Customer,Frequent follow-up and payment assistance,5585210.09
CUST1944,5,174416.46,34883.292,79.2,396,58,12,7.6,7,22,37.6,77.56,81.42,51.46,2572919.0,0.8,0.20689655172413793,1.4,4.4,1,Valuable but Risky,Priority human intervention,5564602.75
CUST0066,4,100808.71,25202.1775,91.0,282,36,6,12.75,5,18,25.75,87.5,83.6,49.92,2495840.0,0.75,0.16666666666666666,1.25,4.5,1,Valuable but Risky,Priority human intervention,5561563.47
CUST1343,3,69518.16,23172.72,183.0,549,14,4,13.0,3,10,51.333333333333336,75.55666666666667,77.98,30.49,1524620.0,0.6666666666666666,0.2857142857142857,1.0,3.3333333333333335,2,High-Risk Customer,Frequent follow-up and payment assistance,5547438.77
CUST1507,6,156204.55,26034.091666666664,115.33333333333333,318,137,39,19.833333333333332,9,31,34.666666666666664,72.08333333333333,71.14166666666667,40.07,2003341.0,0.3333333333333333,0.2846715328467153,1.5,5.166666666666667,3,High-Risk Customer,Frequent follow-up and payment assistance,5541894.36
CUST0086,6,168321.26,28053.543333333335,52.833333333333336,317,60,17,12.333333333333334,2,31,43.5,62.81166666666667,73.33999999999999,56.31,2815331.0,0.8333333333333334,0.2833333333333333,0.3333333333333333,5.166666666666667,1,Valuable but Risky,Priority human intervention,5521880.74
CUST1830,4,143891.66,35972.915,45.25,181,43,11,10.0,2,11,26.25,78.33500000000001,82.17,60.52,3026030.0,0.75,0.2558139534883721,0.5,2.75,1,Valuable but Risky,Priority human intervention,5519689.84
CUST1965,2,23696.17,11848.085,0.0,0,32,7,2.0,0,11,74.5,80.85499999999999,89.225,90.44,4522089.0,1.0,0.21875,0.0,5.5,1,Reliable Customer,Automated reminder and self-service payment,5511295.97
CUST1186,4,341986.8,85496.7,263.25,317,71,18,9.25,5,12,63.25,74.3125,79.1075,24.2,1210117.0,0.25,0.2535211267605634,1.25,3.0,2,High-Risk Customer,Frequent follow-up and payment assistance,5510165.5
CUST1703,6,224922.69,37487.115,185.33333333333334,429,77,21,16.666666666666668,6,30,61.166666666666664,61.98500000000001,68.99333333333334,30.34,1517130.0,0.3333333333333333,0.2727272727272727,1.0,5.0,3,High-Risk Customer,Frequent follow-up and payment assistance,5509480.58
CUST1367,5,111077.73999999999,22215.548,366.2,554,93,25,11.8,3,15,42.0,73.732,78.584,18.6,929854.0,0.4,0.26881720430107525,0.6,3.0,2,High-Risk Customer,Frequent follow-up and payment assistance,5500296.38
CUST0277,4,110381.81,27595.4525,229.25,562,105,32,13.0,4,15,38.75,69.9525,75.175,25.6,1279787.0,0.5,0.3047619047619048,1.0,3.75,3,High-Risk Customer,Frequent follow-up and payment assistance,5497873.54
CUST1397,7,322133.46,46019.065714285716,157.57142857142858,383,105,30,11.0,6,29,44.714285714285715,71.5957142857143,77.48428571428572,33.18,1659184.0,0.5714285714285714,0.2857142857142857,0.8571428571428571,4.142857142857143,2,High-Risk Customer,Frequent follow-up and payment assistance,5494607.91
CUST1894,6,94135.68,15689.279999999999,199.5,450,104,33,11.333333333333334,3,20,35.166666666666664,71.27,77.83666666666666,27.81,1390683.0,0.6666666666666666,0.3173076923076923,0.5,3.3333333333333335,2,High-Risk Customer,Frequent follow-up and payment assistance,5486712.45
CUST0929,7,138726.45,19818.06428571429,226.57142857142858,519,123,20,12.142857142857142,1,25,46.714285714285715,82.33,83.59571428571428,28.890000000000004,1444316.0,0.5714285714285714,0.16260162601626016,0.14285714285714285,3.5714285714285716,2,High-Risk Customer,Frequent follow-up and payment assistance,5483670.29
CUST0028,3,77863.41,25954.47,102.33333333333333,307,58,13,10.666666666666666,0,10,63.0,79.58666666666666,83.39333333333333,44.28,2213859.0,0.6666666666666666,0.22413793103448276,0.0,3.3333333333333335,1,High-Risk Customer,Frequent follow-up and payment assistance,5483372.49
CUST0659,3,93978.57,31326.190000000002,183.0,549,46,8,12.666666666666666,1,6,28.666666666666668,80.60666666666667,82.03333333333335,32.96,1648099.0,1.0,0.17391304347826086,0.3333333333333333,2.0,2,High-Risk Customer,Frequent follow-up and payment assistance,5475271.5
CUST1614,5,130872.37,26174.474,162.0,482,52,15,12.4,6,12,47.2,72.50800000000001,76.416,32.42,1620889.0,0.6,0.28846153846153844,1.2,2.4,2,High-Risk Customer,Frequent follow-up and payment assistance,5471747.21
CUST1303,7,155872.63,22267.518571428573,152.57142857142858,469,72,20,12.0,4,19,39.857142857142854,74.97714285714287,79.14714285714285,33.87,1693707.0,0.5714285714285714,0.2777777777777778,0.5714285714285714,2.7142857142857144,2,High-Risk Customer,Frequent follow-up and payment assistance,5466103.29
CUST0750,2,190399.42,95199.71,17.5,35,47,17,20.0,1,3,36.0,64.63,69.315,68.21,3410492.0,0.5,0.3617021276595745,0.5,1.5,3,Valuable but Risky,Priority human intervention,5456787.2
CUST1118,3,104502.4,34834.13333333333,129.33333333333334,388,82,19,10.333333333333334,0,11,69.66666666666667,76.76666666666667,82.18666666666667,38.63,1931297.0,0.6666666666666666,0.23170731707317074,0.0,3.6666666666666665,1,High-Risk Customer,Frequent follow-up and payment assistance,5455364.47
CUST0294,4,135884.62,33971.155,172.0,547,47,13,11.0,3,12,48.5,55.5925,69.695,31.42,1570943.0,0.25,0.2765957446808511,0.75,3.0,3,High-Risk Customer,Frequent follow-up and payment assistance,5454848.89
CUST0642,5,131508.91,26301.782,34.2,97,78,19,13.2,3,27,40.6,79.374,80.566,65.28,3264215.0,0.6,0.24358974358974358,0.6,5.4,1,Valuable but Risky,Priority human intervention,5447640.04
CUST1158,3,40460.380000000005,13486.793333333335,27.333333333333332,82,42,4,12.666666666666666,2,8,35.333333333333336,61.826666666666675,71.98,78.12,3905933.0,0.6666666666666666,0.09523809523809523,0.6666666666666666,2.6666666666666665,1,Valuable but Risky,Priority human intervention,5447226.56
CUST1232,10,359616.01,35961.601,72.9,368,172,39,13.3,11,31,43.8,78.221,78.931,51.29,2564719.0,0.7,0.22674418604651161,1.1,3.1,0,Valuable but Risky,Priority human intervention,5439873.38
CUST0381,12,343326.68,28610.556666666667,174.25,494,168,44,13.0,13,28,48.166666666666664,72.46666666666667,76.26666666666667,31.42,1570982.0,0.5833333333333334,0.2619047619047619,1.0833333333333333,2.3333333333333335,2,High-Risk Customer,Frequent follow-up and payment assistance,5436813.36
CUST0827,4,61543.89,15385.9725,35.5,122,58,12,11.75,3,14,54.0,84.1825,83.5425,66.16,3307945.0,1.0,0.20689655172413793,0.75,3.5,1,Valuable but Risky,Priority human intervention,5409630.75
CUST0409,4,322445.2,80611.3,41.25,165,46,8,9.75,1,16,50.75,86.195,86.7475,65.16,3257796.0,0.75,0.17391304347826086,0.25,4.0,1,Valuable but Risky,Priority human intervention,5401921.52
CUST1879,11,329598.81,29963.528181818183,148.54545454545453,522,170,50,9.818181818181818,7,51,36.90909090909091,74.14545454545454,79.90818181818182,33.53,1676528.0,0.6363636363636364,0.29411764705882354,0.6363636363636364,4.636363636363637,2,High-Risk Customer,Frequent follow-up and payment assistance,5392503.0
CUST0351,3,170144.95,56714.98333333334,0.0,0,51,14,16.666666666666668,3,16,57.333333333333336,72.06333333333333,74.03333333333333,84.32,4216233.0,1.0,0.27450980392156865,1.0,5.333333333333333,1,Valuable but Risky,Priority human intervention,5373630.29
CUST1861,8,336674.41000000003,42084.301250000004,201.625,542,97,33,13.5,3,20,41.125,51.21625,66.7575,26.57,1328673.0,0.375,0.3402061855670103,0.375,2.5,3,High-Risk Customer,Frequent follow-up and payment assistance,5371023.63
CUST0001,8,249124.76,31140.595,186.125,411,117,33,9.0,8,29,50.25,70.12,77.66,29.28,1464022.0,0.375,0.28205128205128205,1.0,3.625,2,High-Risk Customer,Frequent follow-up and payment assistance,5370426.86
CUST0080,3,83836.16,27945.38666666667,266.0,579,36,10,12.333333333333334,2,14,73.0,72.12666666666667,77.33,22.95,1147353.0,0.0,0.2777777777777778,0.6666666666666666,4.666666666666667,3,High-Risk Customer,Frequent follow-up and payment assistance,5365787.53
CUST0399,3,47162.119999999995,15720.706666666665,57.333333333333336,123,38,11,13.666666666666666,2,14,58.666666666666664,80.50333333333333,80.71666666666667,52.87,2643726.0,1.0,0.2894736842105263,0.6666666666666666,4.666666666666667,1,Valuable but Risky,Priority human intervention,5363517.1
CUST0630,4,146281.84999999998,36570.462499999994,226.0,461,53,17,16.25,2,17,36.75,65.285,71.8925,24.84,1242097.0,0.5,0.32075471698113206,0.5,4.25,3,High-Risk Customer,Frequent follow-up and payment assistance,5348047.84
CUST1787,6,144628.37,24104.728333333333,71.66666666666667,348,83,23,3.8333333333333335,4,30,56.833333333333336,63.69,78.21166666666666,48.66,2432865.0,0.8333333333333334,0.27710843373493976,0.6666666666666666,5.0,1,High-Risk Customer,Frequent follow-up and payment assistance,5333738.97
CUST0338,4,95898.61,23974.6525,6.25,25,31,9,9.0,3,7,66.0,74.1675,80.185,77.6,3880121.0,1.0,0.2903225806451613,0.75,1.75,1,Valuable but Risky,Priority human intervention,5319520.73
CUST0189,5,213476.93,42695.386,65.8,329,63,16,11.0,3,10,56.6,76.538,80.468,51.17,2558426.0,0.8,0.25396825396825395,0.6,2.0,1,Valuable but Risky,Priority human intervention,5319170.7
CUST0938,3,72506.92,24168.97333333333,18.0,54,39,7,13.666666666666666,3,11,57.0,87.19666666666667,83.39666666666666,76.42,3820771.0,0.6666666666666666,0.1794871794871795,1.0,3.6666666666666665,1,Valuable but Risky,Priority human intervention,5317729.48
CUST0332,7,252251.59,36035.94142857143,86.28571428571429,379,63,15,10.0,10,28,51.42857142857143,76.4342857142857,79.36,46.089999999999996,2304736.0,0.7142857142857143,0.23809523809523808,1.4285714285714286,4.0,2,High-Risk Customer,Frequent follow-up and payment assistance,5315630.57
CUST1665,3,32781.04,10927.013333333334,114.66666666666667,282,27,8,16.333333333333332,1,14,63.666666666666664,71.03333333333335,75.05333333333333,38.18,1908997.0,0.6666666666666666,0.2962962962962963,0.3333333333333333,4.666666666666667,3,High-Risk Customer,Frequent follow-up and payment assistance,5312196.59
CUST0514,6,477142.26,79523.71,141.33333333333334,535,87,24,10.666666666666666,11,23,67.33333333333333,75.04166666666667,77.45333333333333,34.46,1722795.0,0.6666666666666666,0.27586206896551724,1.8333333333333333,3.8333333333333335,2,High-Risk Customer,Frequent follow-up and payment assistance,5304624.42
CUST0591,3,124989.57,41663.19,132.66666666666666,398,21,5,17.0,1,14,23.333333333333332,84.44333333333333,81.35333333333334,36.8,1840008.0,0.6666666666666666,0.23809523809523808,0.3333333333333333,4.666666666666667,2,High-Risk Customer,Frequent follow-up and payment assistance,5300391.3
CUST0117,6,120584.14,20097.356666666667,93.83333333333333,384,84,15,9.166666666666666,4,26,46.5,83.91666666666667,85.125,46.38,2319070.0,0.6666666666666666,0.17857142857142858,0.6666666666666666,4.333333333333333,1,High-Risk Customer,Frequent follow-up and payment assistance,5297832.59
CUST1571,8,220203.55,27525.44375,105.5,467,134,34,6.5,5,19,28.875,77.3825,83.54125,41.09,2054517.0,0.875,0.2537313432835821,0.625,2.375,2,High-Risk Customer,Frequent follow-up and payment assistance,5293294.4
CUST1024,4,149798.3,37449.575,1.0,4,66,8,14.25,1,3,35.25,88.5425,85.2225,93.46,4673037.0,1.0,0.12121212121212122,0.25,0.75,1,Valuable but Risky,Priority human intervention,5291860.38
CUST0889,8,249506.21,31188.27625,123.875,565,115,30,8.125,8,23,50.875,70.49625,78.37125,37.43,1871367.0,0.75,0.2608695652173913,1.0,2.875,2,High-Risk Customer,Frequent follow-up and payment assistance,5282441.88
CUST1059,4,196165.12,49041.28,172.5,455,44,9,17.0,5,16,63.75,77.295,75.94749999999999,32.16,1608141.0,0.75,0.20454545454545456,1.25,4.0,2,High-Risk Customer,Frequent follow-up and payment assistance,5278540.09
CUST0982,9,192913.01,21434.77888888889,182.33333333333334,500,116,36,12.11111111111111,6,33,46.111111111111114,70.38555555555556,76.59555555555556,28.48,1424073.0,0.5555555555555556,0.3103448275862069,0.6666666666666666,3.6666666666666665,2,High-Risk Customer,Frequent follow-up and payment assistance,5268415.35
CUST1851,3,55114.18,18371.393333333333,37.666666666666664,113,18,6,21.333333333333332,2,7,64.33333333333333,37.3,54.51333333333333,57.38,2869182.0,0.6666666666666666,0.3333333333333333,0.6666666666666666,2.3333333333333335,3,Valuable but Risky,Priority human intervention,5266542.96
CUST0548,3,2039189.3599999999,679729.7866666666,0.0,0,57,13,8.0,4,13,43.0,76.43666666666667,80.75333333333333,85.66000000000001,4282939.0,1.0,0.22807017543859648,1.3333333333333333,4.333333333333333,0,Valuable but Risky,Priority human intervention,5259749.65
CUST0665,4,89507.23999999999,22376.809999999998,238.75,367,70,20,23.25,4,12,43.0,73.6825,70.8925,24.12,1206083.0,0.25,0.2857142857142857,1.0,3.0,3,High-Risk Customer,Frequent follow-up and payment assistance,5252922.21
CUST0306,5,408423.88999999996,81684.77799999999,112.0,425,59,16,9.2,5,17,30.8,74.774,79.866,38.98,1949054.0,0.6,0.2711864406779661,1.0,3.4,2,High-Risk Customer,Frequent follow-up and payment assistance,5252535.36
CUST1209,2,27476.92,13738.46,0.0,0,47,14,3.5,1,4,71.0,70.36500000000001,82.08,80.89,4044420.0,1.0,0.2978723404255319,0.5,2.0,1,Valuable but Risky,Priority human intervention,5249140.85
CUST1264,3,306665.99,102221.99666666666,202.33333333333334,484,27,5,19.333333333333332,6,14,46.666666666666664,82.02333333333333,75.41000000000001,29.290000000000003,1464718.0,0.6666666666666666,0.18518518518518517,2.0,4.666666666666667,2,High-Risk Customer,Frequent follow-up and payment assistance,5248392.0
CUST0504,2,26940.37,13470.185,0.0,0,28,6,1.0,2,9,73.5,77.08500000000001,85.94,85.89,4294402.0,1.0,0.21428571428571427,1.0,4.5,1,Valuable but Risky,Priority human intervention,5214631.0
CUST1358,9,407047.08999999997,45227.45444444444,90.77777777777777,391,134,31,11.222222222222221,6,38,51.44444444444444,77.94999999999999,80.9088888888889,44.27,2213349.0,0.7777777777777778,0.23134328358208955,0.6666666666666666,4.222222222222222,2,High-Risk Customer,Frequent follow-up and payment assistance,5199443.1
CUST1923,5,342661.38,68532.276,107.0,283,35,9,13.8,3,8,38.4,72.38199999999999,76.712,39.91,1995537.0,0.6,0.2571428571428571,0.6,1.6,2,High-Risk Customer,Frequent follow-up and payment assistance,5192957.43
CUST0011,4,43700.27,10925.0675,0.0,0,54,8,9.25,3,11,62.0,85.7425,85.82,90.29,4514344.0,1.0,0.14814814814814814,0.75,2.75,1,Valuable but Risky,Priority human intervention,5183135.7
CUST1722,7,134498.18,19214.02571428571,74.71428571428571,523,101,22,12.142857142857142,5,19,33.857142857142854,83.81428571428572,83.19428571428571,48.7,2434775.0,0.8571428571428571,0.21782178217821782,0.7142857142857143,2.7142857142857144,2,High-Risk Customer,Frequent follow-up and payment assistance,5180491.77
CUST0598,5,116634.0,23326.8,138.4,397,85,29,13.2,4,14,66.6,65.812,73.388,32.3,1615213.0,0.4,0.3411764705882353,0.8,2.8,3,High-Risk Customer,Frequent follow-up and payment assistance,5164425.04
CUST1601,3,72478.75,24159.583333333332,139.0,387,34,9,10.666666666666666,2,10,41.333333333333336,68.94,76.73666666666666,34.12,1706042.0,0.3333333333333333,0.2647058823529412,0.6666666666666666,3.3333333333333335,3,High-Risk Customer,Frequent follow-up and payment assistance,5156762.83
CUST0051,1,12911.56,12911.56,23.0,23,28,10,18.0,0,4,54.0,64.29,71.34,61.78,3088915.0,1.0,0.35714285714285715,0.0,4.0,1,Valuable but Risky,Priority human intervention,5156281.68
CUST0431,4,162845.51,40711.3775,115.75,221,59,18,18.5,1,24,25.5,67.355,72.0775,36.59,1829685.0,0.5,0.3050847457627119,0.25,6.0,3,High-Risk Customer,Frequent follow-up and payment assistance,5151881.27
CUST0888,2,18959.72,9479.86,41.5,83,49,11,7.5,2,10,31.5,79.17,83.08500000000001,59.3,2964863.0,1.0,0.22448979591836735,1.0,5.0,1,Valuable but Risky,Priority human intervention,5137078.95
CUST1549,4,195501.99,48875.4975,186.75,519,52,11,16.5,4,15,41.5,81.3875,78.795,29.56,1477989.0,0.5,0.21153846153846154,1.0,3.75,2,High-Risk Customer,Frequent follow-up and payment assistance,5134661.69
CUST1378,5,313436.74,62687.348,153.0,471,90,26,16.0,5,15,26.8,69.4,73.102,31.410000000000004,1570373.0,0.6,0.28888888888888886,1.0,3.0,2,High-Risk Customer,Frequent follow-up and payment assistance,5120811.87
CUST1519,4,42878.56,10719.64,30.0,85,69,22,12.0,2,10,67.75,65.97500000000001,74.7875,59.73,2986537.0,0.75,0.3188405797101449,0.5,2.5,1,Valuable but Risky,Priority human intervention,5120396.04
CUST0067,5,160709.03000000003,32141.806000000004,190.0,507,60,14,18.4,5,25,37.8,69.886,71.904,28.6,1429904.0,0.2,0.23333333333333334,1.0,5.0,3,High-Risk Customer,Frequent follow-up and payment assistance,5114289.97
CUST1810,4,48610.41,12152.6025,176.5,356,63,22,11.5,4,15,65.25,58.65,70.4225,27.35,1367621.0,0.5,0.3492063492063492,1.0,3.75,3,High-Risk Customer,Frequent follow-up and payment assistance,5101986.12
CUST0165,7,209300.31,29900.044285714284,267.42857142857144,503,119,34,14.428571428571429,7,22,36.714285714285715,78.99428571428572,78.84,21.55,1077557.0,0.2857142857142857,0.2857142857142857,1.0,3.142857142857143,2,High-Risk Customer,Frequent follow-up and payment assistance,5090467.23
CUST1901,5,43329.65,8665.93,87.4,252,112,30,9.8,3,22,50.4,74.564,80.2,42.77,2138618.0,0.4,0.26785714285714285,0.6,4.4,1,High-Risk Customer,Frequent follow-up and payment assistance,5081279.99
CUST0425,2,117312.87999999999,58656.439999999995,0.0,0,26,5,7.5,2,9,72.5,80.35499999999999,83.68,85.04,4251765.0,1.0,0.19230769230769232,1.0,4.5,1,Valuable but Risky,Priority human intervention,5069412.12
CUST1445,4,166867.28,41716.82,0.0,0,24,6,3.75,2,8,57.75,52.955,73.2275,80.47,4023313.0,1.0,0.25,0.5,2.0,1,Valuable but Risky,Priority human intervention,5029141.25
CUST0169,5,143095.65,28619.129999999997,141.8,534,73,18,14.6,3,17,64.6,79.55199999999999,79.81800000000001,33.33,1666596.0,0.8,0.2465753424657534,0.6,3.4,2,High-Risk Customer,Frequent follow-up and payment assistance,5023485.63
CUST0949,3,64733.3,21577.766666666666,132.33333333333334,244,50,14,16.0,3,14,48.0,65.97333333333334,71.38666666666667,33.73,1686675.0,0.3333333333333333,0.28,1.0,4.666666666666667,3,High-Risk Customer,Frequent follow-up and payment assistance,5015946.56
CUST1300,7,106999.63,15285.66142857143,249.71428571428572,489,109,23,16.0,9,17,56.714285714285715,77.22285714285714,76.44142857142857,23.68,1183754.0,0.5714285714285714,0.21100917431192662,1.2857142857142858,2.4285714285714284,2,High-Risk Customer,Frequent follow-up and payment assistance,5013283.52
CUST1489,4,141414.83,35353.7075,215.0,338,74,24,9.0,3,16,49.75,67.69,76.9425,23.99,1199734.0,0.5,0.32432432432432434,0.75,4.0,2,High-Risk Customer,Frequent follow-up and payment assistance,5004836.29
CUST1436,8,249667.95,31208.49375,66.625,322,150,39,11.875,3,30,53.75,73.08875,78.6675,47.61,2380344.0,0.625,0.26,0.375,3.75,2,High-Risk Customer,Frequent follow-up and payment assistance,4997472.72
CUST0884,3,120437.69,40145.89666666667,237.0,408,57,13,22.666666666666668,5,8,27.666666666666668,68.77666666666666,67.45666666666666,24.13,1206618.0,0.6666666666666666,0.22807017543859648,1.6666666666666667,2.6666666666666665,3,High-Risk Customer,Frequent follow-up and payment assistance,4993705.02
CUST1590,5,223089.88999999998,44617.977999999996,228.8,499,82,18,14.6,2,17,23.0,78.19800000000001,79.53999999999999,24.88,1243982.0,0.6,0.21951219512195122,0.4,3.4,2,High-Risk Customer,Frequent follow-up and payment assistance,4988064.41
CUST0408,3,15447.68,5149.2266666666665,52.666666666666664,158,41,6,12.666666666666666,2,11,57.0,86.66666666666667,84.39999999999999,56.98,2849131.0,0.6666666666666666,0.14634146341463414,0.6666666666666666,3.6666666666666665,1,Valuable but Risky,Priority human intervention,4986210.89
CUST0915,6,285965.33,47660.888333333336,148.66666666666666,469,107,19,21.5,1,21,56.333333333333336,81.04833333333333,77.29166666666667,34.02,1700824.0,0.5,0.17757009345794392,0.16666666666666666,3.5,2,High-Risk Customer,Frequent follow-up and payment assistance,4980394.17
CUST0201,3,155684.64,51894.880000000005,216.33333333333334,565,52,16,10.666666666666666,1,8,21.333333333333332,62.84666666666667,74.36,24.06,1203224.0,0.3333333333333333,0.3076923076923077,0.3333333333333333,2.6666666666666665,3,High-Risk Customer,Frequent follow-up and payment assistance,4977336.61
CUST0539,3,87967.03,29322.343333333334,99.66666666666667,299,41,6,6.666666666666667,0,8,37.0,90.67,91.33666666666666,43.46,2173238.0,0.6666666666666666,0.14634146341463414,0.0,2.6666666666666665,1,High-Risk Customer,Frequent follow-up and payment assistance,4974241.42
CUST0089,3,49131.55,16377.183333333334,0.0,0,50,14,12.666666666666666,0,4,33.666666666666664,70.41333333333334,77.60666666666667,77.63,3881661.0,1.0,0.28,0.0,1.3333333333333333,1,Occasional Late Payer,Personalized payment reminder,4968526.08
CUST0152,4,324827.32,81206.83,0.0,0,17,4,2.75,2,23,42.75,90.91,92.80499999999999,80.05,4002255.0,1.0,0.23529411764705882,0.5,5.75,1,Valuable but Risky,Priority human intervention,4943962.06
CUST1080,9,164755.26,18306.14,185.0,576,101,21,17.88888888888889,10,39,54.333333333333336,82.98777777777778,78.53777777777776,28.68,1433875.0,0.4444444444444444,0.2079207920792079,1.1111111111111112,4.333333333333333,2,High-Risk Customer,Frequent follow-up and payment assistance,4936221.16
CUST0667,2,27485.989999999998,13742.994999999999,0.0,0,36,9,18.0,3,10,42.5,75.715,74.06,78.96,3948190.0,1.0,0.25,1.5,5.0,1,Valuable but Risky,Priority human intervention,4935237.5
CUST1347,5,82700.9,16540.18,277.8,378,82,21,20.6,4,12,53.8,72.322,72.202,20.79,1039336.0,0.0,0.25609756097560976,0.8,2.4,3,High-Risk Customer,Frequent follow-up and payment assistance,4932207.01
CUST0015,3,231404.17,77134.72333333334,121.66666666666667,365,62,14,17.0,1,12,24.333333333333332,78.28333333333335,78.27333333333333,36.26,1812999.0,0.6666666666666666,0.22580645161290322,0.3333333333333333,4.0,2,High-Risk Customer,Frequent follow-up and payment assistance,4926288.68
CUST1002,8,388308.97000000003,48538.621250000004,94.625,442,147,36,13.5,2,32,41.25,73.955,78.3775,40.66,2033044.0,0.5,0.24489795918367346,0.25,4.0,2,High-Risk Customer,Frequent follow-up and payment assistance,4925827.04
CUST0257,9,314808.16000000003,34978.68444444445,222.22222222222223,503,116,29,18.0,10,36,41.111111111111114,70.78555555555556,72.37111111111112,24.3,1214795.0,0.3333333333333333,0.25,1.1111111111111112,4.0,2,High-Risk Customer,Frequent follow-up and payment assistance,4892924.31
CUST0587,2,166016.04,83008.02,0.0,0,28,5,3.0,0,7,52.0,83.33500000000001,89.87,83.0,4149906.0,1.0,0.17857142857142858,0.0,3.5,1,Reliable Customer,Automated reminder and self-service payment,4890960.64
CUST1627,2,31194.65,15597.325,78.0,156,6,1,5.5,2,5,22.0,87.5,88.45,46.98,2348756.0,0.5,0.16666666666666666,1.0,2.5,1,High-Risk Customer,Frequent follow-up and payment assistance,4877583.29
CUST0125,6,234269.93,39044.988333333335,144.5,480,129,34,12.5,5,25,33.666666666666664,74.36333333333333,78.015,31.53,1576534.0,0.6666666666666666,0.26356589147286824,0.8333333333333334,4.166666666666667,2,High-Risk Customer,Frequent follow-up and payment assistance,4870573.47
CUST0861,2,97120.87000000001,48560.435000000005,0.0,0,46,11,9.5,0,10,11.0,74.175,81.39,78.56,3927809.0,1.0,0.2391304347826087,0.0,5.0,1,Reliable Customer,Automated reminder and self-service payment,4867067.67
CUST0447,8,474054.54,59256.8175,124.375,449,118,28,8.625,4,23,43.125,76.8125,82.23,35.02,1751243.0,0.5,0.23728813559322035,0.5,2.875,2,High-Risk Customer,Frequent follow-up and payment assistance,4861739.97
CUST1140,3,79837.65,26612.55,103.33333333333333,274,51,14,13.0,4,10,82.0,73.13,76.10000000000001,37.5,1874964.0,0.6666666666666666,0.27450980392156865,1.3333333333333333,3.3333333333333335,1,High-Risk Customer,Frequent follow-up and payment assistance,4858975.33
CUST1624,2,205290.13,102645.065,167.5,335,9,2,12.5,0,12,83.5,67.85499999999999,76.43,29.67,1483284.0,0.5,0.2222222222222222,0.0,6.0,2,High-Risk Customer,Frequent follow-up and payment assistance,4849514.63
CUST1503,6,268641.99,44773.665,91.5,548,127,33,8.333333333333334,6,12,50.666666666666664,73.93166666666667,79.96499999999999,40.17,2008691.0,1.0,0.25984251968503935,1.0,2.0,2,High-Risk Customer,Frequent follow-up and payment assistance,4846164.74
CUST1588,4,89177.51000000001,22294.377500000002,68.75,247,81,18,15.75,2,11,34.0,78.6725,78.885,46.97,2348354.0,0.5,0.2222222222222222,0.5,2.75,1,High-Risk Customer,Frequent follow-up and payment assistance,4843480.12
CUST0804,6,307910.22,51318.369999999995,105.83333333333333,388,59,23,9.0,3,34,50.166666666666664,70.90166666666666,79.05,33.85,1692425.0,0.5,0.3898305084745763,0.5,5.666666666666667,2,High-Risk Customer,Frequent follow-up and payment assistance,4841578.52
CUST0227,3,23651.41,7883.803333333333,137.66666666666666,413,46,10,6.333333333333333,1,8,27.0,79.08,85.07333333333334,33.46,1673154.0,0.6666666666666666,0.21739130434782608,0.3333333333333333,2.6666666666666665,1,High-Risk Customer,Frequent follow-up and payment assistance,4840992.24
CUST1747,4,72833.29000000001,18208.322500000002,112.5,450,40,8,12.0,1,10,54.0,89.0475,86.825,37.91,1895700.0,0.75,0.2,0.25,2.5,1,High-Risk Customer,Frequent follow-up and payment assistance,4834035.0
CUST1216,7,386950.44,55278.63428571429,70.0,369,88,24,15.714285714285714,2,28,58.285714285714285,62.64857142857143,71.32428571428571,44.63,2231533.0,0.5714285714285714,0.2727272727272727,0.2857142857142857,4.0,2,High-Risk Customer,Frequent follow-up and payment assistance,4828225.95
CUST0091,3,56428.47,18809.49,153.33333333333334,460,65,11,19.666666666666668,2,11,37.333333333333336,83.36666666666667,78.55,32.57,1628638.0,0.6666666666666666,0.16923076923076924,0.6666666666666666,3.6666666666666665,2,High-Risk Customer,Frequent follow-up and payment assistance,4824109.28
CUST1990,4,98182.47,24545.6175,141.0,501,64,14,15.5,6,12,65.0,59.3275,67.3625,32.84,1642173.0,0.75,0.21875,1.5,3.0,3,High-Risk Customer,Frequent follow-up and payment assistance,4823370.01
CUST0971,3,208419.65,69473.21666666666,63.333333333333336,190,59,13,14.666666666666666,2,7,51.333333333333336,78.61,79.17333333333333,48.34,2417108.0,0.6666666666666666,0.22033898305084745,0.6666666666666666,2.3333333333333335,1,High-Risk Customer,Frequent follow-up and payment assistance,4817828.83
CUST1386,3,89542.73999999999,29847.579999999998,160.0,480,58,15,13.666666666666666,2,11,63.333333333333336,52.160000000000004,66.54666666666667,29.42,1470827.0,0.6666666666666666,0.25862068965517243,0.6666666666666666,3.6666666666666665,3,High-Risk Customer,Frequent follow-up and payment assistance,4813154.56
CUST0689,7,208513.71000000002,29787.67285714286,68.85714285714286,356,130,30,13.285714285714286,3,29,52.42857142857143,78.77571428571427,80.55857142857143,46.27,2313429.0,0.8571428571428571,0.23076923076923078,0.42857142857142855,4.142857142857143,2,High-Risk Customer,Frequent follow-up and payment assistance,4807864.75
CUST1302,10,379646.32,37964.632,174.9,517,137,23,15.1,8,38,46.0,82.509,80.596,29.93,1496250.0,0.5,0.1678832116788321,0.8,3.8,2,High-Risk Customer,Frequent follow-up and payment assistance,4803727.01
CUST1498,6,152187.2,25364.533333333336,94.0,560,78,14,11.5,5,19,42.333333333333336,82.62166666666667,82.74666666666667,41.87,2093321.0,0.8333333333333334,0.1794871794871795,0.8333333333333334,3.1666666666666665,2,High-Risk Customer,Frequent follow-up and payment assistance,4789947.85
CUST0530,7,190827.75,27261.10714285714,131.14285714285714,550,85,15,17.571428571428573,5,16,56.57142857142857,83.37,79.71428571428571,35.1,1755243.0,0.5714285714285714,0.17647058823529413,0.7142857142857143,2.2857142857142856,2,High-Risk Customer,Frequent follow-up and payment assistance,4773080.96
CUST1852,4,326037.06,81509.265,265.5,490,80,20,14.0,3,17,45.25,76.965,78.5825,20.88,1043978.0,0.25,0.25,0.75,4.25,2,High-Risk Customer,Frequent follow-up and payment assistance,4769674.49
CUST1443,3,160546.41,53515.47,10.333333333333334,31,77,18,13.0,1,15,49.0,76.69333333333333,79.88,70.0,3500087.0,1.0,0.23376623376623376,0.3333333333333333,5.0,1,Valuable but Risky,Priority human intervention,4764512.37
CUST0225,7,247618.62,35374.08857142857,98.42857142857143,323,129,42,9.428571428571429,4,24,45.285714285714285,64.62428571428572,75.51142857142857,36.21,1810462.0,0.5714285714285714,0.32558139534883723,0.5714285714285714,3.4285714285714284,2,High-Risk Customer,Frequent follow-up and payment assistance,4762116.54
CUST1402,3,256089.06999999998,85363.02333333333,52.0,156,65,18,13.666666666666666,3,10,38.0,70.57333333333334,75.08666666666666,49.06,2453233.0,0.6666666666666666,0.27692307692307694,1.0,3.3333333333333335,1,High-Risk Customer,Frequent follow-up and payment assistance,4761536.54
CUST0500,4,141936.29,35484.0725,137.0,371,48,11,7.0,5,18,34.25,72.075,79.3375,32.63,1631420.0,0.5,0.22916666666666666,1.25,4.5,2,High-Risk Customer,Frequent follow-up and payment assistance,4752530.39
CUST0268,6,173722.98,28953.83,155.33333333333334,513,112,36,15.5,7,18,40.166666666666664,69.21,72.97333333333334,28.149999999999995,1407453.0,0.5,0.32142857142857145,1.1666666666666667,3.0,3,High-Risk Customer,Frequent follow-up and payment assistance,4748813.44
CUST0373,6,121223.92,20203.986666666668,149.66666666666666,408,90,17,11.166666666666666,5,28,44.333333333333336,80.64833333333333,81.95666666666666,31.99,1599420.0,0.5,0.18888888888888888,0.8333333333333334,4.666666666666667,2,High-Risk Customer,Frequent follow-up and payment assistance,4747493.22
CUST0893,8,166516.13999999998,20814.517499999998,125.0,424,126,37,15.625,10,45,37.625,70.9625,73.605,32.57,1628315.0,0.625,0.29365079365079366,1.25,5.625,2,High-Risk Customer,Frequent follow-up and payment assistance,4739559.73
CUST0954,4,140346.31,35086.5775,238.5,407,66,19,6.5,1,16,46.25,54.5,72.85,21.72,1085891.0,0.25,0.2878787878787879,0.25,4.0,3,High-Risk Customer,Frequent follow-up and payment assistance,4733908.91
CUST0940,9,247947.71,27549.745555555553,78.55555555555556,465,103,32,9.777777777777779,4,34,54.333333333333336,64.27000000000001,75.38,40.31,2015730.0,0.6666666666666666,0.3106796116504854,0.4444444444444444,3.7777777777777777,2,High-Risk Customer,Frequent follow-up and payment assistance,4717395.31
CUST0479,6,176768.52,29461.42,150.5,462,56,11,22.666666666666668,3,25,48.0,86.97000000000001,78.88666666666667,31.429999999999996,1571466.0,0.6666666666666666,0.19642857142857142,0.5,4.166666666666667,2,High-Risk Customer,Frequent follow-up and payment assistance,4709767.79
CUST1027,3,120796.0,40265.333333333336,128.33333333333334,385,69,21,13.333333333333334,5,12,22.333333333333332,68.10666666666667,72.71666666666667,31.62,1581064.0,0.6666666666666666,0.30434782608695654,1.6666666666666667,4.0,3,High-Risk Customer,Frequent follow-up and payment assistance,4708821.04
CUST1604,2,60707.7,30353.85,7.5,15,42,14,4.5,1,6,56.5,66.075,79.34,65.65,3282452.0,1.0,0.3333333333333333,0.5,3.0,1,Valuable but Risky,Priority human intervention,4704847.87
CUST0194,4,203210.91,50802.7275,0.0,0,64,15,13.25,4,8,39.75,76.7,78.4,76.16,3807985.0,1.0,0.234375,1.0,2.0,1,Valuable but Risky,Priority human intervention,4700481.48
CUST1407,7,341566.51,48795.21571428572,216.42857142857142,545,114,29,18.714285714285715,7,9,45.0,71.45142857142858,72.49714285714286,23.66,1183183.0,0.2857142857142857,0.2543859649122807,1.0,1.2857142857142858,2,High-Risk Customer,Frequent follow-up and payment assistance,4696332.07
CUST0517,3,125206.53,41735.51,24.333333333333332,73,38,10,14.666666666666666,0,9,52.666666666666664,73.88,78.14,59.79,2989362.0,1.0,0.2631578947368421,0.0,3.0,1,Occasional Late Payer,Personalized payment reminder,4694871.69
CUST1081,4,162254.97,40563.7425,100.75,302,61,13,9.75,6,20,49.0,88.6375,85.4675,38.53,1926336.0,0.75,0.21311475409836064,1.5,5.0,1,High-Risk Customer,Frequent follow-up and payment assistance,4691259.75
CUST0012,9,412590.95,45843.43888888889,61.888888888888886,385,116,20,10.555555555555555,8,35,48.111111111111114,85.63666666666667,84.70666666666666,49.18,2459029.0,0.7777777777777778,0.1724137931034483,0.8888888888888888,3.888888888888889,2,High-Risk Customer,Frequent follow-up and payment assistance,4667255.89
CUST0266,6,251529.38999999998,41921.564999999995,32.666666666666664,171,56,16,11.5,3,24,20.166666666666668,66.37,75.28666666666666,54.72,2735747.0,0.8333333333333334,0.2857142857142857,0.5,4.0,1,Valuable but Risky,Priority human intervention,4666402.74
CUST1390,5,99213.21,19842.642,109.0,472,67,16,14.8,5,18,74.8,77.096,77.66799999999999,36.04,1801797.0,0.4,0.23880597014925373,1.0,3.6,2,High-Risk Customer,Frequent follow-up and payment assistance,4665040.68
CUST0542,6,131447.90000000002,21907.983333333337,145.0,498,57,8,9.666666666666666,5,27,37.833333333333336,84.96833333333333,85.01833333333333,33.38,1668963.0,0.5,0.14035087719298245,0.8333333333333334,4.5,2,High-Risk Customer,Frequent follow-up and payment assistance,4662848.38
CUST1423,3,215691.88,71897.29333333333,0.0,0,27,7,21.666666666666668,0,5,30.0,81.04666666666667,77.52333333333333,73.82,3691141.0,1.0,0.25925925925925924,0.0,1.6666666666666667,1,Occasional Late Payer,Personalized payment reminder,4648103.48
CUST1201,3,68995.84,22998.61333333333,115.66666666666667,347,51,10,17.666666666666668,3,17,40.333333333333336,79.75666666666666,77.27999999999999,35.99,1799736.0,0.6666666666666666,0.19607843137254902,1.0,5.666666666666667,2,High-Risk Customer,Frequent follow-up and payment assistance,4642495.47
CUST1277,9,170772.99,18974.776666666665,156.0,456,152,42,9.777777777777779,11,33,31.88888888888889,71.62222222222222,77.49888888888889,28.39,1419391.0,0.5555555555555556,0.27631578947368424,1.2222222222222223,3.6666666666666665,2,High-Risk Customer,Frequent follow-up and payment assistance,4637673.33
CUST0026,9,453381.36,50375.706666666665,144.11111111111111,434,92,24,14.11111111111111,11,30,55.888888888888886,64.14,71.16,30.119999999999997,1506081.0,0.5555555555555556,0.2608695652173913,1.2222222222222223,3.3333333333333335,2,High-Risk Customer,Frequent follow-up and payment assistance,4635600.91
CUST1137,4,214961.15,53740.2875,108.0,333,53,16,8.75,2,20,17.75,69.68,78.5925,34.16,1707888.0,0.5,0.3018867924528302,0.5,5.0,2,High-Risk Customer,Frequent follow-up and payment assistance,4624831.81
CUST0050,1,7486.36,7486.36,0.0,0,25,6,3.0,0,5,86.0,76.0,86.2,74.55,3727361.0,1.0,0.24,0.0,5.0,1,Reliable Customer,Automated reminder and self-service payment,4621927.64
CUST1575,7,480603.93,68657.70428571428,70.28571428571429,230,85,27,10.285714285714286,4,19,41.285714285714285,64.26571428571428,74.81714285714285,41.15,2057338.0,0.5714285714285714,0.3176470588235294,0.5714285714285714,2.7142857142857144,2,High-Risk Customer,Frequent follow-up and payment assistance,4616182.39
CUST0429,11,551345.7999999999,50122.34545454545,234.8181818181818,562,161,41,14.454545454545455,10,46,35.36363636363637,75.53818181818183,77.27909090909091,21.92,1096161.0,0.45454545454545453,0.2546583850931677,0.9090909090909091,4.181818181818182,2,High-Risk Customer,Frequent follow-up and payment assistance,4604779.87
CUST1797,3,68199.87,22733.289999999997,180.66666666666666,542,44,15,10.333333333333334,2,12,58.666666666666664,66.28666666666668,75.61333333333333,24.45,1222304.0,0.6666666666666666,0.3409090909090909,0.6666666666666666,4.0,3,High-Risk Customer,Frequent follow-up and payment assistance,4600122.58
CUST1741,2,159690.17,79845.085,20.5,41,51,12,17.0,2,7,25.5,75.85499999999999,75.725,61.61,3080486.0,0.5,0.23529411764705882,1.0,3.5,1,Valuable but Risky,Priority human intervention,4585394.01
CUST1496,6,131257.33,21876.221666666665,124.83333333333333,357,94,21,18.5,0,20,29.833333333333332,77.19,77.49499999999999,33.18,1658795.0,0.5,0.22340425531914893,0.0,3.3333333333333335,2,High-Risk Customer,Frequent follow-up and payment assistance,4562715.64
CUST0801,3,106734.16,35578.05333333334,159.0,432,54,9,17.0,3,8,27.0,87.85666666666667,81.72666666666667,30.19,1509700.0,0.3333333333333333,0.16666666666666666,1.0,2.6666666666666665,2,High-Risk Customer,Frequent follow-up and payment assistance,4561810.17
CUST1966,6,310275.07,51712.511666666665,146.33333333333334,458,95,27,15.333333333333334,5,17,44.5,68.785,73.52499999999999,28.81,1440254.0,0.5,0.28421052631578947,0.8333333333333334,2.8333333333333335,2,High-Risk Customer,Frequent follow-up and payment assistance,4556155.09
CUST1453,2,15825.54,7912.77,0.0,0,41,7,15.0,1,6,36.0,82.625,81.315,77.8,3889847.0,1.0,0.17073170731707318,0.5,3.0,1,Valuable but Risky,Priority human intervention,4553967.22
CUST1164,2,55750.6,27875.3,0.0,0,31,9,22.5,0,8,73.5,66.53999999999999,69.77,70.4,3519992.0,1.0,0.2903225806451613,0.0,4.0,1,Occasional Late Payer,Personalized payment reminder,4541925.16
CUST0031,4,46061.13,11515.2825,0.0,0,76,20,7.75,3,7,53.75,79.065,83.3825,71.83,3591483.0,1.0,0.2631578947368421,0.75,1.75,1,Valuable but Risky,Priority human intervention,4536610.11
CUST1979,3,43311.33,14437.11,173.66666666666666,521,19,7,4.333333333333333,2,14,30.0,56.410000000000004,74.27333333333333,24.2,1210152.0,0.6666666666666666,0.3684210526315789,0.6666666666666666,4.666666666666667,3,High-Risk Customer,Frequent follow-up and payment assistance,4531913.09
CUST1928,3,108600.95999999999,36200.32,0.0,0,31,10,13.666666666666666,3,10,23.666666666666668,65.0,72.3,68.49,3424659.0,1.0,0.3225806451612903,1.0,3.3333333333333335,1,Valuable but Risky,Priority human intervention,4529387.71
CUST1625,10,327740.36,32774.036,202.0,578,144,41,11.0,7,24,42.2,71.577,77.788,23.35,1167374.0,0.4,0.2847222222222222,0.7,2.4,2,High-Risk Customer,Frequent follow-up and payment assistance,4529248.98
CUST1434,3,64863.61,21621.203333333335,76.33333333333333,224,64,22,21.0,1,14,39.0,65.31,69.38666666666667,38.22,1910971.0,0.3333333333333333,0.34375,0.3333333333333333,4.666666666666667,3,High-Risk Customer,Frequent follow-up and payment assistance,4528005.97
CUST1384,1,7753.61,7753.61,558.0,558,14,4,17.0,2,4,86.0,71.43,71.52,10.67,533442.0,0.0,0.2857142857142857,2.0,4.0,3,High-Risk Customer,Frequent follow-up and payment assistance,4512919.32
CUST1668,4,242210.2,60552.55,139.0,556,60,16,19.0,2,12,58.5,70.4675,72.83500000000001,29.59,1479290.0,0.75,0.26666666666666666,0.5,3.0,2,High-Risk Customer,Frequent follow-up and payment assistance,4478303.93
CUST1671,8,352873.27,44109.15875,147.625,489,158,39,12.875,12,28,40.75,68.7025,73.62625,29.0,1449769.0,0.75,0.2468354430379747,1.5,3.5,2,High-Risk Customer,Frequent follow-up and payment assistance,4476127.38
CUST1821,5,55726.270000000004,11145.254,0.0,0,56,11,11.6,3,23,41.2,77.328,80.506,74.64,3731890.0,1.0,0.19642857142857142,0.6,4.6,1,Valuable but Risky,Priority human intervention,4464939.82
CUST0592,8,198585.46,24823.1825,98.0,409,119,24,7.375,5,28,51.125,82.28625,85.46875,37.53,1876525.0,0.75,0.20168067226890757,0.625,3.5,2,High-Risk Customer,Frequent follow-up and payment assistance,4464867.97
CUST0922,6,249851.30000000002,41641.88333333334,116.5,387,79,16,6.666666666666667,2,24,39.333333333333336,81.39666666666666,86.03333333333335,34.14,1707153.0,0.6666666666666666,0.20253164556962025,0.3333333333333333,4.0,2,High-Risk Customer,Frequent follow-up and payment assistance,4444540.42
CUST0509,5,191447.33000000002,38289.466,33.4,167,71,12,12.8,2,22,53.6,81.22999999999999,82.138,56.92999999999999,2846461.0,1.0,0.16901408450704225,0.4,4.4,1,Valuable but Risky,Priority human intervention,4438955.7
CUST1738,3,130726.48999999999,43575.496666666666,160.33333333333334,451,50,12,8.0,4,12,50.333333333333336,71.33333333333333,78.2,27.459999999999997,1373173.0,0.3333333333333333,0.24,1.3333333333333333,4.0,2,High-Risk Customer,Frequent follow-up and payment assistance,4432785.53
CUST1485,2,54822.51,27411.255,0.0,0,7,1,10.0,2,7,13.0,91.66499999999999,87.83,77.45,3872727.0,1.0,0.14285714285714285,1.0,3.5,1,Valuable but Risky,Priority human intervention,4425973.71
CUST0357,6,129422.68,21570.446666666667,68.16666666666667,272,96,24,14.166666666666666,8,27,37.833333333333336,77.74166666666666,77.70666666666666,42.09,2104376.0,0.6666666666666666,0.25,1.3333333333333333,4.5,2,High-Risk Customer,Frequent follow-up and payment assistance,4423573.72
CUST0605,7,260296.07,37185.15285714286,145.71428571428572,468,85,17,9.714285714285714,5,23,41.42857142857143,80.82285714285715,83.15285714285713,29.98,1499087.0,0.7142857142857143,0.2,0.7142857142857143,3.2857142857142856,2,High-Risk Customer,Frequent follow-up and payment assistance,4420165.1
CUST1828,6,196228.58000000002,32704.763333333336,243.66666666666666,462,75,14,19.333333333333332,4,18,52.0,84.97,79.55333333333333,21.649999999999995,1082499.0,0.5,0.18666666666666668,0.6666666666666666,3.0,2,High-Risk Customer,Frequent follow-up and payment assistance,4414623.37
CUST0374,3,94008.96,31336.320000000003,82.66666666666667,248,52,7,18.333333333333332,2,3,50.666666666666664,91.51666666666667,83.42666666666666,42.52,2125915.0,0.6666666666666666,0.1346153846153846,0.6666666666666666,1.0,1,High-Risk Customer,Frequent follow-up and payment assistance,4406095.11
CUST1089,8,675261.17,84407.64625,95.75,491,119,37,11.75,5,38,58.0,71.61125,77.50375,34.23,1711655.0,0.75,0.31092436974789917,0.625,4.75,2,High-Risk Customer,Frequent follow-up and payment assistance,4392336.87
CUST1609,3,90960.76,30320.25333333333,75.66666666666667,227,40,11,7.666666666666667,1,3,44.666666666666664,67.25,78.36,39.21,1960332.0,0.6666666666666666,0.275,0.3333333333333333,1.0,1,High-Risk Customer,Frequent follow-up and payment assistance,4390653.6
CUST0534,3,18617.97,6205.990000000001,38.333333333333336,115,22,1,10.0,2,18,42.0,97.77666666666666,91.55333333333334,60.51,3025605.0,0.6666666666666666,0.045454545454545456,0.6666666666666666,6.0,1,Valuable but Risky,Priority human intervention,4375666.62
CUST0469,2,34099.41,17049.705,0.0,0,41,6,6.5,4,0,40.0,85.75,84.97,76.3,3815056.0,1.0,0.14634146341463414,2.0,0.0,1,Valuable but Risky,Priority human intervention,4373356.88
CUST0775,4,175488.32,43872.08,323.0,491,59,12,10.5,0,19,72.75,74.5775,80.9875,17.13,856564.0,0.25,0.2033898305084746,0.0,4.75,2,High-Risk Customer,Frequent follow-up and payment assistance,4360201.12
CUST1014,7,247204.06,35314.86571428571,142.0,440,57,14,14.428571428571429,7,11,31.0,80.01714285714286,79.35285714285715,28.919999999999998,1445796.0,0.42857142857142855,0.24561403508771928,1.0,1.5714285714285714,2,High-Risk Customer,Frequent follow-up and payment assistance,4358187.17
CUST1123,7,271189.06,38741.294285714284,206.57142857142858,574,117,23,12.0,3,23,46.42857142857143,81.39,82.63857142857144,23.71,1185627.0,0.5714285714285714,0.19658119658119658,0.42857142857142855,3.2857142857142856,2,High-Risk Customer,Frequent follow-up and payment assistance,4349325.71
CUST1869,9,160984.78999999998,17887.198888888888,37.888888888888886,235,144,38,7.111111111111111,7,30,49.333333333333336,79.46333333333332,83.91000000000001,49.77,2488710.0,0.8888888888888888,0.2638888888888889,0.7777777777777778,3.3333333333333335,1,High-Risk Customer,Frequent follow-up and payment assistance,4337230.08
CUST1890,5,137504.31,27500.862,170.2,516,77,27,13.4,3,17,55.0,71.298,76.41,23.75,1187613.0,0.6,0.35064935064935066,0.6,3.4,2,High-Risk Customer,Frequent follow-up and payment assistance,4334139.66
CUST0312,1,24447.58,24447.58,0.0,0,8,4,11.0,1,1,20.0,50.0,66.4,57.7,2884837.0,1.0,0.5,1.0,1.0,3,Valuable but Risky,Priority human intervention,4327255.5
CUST1413,7,1263557.72,180508.2457142857,187.57142857142858,513,128,31,12.857142857142858,7,19,29.714285714285715,70.52857142857142,75.55,24.21,1210294.0,0.5714285714285714,0.2421875,1.0,2.7142857142857144,2,High-Risk Customer,Frequent follow-up and payment assistance,4323383.59
CUST1705,3,159491.01,53163.670000000006,52.0,156,57,12,14.333333333333334,4,9,34.0,78.64666666666666,78.05666666666666,46.96,2347905.0,0.6666666666666666,0.21052631578947367,1.3333333333333333,3.0,1,High-Risk Customer,Frequent follow-up and payment assistance,4320145.2
CUST1011,2,35515.380000000005,17757.690000000002,107.0,214,8,0,16.0,3,2,51.0,100.0,87.4,41.55,2077320.0,0.5,0.0,1.5,1.0,1,High-Risk Customer,Frequent follow-up and payment assistance,4300052.4
CUST0524,6,369759.15,61626.525,105.33333333333333,421,89,28,12.833333333333334,6,20,49.333333333333336,76.115,78.35833333333333,31.850000000000005,1592247.0,0.6666666666666666,0.3146067415730337,1.0,3.3333333333333335,2,High-Risk Customer,Frequent follow-up and payment assistance,4297993.48
CUST1400,3,54281.64,18093.88,37.666666666666664,113,65,20,8.333333333333334,3,15,39.666666666666664,68.65333333333334,77.32666666666667,47.57,2378476.0,1.0,0.3076923076923077,1.0,5.0,1,High-Risk Customer,Frequent follow-up and payment assistance,4281866.67
CUST0607,7,235719.33000000002,33674.19,64.42857142857143,378,117,24,17.0,2,10,48.857142857142854,72.83,75.64285714285714,43.17,2158542.0,0.7142857142857143,0.20512820512820512,0.2857142857142857,1.4285714285714286,2,High-Risk Customer,Frequent follow-up and payment assistance,4277313.06
CUST1841,8,255441.65,31930.20625,173.875,528,114,25,7.0,8,26,36.25,79.15125,83.3775,25.62,1280796.0,0.5,0.21929824561403508,1.0,3.25,2,High-Risk Customer,Frequent follow-up and payment assistance,4277030.05
CUST1363,7,275787.61,39398.229999999996,153.28571428571428,544,145,32,10.571428571428571,7,31,33.57142857142857,78.09285714285714,80.70285714285714,27.54,1377042.0,0.42857142857142855,0.2206896551724138,1.0,4.428571428571429,2,High-Risk Customer,Frequent follow-up and payment assistance,4257583.23
CUST0166,6,123671.04999999999,20611.841666666664,66.0,396,75,19,12.666666666666666,2,8,22.5,71.31,77.38833333333334,40.92,2046170.0,0.6666666666666666,0.25333333333333335,0.3333333333333333,1.3333333333333333,2,High-Risk Customer,Frequent follow-up and payment assistance,4257124.89
CUST0083,4,35091.64,8772.91,264.0,496,84,28,15.25,6,16,38.5,67.77250000000001,71.735,17.49,874255.0,0.25,0.3333333333333333,1.5,4.0,3,High-Risk Customer,Frequent follow-up and payment assistance,4243050.93
CUST1936,5,148412.28,29682.456,110.4,238,71,14,15.0,4,23,54.2,83.938,81.372,33.6,1679753.0,0.8,0.19718309859154928,0.8,4.6,1,High-Risk Customer,Frequent follow-up and payment assistance,4231084.88
CUST0686,3,33124.81,11041.603333333333,0.0,0,66,16,15.0,2,5,60.666666666666664,76.01333333333334,77.67333333333333,67.91,3395503.0,1.0,0.24242424242424243,0.6666666666666666,1.6666666666666667,1,Valuable but Risky,Priority human intervention,4218655.24
CUST0350,4,148159.59,37039.8975,25.5,102,59,16,8.75,3,17,36.25,68.74,77.6225,52.87,2643659.0,1.0,0.2711864406779661,0.75,4.25,1,Valuable but Risky,Priority human intervention,4217532.26
CUST0094,2,38570.9,19285.45,51.5,103,13,3,6.0,1,14,23.0,81.25,86.025,45.23,2261738.0,0.5,0.23076923076923078,0.5,7.0,1,High-Risk Customer,Frequent follow-up and payment assistance,4217271.47
CUST0308,5,252311.28,50462.256,121.8,350,86,16,15.6,3,18,39.2,78.724,78.804,32.0,1600184.0,0.4,0.18604651162790697,0.6,3.6,2,High-Risk Customer,Frequent follow-up and payment assistance,4209525.9
CUST1031,8,512452.74000000005,64056.592500000006,133.5,555,125,23,12.75,6,33,51.875,82.4,82.05,30.38,1518919.0,0.625,0.184,0.75,4.125,2,High-Risk Customer,Frequent follow-up and payment assistance,4199264.22
CUST0594,7,295611.94,42230.27714285714,146.42857142857142,379,75,17,19.142857142857142,2,15,30.571428571428573,82.0657142857143,78.97714285714287,27.77,1388530.0,0.5714285714285714,0.22666666666666666,0.2857142857142857,2.142857142857143,2,High-Risk Customer,Frequent follow-up and payment assistance,4197327.83
CUST1312,6,403383.54000000004,67230.59000000001,182.0,529,75,19,12.166666666666666,3,26,45.833333333333336,71.56166666666667,77.48166666666667,23.75,1187411.0,0.5,0.25333333333333335,0.5,4.333333333333333,2,High-Risk Customer,Frequent follow-up and payment assistance,4196785.44
CUST1165,8,337085.22,42135.6525,126.25,440,111,17,13.375,5,19,38.75,89.9425,85.69625,32.11,1605537.0,0.5,0.15315315315315314,0.625,2.375,2,High-Risk Customer,Frequent follow-up and payment assistance,4188860.5
CUST0069,6,103080.93,17180.155,124.16666666666667,440,117,30,13.666666666666666,3,13,22.5,72.01,76.80333333333333,29.74,1487188.0,0.6666666666666666,0.2564102564102564,0.5,2.1666666666666665,2,High-Risk Customer,Frequent follow-up and payment assistance,4188595.09
CUST0577,5,79542.43000000001,15908.486,290.8,509,73,18,11.0,6,9,19.2,78.99000000000001,80.494,17.17,858258.0,0.2,0.2465753424657534,1.2,1.8,2,High-Risk Customer,Frequent follow-up and payment assistance,4181103.78
CUST0326,6,298909.88,49818.31333333333,83.66666666666667,475,98,26,11.333333333333334,9,18,30.833333333333332,76.84,78.62166666666667,35.93,1796688.0,0.8333333333333334,0.2653061224489796,1.5,3.0,2,High-Risk Customer,Frequent follow-up and payment assistance,4175405.13
CUST1240,4,144975.46,36243.865,122.0,281,63,16,14.5,1,11,43.25,66.2325,73.91499999999999,29.99,1499466.0,0.5,0.25396825396825395,0.25,2.75,3,High-Risk Customer,Frequent follow-up and payment assistance,4174227.73
CUST1440,5,235281.24000000002,47056.24800000001,167.8,496,70,15,14.8,4,21,44.6,79.758,79.398,25.59,1279458.0,0.2,0.21428571428571427,0.8,4.2,2,High-Risk Customer,Frequent follow-up and payment assistance,4160614.64
CUST0058,5,214340.51,42868.102,269.6,566,71,24,7.2,4,15,68.0,67.074,77.618,16.78,838768.0,0.2,0.3380281690140845,0.8,3.0,2,High-Risk Customer,Frequent follow-up and payment assistance,4148003.1
CUST0762,8,189697.35,23712.16875,151.375,465,108,25,14.0,8,16,51.0,72.53625,75.86875,26.79,1339467.0,0.5,0.23148148148148148,1.0,2.0,2,High-Risk Customer,Frequent follow-up and payment assistance,4146503.03
CUST1344,4,110821.54999999999,27705.387499999997,161.0,469,82,24,11.25,1,16,41.25,72.1225,78.8125,24.5,1224846.0,0.5,0.2926829268292683,0.25,4.0,2,High-Risk Customer,Frequent follow-up and payment assistance,4132510.91
CUST0709,6,266508.29000000004,44418.04833333334,297.1666666666667,546,62,18,10.0,2,14,57.0,76.63166666666667,81.64833333333333,16.11,805612.0,0.3333333333333333,0.2903225806451613,0.3333333333333333,2.3333333333333335,2,High-Risk Customer,Frequent follow-up and payment assistance,4128544.94
CUST1202,7,241138.15,34448.30714285714,102.85714285714286,356,120,30,14.714285714285714,6,23,32.42857142857143,74.30714285714285,76.61428571428571,32.4,1620234.0,0.5714285714285714,0.25,0.8571428571428571,3.2857142857142856,2,High-Risk Customer,Frequent follow-up and payment assistance,4108450.5
CUST0258,6,337449.70999999996,56241.618333333325,137.16666666666666,447,79,16,18.0,6,16,22.666666666666668,79.09833333333333,76.74833333333333,28.790000000000003,1439330.0,0.6666666666666666,0.20253164556962025,1.0,2.6666666666666665,2,High-Risk Customer,Frequent follow-up and payment assistance,4104975.23
CUST1984,3,35315.66,11771.886666666667,237.66666666666666,507,23,7,15.333333333333334,2,11,55.666666666666664,65.47666666666667,72.20666666666666,18.6,930096.0,0.3333333333333333,0.30434782608695654,0.6666666666666666,3.6666666666666665,3,High-Risk Customer,Frequent follow-up and payment assistance,4096466.3
CUST0648,1,27630.0,27630.0,35.0,35,22,7,4.0,0,2,57.0,68.18,81.69,46.01,2300397.0,1.0,0.3181818181818182,0.0,2.0,1,Occasional Late Payer,Personalized payment reminder,4093661.02
CUST1217,5,217977.11000000002,43595.422000000006,70.4,342,64,18,24.4,5,12,27.6,53.4,60.06,37.46,1872744.0,0.8,0.28125,1.0,2.4,3,High-Risk Customer,Frequent follow-up and payment assistance,4088668.34
CUST1720,6,120378.62,20063.103333333333,201.0,424,93,23,13.5,5,33,32.833333333333336,74.05166666666666,77.26,21.76,1088218.0,0.5,0.24731182795698925,0.8333333333333334,5.5,2,High-Risk Customer,Frequent follow-up and payment assistance,4085615.02
CUST0989,9,339835.63,37759.514444444445,321.3333333333333,588,141,44,15.777777777777779,4,36,52.22222222222222,71.03,75.16000000000001,14.729999999999999,736268.0,0.3333333333333333,0.3120567375886525,0.4444444444444444,4.0,2,High-Risk Customer,Frequent follow-up and payment assistance,4070186.98
CUST0364,6,161260.26,26876.710000000003,114.83333333333333,555,66,10,15.166666666666666,5,27,52.0,87.685,83.07666666666667,32.9,1644918.0,0.6666666666666666,0.15151515151515152,0.8333333333333334,4.5,2,High-Risk Customer,Frequent follow-up and payment assistance,4069261.29
CUST1600,4,52048.270000000004,13012.067500000001,113.25,453,80,15,5.25,2,16,66.0,80.985,86.34,32.12,1605811.0,0.75,0.1875,0.5,4.0,1,High-Risk Customer,Frequent follow-up and payment assistance,4066465.45
CUST1190,9,283020.27999999997,31446.697777777776,141.0,342,161,43,14.444444444444445,8,34,54.55555555555556,74.27888888888889,76.69444444444444,26.63,1331506.0,0.5555555555555556,0.2670807453416149,0.8888888888888888,3.7777777777777777,2,High-Risk Customer,Frequent follow-up and payment assistance,4065972.73
CUST1550,4,101378.38,25344.595,54.75,219,23,6,13.75,3,15,36.5,68.75,74.625,41.65,2082709.0,0.75,0.2608695652173913,0.75,3.75,1,High-Risk Customer,Frequent follow-up and payment assistance,4063772.75
CUST0958,4,535694.15,133923.5375,302.5,499,65,15,7.75,6,18,52.0,81.46,83.0775,16.36,817876.0,0.0,0.23076923076923078,1.5,4.5,2,High-Risk Customer,Frequent follow-up and payment assistance,4051631.88
CUST1026,7,253817.47,36259.63857142857,93.71428571428571,317,118,31,7.857142857142857,9,21,51.57142857142857,74.87142857142858,80.15142857142858,33.06,1652970.0,0.7142857142857143,0.2627118644067797,1.2857142857142858,3.0,2,High-Risk Customer,Frequent follow-up and payment assistance,4043252.67
CUST1912,7,216326.29,30903.755714285715,308.2857142857143,515,143,33,8.714285714285714,4,24,30.714285714285715,76.53,81.89428571428572,15.97,798692.0,0.0,0.23076923076923078,0.5714285714285714,3.4285714285714284,2,High-Risk Customer,Frequent follow-up and payment assistance,4013471.18
CUST1036,7,278831.29,39833.04142857143,130.28571428571428,494,98,18,10.0,3,24,44.57142857142857,88.14857142857143,87.21714285714286,29.419999999999998,1470858.0,0.7142857142857143,0.1836734693877551,0.42857142857142855,3.4285714285714284,2,High-Risk Customer,Frequent follow-up and payment assistance,4009310.19
CUST0496,6,608585.5599999999,101430.92666666665,88.0,426,106,24,8.333333333333334,5,17,54.5,76.58666666666666,81.62666666666667,34.67,1733523.0,0.6666666666666666,0.22641509433962265,0.8333333333333334,2.8333333333333335,2,High-Risk Customer,Frequent follow-up and payment assistance,3996915.29
CUST1210,7,293671.47,41953.06714285714,272.42857142857144,486,100,21,15.285714285714286,6,23,45.0,71.26285714285714,74.74571428571429,17.7,884874.0,0.5714285714285714,0.21,0.8571428571428571,3.2857142857142856,2,High-Risk Customer,Frequent follow-up and payment assistance,3987583.55
CUST1319,2,44270.979999999996,22135.489999999998,0.0,0,27,5,6.5,0,4,29.5,80.91,86.555,67.04,3352198.0,1.0,0.18518518518518517,0.0,2.0,1,Reliable Customer,Automated reminder and self-service payment,3972975.41
CUST0484,1,28164.63,28164.63,0.0,0,12,1,14.0,0,2,49.0,91.67,87.44,73.22,3660793.0,1.0,0.08333333333333333,0.0,2.0,1,Reliable Customer,Automated reminder and self-service payment,3965859.08
CUST1469,7,246202.73,35171.81857142857,106.57142857142857,379,113,25,12.857142857142858,10,18,54.0,79.81714285714285,79.33857142857143,31.43,1571722.0,0.5714285714285714,0.22123893805309736,1.4285714285714286,2.5714285714285716,2,High-Risk Customer,Frequent follow-up and payment assistance,3965031.37
CUST1522,7,250454.43000000002,35779.20428571429,46.57142857142857,326,91,21,4.571428571428571,4,26,52.857142857142854,75.51,83.86857142857141,43.93,2196674.0,0.8571428571428571,0.23076923076923078,0.5714285714285714,3.7142857142857144,1,High-Risk Customer,Frequent follow-up and payment assistance,3962703.34
CUST0755,3,415883.52,138627.84,124.33333333333333,373,59,15,7.0,2,4,24.333333333333332,76.74666666666667,82.84333333333333,28.16,1408097.0,0.6666666666666666,0.2542372881355932,0.6666666666666666,1.3333333333333333,2,High-Risk Customer,Frequent follow-up and payment assistance,3961923.55
CUST0411,5,233717.57,46743.514,0.0,0,46,14,10.8,3,20,38.4,72.38,78.51,60.67,3033516.0,1.0,0.30434782608695654,0.6,4.0,1,Valuable but Risky,Priority human intervention,3956760.0
CUST0237,8,466869.24,58358.655,190.875,424,119,32,13.375,13,40,47.375,71.77375,74.61375,21.43,1071469.0,0.375,0.2689075630252101,1.625,5.0,2,High-Risk Customer,Frequent follow-up and payment assistance,3954722.3
CUST1012,2,33400.84,16700.42,84.5,169,40,6,17.5,1,11,36.0,85.21000000000001,81.11,37.24,1862105.0,0.5,0.15,0.5,5.5,1,High-Risk Customer,Frequent follow-up and payment assistance,3950921.28
CUST0986,9,200965.49,22329.498888888887,117.0,467,162,37,15.777777777777779,3,45,53.44444444444444,77.77666666666667,78.75444444444445,29.489999999999995,1474663.0,0.6666666666666666,0.22839506172839505,0.3333333333333333,5.0,2,High-Risk Customer,Frequent follow-up and payment assistance,3930887.18
CUST0694,5,182982.0,36596.4,115.0,497,69,17,13.4,6,20,62.2,70.988,75.054,29.339999999999996,1466842.0,0.6,0.2463768115942029,1.2,4.0,2,High-Risk Customer,Frequent follow-up and payment assistance,3930711.39
CUST0576,3,68430.14,22810.046666666665,0.0,0,45,17,6.0,3,15,41.333333333333336,61.60999999999999,75.20333333333333,57.03,2851445.0,1.0,0.37777777777777777,1.0,5.0,1,Valuable but Risky,Priority human intervention,3928657.56
CUST0428,4,160442.94,40110.735,147.25,547,70,19,8.25,8,5,73.25,75.66,78.8775,24.94,1247162.0,0.5,0.2714285714285714,2.0,1.25,2,High-Risk Customer,Frequent follow-up and payment assistance,3920587.37
CUST0906,1,25379.87,25379.87,244.0,244,13,2,12.0,0,0,57.0,84.62,85.11,19.52,976215.0,0.0,0.15384615384615385,0.0,0.0,2,High-Risk Customer,Frequent follow-up and payment assistance,3874822.62
CUST1173,3,401355.87,133785.29,164.66666666666666,494,66,18,8.0,4,9,86.33333333333333,72.73,78.89999999999999,22.89,1144409.0,0.6666666666666666,0.2727272727272727,1.3333333333333333,3.0,2,High-Risk Customer,Frequent follow-up and payment assistance,3854924.38
CUST0704,4,162248.6,40562.15,41.0,164,41,9,14.0,5,11,21.25,80.7375,79.4675,44.77,2238370.0,0.75,0.21951219512195122,1.25,2.75,1,High-Risk Customer,Frequent follow-up and payment assistance,3848904.51
CUST1124,1,21166.07,21166.07,14.0,14,15,7,2.0,0,1,49.0,53.33,75.46,45.96,2297805.0,1.0,0.4666666666666667,0.0,1.0,1,High-Risk Customer,Frequent follow-up and payment assistance,3841929.96
CUST1572,2,18386.4,9193.2,55.0,110,29,5,5.5,1,8,28.0,82.85499999999999,87.13,42.25,2112362.0,0.0,0.1724137931034483,0.5,4.0,1,High-Risk Customer,Frequent follow-up and payment assistance,3838671.63
CUST0135,4,85522.08,21380.52,72.0,288,96,21,14.0,3,14,61.75,77.6775,78.935,36.38,1818967.0,0.5,0.21875,0.75,3.5,1,High-Risk Customer,Frequent follow-up and payment assistance,3813009.57
CUST0633,1,24151.97,24151.97,0.0,0,20,6,10.0,0,6,33.0,70.0,79.0,58.15,2907281.0,1.0,0.3,0.0,6.0,1,Occasional Late Payer,Personalized payment reminder,3779465.3
CUST1704,5,147672.82,29534.564000000002,100.0,478,90,17,8.2,0,19,43.6,81.526,85.84400000000001,31.68,1584227.0,0.6,0.18888888888888888,0.0,3.8,2,High-Risk Customer,Frequent follow-up and payment assistance,3766939.76
CUST0721,2,70604.25,35302.125,87.5,175,31,7,14.0,0,11,63.5,76.39,79.795,32.76,1638236.0,1.0,0.22580645161290322,0.0,5.5,1,High-Risk Customer,Frequent follow-up and payment assistance,3765300.48
CUST1084,2,133724.05,66862.025,0.0,0,57,16,23.0,1,7,5.0,72.04499999999999,71.22,58.76,2937757.0,1.0,0.2807017543859649,0.5,3.5,1,Valuable but Risky,Priority human intervention,3762390.54
CUST1441,6,108243.83,18040.638333333332,142.5,361,52,14,12.166666666666666,3,22,49.0,76.81333333333333,80.10666666666667,24.350000000000005,1217272.0,0.5,0.2692307692307692,0.5,3.6666666666666665,2,High-Risk Customer,Frequent follow-up and payment assistance,3746622.76
CUST1547,7,200533.40000000002,28647.628571428573,52.285714285714285,221,102,29,16.571428571428573,5,21,25.0,71.18142857142857,74.22,38.28000000000001,1914071.0,0.7142857142857143,0.28431372549019607,0.7142857142857143,3.0,2,High-Risk Customer,Frequent follow-up and payment assistance,3743590.46
CUST1094,5,599467.7999999999,119893.55999999998,187.4,473,100,21,8.8,3,20,23.0,78.15599999999999,82.598,21.48,1073920.0,0.4,0.21,0.6,4.0,2,High-Risk Customer,Frequent follow-up and payment assistance,3734599.76
CUST0752,5,159092.95,31818.590000000004,234.0,524,86,18,14.2,3,18,64.6,74.75399999999999,77.658,18.45,922328.0,0.4,0.20930232558139536,0.6,3.6,2,High-Risk Customer,Frequent follow-up and payment assistance,3725347.14
CUST0703,7,217957.55000000002,31136.79285714286,199.57142857142858,571,100,23,13.142857142857142,6,32,47.0,79.83285714285715,80.31285714285714,20.21,1010652.0,0.2857142857142857,0.23,0.8571428571428571,4.571428571428571,2,High-Risk Customer,Frequent follow-up and payment assistance,3723978.3
CUST0119,4,69958.63,17489.6575,44.0,176,76,18,12.0,4,15,46.75,76.34,78.97,41.68,2083901.0,0.75,0.23684210526315788,1.0,3.75,1,High-Risk Customer,Frequent follow-up and payment assistance,3711537.36
CUST1735,5,174159.31,34831.862,57.6,207,87,21,11.2,6,22,31.8,71.648,76.704,37.93,1896357.0,0.6,0.2413793103448276,1.2,4.4,1,High-Risk Customer,Frequent follow-up and payment assistance,3710058.99
CUST0953,4,58147.06,14536.765,146.0,356,74,18,10.25,2,15,74.0,57.5125,71.6075,24.22,1211068.0,0.5,0.24324324324324326,0.5,3.75,3,High-Risk Customer,Frequent follow-up and payment assistance,3703904.19
CUST0604,7,162919.21,23274.172857142858,141.85714285714286,356,133,34,17.857142857142858,14,31,42.0,74.75857142857141,72.66571428571429,24.38,1218932.0,0.42857142857142855,0.2556390977443609,2.0,4.428571428571429,2,High-Risk Customer,Frequent follow-up and payment assistance,3701717.11
CUST1470,7,186104.74,26586.391428571427,57.0,348,122,28,10.285714285714286,4,24,47.714285714285715,80.68999999999998,83.03285714285714,38.24,1912205.0,0.7142857142857143,0.22950819672131148,0.5714285714285714,3.4285714285714284,2,High-Risk Customer,Frequent follow-up and payment assistance,3691182.6
CUST0253,10,477084.51,47708.451,154.3,532,134,38,12.0,14,35,40.8,67.61,73.806,22.54,1126941.0,0.7,0.2835820895522388,1.4,3.5,2,High-Risk Customer,Frequent follow-up and payment assistance,3678503.62
CUST0144,8,272942.6,34117.825,105.25,443,104,23,11.75,3,28,40.625,75.485,79.94375,29.32,1466207.0,0.75,0.22115384615384615,0.375,3.5,2,High-Risk Customer,Frequent follow-up and payment assistance,3674928.01
CUST0839,10,612367.4400000001,61236.744000000006,258.6,537,174,44,16.4,10,39,56.1,78.678,77.5,16.29,814265.0,0.5,0.25287356321839083,1.0,3.9,2,High-Risk Customer,Frequent follow-up and payment assistance,3658333.54
CUST1480,6,235409.68,39234.94666666666,235.5,504,78,18,15.666666666666666,7,14,42.166666666666664,74.38333333333334,75.45666666666666,17.69,884440.0,0.5,0.23076923076923078,1.1666666666666667,2.3333333333333335,2,High-Risk Customer,Frequent follow-up and payment assistance,3652056.86
CUST1857,2,58747.82,29373.91,228.0,230,52,13,14.0,3,5,49.0,74.89,76.04499999999999,17.78,888927.0,0.0,0.25,1.5,2.5,3,High-Risk Customer,Frequent follow-up and payment assistance,3644600.7
CUST1057,2,145649.15,72824.575,52.0,104,24,4,18.5,4,4,44.5,89.475,79.64,40.98,2049014.0,0.5,0.16666666666666666,2.0,2.0,1,High-Risk Customer,Frequent follow-up and payment assistance,3633584.83
CUST0078,2,77292.45,38646.225,0.0,0,11,4,6.0,0,12,9.5,80.0,86.4,53.21,2660469.0,1.0,0.36363636363636365,0.0,6.0,1,Valuable but Risky,Priority human intervention,3627912.27
CUST0389,2,76622.75,38311.375,20.0,40,29,7,16.0,6,4,3.0,84.785,76.78999999999999,48.69,2434291.0,0.5,0.2413793103448276,3.0,2.0,1,High-Risk Customer,Frequent follow-up and payment assistance,3626254.18
CUST0558,9,115500.34,12833.371111111112,129.11111111111111,487,137,32,17.11111111111111,6,24,47.22222222222222,75.48,76.14111111111112,25.62,1280746.0,0.5555555555555556,0.23357664233576642,0.6666666666666666,2.6666666666666665,2,High-Risk Customer,Frequent follow-up and payment assistance,3619722.66
CUST0288,5,260315.99000000002,52063.198000000004,212.6,461,68,19,13.0,6,10,49.8,79.61800000000001,79.61,18.05,902746.0,0.2,0.27941176470588236,1.2,2.0,2,High-Risk Customer,Frequent follow-up and payment assistance,3610479.52
CUST1401,2,88516.69,44258.345,455.5,523,28,6,17.5,0,10,54.5,74.245,76.625,10.69,534273.0,0.0,0.21428571428571427,0.0,5.0,3,High-Risk Customer,Frequent follow-up and payment assistance,3603862.2
CUST0927,3,48452.04000000001,16150.680000000002,50.666666666666664,152,63,18,4.333333333333333,1,7,51.666666666666664,73.42,83.44333333333333,37.2,1859858.0,0.6666666666666666,0.2857142857142857,0.3333333333333333,2.3333333333333335,1,High-Risk Customer,Frequent follow-up and payment assistance,3602810.64
CUST1215,7,285317.68,40759.66857142857,199.14285714285714,498,122,36,8.857142857142858,4,26,41.714285714285715,58.848571428571425,72.96571428571428,18.59,929459.0,0.42857142857142855,0.29508196721311475,0.5714285714285714,3.7142857142857144,2,High-Risk Customer,Frequent follow-up and payment assistance,3600859.12
CUST1299,6,233993.21000000002,38998.86833333334,167.33333333333334,575,85,7,12.333333333333334,3,21,41.0,93.51833333333333,88.35666666666667,24.850000000000005,1242503.0,0.5,0.08235294117647059,0.5,3.5,2,High-Risk Customer,Frequent follow-up and payment assistance,3595170.25
CUST1415,3,240638.19,80212.73,22.666666666666668,68,27,6,7.666666666666667,0,18,37.666666666666664,72.22333333333334,81.51333333333334,47.89000000000001,2394688.0,1.0,0.2222222222222222,0.0,6.0,1,Occasional Late Payer,Personalized payment reminder,3590258.16
CUST1244,3,234206.74,78068.91333333333,61.666666666666664,122,45,8,17.333333333333332,3,6,43.333333333333336,83.27,79.23333333333333,37.7,1884907.0,1.0,0.17777777777777778,1.0,2.0,1,High-Risk Customer,Frequent follow-up and payment assistance,3589002.55
CUST1822,6,227757.48,37959.58,221.66666666666666,485,67,14,14.0,5,21,40.0,65.24,72.55333333333333,18.46,922834.0,0.16666666666666666,0.208955223880597,0.8333333333333334,3.5,2,High-Risk Customer,Frequent follow-up and payment assistance,3588722.37
CUST1847,2,32400.030000000002,16200.015000000001,82.5,165,5,0,13.0,1,4,52.0,100.0,91.19999999999999,39.25,1962493.0,0.5,0.0,0.5,2.0,1,High-Risk Customer,Frequent follow-up and payment assistance,3581549.72
CUST1761,6,316420.52,52736.753333333334,0.0,0,85,19,6.666666666666667,2,20,59.333333333333336,76.35333333333334,83.51,58.47,2923524.0,1.0,0.2235294117647059,0.3333333333333333,3.3333333333333335,1,Valuable but Risky,Priority human intervention,3577017.6
CUST1088,1,69439.06,69439.06,0.0,0,22,8,16.0,0,5,83.0,63.64,72.22,52.4,2620115.0,1.0,0.36363636363636365,0.0,5.0,1,Valuable but Risky,Priority human intervention,3572884.09
CUST0806,4,218161.21000000002,54540.302500000005,55.5,191,54,10,11.5,8,21,50.25,85.1175,81.66,38.74,1936963.0,1.0,0.18518518518518517,2.0,5.25,1,High-Risk Customer,Frequent follow-up and payment assistance,3569751.07
CUST1324,6,208327.93,34721.32166666666,225.83333333333334,522,101,21,11.333333333333334,6,11,57.166666666666664,80.16,81.27833333333334,18.07,903605.0,0.3333333333333333,0.2079207920792079,1.0,1.8333333333333333,2,High-Risk Customer,Frequent follow-up and payment assistance,3556416.31
CUST1061,4,70362.1,17590.525,1.5,6,80,21,17.5,2,5,29.75,72.985,74.9925,55.47,2773408.0,0.75,0.2625,0.5,1.25,1,Valuable but Risky,Priority human intervention,3553949.01
CUST1978,7,177747.71,25392.53,122.42857142857143,418,152,40,12.428571428571429,4,26,49.57142857142857,71.65571428571428,77.22857142857143,25.169999999999998,1258468.0,0.7142857142857143,0.2631578947368421,0.5714285714285714,3.7142857142857144,2,High-Risk Customer,Frequent follow-up and payment assistance,3535821.97
CUST0807,1,60799.86,60799.86,0.0,0,12,3,8.0,1,4,60.0,75.0,80.7,56.45,2822605.0,1.0,0.25,1.0,4.0,1,Valuable but Risky,Priority human intervention,3528256.25
CUST1977,2,55571.7,27785.85,106.0,212,38,9,8.5,1,12,28.0,76.99000000000001,82.39500000000001,27.69,1384649.0,0.5,0.23684210526315788,0.5,6.0,1,High-Risk Customer,Frequent follow-up and payment assistance,3527939.9
CUST1045,5,162000.84,32400.167999999998,233.4,565,87,23,17.4,4,15,50.8,73.426,74.674,16.68,834192.0,0.2,0.26436781609195403,0.8,3.0,2,High-Risk Customer,Frequent follow-up and payment assistance,3516454.87
CUST1109,4,156783.54,39195.885,101.75,407,55,12,4.5,2,17,51.0,76.25,84.425,28.51,1425607.0,0.75,0.21818181818181817,0.5,4.25,2,High-Risk Customer,Frequent follow-up and payment assistance,3503688.4
CUST1632,2,22321.74,11160.87,144.5,289,37,9,18.0,1,5,28.0,70.905,73.655,23.03,1151267.0,1.0,0.24324324324324326,0.5,2.5,1,High-Risk Customer,Frequent follow-up and payment assistance,3499540.53
CUST1486,7,257751.35,36821.62142857143,116.28571428571429,406,84,21,19.285714285714285,8,30,37.857142857142854,69.61857142857143,70.95285714285714,25.890000000000004,1294360.0,0.5714285714285714,0.25,1.1428571428571428,4.285714285714286,2,High-Risk Customer,Frequent follow-up and payment assistance,3499394.71
CUST0006,4,53437.48,13359.37,156.75,419,63,21,14.5,4,15,44.0,75.265,76.935,20.35,1017561.0,0.5,0.3333333333333333,1.0,3.75,2,High-Risk Customer,Frequent follow-up and payment assistance,3483450.49
CUST0786,3,52040.219999999994,17346.739999999998,0.0,0,23,7,3.6666666666666665,1,6,57.333333333333336,64.44333333333333,79.35333333333334,53.28,2663987.0,1.0,0.30434782608695654,0.3333333333333333,2.0,1,Valuable but Risky,Priority human intervention,3474765.65
CUST0886,6,405174.04,67529.00666666667,139.33333333333334,238,95,24,16.166666666666668,7,22,26.666666666666668,71.065,73.5,23.16,1157810.0,0.3333333333333333,0.25263157894736843,1.1666666666666667,3.6666666666666665,2,High-Risk Customer,Frequent follow-up and payment assistance,3471073.76
CUST0346,1,55704.68,55704.68,0.0,0,18,5,7.0,0,4,27.0,72.22,81.91,54.29,2714496.0,1.0,0.2777777777777778,0.0,4.0,1,Occasional Late Payer,Personalized payment reminder,3468522.67
CUST0207,3,67221.09,22407.03,107.66666666666667,323,52,12,9.0,0,10,48.333333333333336,78.86666666666666,84.03666666666668,27.100000000000005,1354766.0,0.6666666666666666,0.23076923076923078,0.0,3.3333333333333335,1,High-Risk Customer,Frequent follow-up and payment assistance,3462642.95
CUST0783,5,203884.81,40776.962,284.2,475,82,19,10.0,7,19,56.4,79.04400000000001,80.72200000000001,14.59,729447.0,0.4,0.23170731707317074,1.4,3.8,2,High-Risk Customer,Frequent follow-up and payment assistance,3451903.33
CUST1524,2,47654.01,23827.005,9.5,19,33,13,18.5,1,12,17.5,56.480000000000004,66.14,45.2,2259853.0,1.0,0.3939393939393939,0.5,6.0,3,High-Risk Customer,Frequent follow-up and payment assistance,3449357.44
CUST0490,4,86753.69,21688.4225,200.75,377,55,15,5.75,2,9,47.5,72.5,81.8,18.01,900350.0,0.25,0.2727272727272727,0.5,2.25,2,High-Risk Customer,Frequent follow-up and payment assistance,3446294.25
CUST0441,5,182274.02,36454.804,256.0,499,78,20,17.8,2,17,60.6,77.52000000000001,77.282,15.39,769407.0,0.0,0.2564102564102564,0.4,3.4,2,High-Risk Customer,Frequent follow-up and payment assistance,3441419.41
CUST0285,4,81666.1,20416.525,129.5,270,58,16,5.25,2,9,50.5,66.705,79.2025,23.47,1173389.0,0.5,0.27586206896551724,0.5,2.25,2,High-Risk Customer,Frequent follow-up and payment assistance,3435804.38
CUST1756,10,412267.11,41226.710999999996,88.7,339,182,37,4.6,10,29,31.3,78.223,84.354,30.23,1511312.0,0.7,0.2032967032967033,1.0,2.9,2,High-Risk Customer,Frequent follow-up and payment assistance,3431616.58
CUST0820,9,308073.27,34230.363333333335,218.11111111111111,571,155,45,11.555555555555555,9,30,52.55555555555556,68.16333333333334,75.1511111111111,16.58,828883.0,0.4444444444444444,0.2903225806451613,1.0,3.3333333333333335,2,High-Risk Customer,Frequent follow-up and payment assistance,3402282.48
CUST1509,5,381776.07999999996,76355.21599999999,118.8,494,32,10,15.8,3,18,41.8,80.25800000000001,79.45,23.67,1183387.0,0.6,0.3125,0.6,3.6,2,High-Risk Customer,Frequent follow-up and payment assistance,3398391.62
CUST1062,3,33440.520000000004,11146.840000000002,40.666666666666664,122,33,9,9.666666666666666,1,6,64.66666666666667,79.77333333333333,83.42,37.96,1898058.0,0.6666666666666666,0.2727272727272727,0.3333333333333333,2.0,1,High-Risk Customer,Frequent follow-up and payment assistance,3398098.99
CUST0905,10,220457.43,22045.743,135.0,332,159,41,11.8,10,33,33.2,71.767,76.80199999999999,22.97,1148657.0,0.6,0.2578616352201258,1.0,3.3,2,High-Risk Customer,Frequent follow-up and payment assistance,3395401.19
CUST1635,4,66185.72,16546.43,6.0,24,47,9,5.0,1,17,67.0,83.3325,88.16499999999999,53.71,2685466.0,0.75,0.19148936170212766,0.25,4.25,1,Valuable but Risky,Priority human intervention,3391686.42
CUST1042,5,104711.1,20942.22,68.4,134,74,14,12.6,5,15,58.8,81.232,81.056,33.82,1691232.0,0.4,0.1891891891891892,1.0,3.0,1,High-Risk Customer,Frequent follow-up and payment assistance,3386852.06
CUST1968,2,52312.53,26156.265,0.0,0,42,7,26.0,0,14,20.5,82.64,75.72,58.02,2900774.0,1.0,0.16666666666666666,0.0,7.0,1,Reliable Customer,Automated reminder and self-service payment,3384236.33
CUST1155,3,40097.14,13365.713333333333,66.66666666666667,200,52,11,4.666666666666667,4,14,71.33333333333333,78.66666666666667,83.86666666666666,33.5,1674777.0,0.6666666666666666,0.21153846153846154,1.3333333333333333,4.666666666666667,1,High-Risk Customer,Frequent follow-up and payment assistance,3381761.25
CUST0100,4,104352.18000000001,26088.045000000002,52.0,208,20,5,5.5,3,15,76.0,71.875,81.1375,35.52,1776199.0,0.75,0.25,0.75,3.75,1,High-Risk Customer,Frequent follow-up and payment assistance,3374778.1
CUST0481,7,119335.96,17047.994285714285,214.71428571428572,562,138,39,14.571428571428571,4,35,43.42857142857143,69.52857142857142,74.87857142857142,16.66,832877.0,0.42857142857142855,0.2826086956521739,0.5714285714285714,5.0,2,High-Risk Customer,Frequent follow-up and payment assistance,3361951.98
CUST0550,8,223591.88,27948.985,127.0,463,104,25,6.125,14,26,48.125,79.5125,82.5825,23.87,1193647.0,0.625,0.2403846153846154,1.75,3.25,2,High-Risk Customer,Frequent follow-up and payment assistance,3360919.72
CUST0924,6,115177.85,19196.308333333334,76.16666666666667,457,83,20,13.666666666666666,3,7,21.833333333333332,75.41833333333334,78.51,30.709999999999997,1535255.0,1.0,0.24096385542168675,0.5,1.1666666666666667,2,High-Risk Customer,Frequent follow-up and payment assistance,3356320.22
CUST0848,9,337803.13,37533.68111111111,156.88888888888889,554,168,34,13.666666666666666,5,31,55.111111111111114,79.14333333333333,80.26222222222222,21.68,1084186.0,0.5555555555555556,0.20238095238095238,0.5555555555555556,3.4444444444444446,2,High-Risk Customer,Frequent follow-up and payment assistance,3348815.36
CUST1183,3,169606.47,56535.49,110.33333333333333,331,22,9,8.0,3,7,33.666666666666664,61.51666666666667,73.96,22.59,1129525.0,0.6666666666666666,0.4090909090909091,1.0,2.3333333333333335,3,High-Risk Customer,Frequent follow-up and payment assistance,3347672.5
CUST1996,3,128172.29999999999,42724.1,191.33333333333334,380,69,15,14.0,3,9,66.0,78.64999999999999,78.92333333333333,18.84,942015.0,0.3333333333333333,0.21739130434782608,1.0,3.0,2,High-Risk Customer,Frequent follow-up and payment assistance,3341013.2
CUST0685,7,350060.11,50008.58714285714,217.71428571428572,573,136,25,13.857142857142858,5,15,53.857142857142854,82.10857142857142,81.31428571428572,17.75,887393.0,0.42857142857142855,0.18382352941176472,0.7142857142857143,2.142857142857143,2,High-Risk Customer,Frequent follow-up and payment assistance,3337641.67
CUST1757,2,94022.94,47011.47,0.0,0,26,7,9.5,1,8,62.5,68.095,77.35,52.51,2625606.0,1.0,0.2692307692307692,0.5,4.0,1,Valuable but Risky,Priority human intervention,3332499.92
CUST0636,1,34970.23,34970.23,0.0,0,12,5,17.0,1,1,65.0,58.33,66.96,46.49,2324316.0,1.0,0.4166666666666667,1.0,1.0,3,High-Risk Customer,Frequent follow-up and payment assistance,3292781.0
CUST1580,3,73898.04000000001,24632.680000000004,0.0,0,12,3,11.666666666666666,2,10,39.666666666666664,73.89,78.61333333333333,52.66,2632985.0,1.0,0.25,0.6666666666666666,3.3333333333333335,1,Valuable but Risky,Priority human intervention,3291231.25
CUST1530,3,117896.85,39298.950000000004,41.0,123,50,11,7.333333333333333,2,8,61.333333333333336,80.02666666666666,84.27999999999999,38.15,1907596.0,0.6666666666666666,0.22,0.6666666666666666,2.6666666666666665,1,High-Risk Customer,Frequent follow-up and payment assistance,3281446.64
CUST0784,8,183925.33000000002,22990.666250000002,129.375,292,84,24,16.0,4,30,43.5,75.4525,77.125,22.23,1111404.0,0.5,0.2857142857142857,0.5,3.75,2,High-Risk Customer,Frequent follow-up and payment assistance,3277649.48
CUST0133,11,219242.54,19931.14,216.45454545454547,577,173,44,11.363636363636363,11,55,48.18181818181818,71.61818181818181,76.99,16.5,825158.0,0.5454545454545454,0.2543352601156069,1.0,5.0,2,High-Risk Customer,Frequent follow-up and payment assistance,3275382.95
CUST0725,3,70733.70999999999,23577.903333333332,0.0,0,40,8,11.666666666666666,1,13,11.666666666666666,86.87333333333333,85.77,54.51,2725480.0,1.0,0.2,0.3333333333333333,4.333333333333333,1,Valuable but Risky,Priority human intervention,3270576.0
CUST0343,4,90554.26,22638.565,196.5,541,66,13,16.5,3,14,35.5,81.3375,79.27000000000001,18.4,919807.0,0.5,0.19696969696969696,0.75,3.5,2,High-Risk Customer,Frequent follow-up and payment assistance,3264408.98
CUST1182,8,333237.75,41654.71875,137.5,463,120,35,11.0,8,17,63.0,70.00375,76.40125,21.24,1061930.0,0.625,0.2916666666666667,1.0,2.125,2,High-Risk Customer,Frequent follow-up and payment assistance,3257691.51
CUST0230,3,54976.24,18325.413333333334,232.0,384,64,9,18.666666666666668,1,11,30.0,88.7,82.48333333333333,17.18,859178.0,0.3333333333333333,0.140625,0.3333333333333333,3.6666666666666665,2,High-Risk Customer,Frequent follow-up and payment assistance,3253599.69
CUST1119,8,377651.4,47206.425,193.5,553,82,22,13.375,4,28,38.25,71.845,76.8975,17.48,873759.0,0.625,0.2682926829268293,0.5,3.5,2,High-Risk Customer,Frequent follow-up and payment assistance,3252514.6
CUST0757,7,236979.96000000002,33854.280000000006,97.57142857142857,488,123,27,10.142857142857142,6,26,56.857142857142854,77.72142857142856,81.06000000000002,26.890000000000004,1344315.0,0.7142857142857143,0.21951219512195122,0.8571428571428571,3.7142857142857144,2,High-Risk Customer,Frequent follow-up and payment assistance,3239002.87
CUST1760,5,273188.81,54637.762,73.6,366,67,16,12.8,4,18,51.6,74.602,78.02000000000001,30.04,1502137.0,0.8,0.23880597014925373,0.8,3.6,2,High-Risk Customer,Frequent follow-up and payment assistance,3230446.51
CUST0110,3,213247.49,71082.49666666666,93.0,279,38,10,13.666666666666666,2,12,31.666666666666668,73.23666666666666,77.08666666666666,26.49,1324634.0,0.6666666666666666,0.2631578947368421,0.6666666666666666,4.0,2,High-Risk Customer,Frequent follow-up and payment assistance,3229318.26
CUST0688,7,249385.51,35626.50142857143,223.0,452,107,29,16.714285714285715,6,25,51.285714285714285,75.24857142857142,75.88285714285713,15.7,784983.0,0.42857142857142855,0.27102803738317754,0.8571428571428571,3.5714285714285716,2,High-Risk Customer,Frequent follow-up and payment assistance,3222685.35
CUST0096,2,52952.74,26476.37,0.0,0,36,7,10.5,0,9,67.0,80.96000000000001,84.18,53.8,2689929.0,1.0,0.19444444444444445,0.0,4.5,1,Reliable Customer,Automated reminder and self-service payment,3212970.75
CUST0608,4,130228.69,32557.1725,139.5,558,28,10,14.75,2,9,43.75,52.105000000000004,66.2025,19.75,987635.0,0.75,0.35714285714285715,0.5,2.25,3,High-Risk Customer,Frequent follow-up and payment assistance,3210166.48
CUST1133,5,56894.54,11378.908,152.8,347,86,19,6.8,7,18,55.0,81.304,83.77,20.8,1040029.0,0.4,0.22093023255813954,1.4,3.6,2,High-Risk Customer,Frequent follow-up and payment assistance,3210061.6
CUST1128,9,241320.66999999998,26813.407777777775,184.22222222222223,547,177,44,10.88888888888889,5,32,41.22222222222222,76.42,80.56555555555556,18.07,903392.0,0.5555555555555556,0.24858757062146894,0.5555555555555556,3.5555555555555554,2,High-Risk Customer,Frequent follow-up and payment assistance,3205924.41
CUST1243,3,118932.95,39644.316666666666,0.0,0,61,20,5.333333333333333,2,12,10.666666666666666,68.00333333333333,79.46666666666665,48.13,2406632.0,1.0,0.32786885245901637,0.6666666666666666,4.0,1,High-Risk Customer,Frequent follow-up and payment assistance,3195691.67
CUST0960,8,308837.57,38604.69625,102.25,447,78,20,10.75,7,35,44.375,75.125,79.365,25.12,1256184.0,0.75,0.2564102564102564,0.875,4.375,2,High-Risk Customer,Frequent follow-up and payment assistance,3192076.28
CUST1369,4,116644.94,29161.235,0.0,0,64,15,7.5,4,23,29.75,76.69749999999999,81.8475,51.7,2584957.0,1.0,0.234375,1.0,5.75,1,Valuable but Risky,Priority human intervention,3190806.3
CUST1906,3,44296.46,14765.486666666666,0.0,0,29,6,6.666666666666667,4,13,28.666666666666668,76.62333333333333,81.64666666666666,52.85999999999999,2643157.0,1.0,0.20689655172413793,1.3333333333333333,4.333333333333333,1,Valuable but Risky,Priority human intervention,3190017.07
CUST1241,5,108930.51,21786.102,97.4,296,83,12,12.0,5,29,62.6,86.06,83.828,28.22,1411236.0,0.8,0.14457831325301204,1.0,5.8,1,High-Risk Customer,Frequent follow-up and payment assistance,3188543.22
CUST0359,5,243802.44,48760.488,113.6,291,98,20,4.4,2,12,29.6,80.408,86.764,24.7,1235111.0,0.6,0.20408163265306123,0.4,2.4,2,High-Risk Customer,Frequent follow-up and payment assistance,3176604.67
CUST1298,4,135798.19,33949.5475,29.5,118,72,17,22.5,4,10,48.25,72.37,70.6875,39.43,1971672.0,1.0,0.2361111111111111,1.0,2.5,1,High-Risk Customer,Frequent follow-up and payment assistance,3156181.34
CUST1620,2,73927.85,36963.925,25.0,47,29,8,27.0,2,8,47.0,62.035,62.81999999999999,39.46,1972967.0,0.0,0.27586206896551724,1.0,4.0,3,High-Risk Customer,Frequent follow-up and payment assistance,3146542.2
CUST0071,4,141115.58,35278.895,349.5,568,48,9,10.5,3,18,49.5,77.32,80.86,11.77,588645.0,0.25,0.1875,0.75,4.5,2,High-Risk Customer,Frequent follow-up and payment assistance,3142076.64
CUST0244,6,233331.12,38888.52,11.5,61,72,20,5.666666666666667,5,35,17.666666666666668,75.72833333333334,82.79666666666667,44.02,2201061.0,0.8333333333333334,0.2777777777777778,0.8333333333333334,5.833333333333333,1,High-Risk Customer,Frequent follow-up and payment assistance,3135900.52
CUST1409,1,21773.47,21773.47,0.0,0,19,5,0.0,1,4,51.0,73.68,84.84,49.62,2480992.0,1.0,0.2631578947368421,1.0,4.0,1,High-Risk Customer,Frequent follow-up and payment assistance,3133884.63
CUST0521,7,183898.97,26271.28142857143,100.14285714285714,494,97,25,14.714285714285714,6,31,55.285714285714285,68.51857142857143,73.71571428571428,24.859999999999996,1242931.0,0.7142857142857143,0.25773195876288657,0.8571428571428571,4.428571428571429,2,High-Risk Customer,Frequent follow-up and payment assistance,3128781.33
CUST0928,1,57220.46,57220.46,321.0,321,5,2,26.0,0,4,68.0,60.0,64.4,10.58,529083.0,0.0,0.4,0.0,4.0,3,High-Risk Customer,Frequent follow-up and payment assistance,3118415.2
CUST1513,2,173707.28,86853.64,237.0,474,38,9,6.5,1,5,52.5,74.64,82.42,14.91,745532.0,0.5,0.23684210526315788,0.5,2.5,2,High-Risk Customer,Frequent follow-up and payment assistance,3107495.09
CUST1932,4,165022.37,41255.5925,55.5,222,82,19,9.5,1,11,22.75,76.975,82.2875,32.44,1622138.0,0.5,0.23170731707317074,0.25,2.75,1,Occasional Late Payer,Personalized payment reminder,3106888.82
CUST0556,9,208435.84000000003,23159.53777777778,167.11111111111111,474,130,27,20.666666666666668,5,33,38.0,82.5411111111111,77.76,19.18,959245.0,0.3333333333333333,0.2076923076923077,0.5555555555555556,3.6666666666666665,2,High-Risk Customer,Frequent follow-up and payment assistance,3094409.59
CUST0090,6,88409.75,14734.958333333334,180.5,568,94,19,15.0,6,22,39.5,83.65333333333334,80.82666666666667,18.3,915139.0,0.6666666666666666,0.20212765957446807,1.0,3.6666666666666665,2,High-Risk Customer,Frequent follow-up and payment assistance,3085819.5
CUST0955,3,189869.58,63289.85999999999,190.33333333333334,333,31,10,11.666666666666666,1,13,57.333333333333336,82.19333333333333,83.42999999999999,16.07,803494.0,0.3333333333333333,0.3225806451612903,0.3333333333333333,4.333333333333333,2,High-Risk Customer,Frequent follow-up and payment assistance,3085330.56
CUST1617,3,69692.25,23230.75,48.333333333333336,145,44,13,13.333333333333334,4,9,22.666666666666668,68.18333333333334,73.42333333333333,31.91,1595491.0,0.6666666666666666,0.29545454545454547,1.3333333333333333,3.0,1,High-Risk Customer,Frequent follow-up and payment assistance,3065881.0
CUST1700,7,392543.64999999997,56077.66428571428,161.0,418,112,31,12.571428571428571,5,20,55.42857142857143,71.58428571428571,76.82000000000001,18.390000000000004,919446.0,0.2857142857142857,0.2767857142857143,0.7142857142857143,2.857142857142857,2,High-Risk Customer,Frequent follow-up and payment assistance,3063971.7
CUST0196,4,113827.56,28456.89,25.75,103,54,10,13.0,5,9,71.25,83.905,81.65,41.07,2053426.0,1.0,0.18518518518518517,1.25,2.25,1,High-Risk Customer,Frequent follow-up and payment assistance,3060365.27
CUST1206,6,437712.87,72952.145,115.33333333333333,394,97,24,16.0,0,25,31.666666666666668,72.93666666666667,76.86999999999999,22.78,1138963.0,0.6666666666666666,0.24742268041237114,0.0,4.166666666666667,2,High-Risk Customer,Frequent follow-up and payment assistance,3059387.69
CUST0215,5,311340.38,62268.076,240.0,452,61,20,13.8,2,17,44.4,69.74199999999999,75.792,13.539999999999997,677220.0,0.6,0.32786885245901637,0.4,3.4,2,High-Risk Customer,Frequent follow-up and payment assistance,3057481.77
CUST1087,2,190374.94,95187.47,220.5,440,39,11,13.5,2,4,32.5,74.485,77.14,14.86,742924.0,0.0,0.28205128205128205,1.0,2.0,2,High-Risk Customer,Frequent follow-up and payment assistance,3052655.67
CUST0950,7,340230.37,48604.33857142857,216.57142857142858,513,103,28,15.285714285714286,8,22,46.0,78.58285714285715,77.83428571428571,15.13,756673.0,0.42857142857142855,0.27184466019417475,1.1428571428571428,3.142857142857143,2,High-Risk Customer,Frequent follow-up and payment assistance,3046590.09
CUST1669,2,20962.35,10481.175,0.0,0,15,6,2.0,2,5,33.0,60.0,76.8,43.41,2170711.0,1.0,0.4,1.0,2.5,1,High-Risk Customer,Frequent follow-up and payment assistance,3038995.4
CUST1493,3,182172.45,60724.15,148.0,296,36,10,15.666666666666666,2,13,18.666666666666668,65.0,71.76666666666667,19.13,956450.0,0.6666666666666666,0.2777777777777778,0.6666666666666666,4.333333333333333,3,High-Risk Customer,Frequent follow-up and payment assistance,3030883.78
CUST0020,4,96891.05,24222.7625,139.75,435,71,20,7.25,5,16,43.75,70.8,78.5525,19.67,983396.0,0.25,0.28169014084507044,1.25,4.0,2,High-Risk Customer,Frequent follow-up and payment assistance,3021830.48
CUST1656,2,134517.56,67258.78,248.5,396,41,9,7.0,2,1,39.5,78.11,82.86,14.2,709987.0,0.0,0.21951219512195122,1.0,0.5,2,High-Risk Customer,Frequent follow-up and payment assistance,3017444.75
CUST0792,3,234817.41999999998,78272.47333333333,0.0,0,24,6,8.666666666666666,2,2,18.666666666666668,77.78,82.36,48.26,2413162.0,1.0,0.25,0.6666666666666666,0.6666666666666666,1,High-Risk Customer,Frequent follow-up and payment assistance,3016452.5
CUST0749,3,53680.66,17893.553333333333,71.0,213,40,8,14.0,3,11,40.666666666666664,86.31666666666666,82.76,29.37,1468412.0,0.6666666666666666,0.2,1.0,3.6666666666666665,1,High-Risk Customer,Frequent follow-up and payment assistance,3013181.42
CUST1645,7,287514.04,41073.434285714284,156.14285714285714,571,103,29,12.571428571428571,2,23,42.42857142857143,70.12857142857142,76.95,18.31,915256.0,0.42857142857142855,0.2815533980582524,0.2857142857142857,3.2857142857142856,2,High-Risk Customer,Frequent follow-up and payment assistance,3004426.2
CUST1584,9,135209.66,15023.295555555556,133.44444444444446,338,156,44,18.22222222222222,5,20,28.555555555555557,68.81666666666666,72.36444444444444,20.06,1003122.0,0.3333333333333333,0.28205128205128205,0.5555555555555556,2.2222222222222223,2,High-Risk Customer,Frequent follow-up and payment assistance,3002221.26
CUST0453,6,130075.53,21679.255,156.33333333333334,472,72,26,8.666666666666666,5,17,53.0,56.95333333333334,71.61,17.15,857744.0,0.6666666666666666,0.3611111111111111,0.8333333333333334,2.8333333333333335,3,High-Risk Customer,Frequent follow-up and payment assistance,2992652.93
CUST1196,6,254927.98,42487.996666666666,152.16666666666666,573,130,29,16.5,3,27,40.333333333333336,76.87166666666667,77.53833333333334,19.29,964565.0,0.6666666666666666,0.2230769230769231,0.5,4.5,2,High-Risk Customer,Frequent follow-up and payment assistance,2974903.95
CUST1988,1,10434.61,10434.61,0.0,0,1,0,12.0,0,6,39.0,100.0,92.8,59.49,2974537.0,1.0,0.0,0.0,6.0,1,Reliable Customer,Automated reminder and self-service payment,2974537.0
CUST1674,4,115950.03,28987.5075,321.75,515,55,17,4.75,2,9,40.75,65.3,78.8025,10.76,538051.0,0.25,0.3090909090909091,0.5,2.25,2,High-Risk Customer,Frequent follow-up and payment assistance,2970628.48
CUST1877,6,146921.58,24486.929999999997,49.666666666666664,256,71,18,16.333333333333332,5,26,33.166666666666664,77.76333333333334,77.41333333333334,31.399999999999995,1570180.0,0.8333333333333334,0.2535211267605634,0.8333333333333334,4.333333333333333,1,High-Risk Customer,Frequent follow-up and payment assistance,2945819.86
CUST0112,6,286834.05,47805.674999999996,89.33333333333333,333,65,14,16.333333333333332,3,11,53.166666666666664,80.00166666666667,79.20166666666667,25.58,1278807.0,0.8333333333333334,0.2153846153846154,0.5,1.8333333333333333,2,High-Risk Customer,Frequent follow-up and payment assistance,2942698.86
CUST1482,6,306674.68,51112.44666666666,206.16666666666666,445,89,25,15.0,4,32,46.5,75.61333333333333,77.47500000000001,15.0,749895.0,0.3333333333333333,0.2808988764044944,0.6666666666666666,5.333333333333333,2,High-Risk Customer,Frequent follow-up and payment assistance,2940852.27
CUST1325,1,43353.81,43353.81,0.0,0,19,4,23.0,0,5,35.0,78.95,75.68,48.46,2422948.0,1.0,0.21052631578947367,0.0,5.0,1,Reliable Customer,Automated reminder and self-service payment,2933042.32
CUST0471,6,243633.84,40605.64,164.66666666666666,514,92,24,18.333333333333332,3,17,37.166666666666664,78.94500000000001,77.47166666666666,17.58,878791.0,0.6666666666666666,0.2608695652173913,0.5,2.8333333333333335,2,High-Risk Customer,Frequent follow-up and payment assistance,2932614.72
CUST1788,3,55050.84,18350.28,156.33333333333334,279,50,17,17.0,4,7,52.666666666666664,76.39,75.32666666666667,16.95,847583.0,0.0,0.34,1.3333333333333333,2.3333333333333335,3,High-Risk Customer,Frequent follow-up and payment assistance,2911334.59
CUST1717,9,220381.39,24486.821111111112,82.66666666666667,250,162,39,11.444444444444445,6,21,52.44444444444444,75.9588888888889,79.78,25.68,1284215.0,0.4444444444444444,0.24074074074074073,0.6666666666666666,2.3333333333333335,2,High-Risk Customer,Frequent follow-up and payment assistance,2910570.24
CUST0664,5,121128.23,24225.646,82.2,411,103,29,14.6,4,15,39.4,72.226,75.752,24.92,1245885.0,0.8,0.2815533980582524,0.8,3.0,2,High-Risk Customer,Frequent follow-up and payment assistance,2909129.38
CUST0602,5,193867.08000000002,38773.416000000005,114.2,547,69,17,11.8,7,10,39.8,77.336,78.788,21.77,1088336.0,0.8,0.2463768115942029,1.4,2.0,2,High-Risk Customer,Frequent follow-up and payment assistance,2905573.21
CUST0684,4,154227.68,38556.92,255.75,439,47,14,13.75,4,15,50.25,69.37,74.435,12.57,628526.0,0.25,0.2978723404255319,1.0,3.75,3,High-Risk Customer,Frequent follow-up and payment assistance,2902018.21
CUST0248,3,78371.85,26123.95,0.0,0,25,2,6.0,2,9,24.0,93.73333333333333,91.93333333333334,53.73,2686722.0,1.0,0.08,0.6666666666666666,3.0,1,Valuable but Risky,Priority human intervention,2901659.76
CUST0098,1,5000.0,5000.0,0.0,0,4,1,10.0,3,4,45.0,75.0,75.5,46.36,2318185.0,1.0,0.25,3.0,4.0,1,High-Risk Customer,Frequent follow-up and payment assistance,2897731.25
CUST0043,4,124667.96,31166.99,47.75,191,60,11,18.25,4,16,55.75,76.32,75.21000000000001,33.0,1649792.0,0.5,0.18333333333333332,1.0,4.0,1,High-Risk Customer,Frequent follow-up and payment assistance,2884455.09
CUST1085,2,22085.4,11042.7,0.0,0,21,3,14.5,2,8,45.5,84.725,81.66499999999999,50.37,2518665.0,1.0,0.14285714285714285,1.0,4.0,1,Valuable but Risky,Priority human intervention,2878474.29
CUST0565,4,192207.12,48051.78,75.5,302,54,19,19.0,4,13,48.25,64.5375,68.87,24.24,1212189.0,0.75,0.35185185185185186,1.0,3.25,3,High-Risk Customer,Frequent follow-up and payment assistance,2875918.4
CUST1328,4,116088.20999999999,29022.052499999998,186.25,466,63,14,19.5,5,19,53.5,83.75,77.675,16.41,820692.0,0.5,0.2222222222222222,1.25,4.75,2,High-Risk Customer,Frequent follow-up and payment assistance,2871282.15
CUST1079,1,19107.74,19107.74,531.0,531,29,9,7.0,0,2,87.0,68.97,80.28,6.92,346063.0,0.0,0.3103448275862069,0.0,2.0,3,High-Risk Customer,Frequent follow-up and payment assistance,2861344.35
CUST0156,1,25488.84,25488.84,0.0,0,13,1,5.0,0,7,45.0,92.31,93.16,52.85,2642536.0,1.0,0.07692307692307693,0.0,7.0,1,Reliable Customer,Automated reminder and self-service payment,2845808.0
CUST1195,7,153009.58,21858.511428571426,188.28571428571428,517,130,33,15.428571428571429,7,24,56.0,74.75142857142858,76.11571428571428,15.74,787090.0,0.7142857142857143,0.25384615384615383,1.0,3.4285714285714284,2,High-Risk Customer,Frequent follow-up and payment assistance,2845062.22
CUST0552,6,312701.84,52116.973333333335,59.833333333333336,359,72,15,11.0,4,24,63.333333333333336,85.22500000000001,84.67833333333333,29.34,1466953.0,0.8333333333333334,0.20833333333333334,0.6666666666666666,4.0,2,High-Risk Customer,Frequent follow-up and payment assistance,2833154.85
CUST1108,4,80223.85,20055.9625,234.0,468,55,15,13.25,3,26,41.75,78.7975,79.94999999999999,13.32,665937.0,0.25,0.2727272727272727,0.75,6.5,2,High-Risk Customer,Frequent follow-up and payment assistance,2830837.65
CUST0729,3,254103.91999999998,84701.30666666666,0.0,0,48,11,4.333333333333333,2,6,22.0,83.19,87.66000000000001,46.0,2300229.0,1.0,0.22916666666666666,0.6666666666666666,2.0,1,High-Risk Customer,Frequent follow-up and payment assistance,2827364.81
CUST0772,5,125503.45999999999,25100.692,98.6,444,61,14,11.6,2,23,65.8,76.44200000000001,80.46000000000001,23.11,1155710.0,0.8,0.22950819672131148,0.4,4.6,2,High-Risk Customer,Frequent follow-up and payment assistance,2822016.47
CUST1815,7,176532.67,25218.95285714286,187.71428571428572,352,105,25,11.571428571428571,6,25,56.714285714285715,74.67857142857143,78.68285714285715,15.790000000000001,789574.0,0.2857142857142857,0.23809523809523808,0.8571428571428571,3.5714285714285716,2,High-Risk Customer,Frequent follow-up and payment assistance,2812602.24
CUST1882,6,101447.1,16907.850000000002,69.16666666666667,212,58,13,15.0,2,27,58.333333333333336,85.10333333333334,82.885,27.16,1358014.0,0.5,0.22413793103448276,0.3333333333333333,4.5,2,High-Risk Customer,Frequent follow-up and payment assistance,2812220.66
CUST0705,4,144231.83,36057.9575,31.25,125,62,21,4.25,3,15,46.0,68.5375,80.22,31.97,1598485.0,1.0,0.3387096774193548,0.75,3.75,1,High-Risk Customer,Frequent follow-up and payment assistance,2808628.38
CUST1551,10,373877.36,37387.736,77.6,299,159,40,9.8,7,13,36.3,75.295,80.368,25.01,1250532.0,0.6,0.25157232704402516,0.7,1.3,2,High-Risk Customer,Frequent follow-up and payment assistance,2779673.09
CUST1532,5,205129.97,41025.994,109.2,428,77,24,10.2,5,23,56.6,69.14,76.452,20.25,1012452.0,0.0,0.3116883116883117,1.0,4.6,2,High-Risk Customer,Frequent follow-up and payment assistance,2778220.88
CUST1798,6,252451.43,42075.238333333335,32.5,195,101,24,5.5,4,17,54.833333333333336,79.63833333333334,85.185,33.88,1693909.0,0.8333333333333334,0.2376237623762376,0.6666666666666666,2.8333333333333335,1,High-Risk Customer,Frequent follow-up and payment assistance,2777759.19
CUST0523,4,81618.85,20404.7125,135.5,301,55,15,4.75,1,10,19.75,71.43,82.37,18.43,921522.0,0.5,0.2727272727272727,0.25,2.5,2,High-Risk Customer,Frequent follow-up and payment assistance,2762052.76
CUST1991,5,201033.19,40206.638,33.0,88,55,13,12.0,7,18,48.4,80.398,80.2,33.54,1677059.0,1.0,0.23636363636363636,1.4,3.6,1,High-Risk Customer,Frequent follow-up and payment assistance,2757694.84
CUST0944,4,453381.57999999996,113345.39499999999,195.75,500,25,7,15.75,0,8,49.75,82.64750000000001,81.875,14.51,725673.0,0.5,0.28,0.0,2.0,2,High-Risk Customer,Frequent follow-up and payment assistance,2747107.71
CUST1642,6,169328.98,28221.49666666667,80.33333333333333,305,99,19,15.833333333333334,5,20,46.166666666666664,80.22666666666667,78.94833333333334,25.540000000000003,1277222.0,0.8333333333333334,0.1919191919191919,0.8333333333333334,3.3333333333333335,2,High-Risk Customer,Frequent follow-up and payment assistance,2745296.23
CUST1435,3,314042.34,104680.78000000001,39.333333333333336,90,35,9,11.666666666666666,1,10,35.333333333333336,51.26,67.96333333333332,31.28,1564101.0,1.0,0.2571428571428571,0.3333333333333333,3.3333333333333335,1,High-Risk Customer,Frequent follow-up and payment assistance,2739709.1
CUST0384,7,115948.7,16564.1,77.0,306,128,30,12.571428571428571,5,35,49.42857142857143,75.72714285714287,78.89285714285714,25.04,1251838.0,0.5714285714285714,0.234375,0.7142857142857143,5.0,2,High-Risk Customer,Frequent follow-up and payment assistance,2735070.43
CUST0794,5,139466.79,27893.358,131.4,422,58,13,10.4,5,14,57.4,81.622,82.56800000000001,19.3,965113.0,0.6,0.22413793103448276,1.0,2.8,2,High-Risk Customer,Frequent follow-up and payment assistance,2733832.33
CUST0875,5,87726.53,17545.306,113.4,321,112,26,15.8,8,19,36.8,77.594,76.116,20.68,1034156.0,0.8,0.23214285714285715,1.6,3.8,2,High-Risk Customer,Frequent follow-up and payment assistance,2719202.4
CUST0405,6,334636.01,55772.668333333335,153.33333333333334,566,78,14,12.166666666666666,4,33,46.833333333333336,70.36833333333333,76.55,18.13,906626.0,0.5,0.1794871794871795,0.6666666666666666,5.5,2,High-Risk Customer,Frequent follow-up and payment assistance,2709029.48
CUST0463,5,198294.64,39658.928,73.4,367,81,18,15.0,3,27,53.4,80.34200000000001,79.97200000000001,25.54,1277146.0,0.8,0.2222222222222222,0.6,5.4,2,High-Risk Customer,Frequent follow-up and payment assistance,2706698.09
CUST1621,5,65301.51,13060.302,119.4,288,86,19,20.6,3,26,55.6,78.522,75.702,20.02,1000922.0,0.6,0.22093023255813954,0.6,5.2,2,High-Risk Customer,Frequent follow-up and payment assistance,2681190.71
CUST1660,4,123433.74,30858.435,111.75,397,60,18,17.75,4,24,49.0,76.9025,75.8,19.42,970759.0,0.75,0.3,1.0,6.0,2,High-Risk Customer,Frequent follow-up and payment assistance,2672256.84
CUST1169,4,163167.81,40791.9525,149.25,349,78,27,11.25,5,17,27.0,65.505,73.5,15.86,793088.0,0.5,0.34615384615384615,1.25,4.25,3,High-Risk Customer,Frequent follow-up and payment assistance,2661039.02
CUST0356,7,264030.41000000003,37718.630000000005,286.2857142857143,572,105,30,6.571428571428571,4,21,67.85714285714286,68.71714285714286,79.27428571428571,10.72,535757.0,0.42857142857142855,0.2857142857142857,0.5714285714285714,3.0,2,High-Risk Customer,Frequent follow-up and payment assistance,2660853.54
CUST0880,4,132401.6,33100.4,70.75,283,96,23,11.5,2,17,22.5,74.5,79.35,25.08,1253920.0,0.75,0.23958333333333334,0.5,4.25,1,High-Risk Customer,Frequent follow-up and payment assistance,2654032.7
CUST0849,11,298739.81,27158.164545454547,235.1818181818182,519,169,37,13.545454545454545,7,17,58.81818181818182,78.12272727272727,79.66272727272727,12.97,648506.0,0.36363636363636365,0.21893491124260356,0.6363636363636364,1.5454545454545454,2,High-Risk Customer,Frequent follow-up and payment assistance,2649567.37
CUST1282,3,286297.27999999997,95432.42666666665,0.0,0,60,16,2.3333333333333335,0,11,35.333333333333336,70.16000000000001,83.68,41.52,2076110.0,0.6666666666666666,0.26666666666666666,0.0,3.6666666666666665,1,Occasional Late Payer,Personalized payment reminder,2629739.33
CUST1917,6,208076.8,34679.46666666667,236.5,442,110,26,19.5,6,25,50.0,70.12833333333333,71.36333333333333,12.64,631904.0,0.3333333333333333,0.23636363636363636,1.0,4.166666666666667,2,High-Risk Customer,Frequent follow-up and payment assistance,2628950.42
CUST0062,5,159525.63,31905.126,181.6,512,82,23,14.6,4,22,58.2,73.49199999999999,76.386,14.580000000000002,728841.0,0.4,0.2804878048780488,0.8,4.4,2,High-Risk Customer,Frequent follow-up and payment assistance,2628093.99
CUST0395,4,57006.869999999995,14251.717499999999,299.25,562,23,8,16.25,4,16,40.5,69.94,73.22,9.75,487625.0,0.25,0.34782608695652173,1.0,4.0,3,High-Risk Customer,Frequent follow-up and payment assistance,2624005.53
CUST0416,8,211405.83000000002,26425.728750000002,190.25,520,139,32,14.125,7,20,47.625,76.6,78.07375,14.68,734029.0,0.375,0.2302158273381295,0.875,2.5,2,High-Risk Customer,Frequent follow-up and payment assistance,2620998.41
CUST1542,3,130813.12,43604.37333333333,95.0,285,21,7,10.333333333333334,1,14,42.0,66.03333333333335,76.15333333333332,20.1,1005205.0,0.6666666666666666,0.3333333333333333,0.3333333333333333,4.666666666666667,2,High-Risk Customer,Frequent follow-up and payment assistance,2613533.0
CUST1779,4,59679.8,14919.95,185.25,523,33,7,21.25,5,12,33.25,65.1775,67.3375,15.11,755356.0,0.5,0.21212121212121213,1.25,3.0,3,High-Risk Customer,Frequent follow-up and payment assistance,2611700.59
CUST1576,2,33952.14,16976.07,226.0,452,28,7,7.0,1,14,51.0,86.0,87.8,12.77,638574.0,0.5,0.25,0.5,7.0,2,High-Risk Customer,Frequent follow-up and payment assistance,2602189.05
CUST1957,3,40291.36,13430.453333333333,0.0,0,47,12,3.0,5,5,29.0,79.33,84.53,41.33,2066328.0,1.0,0.2553191489361702,1.6666666666666667,1.6666666666666667,1,High-Risk Customer,Frequent follow-up and payment assistance,2593901.11
CUST0623,9,518508.61,57612.067777777775,100.88888888888889,387,88,21,10.666666666666666,3,18,50.22222222222222,68.88777777777779,77.37777777777778,20.7,1035132.0,0.6666666666666666,0.23863636363636365,0.3333333333333333,2.0,2,High-Risk Customer,Frequent follow-up and payment assistance,2575701.18
CUST0330,8,437634.0,54704.25,0.0,0,128,26,6.875,9,33,26.25,76.38125,81.81625,42.69,2134504.0,1.0,0.203125,1.125,4.125,1,High-Risk Customer,Frequent follow-up and payment assistance,2568075.12
CUST1366,6,229396.32,38232.72,113.83333333333333,342,111,29,11.666666666666666,7,24,42.5,76.28666666666668,78.81166666666667,18.97,948332.0,0.5,0.26126126126126126,1.1666666666666667,4.0,2,High-Risk Customer,Frequent follow-up and payment assistance,2557648.56
CUST1971,3,73475.19,24491.73,212.66666666666666,448,63,11,17.0,3,7,41.333333333333336,83.64666666666666,79.62333333333333,13.93,696275.0,0.6666666666666666,0.1746031746031746,1.0,2.3333333333333335,2,High-Risk Customer,Frequent follow-up and payment assistance,2557134.41
CUST1373,5,96745.8,19349.16,36.4,182,63,10,12.6,4,18,38.2,79.14,80.412,32.25,1612518.0,0.8,0.15873015873015872,0.8,3.6,1,High-Risk Customer,Frequent follow-up and payment assistance,2548597.5
CUST1712,4,101445.91,25361.4775,10.5,32,71,17,17.5,5,15,51.5,74.42,74.21,37.12,1856210.0,0.75,0.23943661971830985,1.25,3.75,1,High-Risk Customer,Frequent follow-up and payment assistance,2542223.39
CUST0918,4,55735.58,13933.895,185.0,369,90,18,13.25,3,11,51.25,78.39750000000001,79.7475,14.84,742137.0,0.25,0.2,0.75,2.75,2,High-Risk Customer,Frequent follow-up and payment assistance,2538108.54
CUST0991,6,336234.42,56039.07,76.5,406,56,13,17.166666666666668,2,19,61.0,79.01833333333333,78.54333333333334,23.22,1161009.0,0.8333333333333334,0.23214285714285715,0.3333333333333333,3.1666666666666665,2,High-Risk Customer,Frequent follow-up and payment assistance,2524883.59
CUST1999,1,32642.76,32642.76,0.0,0,12,3,8.0,0,2,7.0,75.0,82.7,40.36,2018067.0,1.0,0.25,0.0,2.0,1,Reliable Customer,Automated reminder and self-service payment,2522583.75
CUST1379,7,217001.21999999997,31000.17428571428,219.71428571428572,572,122,27,15.0,2,26,57.142857142857146,83.44142857142857,82.14999999999999,12.89,644557.0,0.42857142857142855,0.22131147540983606,0.2857142857142857,3.7142857142857144,2,High-Risk Customer,Frequent follow-up and payment assistance,2516806.4
CUST1494,3,65676.47,21892.156666666666,26.333333333333332,79,57,17,9.333333333333334,2,16,53.333333333333336,67.02,76.57666666666667,30.66,1532795.0,1.0,0.2982456140350877,0.6666666666666666,5.333333333333333,1,High-Risk Customer,Frequent follow-up and payment assistance,2513963.07
CUST1534,3,128583.81,42861.27,10.666666666666666,32,77,19,6.333333333333333,1,7,68.0,75.77333333333333,83.42333333333333,36.41,1820394.0,1.0,0.24675324675324675,0.3333333333333333,2.3333333333333335,1,High-Risk Customer,Frequent follow-up and payment assistance,2511670.89
CUST0990,6,161221.28999999998,26870.214999999997,129.16666666666666,405,109,31,14.166666666666666,4,29,59.5,71.66666666666667,76.00166666666667,17.04,851955.0,0.5,0.28440366972477066,0.6666666666666666,4.833333333333333,2,High-Risk Customer,Frequent follow-up and payment assistance,2507665.71
CUST1731,3,143405.18,47801.72666666666,150.33333333333334,298,39,12,11.333333333333334,3,17,57.0,76.39,79.39333333333333,15.270000000000001,763340.0,0.3333333333333333,0.3076923076923077,1.0,5.666666666666667,2,High-Risk Customer,Frequent follow-up and payment assistance,2498861.99
CUST0168,2,39023.25,19511.625,68.5,137,28,5,12.0,4,8,15.5,80.485,79.03999999999999,25.12,1256123.0,0.5,0.17857142857142858,2.0,4.0,1,High-Risk Customer,Frequent follow-up and payment assistance,2494525.69
CUST0621,5,247693.79,49538.758,0.0,0,52,8,12.4,1,20,53.4,82.048,83.186,43.15,2157359.0,1.0,0.15384615384615385,0.2,4.0,1,Reliable Customer,Automated reminder and self-service payment,2489260.38
CUST1682,8,337832.08,42229.01,111.625,455,115,20,14.125,5,32,52.0,84.0275,82.29124999999999,19.95,997272.0,0.625,0.17391304347826086,0.625,4.0,2,High-Risk Customer,Frequent follow-up and payment assistance,2477516.33
CUST0465,2,94321.09,47160.545,47.0,94,42,9,8.5,0,4,64.5,77.295,83.545,27.67,1383572.0,1.0,0.21428571428571427,0.0,2.0,1,Occasional Late Payer,Personalized payment reminder,2469676.02
CUST1772,5,142572.12,28514.424,70.8,301,115,25,12.6,7,13,58.6,79.09400000000001,79.19000000000001,23.71,1185270.0,0.6,0.21739130434782608,1.4,2.6,2,High-Risk Customer,Frequent follow-up and payment assistance,2464537.06
CUST1568,4,161183.81,40295.9525,103.75,237,49,12,17.25,3,18,48.0,82.3925,79.3475,19.35,967472.0,0.25,0.24489795918367346,0.75,4.5,2,High-Risk Customer,Frequent follow-up and payment assistance,2453972.98
CUST0846,4,65807.62,16451.905,137.5,505,61,19,17.0,3,9,42.5,70.08,73.3425,15.69,784275.0,0.75,0.3114754098360656,0.75,2.25,3,High-Risk Customer,Frequent follow-up and payment assistance,2442823.77
CUST0403,5,320930.30000000005,64186.06000000001,20.6,103,60,14,2.6,3,12,27.2,85.166,89.824,32.4,1620057.0,1.0,0.23333333333333334,0.6,2.4,1,High-Risk Customer,Frequent follow-up and payment assistance,2409672.78
CUST0325,10,460911.57,46091.157,79.6,510,161,38,11.5,13,49,58.5,76.99600000000001,78.998,21.69,1084586.0,0.9,0.2360248447204969,1.3,4.9,2,High-Risk Customer,Frequent follow-up and payment assistance,2407673.14
CUST1545,7,285955.02,40850.717142857146,100.71428571428571,404,96,21,10.714285714285714,7,23,39.42857142857143,79.28999999999999,81.21714285714286,19.68,984048.0,0.7142857142857143,0.21875,1.0,3.2857142857142856,2,High-Risk Customer,Frequent follow-up and payment assistance,2407183.49
CUST0683,4,98099.67,24524.9175,236.25,363,22,10,16.75,4,9,45.75,71.795,73.845,9.84,491904.0,0.25,0.45454545454545453,1.0,2.25,3,High-Risk Customer,Frequent follow-up and payment assistance,2405857.75
CUST0280,4,105963.86,26490.965,27.0,108,79,23,16.0,1,14,51.5,70.3075,75.055,29.34,1466828.0,0.75,0.2911392405063291,0.25,3.5,1,Occasional Late Payer,Personalized payment reminder,2405226.57
CUST0970,7,228319.46000000002,32617.065714285716,189.14285714285714,492,126,28,9.428571428571429,7,24,30.857142857142858,74.15285714285713,79.42,13.58,678889.0,0.42857142857142855,0.2222222222222222,1.0,3.4285714285714284,2,High-Risk Customer,Frequent follow-up and payment assistance,2399172.17
CUST0718,5,166353.09,33270.618,31.6,158,97,25,15.0,3,15,60.4,75.65,77.624,28.93,1446436.0,1.0,0.25773195876288657,0.6,3.0,1,High-Risk Customer,Frequent follow-up and payment assistance,2394105.08
CUST1163,3,59810.71,19936.903333333332,0.0,0,66,15,6.666666666666667,4,9,35.0,76.83,81.74666666666667,38.96,1947883.0,1.0,0.22727272727272727,1.3333333333333333,3.0,1,High-Risk Customer,Frequent follow-up and payment assistance,2390583.68
CUST0014,7,125965.72,17995.102857142858,203.85714285714286,545,91,25,12.857142857142858,6,30,37.42857142857143,68.02857142857142,74.58714285714287,12.320000000000002,616088.0,0.7142857142857143,0.27472527472527475,0.8571428571428571,4.285714285714286,2,High-Risk Customer,Frequent follow-up and payment assistance,2386320.63
CUST1591,6,412696.35,68782.72499999999,195.5,558,121,25,13.833333333333334,4,22,58.333333333333336,78.77,79.75166666666667,13.38,669003.0,0.5,0.2066115702479339,0.6666666666666666,3.6666666666666665,2,High-Risk Customer,Frequent follow-up and payment assistance,2385355.08
CUST0842,4,61079.32,15269.83,146.5,436,79,17,9.5,3,12,23.75,79.1425,82.3725,15.9,794748.0,0.5,0.21518987341772153,0.75,3.0,2,High-Risk Customer,Frequent follow-up and payment assistance,2380622.36
CUST0585,6,164864.0,27477.333333333332,86.0,338,91,25,14.666666666666666,7,25,42.166666666666664,66.41333333333334,72.07333333333334,20.07,1003692.0,0.8333333333333334,0.27472527472527475,1.1666666666666667,4.166666666666667,2,High-Risk Customer,Frequent follow-up and payment assistance,2379742.7
CUST1793,3,80027.12,26675.706666666665,131.66666666666666,395,47,12,11.333333333333334,3,11,39.333333333333336,74.47666666666667,78.44,16.36,818223.0,0.6666666666666666,0.2553191489361702,1.0,3.6666666666666665,2,High-Risk Customer,Frequent follow-up and payment assistance,2379520.15
CUST1659,6,92514.64,15419.106666666667,20.0,120,98,23,16.0,3,20,54.5,67.35666666666667,73.08,31.95,1597419.0,1.0,0.23469387755102042,0.5,3.3333333333333335,1,High-Risk Customer,Frequent follow-up and payment assistance,2366788.15
CUST0180,5,146717.62,29343.523999999998,105.2,526,73,21,7.6,5,14,52.6,73.058,79.97200000000001,17.91,895474.0,0.8,0.2876712328767123,1.0,2.8,2,High-Risk Customer,Frequent follow-up and payment assistance,2366112.18
CUST0883,2,230416.37,115208.185,153.0,306,24,4,16.0,0,6,59.5,67.37,74.085,15.96,797852.0,0.5,0.16666666666666666,0.0,3.0,2,High-Risk Customer,Frequent follow-up and payment assistance,2354993.15
CUST1777,4,213965.2,53491.3,110.0,271,67,16,13.0,2,8,55.5,73.89250000000001,78.15,18.02,901161.0,0.5,0.23880597014925373,0.5,2.0,2,High-Risk Customer,Frequent follow-up and payment assistance,2344363.62
CUST1789,4,187392.99,46848.2475,261.75,563,85,22,11.25,4,11,56.5,74.07,78.285,10.29,514310.0,0.25,0.25882352941176473,1.0,2.75,2,High-Risk Customer,Frequent follow-up and payment assistance,2342061.85
CUST1701,5,273256.4,54651.280000000006,180.0,360,82,17,21.0,10,17,36.2,75.798,71.30199999999999,13.830000000000002,691593.0,0.4,0.2073170731707317,2.0,3.4,2,High-Risk Customer,Frequent follow-up and payment assistance,2337921.7
CUST1380,6,339051.86000000004,56508.64333333334,84.0,294,84,18,12.0,2,16,39.0,82.00166666666667,83.13333333333334,20.8,1040121.0,0.8333333333333334,0.21428571428571427,0.3333333333333333,2.6666666666666665,2,High-Risk Customer,Frequent follow-up and payment assistance,2323927.49
CUST1395,3,76811.26000000001,25603.753333333338,76.66666666666667,179,56,12,21.0,2,17,51.0,84.92,78.52666666666666,21.429999999999996,1071436.0,0.0,0.21428571428571427,0.6666666666666666,5.666666666666667,2,High-Risk Customer,Frequent follow-up and payment assistance,2298485.32
CUST1791,4,61590.53,15397.6325,183.75,459,81,27,10.25,2,11,61.75,68.2925,76.995,12.14,607242.0,0.25,0.3333333333333333,0.5,2.75,3,High-Risk Customer,Frequent follow-up and payment assistance,2297398.9
CUST0850,10,446526.43,44652.643,191.1,459,123,36,17.8,15,38,54.1,71.929,72.28399999999999,12.13,606718.0,0.5,0.2926829268292683,1.5,3.8,2,High-Risk Customer,Frequent follow-up and payment assistance,2283079.83
CUST0913,8,327486.9,40935.8625,164.125,482,102,31,12.625,8,25,38.375,71.58125,76.215,13.24,662181.0,0.375,0.30392156862745096,1.0,3.125,2,High-Risk Customer,Frequent follow-up and payment assistance,2280540.0
CUST0018,3,152985.56999999998,50995.189999999995,122.0,366,50,10,4.666666666666667,1,8,37.333333333333336,79.11666666666666,86.09333333333332,17.1,855113.0,0.6666666666666666,0.2,0.3333333333333333,2.6666666666666665,2,High-Risk Customer,Frequent follow-up and payment assistance,2278021.03
CUST0489,3,329731.56,109910.52,26.333333333333332,79,40,12,3.6666666666666665,0,13,70.0,64.39333333333333,79.99666666666667,27.72,1386092.0,0.6666666666666666,0.3,0.0,4.333333333333333,1,Occasional Late Payer,Personalized payment reminder,2276425.09
CUST0687,6,303419.05,50569.84166666667,115.5,405,95,21,11.5,6,19,39.333333333333336,80.91833333333334,81.55666666666667,17.29,864422.0,0.6666666666666666,0.22105263157894736,1.0,3.1666666666666665,2,High-Risk Customer,Frequent follow-up and payment assistance,2274612.75
CUST0247,6,303682.92,50613.82,230.5,487,102,22,17.5,3,19,41.833333333333336,73.745,75.375,11.31,565693.0,0.3333333333333333,0.21568627450980393,0.5,3.1666666666666665,2,High-Risk Customer,Frequent follow-up and payment assistance,2272865.74
CUST1508,5,298878.05,59775.61,65.8,222,51,17,9.4,4,20,61.8,68.63199999999999,77.076,20.47,1023737.0,0.8,0.3333333333333333,0.8,4.0,2,High-Risk Customer,Frequent follow-up and payment assistance,2263141.26
CUST0434,9,487685.01,54187.223333333335,155.11111111111111,401,155,35,14.0,10,19,60.888888888888886,79.61888888888889,79.19,14.46,723218.0,0.4444444444444444,0.22580645161290322,1.1111111111111112,2.111111111111111,2,High-Risk Customer,Frequent follow-up and payment assistance,2261624.52
CUST0575,7,198961.22,28423.03142857143,151.85714285714286,550,140,43,7.428571428571429,3,24,58.142857142857146,70.31857142857143,79.84714285714286,13.709999999999999,685719.0,0.5714285714285714,0.30714285714285716,0.42857142857142855,3.4285714285714284,2,High-Risk Customer,Frequent follow-up and payment assistance,2257477.91
CUST0639,12,375256.75,31271.395833333332,116.0,291,168,51,12.25,13,58,54.333333333333336,72.29416666666667,76.63166666666667,16.03,801518.0,0.5,0.30357142857142855,1.0833333333333333,4.833333333333333,2,High-Risk Customer,Frequent follow-up and payment assistance,2256845.68
CUST0289,5,128363.58,25672.716,298.2,502,116,23,17.4,3,23,43.6,80.24600000000001,78.482,9.45,472381.0,0.4,0.19827586206896552,0.6,4.6,2,High-Risk Customer,Frequent follow-up and payment assistance,2253982.23
CUST0205,3,153016.01,51005.33666666667,0.0,0,31,8,12.0,3,17,54.666666666666664,61.90333333333333,71.75333333333333,35.81,1790534.0,1.0,0.25806451612903225,1.0,5.666666666666667,1,High-Risk Customer,Frequent follow-up and payment assistance,2252607.29
CUST1211,6,99802.26,16633.71,102.5,400,60,11,2.6666666666666665,5,18,37.166666666666664,78.97,86.21833333333332,18.79,939493.0,0.6666666666666666,0.18333333333333332,0.8333333333333334,3.0,2,High-Risk Customer,Frequent follow-up and payment assistance,2251260.1
CUST0109,5,125241.93,25048.386,71.4,357,80,25,8.6,1,11,32.8,64.97200000000001,76.926,20.0,1000162.0,0.8,0.3125,0.2,2.2,2,High-Risk Customer,Frequent follow-up and payment assistance,2249989.44
CUST0349,4,87112.14,21778.035,131.5,305,61,13,15.5,3,9,44.75,78.5025,78.4525,16.0,799971.0,0.25,0.21311475409836064,0.75,2.25,2,High-Risk Customer,Frequent follow-up and payment assistance,2246607.08
CUST1405,7,292445.54,41777.934285714284,122.42857142857143,448,91,27,11.285714285714286,2,31,44.714285714285715,78.87857142857142,82.0957142857143,15.53,776448.0,0.7142857142857143,0.2967032967032967,0.2857142857142857,4.428571428571429,2,High-Risk Customer,Frequent follow-up and payment assistance,2239461.31
CUST0651,5,39564.16,7912.832,3.6,18,74,18,10.4,2,13,26.4,74.24600000000001,80.08399999999999,34.69,1734532.0,1.0,0.24324324324324326,0.4,2.6,1,High-Risk Customer,Frequent follow-up and payment assistance,2234077.22
CUST0254,5,89969.73,17993.946,256.4,524,99,21,10.6,7,22,43.4,83.03,82.356,10.32,515982.0,0.6,0.21212121212121213,1.4,4.4,2,High-Risk Customer,Frequent follow-up and payment assistance,2229042.24
CUST1666,2,104344.41,52172.205,20.5,41,27,7,18.5,1,7,46.0,73.9,74.85,29.38,1468826.0,0.5,0.25925925925925924,0.5,3.5,1,High-Risk Customer,Frequent follow-up and payment assistance,2228807.45
CUST0627,5,112655.99,22531.198,233.8,447,101,30,13.2,1,12,23.8,68.408,75.884,10.28,513937.0,0.4,0.297029702970297,0.2,2.4,2,High-Risk Customer,Frequent follow-up and payment assistance,2225082.61
CUST0543,5,224989.37,44997.873999999996,176.4,573,82,21,9.0,2,25,42.0,76.28999999999999,81.944,12.809999999999999,640381.0,0.6,0.25609756097560976,0.4,5.0,2,High-Risk Customer,Frequent follow-up and payment assistance,2223309.12
CUST0887,7,168826.96,24118.13714285714,107.71428571428571,391,124,29,10.0,4,28,58.142857142857146,77.96428571428571,81.83857142857143,17.25,862283.0,0.7142857142857143,0.23387096774193547,0.5714285714285714,4.0,2,High-Risk Customer,Frequent follow-up and payment assistance,2209967.75
CUST0252,1,5000.0,5000.0,0.0,0,24,4,6.0,1,6,43.0,83.33,86.06,37.8,1890083.0,1.0,0.16666666666666666,1.0,6.0,1,High-Risk Customer,Frequent follow-up and payment assistance,2205096.83
CUST0056,6,155267.77000000002,25877.96166666667,150.16666666666666,523,78,15,9.333333333333334,3,12,36.0,80.25833333333334,83.53,14.770000000000001,738725.0,0.6666666666666666,0.19230769230769232,0.5,2.0,2,High-Risk Customer,Frequent follow-up and payment assistance,2203436.73
CUST0176,7,180417.51,25773.93,91.28571428571429,580,104,28,16.285714285714285,4,21,50.57142857142857,72.52428571428571,75.34857142857143,18.12,906047.0,0.8571428571428571,0.2692307692307692,0.5714285714285714,3.0,2,High-Risk Customer,Frequent follow-up and payment assistance,2199752.68
CUST1382,3,45285.7,15095.233333333332,0.0,0,38,9,6.333333333333333,2,2,29.666666666666668,78.05333333333333,83.89666666666666,35.5,1775049.0,1.0,0.23684210526315788,0.6666666666666666,0.6666666666666666,1,High-Risk Customer,Frequent follow-up and payment assistance,2195455.34
CUST1047,5,403178.31999999995,80635.66399999999,73.0,249,33,10,11.6,2,21,48.4,64.224,74.354,19.4,970114.0,0.6,0.30303030303030304,0.4,4.2,2,High-Risk Customer,Frequent follow-up and payment assistance,2186872.14
CUST0170,2,12571.33,6285.665,0.0,0,22,4,5.0,2,8,27.0,74.12,82.06,36.71,1835559.0,1.0,0.18181818181818182,1.0,4.0,1,High-Risk Customer,Frequent follow-up and payment assistance,2169297.0
CUST0250,2,66966.3,33483.15,306.0,307,37,5,10.0,2,5,63.5,85.86500000000001,84.93,9.3,464994.0,0.0,0.13513513513513514,1.0,2.5,2,High-Risk Customer,Frequent follow-up and payment assistance,2142993.97
CUST1992,5,79730.2,15946.039999999999,50.6,253,73,19,5.2,1,19,29.2,69.036,80.998,22.49,1124477.0,0.8,0.2602739726027397,0.2,3.8,1,Occasional Late Payer,Personalized payment reminder,2134226.54
CUST1938,11,1082691.59,98426.5081818182,258.54545454545456,527,151,40,16.181818181818183,8,43,46.0,77.30727272727273,77.49181818181818,9.41,470539.0,0.36363636363636365,0.26490066225165565,0.7272727272727273,3.909090909090909,2,High-Risk Customer,Frequent follow-up and payment assistance,2134009.1
CUST1784,1,8916.02,8916.02,336.0,336,10,3,20.0,0,4,76.0,70.0,73.0,7.5,374934.0,0.0,0.3,0.0,4.0,3,High-Risk Customer,Frequent follow-up and payment assistance,2125125.91
CUST1734,4,444554.44,111138.61,87.0,348,77,22,6.0,0,12,43.25,71.2675,82.0375,17.63,881257.0,0.75,0.2857142857142857,0.0,3.0,2,High-Risk Customer,Frequent follow-up and payment assistance,2118793.62
CUST1840,4,124852.62,31213.155,42.75,171,49,12,7.0,3,15,55.25,66.675,77.63499999999999,23.83,1191452.0,0.75,0.24489795918367346,0.75,3.75,1,High-Risk Customer,Frequent follow-up and payment assistance,2117319.62
CUST1497,4,82585.54000000001,20646.385000000002,191.75,392,74,14,17.75,4,15,23.25,84.7125,79.705,12.18,608981.0,0.25,0.1891891891891892,1.0,3.75,2,High-Risk Customer,Frequent follow-up and payment assistance,2112834.89
CUST0760,1,11034.56,11034.56,0.0,0,2,1,11.0,0,7,77.0,50.0,68.4,28.17,1408311.0,1.0,0.5,0.0,7.0,3,High-Risk Customer,Frequent follow-up and payment assistance,2112466.5
CUST0016,8,252518.3,31564.7875,149.875,453,101,19,12.375,5,37,56.375,81.46124999999999,82.055,14.16,708003.0,0.5,0.18811881188118812,0.625,4.625,2,High-Risk Customer,Frequent follow-up and payment assistance,2101927.72
CUST1329,2,18334.45,9167.225,253.0,506,33,8,12.5,1,6,49.0,69.285,76.14,9.57,478745.0,0.5,0.24242424242424243,0.5,3.0,2,High-Risk Customer,Frequent follow-up and payment assistance,2099659.51
CUST0536,6,281810.9,46968.48333333334,104.5,418,85,19,18.666666666666668,3,26,36.833333333333336,75.11333333333333,75.35666666666667,16.76,838140.0,0.6666666666666666,0.2235294117647059,0.5,4.333333333333333,2,High-Risk Customer,Frequent follow-up and payment assistance,2097124.88
CUST1309,4,155861.15,38965.2875,334.25,496,49,11,21.75,2,23,40.25,71.49,71.6925,7.88,394126.0,0.5,0.22448979591836735,0.5,5.75,3,High-Risk Customer,Frequent follow-up and payment assistance,2095704.68
CUST1872,4,54894.5,13723.625,110.5,206,65,14,10.5,4,10,18.0,80.4175,81.91,16.35,817442.0,0.25,0.2153846153846154,1.0,2.5,2,High-Risk Customer,Frequent follow-up and payment assistance,2091331.04
CUST0123,10,317652.4,31765.24,25.8,107,158,41,12.2,8,39,47.7,78.471,80.315,26.130000000000003,1306715.0,1.0,0.25949367088607594,0.8,3.9,1,High-Risk Customer,Frequent follow-up and payment assistance,2070415.48
CUST1048,5,393579.32,78715.864,146.8,579,84,24,12.2,3,22,46.8,67.126,75.042,13.039999999999997,651891.0,0.8,0.2857142857142857,0.6,4.4,2,High-Risk Customer,Frequent follow-up and payment assistance,2068543.27
CUST0956,5,117198.29000000001,23439.658000000003,258.4,509,93,20,8.2,8,20,34.8,79.624,81.692,9.46,473177.0,0.8,0.21505376344086022,1.6,4.0,2,High-Risk Customer,Frequent follow-up and payment assistance,2060568.81
CUST1752,7,220090.63999999998,31441.519999999997,75.42857142857143,271,106,28,7.857142857142857,6,34,63.857142857142854,73.77428571428571,80.45857142857143,18.43,921535.0,0.7142857142857143,0.2641509433962264,0.8571428571428571,4.857142857142857,2,High-Risk Customer,Frequent follow-up and payment assistance,2043671.53
CUST1266,2,23961.71,11980.855,81.5,163,55,17,13.0,1,11,17.0,69.245,75.82499999999999,17.17,858301.0,0.5,0.3090909090909091,0.5,5.5,1,High-Risk Customer,Frequent follow-up and payment assistance,2039323.18
CUST1438,5,192140.7,38428.14,186.8,495,72,17,15.0,2,27,30.2,83.94,82.17,11.5,575005.0,0.6,0.2361111111111111,0.4,5.4,2,High-Risk Customer,Frequent follow-up and payment assistance,2038488.56
CUST0877,2,50542.78,25271.39,75.5,151,31,8,6.0,1,5,57.5,74.58500000000001,82.695,18.27,913659.0,0.5,0.25806451612903225,0.5,2.5,1,High-Risk Customer,Frequent follow-up and payment assistance,2017270.65
CUST1097,8,194594.63,24324.32875,49.625,269,118,28,11.75,6,27,39.0,66.4075,74.655,21.67,1083668.0,0.75,0.23728813559322035,0.75,3.375,2,High-Risk Customer,Frequent follow-up and payment assistance,2006186.3
CUST0410,8,342321.67,42790.20875,199.5,441,138,39,12.75,5,30,52.625,73.31625,77.76,10.41,520529.0,0.375,0.2826086956521739,0.625,3.75,2,High-Risk Customer,Frequent follow-up and payment assistance,1999566.89
CUST0808,3,56687.719999999994,18895.906666666666,0.0,0,63,21,4.333333333333333,3,6,13.666666666666666,65.96333333333332,78.38,29.959999999999997,1497947.0,1.0,0.3333333333333333,1.0,2.0,1,High-Risk Customer,Frequent follow-up and payment assistance,1997262.67
CUST0145,3,133389.36,44463.119999999995,155.33333333333334,385,37,9,14.333333333333334,6,12,54.0,72.03,73.41333333333334,12.57,628688.0,0.6666666666666666,0.24324324324324326,2.0,4.0,2,High-Risk Customer,Frequent follow-up and payment assistance,1995716.25
CUST1515,3,65465.38,21821.79333333333,95.0,285,35,7,13.333333333333334,3,10,75.0,79.79666666666667,79.89333333333333,16.94,847057.0,0.6666666666666666,0.2,1.0,3.3333333333333335,2,High-Risk Customer,Frequent follow-up and payment assistance,1982113.38
CUST0455,7,346379.23,49482.74714285714,108.71428571428571,458,110,29,18.428571428571427,4,23,35.285714285714285,74.87142857142858,75.23571428571428,14.99,749539.0,0.7142857142857143,0.2636363636363636,0.5714285714285714,3.2857142857142856,2,High-Risk Customer,Frequent follow-up and payment assistance,1976826.37
CUST0951,2,33845.63,16922.815,91.0,182,28,6,18.0,1,9,66.5,77.53999999999999,76.965,17.04,851849.0,0.5,0.21428571428571427,0.5,4.5,1,High-Risk Customer,Frequent follow-up and payment assistance,1975681.22
CUST1730,7,145554.6,20793.514285714286,95.28571428571429,302,81,18,10.571428571428571,4,21,41.42857142857143,76.86571428571428,80.94857142857143,16.55,827635.0,0.7142857142857143,0.2222222222222222,0.5714285714285714,3.0,2,High-Risk Customer,Frequent follow-up and payment assistance,1975420.24
CUST1961,6,239983.56,39997.26,153.0,441,96,30,8.333333333333334,4,18,54.833333333333336,69.38000000000001,78.35833333333333,11.88,594026.0,0.5,0.3125,0.6666666666666666,3.0,2,High-Risk Customer,Frequent follow-up and payment assistance,1972537.59
CUST0454,4,100729.25,25182.3125,93.0,372,64,17,8.0,2,9,57.75,73.5475,80.975,15.97,798736.0,0.75,0.265625,0.5,2.25,2,High-Risk Customer,Frequent follow-up and payment assistance,1951037.48
CUST1743,3,19595.92,6531.973333333332,75.66666666666667,149,51,24,18.666666666666668,2,14,53.666666666666664,44.92333333333334,59.93,15.0,750033.0,0.6666666666666666,0.47058823529411764,0.6666666666666666,4.666666666666667,3,High-Risk Customer,Frequent follow-up and payment assistance,1937585.25
CUST1149,6,122861.87,20476.978333333333,165.5,332,89,32,16.166666666666668,3,22,40.833333333333336,63.778333333333336,71.19166666666666,10.67,533455.0,0.3333333333333333,0.3595505617977528,0.5,3.6666666666666665,3,High-Risk Customer,Frequent follow-up and payment assistance,1925562.76
CUST1212,7,172047.45,24578.207142857143,91.0,575,126,27,11.285714285714286,9,13,38.714285714285715,75.96142857142857,78.63857142857144,16.58,828799.0,0.8571428571428571,0.21428571428571427,1.2857142857142858,1.8571428571428572,2,High-Risk Customer,Frequent follow-up and payment assistance,1922221.68
CUST0103,3,180551.84,60183.94666666666,215.33333333333334,478,52,12,11.333333333333334,1,9,41.0,73.01666666666667,79.04333333333334,9.88,493945.0,0.6666666666666666,0.23076923076923078,0.3333333333333333,3.0,2,High-Risk Customer,Frequent follow-up and payment assistance,1917013.21
CUST0781,4,193696.27000000002,48424.067500000005,93.0,372,45,14,10.75,4,18,35.5,63.3225,73.21000000000001,15.14,757173.0,0.75,0.3111111111111111,1.0,4.5,2,High-Risk Customer,Frequent follow-up and payment assistance,1915984.21
CUST0852,5,95413.6,19082.72,273.8,459,57,15,13.6,12,17,65.6,71.176,72.628,8.05,402414.0,0.2,0.2631578947368421,2.4,3.4,3,High-Risk Customer,Frequent follow-up and payment assistance,1900071.83
CUST0921,7,309593.01999999996,44227.57428571428,113.71428571428571,489,161,40,8.571428571428571,4,16,30.142857142857142,71.29571428571428,79.36142857142856,14.209999999999999,710327.0,0.7142857142857143,0.2484472049689441,0.5714285714285714,2.2857142857142856,2,High-Risk Customer,Frequent follow-up and payment assistance,1895230.59
CUST0404,3,41941.36,13980.453333333333,72.66666666666667,182,59,12,19.666666666666668,1,19,20.666666666666668,81.61,78.33999999999999,18.22,911069.0,0.3333333333333333,0.2033898305084746,0.3333333333333333,6.333333333333333,2,High-Risk Customer,Frequent follow-up and payment assistance,1893067.55
CUST0748,3,56761.659999999996,18920.553333333333,165.0,495,34,10,12.666666666666666,2,6,44.666666666666664,78.62333333333333,80.37666666666667,11.03,551590.0,0.6666666666666666,0.29411764705882354,0.6666666666666666,2.0,2,High-Risk Customer,Frequent follow-up and payment assistance,1891629.24
CUST1100,4,410393.83999999997,102598.45999999999,90.75,155,85,26,21.5,5,24,58.25,68.7,68.9525,15.16,758175.0,0.5,0.3058823529411765,1.25,6.0,3,High-Risk Customer,Frequent follow-up and payment assistance,1888591.63
CUST0868,5,205255.97,41051.194,5.8,29,82,19,9.2,2,17,49.0,79.97999999999999,83.67,28.910000000000004,1445285.0,0.8,0.23170731707317074,0.4,3.4,1,High-Risk Customer,Frequent follow-up and payment assistance,1883417.86
CUST0424,1,34062.29,34062.29,0.0,0,3,1,28.0,0,6,50.0,66.67,66.54,28.23,1411303.0,1.0,0.3333333333333333,0.0,6.0,3,Occasional Late Payer,Personalized payment reminder,1881737.33
CUST0137,5,215476.77,43095.354,317.8,551,63,23,14.0,4,18,62.2,57.686,68.84400000000001,6.58,329215.0,0.4,0.36507936507936506,0.8,3.6,3,High-Risk Customer,Frequent follow-up and payment assistance,1877612.43
CUST1755,4,209228.44999999998,52307.112499999996,37.75,151,99,24,5.0,4,18,51.25,75.9525,82.975,21.71,1085408.0,0.75,0.24242424242424243,1.0,4.5,1,High-Risk Customer,Frequent follow-up and payment assistance,1857610.01
CUST1432,3,129774.70999999999,43258.236666666664,0.0,0,36,12,15.333333333333334,1,13,41.333333333333336,63.53333333333333,71.89999999999999,27.76,1387768.0,1.0,0.3333333333333333,0.3333333333333333,4.333333333333333,1,High-Risk Customer,Frequent follow-up and payment assistance,1850357.33
CUST1451,5,666167.61,133233.522,275.6,533,64,13,18.4,4,16,15.4,81.064,77.89200000000001,8.1,405054.0,0.4,0.203125,0.8,3.2,2,High-Risk Customer,Frequent follow-up and payment assistance,1830413.71
CUST1732,5,162858.13,32571.626,348.2,572,47,11,15.4,1,12,54.0,77.738,79.232,6.57,328495.0,0.2,0.23404255319148937,0.2,2.4,2,High-Risk Customer,Frequent follow-up and payment assistance,1816898.86
CUST1640,2,28856.98,14428.49,250.0,500,21,8,22.0,1,14,49.5,32.5,52.05,7.51,375329.0,0.5,0.38095238095238093,0.5,7.0,3,High-Risk Customer,Frequent follow-up and payment assistance,1814090.17
CUST0859,4,123715.72,30928.93,337.0,561,76,23,10.75,3,10,56.5,70.03999999999999,77.07,6.36,318083.0,0.25,0.3026315789473684,0.75,2.5,2,High-Risk Customer,Frequent follow-up and payment assistance,1810687.48
CUST0251,5,358313.01,71662.602,48.2,162,87,20,11.2,5,16,58.2,79.35799999999999,80.96000000000001,19.84,991768.0,0.6,0.22988505747126436,1.0,3.2,2,High-Risk Customer,Frequent follow-up and payment assistance,1807685.27
CUST0151,2,34756.479999999996,17378.239999999998,152.0,304,45,10,18.0,3,11,73.5,78.555,75.475,11.65,582726.0,0.5,0.2222222222222222,1.5,5.5,2,High-Risk Customer,Frequent follow-up and payment assistance,1794796.08
CUST0302,6,222731.19,37121.865,79.0,234,102,25,10.833333333333334,5,28,38.666666666666664,74.91166666666668,79.29,16.1,805111.0,0.8333333333333334,0.24509803921568626,0.8333333333333334,4.666666666666667,2,High-Risk Customer,Frequent follow-up and payment assistance,1794371.41
CUST0974,3,157323.6,52441.200000000004,57.0,171,36,6,5.666666666666667,4,11,53.0,87.25999999999999,87.56333333333333,19.52,975779.0,0.6666666666666666,0.16666666666666666,1.3333333333333333,3.6666666666666665,1,High-Risk Customer,Frequent follow-up and payment assistance,1787301.87
CUST0034,1,15345.32,15345.32,0.0,0,7,1,8.0,0,7,57.0,85.71,88.06,31.26,1562760.0,1.0,0.14285714285714285,0.0,7.0,1,Reliable Customer,Automated reminder and self-service payment,1786011.43
CUST1946,6,189494.26,31582.376666666667,69.0,289,83,20,7.333333333333333,7,15,19.333333333333332,82.41166666666668,84.47166666666668,16.99,849687.0,0.6666666666666666,0.24096385542168675,1.1666666666666667,2.5,2,High-Risk Customer,Frequent follow-up and payment assistance,1781988.15
CUST1326,4,571988.85,142997.2125,0.0,0,66,20,8.5,2,18,53.75,71.475,79.64,27.32,1365823.0,1.0,0.30303030303030304,0.5,4.5,1,High-Risk Customer,Frequent follow-up and payment assistance,1779708.76
CUST1104,7,222566.99,31795.284285714286,61.57142857142857,218,133,31,14.285714285714286,12,31,46.142857142857146,77.49,76.74428571428572,17.86,892840.0,0.8571428571428571,0.23308270676691728,1.7142857142857142,4.428571428571429,2,High-Risk Customer,Frequent follow-up and payment assistance,1778813.48
CUST1967,3,125293.84999999999,41764.61666666666,357.6666666666667,483,47,10,13.666666666666666,5,10,56.333333333333336,80.41333333333334,78.67333333333333,6.37,318449.0,0.0,0.2127659574468085,1.6666666666666667,3.3333333333333335,2,High-Risk Customer,Frequent follow-up and payment assistance,1767527.46
CUST1331,3,74303.81,24767.936666666665,81.66666666666667,219,51,17,14.666666666666666,1,12,13.666666666666666,69.04666666666667,75.06,14.479999999999999,723812.0,0.6666666666666666,0.3333333333333333,0.3333333333333333,4.0,3,High-Risk Customer,Frequent follow-up and payment assistance,1753233.51
CUST1670,6,312933.51,52155.585,133.33333333333334,520,89,27,6.833333333333333,3,13,45.666666666666664,69.79166666666667,79.79833333333333,11.42,571244.0,0.6666666666666666,0.30337078651685395,0.5,2.1666666666666665,2,High-Risk Customer,Frequent follow-up and payment assistance,1737266.4
CUST1225,4,55451.09,13862.7725,51.75,206,56,15,17.25,3,16,30.5,80.7,78.5025,18.04,902050.0,0.5,0.26785714285714285,0.75,4.0,2,High-Risk Customer,Frequent follow-up and payment assistance,1735520.04
CUST1251,4,182408.39,45602.0975,88.5,249,58,11,17.25,5,20,52.75,87.175,80.74000000000001,15.48,773858.0,0.25,0.1896551724137931,1.25,5.0,2,High-Risk Customer,Frequent follow-up and payment assistance,1735376.57
CUST0234,7,143774.44,20539.205714285716,80.71428571428571,285,93,22,10.857142857142858,6,31,54.57142857142857,80.3442857142857,81.94428571428571,15.42,771037.0,0.7142857142857143,0.23655913978494625,0.8571428571428571,4.428571428571429,2,High-Risk Customer,Frequent follow-up and payment assistance,1722989.36
CUST0600,7,255464.19999999998,36494.88571428571,86.14285714285714,385,126,32,11.714285714285714,1,18,39.714285714285715,75.46285714285715,80.41714285714285,14.76,738152.0,0.7142857142857143,0.25396825396825395,0.14285714285714285,2.5714285714285716,2,High-Risk Customer,Frequent follow-up and payment assistance,1722973.98
CUST1514,7,130097.17000000001,18585.31,303.57142857142856,548,103,24,12.285714285714286,3,19,59.857142857142854,78.87285714285714,81.20857142857143,6.92,345866.0,0.14285714285714285,0.23300970873786409,0.42857142857142855,2.7142857142857144,2,High-Risk Customer,Frequent follow-up and payment assistance,1721055.12
CUST0724,3,75359.07,25119.690000000002,0.0,0,44,8,8.333333333333334,3,14,53.666666666666664,80.5,83.25,29.09,1454355.0,1.0,0.18181818181818182,1.0,4.666666666666667,1,High-Risk Customer,Frequent follow-up and payment assistance,1718783.18
CUST0647,5,151340.74,30268.147999999997,109.8,549,80,13,17.8,3,17,39.0,81.926,79.086,14.080000000000002,704224.0,0.8,0.1625,0.6,3.4,2,High-Risk Customer,Frequent follow-up and payment assistance,1717549.52
CUST1675,6,104953.73000000001,17492.288333333334,61.833333333333336,363,137,28,9.666666666666666,4,22,43.666666666666664,80.19,82.96166666666666,17.52,875782.0,0.6666666666666666,0.20437956204379562,0.6666666666666666,3.6666666666666665,2,High-Risk Customer,Frequent follow-up and payment assistance,1706975.83
CUST1271,2,46468.61,23234.305,0.0,0,44,10,2.5,3,5,62.0,78.125,84.56,27.77,1388306.0,1.0,0.22727272727272727,1.5,2.5,1,High-Risk Customer,Frequent follow-up and payment assistance,1703830.09
CUST0555,3,91099.6,30366.533333333336,190.66666666666666,572,70,17,16.0,1,11,43.666666666666664,75.77666666666666,77.62333333333333,9.43,471280.0,0.6666666666666666,0.24285714285714285,0.3333333333333333,3.6666666666666665,2,High-Risk Customer,Frequent follow-up and payment assistance,1702532.66
CUST1687,9,216149.52000000002,24016.613333333335,82.33333333333333,418,127,27,8.11111111111111,6,25,46.888888888888886,75.58777777777777,81.59444444444445,15.24,761943.0,0.7777777777777778,0.2125984251968504,0.6666666666666666,2.7777777777777777,2,High-Risk Customer,Frequent follow-up and payment assistance,1684633.97
CUST0279,2,38752.62,19376.31,0.0,0,27,6,9.5,1,11,21.0,79.83,83.215,27.51,1375569.0,1.0,0.2222222222222222,0.5,5.5,1,High-Risk Customer,Frequent follow-up and payment assistance,1681251.0
CUST0296,3,38196.58,12732.193333333335,168.0,504,44,10,6.333333333333333,2,8,51.0,75.29333333333334,82.51333333333334,10.22,510796.0,0.6666666666666666,0.22727272727272727,0.6666666666666666,2.6666666666666665,2,High-Risk Customer,Frequent follow-up and payment assistance,1680054.48
CUST0518,4,81035.51,20258.8775,116.5,271,45,12,14.25,5,17,43.0,71.7525,74.83,12.24,612060.0,0.75,0.26666666666666666,1.25,4.25,2,High-Risk Customer,Frequent follow-up and payment assistance,1678472.54
CUST0966,3,66696.88,22232.293333333335,70.0,210,42,12,24.333333333333332,2,12,59.333333333333336,74.52,71.32666666666667,15.31,765339.0,0.6666666666666666,0.2857142857142857,0.6666666666666666,4.0,3,High-Risk Customer,Frequent follow-up and payment assistance,1672812.39
CUST0126,5,415954.66,83190.932,45.6,228,51,16,8.2,3,8,32.0,70.214,78.986,17.48,874143.0,0.8,0.3137254901960784,0.6,1.6,2,High-Risk Customer,Frequent follow-up and payment assistance,1672047.02
CUST0656,5,58181.6,11636.32,129.4,541,75,14,10.0,7,16,36.2,80.69399999999999,81.544,12.25,612621.0,0.8,0.18666666666666668,1.4,3.2,2,High-Risk Customer,Frequent follow-up and payment assistance,1667685.05
CUST0560,8,230903.83000000002,28862.978750000002,111.75,379,108,24,15.375,6,32,29.875,80.23625,79.39125,12.85,642632.0,0.75,0.2222222222222222,0.75,4.0,2,High-Risk Customer,Frequent follow-up and payment assistance,1663167.32
CUST0652,6,524647.17,87441.195,169.5,486,109,24,15.666666666666666,1,18,45.833333333333336,76.30499999999999,78.42,10.09,504418.0,0.5,0.22018348623853212,0.16666666666666666,3.0,2,High-Risk Customer,Frequent follow-up and payment assistance,1658725.37
CUST0286,5,195698.17,39139.634000000005,115.0,575,82,19,1.4,0,13,24.4,81.352,89.838,12.52,625919.0,0.8,0.23170731707317074,0.0,2.6,2,High-Risk Customer,Frequent follow-up and payment assistance,1657540.38
CUST1179,4,151137.75,37784.4375,0.0,0,42,6,12.75,3,12,21.25,83.0875,82.39500000000001,28.98,1448949.0,1.0,0.14285714285714285,0.75,3.0,1,High-Risk Customer,Frequent follow-up and payment assistance,1655941.71
CUST0297,4,310283.25,77570.8125,36.0,80,72,11,16.0,1,19,70.0,84.14,81.9725,21.08,1054001.0,1.0,0.1527777777777778,0.25,4.75,1,Occasional Late Payer,Personalized payment reminder,1652439.35
CUST1429,4,99250.34,24812.585,39.5,158,40,9,2.75,2,10,28.75,69.8275,82.265,19.17,958380.0,0.75,0.225,0.5,2.5,1,High-Risk Customer,Frequent follow-up and payment assistance,1637751.62
CUST0008,4,139211.23,34802.8075,133.75,535,54,16,8.5,3,11,31.5,74.82,80.81,10.74,536799.0,0.75,0.2962962962962963,0.75,2.75,2,High-Risk Customer,Frequent follow-up and payment assistance,1626550.67
CUST1180,8,453572.20999999996,56696.526249999995,134.0,504,133,28,12.5,9,24,64.625,84.52375,82.51,11.44,572154.0,0.625,0.21052631578947367,1.125,3.0,2,High-Risk Customer,Frequent follow-up and payment assistance,1620701.49
CUST1973,7,197010.72,28144.38857142857,91.57142857142857,503,78,17,14.285714285714286,6,28,19.571428571428573,78.58857142857143,79.01142857142858,13.78,689104.0,0.7142857142857143,0.21794871794871795,0.8571428571428571,4.0,2,High-Risk Customer,Frequent follow-up and payment assistance,1607846.23
CUST1824,4,55664.17999999999,13916.044999999998,77.75,161,52,18,24.5,3,21,26.25,50.1525,58.879999999999995,13.39,669696.0,0.5,0.34615384615384615,0.75,5.25,3,High-Risk Customer,Frequent follow-up and payment assistance,1602440.86
CUST1623,7,304187.99,43455.427142857145,140.28571428571428,542,65,19,9.428571428571429,5,30,47.857142857142854,69.85285714285715,77.84,10.31,515590.0,0.42857142857142855,0.2923076923076923,0.7142857142857143,4.285714285714286,2,High-Risk Customer,Frequent follow-up and payment assistance,1601025.93
CUST1876,4,111571.20999999999,27892.802499999998,127.75,511,38,11,9.25,1,21,16.25,47.917500000000004,67.91,10.9,544955.0,0.75,0.2894736842105263,0.25,5.25,3,High-Risk Customer,Frequent follow-up and payment assistance,1600410.94
CUST1126,3,74124.89,24708.296666666665,119.33333333333333,295,27,4,16.666666666666668,1,9,43.333333333333336,84.54333333333334,81.60666666666667,12.68,634010.0,0.6666666666666666,0.14814814814814814,0.3333333333333333,3.0,2,High-Risk Customer,Frequent follow-up and payment assistance,1596609.38
CUST0242,4,165645.93,41411.4825,136.5,546,36,11,13.0,3,17,65.0,60.417500000000004,70.91,10.26,513001.0,0.75,0.3055555555555556,0.75,4.25,3,High-Risk Customer,Frequent follow-up and payment assistance,1583961.84
CUST0219,4,37202.98,9300.745,141.5,331,70,16,13.25,1,14,44.0,77.2225,80.16,10.51,525595.0,0.5,0.22857142857142856,0.25,3.5,2,High-Risk Customer,Frequent follow-up and payment assistance,1559440.37
CUST0354,2,117300.61,58650.305,0.0,0,34,4,8.0,1,7,66.0,88.77,88.58,27.84,1392057.0,1.0,0.11764705882352941,0.5,3.5,1,High-Risk Customer,Frequent follow-up and payment assistance,1555828.41
CUST0323,5,205990.93,41198.186,185.4,336,56,18,17.2,9,13,33.4,71.25,71.70599999999999,8.25,412455.0,0.4,0.32142857142857145,1.8,2.6,3,High-Risk Customer,Frequent follow-up and payment assistance,1555515.11
CUST0826,5,149413.21,29882.642,61.0,290,53,10,12.2,4,17,57.0,82.332,82.244,16.25,812371.0,0.6,0.18867924528301888,0.8,3.4,2,High-Risk Customer,Frequent follow-up and payment assistance,1554694.16
CUST0800,8,287646.53,35955.81625,257.625,552,130,33,13.125,11,33,45.125,74.43375,76.59375,6.85,342575.0,0.375,0.25384615384615383,1.375,4.125,2,High-Risk Customer,Frequent follow-up and payment assistance,1536129.36
CUST1649,5,150369.24,30073.847999999998,172.6,451,90,21,12.6,5,9,29.4,69.47200000000001,75.176,9.06,453157.0,0.6,0.23333333333333334,1.0,1.8,2,High-Risk Customer,Frequent follow-up and payment assistance,1523544.04
CUST1981,3,45337.48,15112.493333333334,23.0,69,36,7,17.0,1,11,50.666666666666664,81.48333333333333,79.87333333333333,20.67,1033667.0,1.0,0.19444444444444445,0.3333333333333333,3.6666666666666665,1,High-Risk Customer,Frequent follow-up and payment assistance,1518629.1
CUST0812,2,94666.45,47333.225,80.5,161,19,3,12.5,1,5,41.5,84.445,83.72,14.53,726296.0,1.0,0.15789473684210525,0.5,2.5,1,High-Risk Customer,Frequent follow-up and payment assistance,1517958.64
CUST0476,3,107698.94,35899.64666666667,197.33333333333334,484,43,8,12.0,8,11,31.0,82.33666666666666,78.64,8.54,426794.0,0.3333333333333333,0.18604651162790697,2.6666666666666665,3.6666666666666665,2,High-Risk Customer,Frequent follow-up and payment assistance,1505094.0
CUST0369,2,49751.700000000004,24875.850000000002,410.0,524,19,4,20.0,1,5,69.5,77.38,75.69,4.85,242512.0,0.0,0.21052631578947367,0.5,2.5,3,High-Risk Customer,Frequent follow-up and payment assistance,1497192.51
CUST1022,2,114022.39,57011.195,0.0,0,53,15,9.0,2,7,40.5,71.285,78.24000000000001,22.99,1149577.0,1.0,0.2830188679245283,1.0,3.5,1,High-Risk Customer,Frequent follow-up and payment assistance,1474928.98
CUST0116,6,143154.62,23859.103333333333,159.66666666666666,450,90,20,15.5,5,23,42.166666666666664,80.02166666666666,79.04666666666667,9.29,464600.0,0.5,0.2222222222222222,0.8333333333333334,3.8333333333333335,2,High-Risk Customer,Frequent follow-up and payment assistance,1474502.74
CUST1870,8,313805.08,39225.635,111.375,367,93,25,12.125,8,39,47.375,75.47375,78.4625,10.97,548512.0,0.5,0.26881720430107525,1.0,4.875,2,High-Risk Customer,Frequent follow-up and payment assistance,1471088.54
CUST1166,4,143004.44,35751.11,63.5,149,70,19,10.0,5,14,47.75,73.4875,78.2425,14.06,702755.0,0.5,0.2714285714285714,1.25,3.5,2,High-Risk Customer,Frequent follow-up and payment assistance,1460877.05
CUST1338,4,51584.91,12896.2275,65.5,262,51,13,13.25,2,6,70.0,80.21000000000001,81.1575,14.05,702416.0,0.75,0.2549019607843137,0.5,1.5,1,High-Risk Customer,Frequent follow-up and payment assistance,1458821.62
CUST1262,4,464934.67,116233.6675,212.25,391,52,14,11.0,3,18,40.0,85.00999999999999,84.4025,7.33,366462.0,0.25,0.2692307692307692,0.75,4.5,2,High-Risk Customer,Frequent follow-up and payment assistance,1452352.33
CUST1455,6,193759.32,32293.22,64.83333333333333,347,81,16,8.666666666666666,1,22,29.166666666666668,83.09333333333333,86.015,14.61,730667.0,0.8333333333333334,0.19753086419753085,0.16666666666666666,3.6666666666666665,2,High-Risk Customer,Frequent follow-up and payment assistance,1442285.54
CUST1873,9,354321.07,39369.00777777778,124.77777777777777,361,133,29,14.11111111111111,9,31,54.77777777777778,73.73777777777778,76.40333333333334,10.51,525278.0,0.4444444444444444,0.21804511278195488,1.0,3.4444444444444446,2,High-Risk Customer,Frequent follow-up and payment assistance,1438155.87
CUST1634,8,238185.56,29773.195,141.875,559,111,29,12.375,6,21,44.625,75.92125,79.03625,9.38,468829.0,0.625,0.26126126126126126,0.75,2.625,2,High-Risk Customer,Frequent follow-up and payment assistance,1430245.23
CUST0601,7,108896.69,15556.67,159.71428571428572,592,145,31,12.714285714285714,7,30,48.285714285714285,79.45714285714287,80.10000000000001,9.06,452980.0,0.42857142857142855,0.21379310344827587,1.0,4.285714285714286,2,High-Risk Customer,Frequent follow-up and payment assistance,1427971.47
CUST1773,5,148044.57,29608.914,294.4,438,69,18,14.2,8,25,43.6,77.61800000000001,77.09,5.74,287068.0,0.2,0.2608695652173913,1.6,5.0,2,High-Risk Customer,Frequent follow-up and payment assistance,1427551.72
CUST0417,6,361691.31,60281.885,104.16666666666667,515,118,29,15.166666666666666,0,21,39.0,73.99666666666667,77.89833333333333,11.21,560370.0,0.6666666666666666,0.2457627118644068,0.0,3.5,2,High-Risk Customer,Frequent follow-up and payment assistance,1425263.1
CUST1940,5,219277.78,43855.556,85.8,279,48,13,7.2,8,10,35.2,77.83,81.396,12.0,600242.0,0.6,0.2708333333333333,1.6,2.0,2,High-Risk Customer,Frequent follow-up and payment assistance,1417296.41
CUST0719,4,100469.70999999999,25117.427499999998,61.75,247,56,12,12.5,3,11,38.0,81.0825,81.54249999999999,14.35,717540.0,0.75,0.21428571428571427,0.75,2.75,1,High-Risk Customer,Frequent follow-up and payment assistance,1409325.44
CUST1724,8,253902.58,31737.8225,180.875,510,115,25,9.375,5,30,30.0,82.32,84.285,8.23,411309.0,0.625,0.21739130434782608,0.625,3.75,2,High-Risk Customer,Frequent follow-up and payment assistance,1406408.54
CUST0832,6,150301.89,25050.315000000002,263.5,485,125,30,10.166666666666666,5,15,45.666666666666664,79.53666666666668,82.00166666666667,6.150000000000001,307354.0,0.3333333333333333,0.24,0.8333333333333334,2.5,2,High-Risk Customer,Frequent follow-up and payment assistance,1385367.42
CUST1767,6,185796.98,30966.163333333334,73.16666666666667,310,102,23,11.0,9,18,49.833333333333336,77.885,79.34166666666667,12.96,647904.0,0.6666666666666666,0.22549019607843138,1.5,3.0,2,High-Risk Customer,Frequent follow-up and payment assistance,1374943.33
CUST0840,5,147595.69,29519.138,198.4,503,93,26,15.2,2,20,66.2,71.808,75.982,7.17,358617.0,0.2,0.27956989247311825,0.4,4.0,2,High-Risk Customer,Frequent follow-up and payment assistance,1369284.54
CUST0467,6,143594.13,23932.355,64.83333333333333,368,110,27,13.5,2,26,48.333333333333336,73.53166666666667,78.0,13.32,665863.0,0.5,0.24545454545454545,0.3333333333333333,4.333333333333333,2,High-Risk Customer,Frequent follow-up and payment assistance,1366966.29
CUST1199,6,228135.52000000002,38022.58666666667,33.833333333333336,176,56,13,8.166666666666666,4,23,36.333333333333336,68.05499999999999,77.79333333333334,16.55,827567.0,0.6666666666666666,0.23214285714285715,0.6666666666666666,3.8333333333333335,2,High-Risk Customer,Frequent follow-up and payment assistance,1364672.76
CUST1355,8,162493.68,20311.71,58.375,395,70,15,15.0,2,31,44.375,76.6925,78.8475,14.11,705496.0,0.75,0.21428571428571427,0.25,3.875,2,Occasional Late Payer,Personalized payment reminder,1356757.0
CUST0799,6,538212.31,89702.05166666668,124.33333333333333,445,95,26,10.0,5,16,40.333333333333336,70.93666666666667,77.80333333333333,9.47,473332.0,0.5,0.2736842105263158,0.8333333333333334,2.6666666666666665,2,High-Risk Customer,Frequent follow-up and payment assistance,1352450.69
CUST1800,2,86306.37,43153.185,0.0,0,28,11,12.5,1,1,70.5,63.335,73.16999999999999,19.38,969134.0,1.0,0.39285714285714285,0.5,0.5,1,High-Risk Customer,Frequent follow-up and payment assistance,1349865.21
CUST1875,2,47210.92,23605.46,175.5,280,35,4,18.5,4,9,61.5,88.33500000000001,79.07,8.59,429593.0,0.5,0.11428571428571428,2.0,4.5,2,High-Risk Customer,Frequent follow-up and payment assistance,1318789.14
CUST0819,6,157592.99,26265.498333333333,218.83333333333334,578,115,31,11.666666666666666,2,16,51.0,73.38166666666667,79.02499999999999,6.47,323452.0,0.5,0.26956521739130435,0.3333333333333333,2.6666666666666665,2,High-Risk Customer,Frequent follow-up and payment assistance,1309268.07
CUST0624,4,70480.15,17620.0375,363.25,535,78,27,13.75,2,13,35.75,66.25,73.875,4.19,209292.0,0.25,0.34615384615384615,0.5,3.25,3,High-Risk Customer,Frequent follow-up and payment assistance,1305156.99
CUST1290,6,211413.75,35235.625,105.5,306,109,36,21.166666666666668,3,24,33.833333333333336,65.62166666666667,69.11166666666666,9.53,476674.0,0.6666666666666666,0.3302752293577982,0.5,4.0,3,High-Risk Customer,Frequent follow-up and payment assistance,1303091.15
CUST1758,2,434892.33999999997,217446.16999999998,78.5,157,21,7,17.0,1,4,57.0,36.84,57.22,10.93,546440.0,0.5,0.3333333333333333,0.5,2.0,3,High-Risk Customer,Frequent follow-up and payment assistance,1300527.2
CUST1544,5,221128.41999999998,44225.683999999994,0.0,0,82,22,5.6,1,10,63.6,70.97999999999999,81.72999999999999,20.33,1016649.0,1.0,0.2682926829268293,0.2,2.0,1,Occasional Late Payer,Personalized payment reminder,1289408.49
CUST0714,4,221461.07,55365.2675,222.25,463,53,10,9.75,0,19,53.5,85.325,86.815,6.71,335622.0,0.5,0.18867924528301888,0.0,4.75,2,High-Risk Customer,Frequent follow-up and payment assistance,1285606.4
CUST1930,6,242171.34000000003,40361.89000000001,93.0,446,55,9,8.5,5,19,39.666666666666664,84.835,85.64833333333333,11.39,569385.0,0.6666666666666666,0.16363636363636364,0.8333333333333334,3.1666666666666665,2,High-Risk Customer,Frequent follow-up and payment assistance,1278735.19
CUST0130,6,182211.58000000002,30368.596666666668,133.33333333333334,440,71,21,11.666666666666666,2,21,35.166666666666664,61.55666666666667,73.11166666666666,8.43,421616.0,0.5,0.29577464788732394,0.3333333333333333,3.5,2,High-Risk Customer,Frequent follow-up and payment assistance,1274745.09
CUST1125,6,179107.27,29851.211666666666,232.33333333333334,545,105,31,12.5,5,20,37.333333333333336,69.31833333333334,75.49333333333334,5.91,295300.0,0.3333333333333333,0.29523809523809524,0.8333333333333334,3.3333333333333335,2,High-Risk Customer,Frequent follow-up and payment assistance,1271121.19
CUST1129,5,300459.94,60091.988,215.0,375,112,24,11.2,4,13,54.6,82.176,82.768,6.63,331696.0,0.4,0.21428571428571427,0.8,2.6,2,High-Risk Customer,Frequent follow-up and payment assistance,1268737.2
CUST1631,4,85925.51000000001,21481.377500000002,0.0,0,59,12,8.75,4,7,38.0,83.49,84.4925,20.71,1035257.0,0.75,0.2033898305084746,1.0,1.75,1,High-Risk Customer,Frequent follow-up and payment assistance,1245817.75
CUST1495,5,275026.25,55005.25,211.6,485,54,10,16.6,6,11,54.4,87.93199999999999,81.606,6.639999999999999,332140.0,0.4,0.18518518518518517,1.2,2.2,2,High-Risk Customer,Frequent follow-up and payment assistance,1226605.32
CUST0814,6,117621.18,19603.53,74.33333333333333,446,109,23,6.166666666666667,7,27,61.0,76.97666666666667,82.45333333333333,11.57,578714.0,0.8333333333333334,0.21100917431192662,1.1666666666666667,4.5,2,High-Risk Customer,Frequent follow-up and payment assistance,1221776.75
CUST1926,3,70658.81,23552.936666666665,156.33333333333334,469,31,3,7.0,1,9,46.666666666666664,94.73666666666666,92.5,8.69,434370.0,0.6666666666666666,0.0967741935483871,0.3333333333333333,3.0,2,High-Risk Customer,Frequent follow-up and payment assistance,1221186.88
CUST0295,3,47020.33,15673.443333333335,128.33333333333334,199,71,13,15.333333333333334,3,10,56.666666666666664,82.38666666666667,79.99333333333333,9.02,451067.0,0.6666666666666666,0.18309859154929578,1.0,3.3333333333333335,2,High-Risk Customer,Frequent follow-up and payment assistance,1218516.21
CUST0216,8,265340.64,33167.58,94.125,385,117,31,10.125,5,23,34.0,67.13374999999999,76.24249999999999,9.87,493316.0,0.75,0.26495726495726496,0.625,2.875,2,High-Risk Customer,Frequent follow-up and payment assistance,1211385.93
CUST0742,4,213885.28,53471.32,199.25,462,61,11,16.25,3,20,25.5,80.8125,79.155,6.83,341464.0,0.5,0.18032786885245902,0.75,5.0,2,High-Risk Customer,Frequent follow-up and payment assistance,1206095.63
CUST0045,7,180334.62,25762.088571428572,94.57142857142857,232,141,33,18.714285714285715,8,22,25.428571428571427,79.64142857142858,76.30571428571429,10.02,500930.0,0.42857142857142855,0.23404255319148937,1.1428571428571428,3.142857142857143,2,High-Risk Customer,Frequent follow-up and payment assistance,1202780.13
CUST1959,9,446409.97,49601.107777777775,199.55555555555554,499,118,29,10.555555555555555,8,38,42.0,74.74111111111111,79.25777777777778,6.4,320146.0,0.5555555555555556,0.2457627118644068,0.8888888888888888,4.222222222222222,2,High-Risk Customer,Frequent follow-up and payment assistance,1194705.29
CUST0175,5,101826.48,20365.296,293.8,581,88,23,16.4,2,12,54.8,75.346,77.03399999999999,4.8,240237.0,0.2,0.26136363636363635,0.4,2.4,2,High-Risk Customer,Frequent follow-up and payment assistance,1193317.24
CUST0977,7,198515.62,28359.374285714286,232.0,481,86,26,5.0,7,26,35.57142857142857,62.18142857142857,76.09142857142857,5.51,275391.0,0.2857142857142857,0.3023255813953488,1.0,3.7142857142857144,2,High-Risk Customer,Frequent follow-up and payment assistance,1190713.83
CUST0456,4,211553.86000000002,52888.465000000004,203.0,368,73,23,11.75,3,17,55.5,68.6275,75.765,5.91,295404.0,0.25,0.3150684931506849,0.75,4.25,2,High-Risk Customer,Frequent follow-up and payment assistance,1177083.77
CUST1552,4,29520.52,7380.13,78.75,315,47,13,11.25,2,13,52.0,67.39,75.9425,10.29,514462.0,0.75,0.2765957446808511,0.5,3.25,2,High-Risk Customer,Frequent follow-up and payment assistance,1173958.5
CUST1359,6,406427.48,67737.91333333333,69.83333333333333,301,115,31,11.666666666666666,4,21,43.5,73.39166666666667,78.36166666666666,10.88,543992.0,0.6666666666666666,0.26956521739130435,0.6666666666666666,3.5,2,High-Risk Customer,Frequent follow-up and payment assistance,1172925.59
CUST0159,4,82353.31,20588.3275,65.25,261,45,11,3.5,2,6,53.25,76.0425,84.9225,11.38,569165.0,0.75,0.24444444444444444,0.5,1.5,1,High-Risk Customer,Frequent follow-up and payment assistance,1170456.2
CUST0767,1,5888.92,5888.92,0.0,0,19,7,0.0,1,3,60.0,63.16,79.58,16.81,840645.0,1.0,0.3684210526315789,1.0,3.0,1,High-Risk Customer,Frequent follow-up and payment assistance,1150356.32
CUST1472,7,550927.91,78703.98714285715,124.0,237,99,27,13.857142857142858,9,16,30.714285714285715,61.73285714285714,69.98285714285714,8.0,400067.0,0.2857142857142857,0.2727272727272727,1.2857142857142858,2.2857142857142856,2,High-Risk Customer,Frequent follow-up and payment assistance,1140554.65
CUST0171,8,230047.99,28755.99875,147.375,566,105,30,12.75,10,28,45.375,64.6575,72.17875000000001,7.17,358449.0,0.625,0.2857142857142857,1.25,3.5,2,High-Risk Customer,Frequent follow-up and payment assistance,1140059.85
CUST1887,4,81105.2,20276.3,161.0,308,36,9,13.0,2,16,55.0,73.6,78.0,6.98,348783.0,0.5,0.25,0.5,4.0,2,High-Risk Customer,Frequent follow-up and payment assistance,1137904.54
CUST0866,5,191616.72,38323.344,161.2,402,110,31,9.2,6,16,38.0,74.066,79.114,6.779999999999999,339220.0,0.4,0.2818181818181818,1.2,3.2,2,High-Risk Customer,Frequent follow-up and payment assistance,1135745.57
CUST1280,4,150263.28,37565.82,5.5,22,43,8,12.75,2,16,41.0,85.0,83.85,18.07,903329.0,1.0,0.18604651162790697,0.5,4.0,1,High-Risk Customer,Frequent follow-up and payment assistance,1130316.67
CUST0256,5,155904.62,31180.924,177.6,336,66,17,11.4,5,18,47.2,77.04400000000001,79.684,6.459999999999999,323146.0,0.4,0.25757575757575757,1.0,3.6,2,High-Risk Customer,Frequent follow-up and payment assistance,1128112.48
CUST0087,5,113555.7,22711.14,48.4,242,66,12,7.2,2,13,52.8,85.036,87.396,12.76,638158.0,0.8,0.18181818181818182,0.4,2.6,1,High-Risk Customer,Frequent follow-up and payment assistance,1119213.1
CUST0298,6,249481.86,41580.31,154.0,367,94,19,14.5,3,16,54.166666666666664,76.66833333333334,78.63333333333334,7.239999999999999,362023.0,0.3333333333333333,0.20212765957446807,0.5,2.6666666666666665,2,High-Risk Customer,Frequent follow-up and payment assistance,1105402.57
CUST1418,7,347576.37,49653.76714285714,41.714285714285715,166,88,23,12.857142857142858,5,29,50.57142857142857,77.16,79.43857142857144,12.290000000000001,614430.0,0.8571428571428571,0.26136363636363635,0.7142857142857143,4.142857142857143,2,High-Risk Customer,Frequent follow-up and payment assistance,1098313.57
CUST1657,5,153618.2,30723.640000000003,199.8,512,51,12,17.0,6,15,37.4,66.232,70.516,5.88,293877.0,0.2,0.23529411764705882,1.2,3.0,3,High-Risk Customer,Frequent follow-up and payment assistance,1088347.54
CUST0681,6,162098.45,27016.408333333336,159.0,432,84,25,11.0,3,27,49.0,71.19333333333334,77.99666666666667,6.38,319160.0,0.3333333333333333,0.2976190476190476,0.5,4.5,2,High-Risk Customer,Frequent follow-up and payment assistance,1072643.57
CUST1721,6,267838.14,44639.69,113.5,567,85,21,8.166666666666666,5,14,46.833333333333336,75.29666666666667,81.08166666666666,8.05,402365.0,0.6666666666666666,0.24705882352941178,0.8333333333333334,2.3333333333333335,2,High-Risk Customer,Frequent follow-up and payment assistance,1071284.98
CUST0957,3,166693.7,55564.56666666667,13.333333333333334,40,28,10,16.333333333333332,1,6,46.666666666666664,71.29666666666667,75.17999999999999,13.86,692762.0,1.0,0.35714285714285715,0.3333333333333333,2.0,1,High-Risk Customer,Frequent follow-up and payment assistance,1065533.93
CUST1422,4,321427.91,80356.9775,0.0,0,58,6,11.25,4,17,32.0,91.7175,87.11,19.31,965480.0,1.0,0.10344827586206896,1.0,4.25,1,High-Risk Customer,Frequent follow-up and payment assistance,1065357.24
CUST0380,5,248101.44,49620.288,32.8,164,88,13,7.0,5,21,47.0,87.75,87.678,13.95,697341.0,0.8,0.14772727272727273,1.0,4.2,1,High-Risk Customer,Frequent follow-up and payment assistance,1062874.47
CUST0622,5,144477.69,28895.538,209.6,535,55,15,13.8,3,12,40.0,77.516,79.27799999999999,5.37,268401.0,0.6,0.2727272727272727,0.6,2.4,2,High-Risk Customer,Frequent follow-up and payment assistance,1057597.54
CUST1029,2,163343.94,81671.97,214.0,428,37,7,5.5,1,10,57.5,81.29499999999999,86.345,5.54,277189.0,0.5,0.1891891891891892,0.5,5.0,2,High-Risk Customer,Frequent follow-up and payment assistance,1035038.71
CUST0581,3,25789.78,8596.593333333332,258.6666666666667,469,42,10,7.0,1,8,47.0,76.00333333333333,83.13666666666667,4.64,231948.0,0.3333333333333333,0.23809523809523808,0.3333333333333333,2.6666666666666665,2,High-Risk Customer,Frequent follow-up and payment assistance,1029996.39
CUST0813,6,205457.67,34242.945,90.33333333333333,374,92,23,11.166666666666666,7,18,40.166666666666664,72.74666666666667,77.34166666666667,8.58,429039.0,0.5,0.25,1.1666666666666667,3.0,2,High-Risk Customer,Frequent follow-up and payment assistance,1020755.29
CUST0445,5,85988.51000000001,17197.702,123.8,265,84,17,9.4,3,25,38.0,76.332,81.326,7.58,378821.0,0.6,0.20238095238095238,0.6,5.0,2,High-Risk Customer,Frequent follow-up and payment assistance,1019380.25
CUST1817,8,252539.53,31567.44125,111.5,414,152,42,12.375,5,27,51.25,72.0125,77.33125,7.51,375437.0,0.375,0.27631578947368424,0.625,3.375,2,High-Risk Customer,Frequent follow-up and payment assistance,1013457.6
CUST0996,3,129264.59,43088.19666666666,285.3333333333333,535,52,17,14.333333333333334,2,8,56.333333333333336,67.21,73.67333333333333,3.9500000000000006,197745.0,0.3333333333333333,0.3269230769230769,0.6666666666666666,2.6666666666666665,3,High-Risk Customer,Frequent follow-up and payment assistance,1011085.4
CUST0140,4,128557.77,32139.4425,149.5,571,40,10,19.0,6,15,27.0,75.41,73.305,6.47,323349.0,0.25,0.25,1.5,3.75,2,High-Risk Customer,Frequent follow-up and payment assistance,1008444.69
CUST0501,3,274382.56,91460.85333333333,0.0,0,40,8,12.666666666666666,3,8,46.666666666666664,84.76,82.78,16.73,836261.0,1.0,0.2,1.0,2.6666666666666665,1,High-Risk Customer,Frequent follow-up and payment assistance,1003513.2
CUST0640,4,173600.55,43400.1375,37.5,150,83,23,10.25,1,17,46.0,68.39,77.545,11.27,563313.0,1.0,0.27710843373493976,0.25,4.25,1,Occasional Late Payer,Personalized payment reminder,989191.2
CUST1765,3,47911.61,15970.536666666667,119.0,357,49,14,14.333333333333334,4,8,55.333333333333336,77.63333333333334,77.54666666666667,6.91,345599.0,0.6666666666666666,0.2857142857142857,1.3333333333333333,2.6666666666666665,2,High-Risk Customer,Frequent follow-up and payment assistance,973108.04
CUST1655,5,260963.33999999997,52192.66799999999,89.8,245,66,23,7.2,5,20,39.4,60.148,73.75399999999999,7.58,378821.0,0.6,0.3484848484848485,1.0,4.0,2,High-Risk Customer,Frequent follow-up and payment assistance,969563.65
CUST1909,9,162029.55,18003.283333333333,167.11111111111111,416,69,24,15.0,5,39,35.888888888888886,79.16666666666667,79.47222222222223,5.35,267314.0,0.4444444444444444,0.34782608695652173,0.5555555555555556,4.333333333333333,2,High-Risk Customer,Frequent follow-up and payment assistance,962382.05
CUST1404,3,99361.89,33120.63,5.0,15,59,14,16.666666666666668,1,15,54.333333333333336,79.58333333333333,79.12666666666667,14.770000000000001,738332.0,1.0,0.23728813559322035,0.3333333333333333,5.0,1,High-Risk Customer,Frequent follow-up and payment assistance,959205.89
CUST0557,7,213536.79,30505.255714285715,95.85714285714286,438,65,16,14.714285714285714,7,20,48.42857142857143,71.13142857142857,74.73571428571428,7.82,391207.0,0.7142857142857143,0.24615384615384617,1.0,2.857142857142857,2,High-Risk Customer,Frequent follow-up and payment assistance,954811.62
CUST0095,4,267201.52999999997,66800.38249999999,119.0,420,33,9,9.0,0,15,37.5,77.94500000000001,83.575,6.8,339768.0,0.75,0.2727272727272727,0.0,3.75,2,High-Risk Customer,Frequent follow-up and payment assistance,947026.08
CUST1285,5,263612.1,52722.42,67.2,192,44,7,16.2,3,17,69.8,90.444,84.30199999999999,9.73,486542.0,0.8,0.1590909090909091,0.6,3.4,2,High-Risk Customer,Frequent follow-up and payment assistance,942918.4
CUST1099,7,355294.65,50756.37857142858,98.57142857142857,406,55,20,11.714285714285714,4,18,40.42857142857143,62.44857142857143,73.05285714285715,6.95,347675.0,0.8571428571428571,0.36363636363636365,0.5714285714285714,2.5714285714285716,2,High-Risk Customer,Frequent follow-up and payment assistance,941431.66
CUST1593,7,217103.2,31014.742857142857,38.857142857142854,272,103,22,10.428571428571429,2,30,30.714285714285715,67.96285714285715,77.15285714285713,11.13,556453.0,0.8571428571428571,0.21359223300970873,0.2857142857142857,4.285714285714286,2,Occasional Late Payer,Personalized payment reminder,937712.06
CUST1204,8,132011.0,16501.375,116.625,470,112,34,17.875,6,25,50.75,73.9475,74.75,6.62,330833.0,0.625,0.30357142857142855,0.75,3.125,2,High-Risk Customer,Frequent follow-up and payment assistance,934226.61
CUST0412,2,26760.03,13380.015,213.5,427,30,11,14.0,0,2,57.0,63.125,73.16,4.23,211445.0,0.5,0.36666666666666664,0.0,1.0,3,High-Risk Customer,Frequent follow-up and payment assistance,905936.1
CUST0173,5,65250.18,13050.036,29.6,137,66,13,13.6,4,12,37.8,74.77799999999999,77.628,11.67,583634.0,0.8,0.19696969696969696,0.8,2.4,1,High-Risk Customer,Frequent follow-up and payment assistance,905375.51
CUST1229,7,312080.27,44582.89571428572,126.28571428571429,446,107,29,12.428571428571429,6,23,53.142857142857146,74.22857142857143,77.94285714285715,6.28,314237.0,0.5714285714285714,0.27102803738317754,0.8571428571428571,3.2857142857142856,2,High-Risk Customer,Frequent follow-up and payment assistance,903794.28
CUST0533,7,79705.99,11386.570000000002,159.57142857142858,567,100,20,8.857142857142858,7,18,57.714285714285715,81.07000000000001,83.21857142857142,5.8,289779.0,0.5714285714285714,0.2,1.0,2.5714285714285716,2,High-Risk Customer,Frequent follow-up and payment assistance,902620.19
CUST1952,6,183321.25,30553.541666666668,84.33333333333333,328,77,17,9.833333333333334,1,17,34.333333333333336,72.92,80.22500000000001,8.01,400679.0,0.8333333333333334,0.22077922077922077,0.16666666666666666,2.8333333333333335,2,High-Risk Customer,Frequent follow-up and payment assistance,901649.17
CUST0527,4,140678.55000000002,35169.637500000004,15.75,63,69,13,7.75,5,11,43.5,83.33500000000001,84.52,13.05,652276.0,0.75,0.18840579710144928,1.25,2.75,1,High-Risk Customer,Frequent follow-up and payment assistance,897257.63
CUST0059,5,75750.03,15150.006,181.6,362,25,6,20.0,6,16,34.0,59.722,65.46,5.13,256487.0,0.4,0.24,1.2,3.2,3,High-Risk Customer,Frequent follow-up and payment assistance,895611.57
CUST0284,6,165424.43,27570.73833333333,118.33333333333333,395,95,21,14.666666666666666,2,27,45.166666666666664,80.50166666666667,80.78333333333333,6.71,335711.0,0.5,0.22105263157894736,0.3333333333333333,4.5,2,High-Risk Customer,Frequent follow-up and payment assistance,894993.75
CUST1428,3,107235.04,35745.01333333333,0.0,0,36,3,12.0,1,8,49.666666666666664,88.75999999999999,86.50999999999999,16.48,823952.0,1.0,0.08333333333333333,0.3333333333333333,2.6666666666666665,1,High-Risk Customer,Frequent follow-up and payment assistance,892614.67
CUST0495,7,119190.31,17027.187142857143,53.714285714285715,184,79,15,13.714285714285714,6,27,40.42857142857143,78.33714285714287,79.22571428571429,9.709999999999999,485477.0,0.7142857142857143,0.189873417721519,0.8571428571428571,3.857142857142857,2,High-Risk Customer,Frequent follow-up and payment assistance,887940.07
CUST0586,6,387440.14,64573.35666666667,153.16666666666666,478,104,29,15.833333333333334,4,22,53.333333333333336,73.86166666666666,76.10000000000001,5.36,267770.0,0.3333333333333333,0.27884615384615385,0.6666666666666666,3.6666666666666665,2,High-Risk Customer,Frequent follow-up and payment assistance,866935.41
CUST0779,3,138304.63999999998,46101.54666666666,0.0,0,40,4,3.6666666666666665,1,10,39.0,91.88333333333333,93.07333333333334,15.76,787954.0,1.0,0.1,0.3333333333333333,3.3333333333333335,1,High-Risk Customer,Frequent follow-up and payment assistance,866749.4
CUST1320,7,247017.93,35288.275714285715,102.85714285714286,496,119,26,9.0,6,22,42.285714285714285,79.17571428571429,82.4742857142857,6.96,347986.0,0.5714285714285714,0.2184873949579832,0.8571428571428571,3.142857142857143,2,High-Risk Customer,Frequent follow-up and payment assistance,860147.87
CUST1529,1,7765.27,7765.27,0.0,0,6,0,19.0,0,2,13.0,100.0,88.6,16.97,848658.0,1.0,0.0,0.0,2.0,1,Reliable Customer,Automated reminder and self-service payment,848658.0
CUST0436,2,69058.21,34529.105,0.0,0,27,8,8.0,2,3,13.5,66.36500000000001,76.38,13.07,653291.0,1.0,0.2962962962962963,1.0,1.5,1,High-Risk Customer,Frequent follow-up and payment assistance,846858.7
CUST1994,3,112432.42000000001,37477.473333333335,96.0,288,32,7,11.333333333333334,1,16,28.666666666666668,80.69,82.88000000000001,6.95,347584.0,0.6666666666666666,0.21875,0.3333333333333333,5.333333333333333,2,High-Risk Customer,Frequent follow-up and payment assistance,830291.28
CUST0154,4,132778.71000000002,33194.677500000005,132.75,291,66,14,13.25,4,18,19.5,77.735,78.9175,5.8,289968.0,0.25,0.21212121212121213,1.0,4.5,2,High-Risk Customer,Frequent follow-up and payment assistance,818061.24
CUST1650,5,180384.65,36076.93,124.2,399,77,16,15.6,3,10,52.6,81.814,80.344,5.99,299265.0,0.6,0.2077922077922078,0.6,2.0,2,High-Risk Customer,Frequent follow-up and payment assistance,810370.75
CUST0155,8,229913.53000000003,28739.191250000003,103.375,462,146,23,9.875,5,25,30.875,85.27625,85.46375,6.78,338963.0,0.625,0.15753424657534246,0.625,3.125,2,High-Risk Customer,Frequent follow-up and payment assistance,797964.75
CUST0407,3,105709.06,35236.35333333333,272.3333333333333,396,64,23,7.0,6,9,35.0,64.13666666666667,73.86666666666666,3.1199999999999997,156022.0,0.0,0.359375,2.0,3.0,3,High-Risk Customer,Frequent follow-up and payment assistance,789690.73
CUST1017,8,130396.20000000001,16299.525000000001,143.625,525,112,26,7.75,6,32,25.5,75.935,81.81875,5.18,258859.0,0.5,0.23214285714285715,0.75,4.0,2,High-Risk Customer,Frequent follow-up and payment assistance,777045.03
CUST0817,1,5058.31,5058.31,0.0,0,29,8,21.0,0,5,33.0,72.41,73.6,12.05,602439.0,1.0,0.27586206896551724,0.0,5.0,1,Occasional Late Payer,Personalized payment reminder,768629.07
CUST1073,1,67652.65,67652.65,0.0,0,7,0,17.0,1,4,51.0,100.0,87.8,15.17,758672.0,1.0,0.0,1.0,4.0,1,High-Risk Customer,Frequent follow-up and payment assistance,758672.0
CUST1337,5,178679.25,35735.85,0.0,0,67,19,13.6,7,16,33.6,59.910000000000004,68.994,11.73,586644.0,1.0,0.2835820895522388,1.4,3.2,1,High-Risk Customer,Frequent follow-up and payment assistance,753005.73
CUST1804,2,195024.22,97512.11,0.0,0,41,14,19.5,4,2,28.0,66.545,67.57,11.22,561162.0,1.0,0.34146341463414637,2.0,1.0,3,High-Risk Customer,Frequent follow-up and payment assistance,752778.29
CUST1770,4,230708.40000000002,57677.100000000006,174.0,386,42,10,14.5,5,8,43.25,81.3075,79.4525,4.4,219934.0,0.25,0.23809523809523808,1.25,2.0,2,High-Risk Customer,Frequent follow-up and payment assistance,746099.91
CUST0910,3,133353.46,44451.15333333333,25.666666666666668,65,28,7,12.333333333333334,1,11,72.33333333333333,76.22666666666667,80.04666666666667,9.49,474528.0,0.6666666666666666,0.25,0.3333333333333333,3.6666666666666665,1,High-Risk Customer,Frequent follow-up and payment assistance,745404.4
CUST1151,2,58301.5,29150.75,0.0,0,50,12,11.0,2,9,22.5,75.37,79.09,11.94,597219.0,1.0,0.24,1.0,4.5,1,High-Risk Customer,Frequent follow-up and payment assistance,740551.56
CUST1592,5,217574.07,43514.814,149.6,425,80,17,9.4,4,13,46.0,81.38399999999999,83.454,4.88,243839.0,0.6,0.2125,0.8,2.6,2,High-Risk Customer,Frequent follow-up and payment assistance,737954.35
CUST0422,7,380884.58999999997,54412.08428571428,124.85714285714286,534,129,32,3.142857142857143,6,16,38.142857142857146,77.08571428571429,84.94285714285715,5.18,258944.0,0.5714285714285714,0.24806201550387597,0.8571428571428571,2.2857142857142856,2,High-Risk Customer,Frequent follow-up and payment assistance,726689.2
CUST0507,2,93126.45,46563.225,203.0,406,29,10,15.0,1,4,47.0,65.235,72.61500000000001,3.52,176060.0,0.5,0.3448275862068966,0.5,2.0,3,High-Risk Customer,Frequent follow-up and payment assistance,717414.14
CUST1937,7,212332.35,30333.192857142858,109.28571428571429,450,63,14,13.142857142857142,8,21,29.571428571428573,63.81,71.73428571428572,5.53,276256.0,0.7142857142857143,0.2222222222222222,1.1428571428571428,3.0,2,High-Risk Customer,Frequent follow-up and payment assistance,706645.31
CUST0632,7,264407.23000000004,37772.461428571434,88.28571428571429,230,110,33,14.571428571428571,11,21,36.57142857142857,55.84285714285714,66.03714285714285,5.74,287199.0,0.42857142857142855,0.3,1.5714285714285714,3.0,3,High-Risk Customer,Frequent follow-up and payment assistance,702981.1
CUST1074,4,70415.20999999999,17603.802499999998,41.5,166,66,18,11.0,3,14,61.5,70.85,77.325,7.75,387369.0,0.75,0.2727272727272727,0.75,3.5,1,High-Risk Customer,Frequent follow-up and payment assistance,697616.35
CUST0275,6,192590.58000000002,32098.430000000004,163.16666666666666,520,89,21,15.333333333333334,3,29,46.666666666666664,77.30166666666666,78.45333333333333,4.28,213834.0,0.6666666666666666,0.23595505617977527,0.5,4.833333333333333,2,High-Risk Customer,Frequent follow-up and payment assistance,695521.11
CUST0198,4,132110.57,33027.6425,231.5,492,60,12,18.0,5,10,34.25,83.495,78.44749999999999,3.48,173950.0,0.5,0.2,1.25,2.5,2,High-Risk Customer,Frequent follow-up and payment assistance,691973.1
CUST1056,3,85316.70999999999,28438.903333333332,0.0,0,34,6,9.0,2,15,48.666666666666664,87.77666666666666,87.15333333333332,11.76,587977.0,1.0,0.17647058823529413,0.6666666666666666,5.0,1,High-Risk Customer,Frequent follow-up and payment assistance,691737.65
CUST1589,5,250591.61,50118.322,233.4,563,54,14,9.6,7,11,50.2,66.786,74.83399999999999,3.29,164589.0,0.4,0.25925925925925924,1.4,2.2,2,High-Risk Customer,Frequent follow-up and payment assistance,691005.58
CUST0747,9,387196.65,43021.850000000006,39.111111111111114,153,129,32,12.333333333333334,9,33,50.111111111111114,79.06777777777778,80.13111111111112,7.77,388540.0,0.8888888888888888,0.24806201550387597,1.0,3.6666666666666665,2,High-Risk Customer,Frequent follow-up and payment assistance,674580.4
CUST1526,8,232204.71000000002,29025.588750000003,119.375,493,137,26,10.25,5,21,33.25,81.605,83.40375,5.15,257352.0,0.625,0.1897810218978102,0.625,2.625,2,High-Risk Customer,Frequent follow-up and payment assistance,671709.85
CUST1191,3,111132.3,37044.1,59.333333333333336,147,33,8,17.333333333333332,1,13,80.33333333333333,81.48333333333333,79.67666666666666,6.78,339134.0,0.3333333333333333,0.24242424242424243,0.3333333333333333,4.333333333333333,2,High-Risk Customer,Frequent follow-up and payment assistance,671348.3
CUST1648,2,97358.29,48679.145,67.0,134,7,2,10.5,0,8,53.5,65.0,76.2,6.24,312091.0,1.0,0.2857142857142857,0.0,4.0,1,High-Risk Customer,Frequent follow-up and payment assistance,670103.96
CUST1127,8,382129.35,47766.16875,286.75,575,85,18,9.625,10,23,63.75,71.25125,77.34875,2.84,142036.0,0.375,0.21176470588235294,1.25,2.875,2,High-Risk Customer,Frequent follow-up and payment assistance,665651.71
CUST1258,5,257457.65000000002,51491.530000000006,106.2,300,101,19,13.0,5,13,32.0,83.872,82.138,5.43,271552.0,0.6,0.18811881188118812,1.0,2.6,2,High-Risk Customer,Frequent follow-up and payment assistance,665275.51
CUST1676,4,187680.74,46920.185,8.5,34,65,15,11.25,5,14,39.75,72.3475,76.925,9.79,489439.0,1.0,0.23076923076923078,1.25,3.5,1,High-Risk Customer,Frequent follow-up and payment assistance,653589.31
CUST0567,3,103001.51,34333.83666666666,19.0,57,31,5,2.6666666666666665,4,4,48.333333333333336,83.54666666666667,87.50666666666666,9.29,464299.0,0.6666666666666666,0.16129032258064516,1.3333333333333333,1.3333333333333333,1,High-Risk Customer,Frequent follow-up and payment assistance,641631.26
CUST0249,4,181775.04,45443.76,78.5,183,81,18,5.75,6,17,20.25,73.5525,80.325,5.78,289017.0,0.5,0.2222222222222222,1.5,4.25,2,High-Risk Customer,Frequent follow-up and payment assistance,630538.76
CUST1745,4,72293.91,18073.4775,179.0,524,40,9,8.5,4,15,57.75,74.36,80.08,3.69,184445.0,0.5,0.225,1.0,3.75,2,High-Risk Customer,Frequent follow-up and payment assistance,630386.9
CUST0858,8,251979.34,31497.4175,200.25,535,70,14,14.875,6,26,43.0,82.22125,80.6875,3.5,174932.0,0.5,0.2,0.75,3.25,2,High-Risk Customer,Frequent follow-up and payment assistance,630280.0
CUST1769,2,21344.81,10672.405,166.5,333,41,17,17.0,1,5,63.5,65.805,71.7,3.34,166841.0,0.5,0.4146341463414634,0.5,2.5,3,High-Risk Customer,Frequent follow-up and payment assistance,628990.57
CUST1040,3,85156.08,28385.36,281.0,550,61,17,12.0,2,10,56.0,70.7,76.81666666666666,2.56,128077.0,0.3333333333333333,0.2786885245901639,0.6666666666666666,3.3333333333333335,2,High-Risk Customer,Frequent follow-up and payment assistance,623965.95
CUST0191,4,57606.07,14401.5175,49.5,198,77,16,16.0,2,18,27.0,76.28,77.5425,6.89,344746.0,0.75,0.2077922077922078,0.5,4.5,1,High-Risk Customer,Frequent follow-up and payment assistance,622490.39
CUST0763,10,427139.73,42713.973,140.7,451,166,34,11.0,10,40,49.0,80.935,81.866,4.28,214074.0,0.5,0.20481927710843373,1.0,4.0,2,High-Risk Customer,Frequent follow-up and payment assistance,620814.6
CUST0493,7,293801.36,41971.62285714286,130.0,580,106,23,16.142857142857142,5,24,43.285714285714285,74.3,76.03571428571429,4.35,217647.0,0.7142857142857143,0.2169811320754717,0.7142857142857143,3.4285714285714284,2,High-Risk Customer,Frequent follow-up and payment assistance,609206.27
CUST1563,2,28466.61,14233.305,62.5,125,7,1,7.0,1,13,18.0,90.0,89.80000000000001,6.49,324535.0,0.5,0.14285714285714285,0.5,6.5,1,High-Risk Customer,Frequent follow-up and payment assistance,602707.86
CUST1122,3,161841.29,53947.09666666667,179.33333333333334,538,17,3,11.333333333333334,4,6,57.0,85.71333333333332,83.39333333333333,3.6199999999999997,181184.0,0.6666666666666666,0.17647058823529413,1.3333333333333333,2.0,2,High-Risk Customer,Frequent follow-up and payment assistance,595420.36
CUST0919,9,341828.67,37980.96333333333,48.888888888888886,305,158,29,16.11111111111111,5,37,47.0,82.38333333333334,80.41555555555556,6.64,331854.0,0.6666666666666666,0.18354430379746836,0.5555555555555556,4.111111111111111,2,High-Risk Customer,Frequent follow-up and payment assistance,584781.82
CUST1391,7,147880.56,21125.794285714284,217.71428571428572,502,126,30,11.285714285714286,11,16,50.285714285714285,77.44857142857143,78.80857142857143,2.95,147406.0,0.42857142857142855,0.23809523809523808,1.5714285714285714,2.2857142857142856,2,High-Risk Customer,Frequent follow-up and payment assistance,579837.04
CUST0443,7,424791.64,60684.520000000004,10.857142857142858,76,96,33,8.428571428571429,6,22,28.285714285714285,74.23428571428572,80.34571428571428,7.76,387913.0,1.0,0.34375,0.8571428571428571,3.142857142857143,1,High-Risk Customer,Frequent follow-up and payment assistance,577851.83
CUST1853,2,179464.31,89732.155,0.0,0,33,5,5.5,2,2,20.5,83.47999999999999,86.44,9.94,497244.0,1.0,0.15151515151515152,1.0,1.0,1,High-Risk Customer,Frequent follow-up and payment assistance,572584.0
CUST0829,2,11413.52,5706.76,159.5,319,30,4,9.0,2,9,40.5,85.645,85.425,3.86,192980.0,0.5,0.13333333333333333,1.0,4.5,2,High-Risk Customer,Frequent follow-up and payment assistance,567554.18
CUST1103,8,322608.54,40326.0675,50.75,142,91,18,8.625,5,20,36.5,86.33500000000001,86.7425,6.27,313625.0,0.625,0.1978021978021978,0.625,2.5,2,High-Risk Customer,Frequent follow-up and payment assistance,566308.53
CUST1528,6,146821.94,24470.323333333334,82.0,353,84,22,11.5,3,22,51.333333333333336,78.47666666666667,81.33833333333332,4.69,234514.0,0.6666666666666666,0.2619047619047619,0.5,3.6666666666666665,2,High-Risk Customer,Frequent follow-up and payment assistance,538600.49
CUST0270,7,259955.87,37136.55285714286,182.0,564,142,38,14.285714285714286,2,21,41.142857142857146,74.74571428571429,78.23,2.9,145028.0,0.5714285714285714,0.2676056338028169,0.2857142857142857,3.0,2,High-Risk Customer,Frequent follow-up and payment assistance,518424.03
CUST0978,4,206898.43,51724.6075,62.25,196,73,22,7.75,5,8,58.25,76.845,81.27250000000001,4.83,241387.0,0.75,0.3013698630136986,1.25,2.0,2,High-Risk Customer,Frequent follow-up and payment assistance,509682.04
CUST0265,5,170621.6,34124.32,223.2,539,84,20,13.0,1,22,53.0,83.65,83.624,2.54,127175.0,0.4,0.23809523809523808,0.2,4.4,2,High-Risk Customer,Frequent follow-up and payment assistance,508893.79
CUST1360,10,109221.89,10922.189,207.9,530,151,46,8.4,13,42,55.2,75.051,79.887,2.52,126240.0,0.5,0.304635761589404,1.3,4.2,2,High-Risk Customer,Frequent follow-up and payment assistance,507102.74
CUST0999,9,303454.77,33717.19666666667,106.88888888888889,531,193,50,9.0,8,32,48.888888888888886,74.88444444444445,80.26555555555555,3.75,187686.0,0.6666666666666666,0.25906735751295334,0.8888888888888888,3.5555555555555554,2,High-Risk Customer,Frequent follow-up and payment assistance,488897.72
CUST1972,6,520835.64999999997,86805.94166666667,125.16666666666667,522,99,24,11.333333333333334,5,16,56.666666666666664,80.72833333333334,81.89833333333333,3.49,174591.0,0.5,0.24242424242424243,0.8333333333333334,2.6666666666666665,2,High-Risk Customer,Frequent follow-up and payment assistance,488422.73
CUST0311,7,235115.54,33587.934285714284,164.42857142857142,535,131,39,10.0,6,29,25.428571428571427,73.43999999999998,79.00428571428571,2.77,138668.0,0.5714285714285714,0.29770992366412213,0.8571428571428571,4.142857142857143,2,High-Risk Customer,Frequent follow-up and payment assistance,475841.43
CUST1406,7,172206.91999999998,24600.98857142857,189.0,520,106,37,11.571428571428571,5,34,43.57142857142857,65.60142857142857,74.42857142857143,2.41,120463.0,0.5714285714285714,0.3490566037735849,0.7142857142857143,4.857142857142857,2,High-Risk Customer,Frequent follow-up and payment assistance,469657.96
CUST0631,2,150139.33,75069.665,67.5,135,44,7,25.0,1,4,26.0,83.955,75.97999999999999,4.76,237771.0,1.0,0.1590909090909091,0.5,2.0,1,High-Risk Customer,Frequent follow-up and payment assistance,461626.99
CUST0027,6,183555.18,30592.53,123.0,538,139,34,8.166666666666666,2,22,47.666666666666664,73.73666666666666,81.30166666666666,3.31,165359.0,0.6666666666666666,0.2446043165467626,0.3333333333333333,3.6666666666666665,2,High-Risk Customer,Frequent follow-up and payment assistance,458948.55
CUST0321,6,102220.81,17036.801666666666,6.166666666666667,37,77,24,14.5,2,27,30.666666666666668,68.83666666666666,75.05333333333333,6.419999999999999,320914.0,1.0,0.3116883116883117,0.3333333333333333,4.5,1,High-Risk Customer,Frequent follow-up and payment assistance,446897.06
CUST1483,3,64871.46,21623.82,22.333333333333332,67,66,15,16.666666666666668,1,12,60.0,75.44,77.05333333333334,5.900000000000001,295144.0,1.0,0.22727272727272727,0.3333333333333333,4.0,1,High-Risk Customer,Frequent follow-up and payment assistance,443118.47
CUST1019,7,257764.64,36823.520000000004,248.85714285714286,575,81,21,10.142857142857142,7,27,38.0,77.84714285714287,80.83857142857143,1.91,95475.0,0.7142857142857143,0.25925925925925924,1.0,3.857142857142857,2,High-Risk Customer,Frequent follow-up and payment assistance,419423.19
CUST1578,5,267522.1,53504.42,117.0,506,82,18,13.0,3,13,56.0,75.56800000000001,78.786,3.1,154927.0,0.6,0.21951219512195122,0.6,2.6,2,High-Risk Customer,Frequent follow-up and payment assistance,409989.74
CUST1352,4,241833.21,60458.3025,201.75,447,49,10,16.5,4,14,46.5,81.465,78.8325,2.24,111753.0,0.5,0.20408163265306123,1.0,3.5,2,High-Risk Customer,Frequent follow-up and payment assistance,406034.0
CUST1269,4,125286.4,31321.6,106.25,395,41,8,12.75,2,14,53.5,89.015,85.855,3.26,162935.0,0.5,0.1951219512195122,0.5,3.5,2,High-Risk Customer,Frequent follow-up and payment assistance,401624.84
CUST1499,3,31063.69,10354.563333333334,98.66666666666667,296,32,8,16.0,2,15,21.0,75.17,76.65333333333332,3.18,158944.0,0.6666666666666666,0.25,0.6666666666666666,5.0,2,High-Risk Customer,Frequent follow-up and payment assistance,394710.93
CUST0916,8,578284.14,72285.5175,64.25,204,106,25,9.625,5,20,51.0,71.7175,78.83375,3.78,189227.0,0.625,0.2358490566037736,0.625,2.5,2,High-Risk Customer,Frequent follow-up and payment assistance,384108.5
CUST0964,1,93097.17,93097.17,213.0,213,29,8,20.0,0,4,67.0,72.41,74.2,1.92,96002.0,0.0,0.27586206896551724,0.0,4.0,3,High-Risk Customer,Frequent follow-up and payment assistance,383379.02
CUST1066,8,119656.07,14957.00875,216.125,561,112,34,15.0,5,39,38.25,69.8225,74.66375000000001,1.85,92291.0,0.375,0.30357142857142855,0.625,4.875,2,High-Risk Customer,Frequent follow-up and payment assistance,380323.38
CUST1375,3,17495.29,5831.763333333333,33.0,53,43,12,13.333333333333334,4,13,38.0,68.89,73.78,4.35,217527.0,1.0,0.27906976744186046,1.3333333333333333,4.333333333333333,1,High-Risk Customer,Frequent follow-up and payment assistance,370048.84
CUST1259,5,133867.68,26773.536,178.4,363,47,18,18.4,5,16,42.2,63.418000000000006,68.672,1.8799999999999997,93764.0,0.4,0.3829787234042553,1.0,3.2,3,High-Risk Customer,Frequent follow-up and payment assistance,361011.35
CUST1162,7,187670.87,26810.124285714286,93.57142857142857,318,93,26,13.142857142857142,3,18,40.285714285714285,70.60571428571428,76.56285714285715,2.91,145556.0,0.5714285714285714,0.27956989247311825,0.42857142857142855,2.5714285714285716,2,High-Risk Customer,Frequent follow-up and payment assistance,360525.0
CUST1925,4,175237.84,43809.46,114.5,235,75,23,17.5,6,19,55.75,76.815,74.9075,2.56,128116.0,0.5,0.30666666666666664,1.5,4.75,2,High-Risk Customer,Frequent follow-up and payment assistance,359083.52
CUST0004,3,263807.59,87935.86333333334,316.6666666666667,506,53,11,12.666666666666666,3,5,33.0,69.04666666666667,74.92333333333333,1.39,69675.0,0.6666666666666666,0.20754716981132076,1.0,1.6666666666666667,2,High-Risk Customer,Frequent follow-up and payment assistance,350566.04
CUST0745,2,25913.449999999997,12956.724999999999,60.5,121,34,8,11.0,0,2,49.5,69.78,78.28999999999999,3.37,168581.0,1.0,0.23529411764705882,0.0,1.0,1,High-Risk Customer,Frequent follow-up and payment assistance,334236.62
CUST1203,3,60233.869999999995,20077.956666666665,144.66666666666666,434,56,17,14.666666666666666,3,5,43.0,67.77666666666666,73.08666666666666,2.03,101707.0,0.6666666666666666,0.30357142857142855,1.0,1.6666666666666667,3,High-Risk Customer,Frequent follow-up and payment assistance,324384.79
CUST1858,6,188810.15999999997,31468.359999999997,101.5,238,79,16,12.333333333333334,6,32,43.0,82.04333333333334,81.62166666666667,2.66,132806.0,0.5,0.20253164556962025,1.0,5.333333333333333,2,High-Risk Customer,Frequent follow-up and payment assistance,321802.39
CUST1134,5,149602.69,29920.538,24.2,121,49,11,12.4,2,23,46.4,76.364,79.94200000000001,4.09,204692.0,1.0,0.22448979591836735,0.4,4.6,1,High-Risk Customer,Frequent follow-up and payment assistance,311298.94
CUST1106,8,250094.34,31261.7925,32.5,82,96,30,12.625,2,23,34.0,70.20375,77.0275,3.51,175355.0,0.75,0.3125,0.25,2.875,2,Occasional Late Payer,Personalized payment reminder,304953.3
CUST1005,8,364049.86,45506.2325,155.375,423,95,17,14.125,7,32,47.375,86.255,82.90375,2.0,99976.0,0.5,0.17894736842105263,0.875,4.0,2,High-Risk Customer,Frequent follow-up and payment assistance,301001.43
CUST0005,3,80268.37,26756.123333333333,92.0,276,31,8,6.0,2,12,27.0,79.91666666666667,85.02666666666666,2.48,123997.0,1.0,0.25806451612903225,0.6666666666666666,4.0,1,High-Risk Customer,Frequent follow-up and payment assistance,299512.75
CUST0052,6,137953.57,22992.26166666667,63.0,369,84,20,11.666666666666666,6,19,32.0,75.655,78.82833333333333,2.82,141006.0,1.0,0.23809523809523808,1.0,3.1666666666666665,2,High-Risk Customer,Frequent follow-up and payment assistance,284563.54
CUST0124,1,18974.4,18974.4,55.0,55,18,7,15.0,0,1,23.0,61.11,71.56,2.61,130257.0,0.0,0.3888888888888889,0.0,1.0,3,Occasional Late Payer,Personalized payment reminder,280414.38
CUST0457,7,482783.2,68969.02857142857,221.85714285714286,382,51,13,14.428571428571429,9,19,45.0,79.48,78.50999999999999,1.35,67297.0,0.2857142857142857,0.2549019607843137,1.2857142857142858,2.7142857142857144,2,High-Risk Customer,Frequent follow-up and payment assistance,271812.02
CUST1370,3,55276.3,18425.433333333334,2.3333333333333335,7,33,8,7.333333333333333,1,11,32.666666666666664,71.37,80.61666666666666,4.26,213187.0,0.6666666666666666,0.24242424242424243,0.3333333333333333,3.6666666666666665,1,High-Risk Customer,Frequent follow-up and payment assistance,271048.97
CUST1629,4,133302.34999999998,33325.587499999994,140.75,440,41,16,20.75,4,11,35.75,59.15,65.125,1.61,80257.0,0.5,0.3902439024390244,1.0,2.75,3,High-Risk Customer,Frequent follow-up and payment assistance,268621.16
CUST0113,6,320820.94,53470.15666666667,13.0,60,106,32,9.833333333333334,6,28,40.666666666666664,72.52166666666666,78.36,3.4599999999999995,172775.0,1.0,0.3018867924528302,1.0,4.666666666666667,1,High-Risk Customer,Frequent follow-up and payment assistance,254174.84
CUST0771,4,135364.99,33841.2475,78.0,312,49,12,10.0,1,16,47.75,75.995,81.4975,2.25,112507.0,0.75,0.24489795918367346,0.25,4.0,2,High-Risk Customer,Frequent follow-up and payment assistance,249306.33
CUST0802,5,91870.83,18374.166,138.8,381,83,24,14.4,4,18,48.4,77.4,78.46000000000001,1.59,79336.0,0.4,0.2891566265060241,0.8,3.6,2,High-Risk Customer,Frequent follow-up and payment assistance,244236.35
CUST1416,4,46039.28,11509.82,135.5,436,86,16,17.25,5,22,44.25,82.4625,78.38,1.73,86413.0,0.75,0.18604651162790697,1.25,5.5,2,High-Risk Customer,Frequent follow-up and payment assistance,241363.57
CUST1253,6,391563.52,65260.58666666667,104.16666666666667,307,80,18,20.333333333333332,5,18,42.666666666666664,75.875,74.07,1.8999999999999997,94816.0,0.8333333333333334,0.225,0.8333333333333334,3.0,2,High-Risk Customer,Frequent follow-up and payment assistance,237138.77
CUST0065,3,82987.59999999999,27662.53333333333,98.0,294,34,8,19.333333333333332,6,11,48.0,75.83333333333333,72.31666666666666,1.8999999999999997,95232.0,0.6666666666666666,0.23529411764705882,2.0,3.6666666666666665,2,High-Risk Customer,Frequent follow-up and payment assistance,232926.27
CUST0104,2,125193.0,62596.5,158.0,316,13,3,13.0,1,8,15.5,70.0,76.2,1.43,71253.0,0.5,0.23076923076923078,0.5,4.0,2,High-Risk Customer,Frequent follow-up and payment assistance,226255.68
CUST1172,2,30072.57,15036.285,41.0,82,19,7,8.5,4,11,28.5,59.615,70.71000000000001,2.2,109778.0,0.5,0.3684210526315789,2.0,5.5,3,High-Risk Customer,Frequent follow-up and payment assistance,211813.76
CUST1110,7,224958.06,32136.865714285716,132.14285714285714,476,90,27,19.285714285714285,8,17,21.571428571428573,63.72428571428571,68.00428571428571,1.39,69477.0,0.42857142857142855,0.3,1.1428571428571428,2.4285714285714284,3,High-Risk Customer,Frequent follow-up and payment assistance,209671.66
CUST0571,3,81774.32,27258.10666666667,0.0,0,48,8,11.666666666666666,6,2,79.33333333333333,81.10666666666667,79.55,3.51,175438.0,0.6666666666666666,0.16666666666666666,2.0,0.6666666666666666,1,High-Risk Customer,Frequent follow-up and payment assistance,204677.67
CUST1714,4,107657.29000000001,26914.322500000002,103.0,412,61,12,12.25,1,12,56.0,85.7125,85.00999999999999,1.53,76616.0,0.75,0.19672131147540983,0.25,3.0,2,High-Risk Customer,Frequent follow-up and payment assistance,186126.64
CUST1425,5,121760.34,24352.068,52.6,263,51,12,13.2,4,23,48.8,83.63199999999999,82.296,1.8400000000000003,92056.0,0.8,0.23529411764705882,0.8,4.6,2,High-Risk Customer,Frequent follow-up and payment assistance,173530.98
CUST1291,3,112099.82999999999,37366.60999999999,0.0,0,42,11,10.0,0,7,43.0,81.50333333333333,84.75333333333333,2.65,132409.0,1.0,0.2619047619047619,0.0,2.3333333333333335,1,Occasional Late Payer,Personalized payment reminder,167087.55
CUST0452,2,67242.99,33621.495,0.0,0,18,5,14.5,2,1,79.0,68.46000000000001,73.53,2.38,118803.0,1.0,0.2777777777777778,1.0,0.5,1,High-Risk Customer,Frequent follow-up and payment assistance,151803.83
CUST1646,5,85113.25,17022.65,109.8,549,73,25,14.0,2,11,23.4,67.524,74.562,1.02,50917.0,1.0,0.3424657534246575,0.4,2.2,2,High-Risk Customer,Frequent follow-up and payment assistance,143407.38
CUST1254,6,512745.01,85457.50166666666,54.333333333333336,326,85,15,9.333333333333334,4,14,43.0,84.37333333333333,85.25166666666667,1.08,54138.0,0.8333333333333334,0.17647058823529413,0.6666666666666666,2.3333333333333335,2,High-Risk Customer,Frequent follow-up and payment assistance,98297.62
