customer_id,invoice_id,invoice_amount,invoice_date,due_date,payment_date,payment_status,days_overdue,previous_payments,previous_late_payments,average_payment_delay,payment_failures,communication_count,last_contact_days,discount_used,recovered,customer_segment,customer_lifetime_value
CUST0739,INV000001,118526.09,2026-01-25,2026-02-24,,Overdue,191,28,5,31,0,6,27,1,0,SMB,3222382
CUST0726,INV000002,5000.0,2025-08-05,2025-08-20,,Overdue,379,16,4,18,0,5,37,0,0,Mid-Market,3474083
CUST0872,INV000003,45176.46,2026-02-03,2026-03-20,,Overdue,167,21,7,0,1,7,88,0,0,SMB,4049453
CUST1687,INV000004,19906.52,2025-09-17,2025-10-17,2025-11-09,Paid,0,2,1,16,4,7,30,0,1,Enterprise,761943
CUST0192,INV000005,147389.17,2025-11-16,2025-12-01,,Overdue,276,26,6,30,0,6,88,0,0,Enterprise,4402892
CUST1987,INV000006,30972.8,2025-07-15,2025-08-14,,Overdue,385,22,3,6,1,4,65,0,0,Mid-Market,2764766
CUST1576,INV000007,15368.8,2026-04-23,2026-05-23,2026-05-30,Paid,0,3,0,0,0,7,15,0,1,SMB,638574
CUST1266,INV000008,17193.61,2026-02-22,2026-03-24,,Overdue,163,28,11,17,0,6,24,0,1,SMB,858301
CUST0138,INV000009,22923.24,2026-04-20,2026-05-05,,Overdue,121,16,5,13,3,1,11,0,0,Mid-Market,2893236
CUST0345,INV000010,7024.85,2026-07-22,2026-08-21,,Overdue,13,26,4,13,1,7,50,0,0,SMB,4120028
CUST1204,INV000011,10230.52,2026-06-28,2026-08-12,2026-08-12,Paid,0,10,0,10,0,3,30,0,1,SMB,330833
CUST1009,INV000012,5000.0,2025-08-19,2025-09-03,2025-09-11,Paid,0,29,5,6,0,0,18,0,1,SMB,4455813
CUST1736,INV000013,8751.87,2026-06-05,2026-07-05,,Overdue,60,29,11,5,1,7,33,1,1,Enterprise,1929262
CUST0503,INV000014,24195.13,2025-07-19,2025-08-18,2025-09-07,Paid,0,9,2,15,1,3,3,1,1,SMB,2878630
CUST0203,INV000015,29737.82,2026-08-22,2026-09-21,,Overdue,0,14,5,19,1,4,66,0,0,SMB,2700235
CUST0573,INV000016,5000.0,2025-01-21,2025-02-20,,Overdue,560,25,6,8,0,1,11,0,0,SMB,1967043
CUST0192,INV000017,19202.36,2025-11-07,2025-12-07,,Overdue,270,8,3,25,1,0,85,0,0,Enterprise,4402892
CUST0005,INV000018,38692.84,2026-08-11,2026-09-10,2026-09-24,Paid,0,2,0,12,1,3,23,0,1,SMB,123997
CUST1914,INV000019,18715.13,2026-08-19,2026-09-18,,Overdue,0,11,2,20,0,1,56,0,0,SMB,3516689
CUST1261,INV000020,11686.75,2026-03-10,2026-04-09,,Overdue,147,2,0,8,4,4,65,1,0,SMB,1947951
CUST1717,INV000021,14586.31,2026-01-06,2026-02-20,,Overdue,195,27,12,13,0,2,52,1,0,SMB,1284215
CUST0311,INV000022,12826.09,2026-07-14,2026-07-29,,Overdue,36,15,3,16,2,5,7,0,1,SMB,138668
CUST0549,INV000023,11652.42,2025-03-19,2025-05-18,2025-05-28,Paid,0,18,4,11,0,4,81,0,1,Mid-Market,3120771
CUST0056,INV000024,26208.09,2026-06-26,2026-08-10,2026-08-12,Paid,0,5,2,0,1,4,35,0,1,Enterprise,738725
CUST0443,INV000025,221391.57,2025-10-12,2025-11-26,2025-12-24,Paid,0,28,10,25,2,1,16,0,1,SMB,387913
CUST1261,INV000026,10470.32,2025-05-20,2025-06-19,,Overdue,441,26,9,11,1,1,51,0,0,SMB,1947951
CUST0870,INV000027,16024.23,2026-07-07,2026-08-21,,Overdue,13,25,6,0,2,5,53,0,0,Enterprise,2972705
CUST1885,INV000028,20916.68,2025-10-09,2025-11-08,2025-11-18,Paid,0,7,4,7,1,3,67,0,1,SMB,2871839
CUST1221,INV000029,11077.21,2026-07-16,2026-08-15,,Overdue,19,23,6,28,0,7,76,0,1,Enterprise,3143510
CUST0585,INV000030,66054.52,2025-09-15,2025-09-30,,Overdue,338,19,7,24,2,0,52,0,0,Mid-Market,1003692
CUST1595,INV000031,5000.0,2025-12-26,2026-02-24,,Overdue,191,19,8,15,1,4,86,0,0,Mid-Market,2977053
CUST0752,INV000032,12951.16,2026-03-16,2026-04-15,,Overdue,141,26,5,20,1,6,84,0,1,Enterprise,922328
CUST1538,INV000033,49926.83,2025-09-27,2025-11-26,,Overdue,281,16,4,26,1,1,71,0,0,Mid-Market,2976979
CUST1473,INV000034,16414.26,2025-05-14,2025-06-13,,Overdue,447,19,5,13,0,6,55,0,0,Enterprise,1756826
CUST0360,INV000035,9693.02,2025-04-14,2025-06-13,,Overdue,447,17,6,23,2,1,37,0,0,Mid-Market,2442919
CUST1724,INV000036,34226.54,2025-04-05,2025-06-04,,Overdue,456,13,3,4,2,4,7,1,0,SMB,411309
CUST0819,INV000037,54521.11,2026-07-27,2026-09-25,,Overdue,0,28,5,1,1,3,23,0,1,SMB,323452
CUST0030,INV000038,27190.84,2026-04-25,2026-05-25,,Overdue,101,8,3,12,2,1,1,1,0,SMB,3785444
CUST1803,INV000039,9885.06,2025-08-29,2025-10-28,,Overdue,310,28,7,19,0,7,12,0,0,SMB,4686440
CUST0108,INV000040,34759.33,2025-01-13,2025-03-14,,Overdue,538,11,5,25,1,2,15,1,0,Mid-Market,3902666
CUST0844,INV000041,14734.56,2025-05-27,2025-06-26,2025-07-01,Paid,0,18,5,11,0,2,58,0,1,Enterprise,2104410
CUST1959,INV000042,46406.13,2025-04-05,2025-05-05,2025-05-16,Paid,0,11,0,4,0,7,27,0,1,Mid-Market,320146
CUST1626,INV000043,97076.92,2025-10-20,2025-12-04,,Overdue,273,23,10,34,1,0,80,1,0,Mid-Market,3049610
CUST0717,INV000044,5000.0,2025-01-25,2025-02-24,2025-03-13,Paid,0,9,2,10,0,6,79,0,1,Mid-Market,4076390
CUST0891,INV000045,24613.92,2025-09-29,2025-11-13,,Overdue,294,14,4,2,1,3,49,0,0,Mid-Market,2949033
CUST1992,INV000046,5000.0,2026-05-20,2026-06-04,2026-06-25,Paid,0,2,1,18,0,6,63,1,1,SMB,1124477
CUST1983,INV000047,253162.94,2025-06-15,2025-07-15,,Overdue,415,29,8,46,1,4,51,1,0,SMB,2415885
CUST0960,INV000048,13792.43,2025-03-28,2025-04-27,2025-05-13,Paid,0,17,4,13,1,6,24,0,1,Mid-Market,1256184
CUST1469,INV000049,46461.22,2026-05-06,2026-06-05,,Overdue,90,21,3,13,0,4,57,0,0,Enterprise,1571722
CUST0893,INV000050,21262.14,2025-05-21,2025-06-20,2025-07-03,Paid,0,16,7,20,0,4,45,1,1,Mid-Market,1628315
CUST1462,INV000051,9866.65,2025-04-13,2025-05-28,,Overdue,463,26,3,21,0,2,50,0,0,Mid-Market,4944940
CUST0732,INV000052,8759.96,2025-08-14,2025-09-13,2025-09-13,Paid,0,5,0,0,1,7,33,0,1,Mid-Market,2565967
CUST1914,INV000053,107546.56,2026-07-29,2026-09-12,,Overdue,0,1,1,27,1,4,78,1,1,SMB,3516689
CUST0606,INV000054,57293.25,2025-10-21,2025-12-05,,Overdue,272,9,2,11,0,5,75,0,0,SMB,2581528
CUST0457,INV000055,153827.03,2025-11-02,2025-12-02,,Overdue,275,3,0,13,1,0,26,0,0,SMB,67297
CUST0615,INV000056,23282.41,2025-09-11,2025-10-11,2025-10-11,Paid,0,14,3,1,0,2,76,0,1,Enterprise,4506397
CUST1759,INV000057,29375.6,2025-06-29,2025-07-29,,Overdue,401,18,9,9,0,1,37,0,0,SMB,1521926
CUST0698,INV000058,16861.84,2025-02-09,2025-03-11,,Overdue,541,12,3,26,1,3,80,0,0,Mid-Market,3752418
CUST1720,INV000059,16529.76,2026-06-04,2026-06-19,2026-07-25,Paid,0,23,5,23,1,5,12,0,1,SMB,1088218
CUST1519,INV000060,7770.68,2026-06-30,2026-07-30,,Overdue,35,14,5,17,1,1,47,1,1,SMB,2986537
CUST0674,INV000061,23956.86,2025-08-24,2025-10-23,,Overdue,315,28,7,0,1,1,29,0,0,Mid-Market,2634182
CUST1271,INV000062,10004.13,2026-04-08,2026-05-08,2026-05-15,Paid,0,16,3,5,1,3,66,1,1,Mid-Market,1388306
CUST0543,INV000063,34266.0,2025-08-16,2025-09-15,2025-10-05,Paid,0,5,0,16,1,7,6,0,1,SMB,640381
CUST1588,INV000064,26108.34,2026-04-28,2026-06-27,2026-07-04,Paid,0,20,6,8,1,3,10,0,1,SMB,2348354
CUST0857,INV000065,29368.62,2026-03-06,2026-05-05,,Overdue,121,20,5,19,0,4,2,1,0,SMB,3998401
CUST1612,INV000066,117610.07,2025-01-22,2025-03-23,,Overdue,529,15,2,20,1,7,82,0,0,Mid-Market,3862010
CUST0897,INV000067,21211.15,2025-12-09,2026-01-23,2026-02-03,Paid,0,9,2,26,1,4,49,0,1,SMB,3095529
CUST1463,INV000068,46944.77,2025-02-09,2025-03-11,,Overdue,541,25,4,0,0,0,16,0,0,SMB,2049482
CUST0278,INV000069,171357.87,2025-06-22,2025-08-21,,Overdue,378,17,8,8,2,3,70,0,0,Mid-Market,3062359
CUST0552,INV000070,81358.21,2026-03-15,2026-05-14,2026-05-14,Paid,0,12,2,4,0,6,79,1,1,Enterprise,1466953
CUST1637,INV000071,69784.67,2025-06-28,2025-07-28,2025-07-28,Paid,0,13,4,6,0,7,14,0,1,SMB,4165345
CUST0111,INV000072,16208.84,2026-08-21,2026-09-20,,Overdue,0,10,3,11,1,3,63,0,0,SMB,2805063
CUST0385,INV000073,27712.62,2025-05-13,2025-06-12,2025-06-27,Paid,0,7,2,14,0,6,3,1,1,Mid-Market,2214563
CUST1857,INV000074,5894.2,2025-12-17,2026-01-16,,Overdue,230,27,6,19,3,1,41,0,0,Mid-Market,888927
CUST0761,INV000075,36276.1,2026-06-09,2026-07-09,2026-07-10,Paid,0,24,3,4,1,6,8,1,1,SMB,4560784
CUST1215,INV000076,28982.87,2026-06-24,2026-07-24,,Overdue,41,21,10,9,0,4,46,0,0,Mid-Market,929459
CUST1514,INV000077,22547.63,2026-05-21,2026-06-20,,Overdue,75,7,1,13,1,0,37,0,0,SMB,345866
CUST0694,INV000078,61524.75,2025-03-25,2025-04-24,,Overdue,497,8,3,13,0,4,83,0,0,SMB,1466842
CUST1450,INV000079,6582.86,2026-04-09,2026-04-24,,Overdue,132,24,4,6,2,7,66,0,0,Mid-Market,3198491
CUST0405,INV000080,112968.34,2025-12-09,2026-01-23,2026-02-04,Paid,0,15,3,6,0,3,37,0,1,SMB,906626
CUST1359,INV000081,54272.05,2025-10-07,2025-11-06,,Overdue,301,25,6,10,1,0,37,0,0,SMB,543992
CUST1233,INV000082,20524.32,2025-09-20,2025-10-20,2025-10-20,Paid,0,21,5,0,2,4,3,0,1,SMB,1958911
CUST0022,INV000083,18982.46,2025-06-15,2025-07-15,,Overdue,415,18,8,0,1,1,60,0,0,SMB,4084464
CUST0678,INV000084,35618.17,2025-10-20,2025-11-19,2025-11-30,Paid,0,22,8,10,0,4,37,0,1,SMB,4413089
CUST0611,INV000085,100795.73,2026-05-24,2026-06-08,2026-06-17,Paid,0,1,1,13,0,4,33,0,1,SMB,3866126
CUST1232,INV000086,24382.18,2026-08-03,2026-09-02,,Overdue,1,10,3,24,0,0,86,0,1,SMB,2564719
CUST0008,INV000087,25438.8,2025-08-14,2025-09-28,2025-10-03,Paid,0,22,4,0,2,5,65,1,1,Enterprise,536799
CUST0702,INV000088,22429.19,2025-06-19,2025-07-19,,Overdue,411,19,5,16,1,0,45,0,0,SMB,4129441
CUST1711,INV000089,130878.42,2026-08-21,2026-09-20,,Overdue,0,29,9,26,1,7,48,0,1,SMB,2559907
CUST1809,INV000090,15231.44,2026-03-24,2026-04-23,2026-05-11,Paid,0,3,0,15,2,2,64,0,1,SMB,2329042
CUST0529,INV000091,21386.01,2026-05-17,2026-06-16,,Overdue,79,7,3,5,1,5,60,0,0,SMB,2654884
CUST0602,INV000092,95171.49,2026-06-11,2026-08-10,,Overdue,24,4,1,9,2,3,19,1,1,SMB,1088336
CUST1677,INV000093,25514.72,2026-01-14,2026-02-13,,Overdue,202,5,2,30,0,1,59,0,0,SMB,3667597
CUST0657,INV000094,68669.39,2025-07-20,2025-09-03,,Overdue,365,6,2,23,0,4,42,0,0,SMB,3579801
CUST0166,INV000095,8854.84,2025-09-07,2025-10-07,2025-10-08,Paid,0,28,9,6,0,0,15,1,1,Mid-Market,2046170
CUST0849,INV000096,17938.55,2026-02-13,2026-03-30,2026-04-02,Paid,0,10,1,4,1,4,51,0,1,Mid-Market,648506
CUST0496,INV000097,97191.06,2025-05-05,2025-07-04,,Overdue,426,12,2,16,2,5,82,0,0,SMB,1733523
CUST0590,INV000098,11199.9,2025-04-23,2025-06-07,,Overdue,453,14,3,17,2,5,80,0,0,SMB,2752882
CUST0429,INV000099,18933.74,2025-05-17,2025-07-16,,Overdue,414,22,6,26,2,6,35,0,0,SMB,1096161
CUST0774,INV000100,28472.25,2026-05-11,2026-06-10,,Overdue,85,2,2,10,2,4,60,0,1,SMB,4437373
CUST0163,INV000101,8191.44,2025-05-30,2025-07-29,2025-07-29,Paid,0,3,0,0,0,4,11,0,1,Mid-Market,3293484
CUST0366,INV000102,14562.28,2025-12-09,2026-01-08,,Overdue,238,1,1,9,0,7,7,0,0,SMB,2752994
CUST1550,INV000103,24652.58,2026-08-03,2026-10-02,,Overdue,0,3,1,7,1,4,30,1,1,Mid-Market,2082709
CUST1263,INV000104,23079.08,2025-11-17,2025-12-02,,Overdue,275,24,6,0,1,1,46,1,0,SMB,939855
CUST0072,INV000105,79249.15,2026-06-16,2026-07-31,2026-08-16,Paid,0,15,3,9,0,5,5,0,1,SMB,1621951
CUST1469,INV000106,102894.27,2025-10-16,2025-11-30,,Overdue,277,16,5,22,2,1,66,0,0,Enterprise,1571722
CUST0655,INV000107,9357.33,2026-05-04,2026-06-03,2026-06-18,Paid,0,20,6,19,0,5,45,0,1,SMB,4906854
CUST1846,INV000108,24618.87,2026-05-07,2026-06-21,2026-07-04,Paid,0,2,0,9,1,1,1,0,1,SMB,4330428
CUST1533,INV000109,43228.2,2025-09-09,2025-10-24,2025-11-02,Paid,0,20,6,8,0,6,19,0,1,Mid-Market,4833725
CUST1819,INV000110,100342.79,2025-03-18,2025-04-17,,Overdue,504,16,3,7,1,5,55,1,0,Mid-Market,2141013
CUST0269,INV000111,45183.64,2026-01-27,2026-02-26,,Overdue,189,15,5,7,0,1,47,0,0,SMB,3061786
CUST1777,INV000112,29463.67,2026-02-16,2026-03-18,,Overdue,169,7,2,20,0,6,23,0,0,Mid-Market,901161
CUST0415,INV000113,42896.37,2025-06-22,2025-07-22,,Overdue,408,25,7,26,0,5,38,0,0,Mid-Market,4468909
CUST1269,INV000114,43207.48,2025-07-20,2025-08-04,,Overdue,395,5,0,20,1,2,16,0,0,Mid-Market,162935
CUST1016,INV000115,8710.51,2025-08-05,2025-08-20,2025-08-22,Paid,0,29,5,5,0,0,14,0,1,Enterprise,3611262
CUST0675,INV000116,26710.15,2026-01-11,2026-02-10,,Overdue,205,5,2,4,0,3,68,0,0,SMB,1858286
CUST1084,INV000117,94765.53,2026-08-09,2026-09-08,,Overdue,0,28,6,27,1,6,6,0,1,Enterprise,2937757
CUST0006,INV000118,17901.56,2025-01-11,2025-02-10,2025-03-02,Paid,0,21,7,13,1,3,4,0,1,SMB,1017561
CUST1733,INV000119,25070.49,2025-01-12,2025-02-26,,Overdue,554,26,3,5,0,0,69,0,1,Mid-Market,3330931
CUST0982,INV000120,17283.08,2026-08-13,2026-09-12,2026-09-23,Paid,0,9,3,13,0,3,35,1,1,Mid-Market,1424073
CUST0570,INV000121,5000.0,2026-03-11,2026-04-25,2026-04-25,Paid,0,23,3,0,2,2,26,0,1,SMB,4211900
CUST1841,INV000122,22484.7,2026-01-08,2026-01-23,2026-01-23,Paid,0,14,3,0,0,0,9,1,1,SMB,1280796
CUST0407,INV000123,29785.95,2025-09-30,2025-10-30,,Overdue,308,19,8,6,1,3,49,0,0,SMB,156022
CUST1241,INV000124,13193.86,2026-07-30,2026-08-29,,Overdue,5,18,2,21,1,6,69,0,1,Enterprise,1411236
CUST1954,INV000125,6942.12,2026-05-24,2026-07-08,2026-07-13,Paid,0,9,2,9,0,4,25,1,1,Mid-Market,2476105
CUST0026,INV000126,9130.66,2025-05-12,2025-06-26,,Overdue,434,3,1,19,3,5,45,0,0,Mid-Market,1506081
CUST1839,INV000127,47296.31,2025-11-15,2026-01-14,,Overdue,232,29,10,14,0,2,82,1,0,Enterprise,1664099
CUST1029,INV000128,158343.94,2025-06-17,2025-07-02,,Overdue,428,11,2,0,1,3,30,0,0,SMB,277189
CUST0986,INV000129,87766.34,2026-02-01,2026-03-18,,Overdue,169,24,8,28,0,7,60,0,0,SMB,1474663
CUST1556,INV000130,5742.52,2025-06-29,2025-07-29,,Overdue,401,15,5,0,1,5,32,0,0,SMB,3622401
CUST0390,INV000131,51773.17,2025-02-27,2025-04-13,,Overdue,508,28,6,6,1,2,84,0,0,Mid-Market,2145588
CUST0710,INV000132,11348.46,2026-04-25,2026-05-25,2026-06-10,Paid,0,4,1,7,2,5,31,1,1,Mid-Market,4044528
CUST0571,INV000133,12304.66,2026-08-14,2026-09-13,,Overdue,0,21,3,20,4,0,84,1,1,Mid-Market,175438
CUST1472,INV000134,13877.5,2026-04-05,2026-04-20,,Overdue,136,24,7,6,1,0,50,0,0,Mid-Market,400067
CUST0754,INV000135,44625.78,2025-03-02,2025-04-16,2025-04-23,Paid,0,5,1,3,1,0,61,1,1,SMB,3160691
CUST0146,INV000136,57483.51,2026-01-04,2026-02-03,2026-03-02,Paid,0,26,4,21,1,3,17,0,1,SMB,4276156
CUST1412,INV000137,19969.65,2025-05-01,2025-05-16,,Overdue,475,18,5,9,0,1,51,0,0,SMB,4961408
CUST0785,INV000138,20311.23,2026-06-30,2026-07-15,,Overdue,50,22,5,18,1,7,15,0,0,SMB,3030248
CUST1273,INV000139,35040.64,2026-08-05,2026-10-04,,Overdue,0,23,3,36,2,2,12,0,0,Mid-Market,4330650
CUST0526,INV000140,38870.64,2025-01-17,2025-02-16,2025-02-16,Paid,0,12,6,8,1,5,11,0,1,SMB,2231906
CUST1486,INV000141,71412.32,2026-05-11,2026-07-10,,Overdue,55,1,1,16,2,3,72,0,0,SMB,1294360
CUST0013,INV000142,6097.46,2026-05-12,2026-07-11,2026-07-19,Paid,0,26,3,0,0,2,67,0,1,Mid-Market,3971451
CUST0903,INV000143,22472.04,2026-05-20,2026-07-19,2026-07-23,Paid,0,25,10,6,2,4,25,0,1,SMB,2947706
CUST0384,INV000144,7570.21,2026-06-16,2026-08-15,,Overdue,19,22,8,15,1,6,38,0,0,Enterprise,1251838
CUST0556,INV000145,20932.49,2025-11-11,2026-01-10,,Overdue,236,20,2,26,0,0,81,0,0,SMB,959245
CUST0887,INV000146,17567.83,2025-03-10,2025-04-09,2025-04-09,Paid,0,2,0,0,2,7,49,0,1,Mid-Market,862283
CUST1423,INV000147,21020.44,2025-06-10,2025-07-10,2025-07-29,Paid,0,9,3,16,0,0,22,0,1,SMB,3691141
CUST0019,INV000148,9899.67,2025-05-25,2025-06-24,,Overdue,436,22,9,1,0,7,67,0,0,SMB,2513160
CUST0575,INV000149,5000.0,2026-07-23,2026-08-22,2026-08-29,Paid,0,25,8,9,0,5,24,0,1,Enterprise,685719
CUST1515,INV000150,5000.0,2026-08-18,2026-09-02,2026-09-05,Paid,0,18,3,6,1,1,84,0,1,SMB,847057
CUST0751,INV000151,19318.53,2026-01-20,2026-03-06,2026-03-16,Paid,0,5,0,4,0,0,62,0,1,SMB,1680369
CUST1004,INV000152,14314.08,2025-09-26,2025-10-26,,Overdue,312,22,5,14,2,4,15,0,0,Mid-Market,3364344
CUST0419,INV000153,11204.41,2026-03-30,2026-05-29,2026-05-29,Paid,0,14,1,2,0,7,45,0,1,Mid-Market,4465276
CUST1361,INV000154,82664.74,2026-06-02,2026-07-02,2026-07-02,Paid,0,11,2,0,1,7,41,0,1,Enterprise,4479899
CUST0419,INV000155,9326.0,2025-12-16,2026-01-15,,Overdue,231,21,6,8,2,2,6,0,0,Mid-Market,4465276
CUST1939,INV000156,90838.1,2025-04-20,2025-05-20,2025-05-26,Paid,0,22,5,4,0,3,50,1,1,SMB,3423307
CUST1940,INV000157,111730.36,2026-04-28,2026-05-28,2026-06-06,Paid,0,3,0,7,2,0,42,0,1,SMB,600242
CUST1636,INV000158,5000.0,2026-02-11,2026-04-12,,Overdue,144,9,4,4,2,3,66,1,1,SMB,3488780
CUST1699,INV000159,24158.26,2025-02-20,2025-03-22,2025-03-31,Paid,0,2,0,17,0,6,78,0,1,Enterprise,3152641
CUST1952,INV000160,14769.26,2026-02-07,2026-03-09,,Overdue,178,14,3,18,0,1,60,0,1,SMB,400679
CUST0122,INV000161,5000.0,2026-07-17,2026-08-31,2026-09-03,Paid,0,28,7,0,1,0,8,0,1,Enterprise,2569507
CUST0432,INV000162,5194.52,2026-04-21,2026-05-21,,Overdue,105,2,0,24,0,7,82,0,0,Mid-Market,1947501
CUST0044,INV000163,47807.42,2025-03-28,2025-04-27,2025-05-18,Paid,0,21,6,19,0,1,9,0,1,Enterprise,4524770
CUST1896,INV000164,165909.75,2025-03-09,2025-04-08,,Overdue,513,27,9,7,0,7,57,1,0,Mid-Market,2904119
CUST1944,INV000165,54321.65,2026-08-19,2026-09-18,,Overdue,0,10,3,11,3,2,74,0,1,Mid-Market,2572919
CUST1341,INV000166,30443.64,2025-02-11,2025-03-13,,Overdue,539,19,6,21,0,2,27,0,0,SMB,1757542
CUST0381,INV000167,21561.57,2025-02-26,2025-04-27,,Overdue,494,29,4,7,2,4,40,1,0,SMB,1570982
CUST0145,INV000168,118499.37,2025-07-15,2025-08-14,,Overdue,385,29,5,19,2,0,74,0,0,SMB,628688
CUST1351,INV000169,188761.43,2025-03-03,2025-04-02,,Overdue,519,2,0,15,0,3,83,0,0,Enterprise,2082816
CUST0363,INV000170,12248.48,2025-09-20,2025-10-20,,Overdue,318,16,7,20,2,0,28,1,0,SMB,2458630
CUST1074,INV000171,5000.0,2025-04-22,2025-05-22,2025-06-04,Paid,0,6,1,18,2,2,77,0,1,SMB,387369
CUST1089,INV000172,5000.0,2025-06-27,2025-08-26,2025-08-26,Paid,0,12,3,6,0,7,89,0,1,Enterprise,1711655
CUST0355,INV000173,82609.58,2025-01-26,2025-02-25,,Overdue,555,22,6,13,1,1,25,0,0,SMB,2283706
CUST0800,INV000174,21013.94,2026-02-14,2026-04-15,2026-04-29,Paid,0,7,0,20,1,4,10,0,1,Enterprise,342575
CUST1188,INV000175,26456.1,2026-06-15,2026-07-15,2026-08-07,Paid,0,4,1,19,0,3,31,0,1,SMB,4306146
CUST1165,INV000176,5000.0,2025-11-13,2025-12-28,,Overdue,249,8,0,18,0,1,5,0,0,SMB,1605537
CUST1990,INV000177,10371.44,2026-06-16,2026-07-16,2026-07-25,Paid,0,19,5,10,2,3,78,0,1,Mid-Market,1642173
CUST0826,INV000178,16391.52,2025-04-16,2025-05-01,2025-05-23,Paid,0,10,3,27,0,4,79,0,1,Enterprise,812371
CUST1152,INV000179,27114.89,2026-04-09,2026-04-24,,Overdue,132,1,0,15,1,5,28,0,1,Mid-Market,2236268
CUST0398,INV000180,14785.58,2025-09-03,2025-10-03,,Overdue,335,5,3,29,1,6,73,0,0,SMB,2480721
CUST1957,INV000181,7806.2,2025-03-22,2025-04-21,2025-04-25,Paid,0,6,0,0,2,4,72,0,1,Mid-Market,2066328
CUST0880,INV000182,10051.06,2026-01-31,2026-03-02,2026-03-08,Paid,0,27,5,9,0,6,13,1,1,SMB,1253920
CUST0463,INV000183,73741.67,2026-06-06,2026-07-21,2026-08-04,Paid,0,29,7,10,0,3,71,0,1,Mid-Market,1277146
CUST1775,INV000184,28135.42,2025-09-21,2025-10-21,,Overdue,317,19,8,20,1,2,68,0,0,Mid-Market,4199287
CUST1860,INV000185,40625.73,2025-10-01,2025-10-31,,Overdue,307,18,4,4,0,1,21,0,0,Mid-Market,2879045
CUST0808,INV000186,8965.38,2025-06-21,2025-08-05,2025-08-09,Paid,0,19,8,4,0,1,17,0,1,Enterprise,1497947
CUST0187,INV000187,5000.0,2025-09-22,2025-10-22,,Overdue,316,19,6,22,0,6,53,0,0,Mid-Market,4679375
CUST1744,INV000188,13054.6,2025-01-26,2025-03-12,,Overdue,540,23,7,10,0,0,2,0,1,SMB,3951403
CUST0732,INV000189,9259.72,2026-04-14,2026-05-14,,Overdue,112,1,1,18,3,1,33,0,0,Mid-Market,2565967
CUST1936,INV000190,31226.18,2026-04-21,2026-05-21,2026-05-21,Paid,0,27,7,4,0,6,34,1,1,Mid-Market,1679753
CUST1214,INV000191,588730.45,2025-12-22,2026-01-21,2026-02-12,Paid,0,20,6,19,1,2,8,0,1,Mid-Market,3557447
CUST1412,INV000192,44141.96,2025-01-26,2025-03-27,2025-04-16,Paid,0,11,3,20,1,2,73,1,1,SMB,4961408
CUST0429,INV000193,339748.24,2025-02-03,2025-04-04,2025-05-01,Paid,0,3,1,25,1,3,50,0,1,SMB,1096161
CUST0858,INV000194,38900.78,2025-09-21,2025-11-20,2025-11-20,Paid,0,10,2,2,1,0,1,0,1,SMB,174932
CUST1308,INV000195,11732.45,2025-05-18,2025-06-17,,Overdue,443,27,9,0,1,7,45,0,0,Mid-Market,2302641
CUST1888,INV000196,31191.97,2026-07-20,2026-09-03,2026-09-09,Paid,0,7,2,11,0,1,32,0,1,SMB,3426910
CUST0237,INV000197,130697.22,2026-04-07,2026-05-07,,Overdue,119,17,5,24,3,1,62,0,0,SMB,1071469
CUST1218,INV000198,137250.44,2025-06-17,2025-07-17,,Overdue,413,24,2,3,2,6,68,1,0,Mid-Market,2341136
CUST1311,INV000199,12390.22,2025-03-22,2025-05-06,,Overdue,485,26,8,1,3,4,36,0,0,SMB,1892360
CUST0771,INV000200,28372.73,2026-02-11,2026-03-13,2026-03-24,Paid,0,16,2,7,0,3,15,0,1,SMB,112507
CUST0758,INV000201,5275.0,2026-07-28,2026-08-27,2026-09-12,Paid,0,7,4,14,0,6,78,0,1,Mid-Market,2625508
CUST0136,INV000202,50245.12,2025-02-15,2025-03-17,,Overdue,535,13,1,13,2,5,49,1,0,SMB,966383
CUST0792,INV000203,104125.76,2026-08-22,2026-10-06,2026-10-07,Paid,0,12,4,3,1,0,18,0,1,Mid-Market,2413162
CUST1807,INV000204,22920.79,2025-02-22,2025-03-24,,Overdue,528,12,2,5,0,7,11,1,0,Mid-Market,2476277
CUST0171,INV000205,11300.65,2026-04-21,2026-05-21,,Overdue,105,8,3,11,3,2,77,0,1,Mid-Market,358449
CUST0159,INV000206,31575.32,2026-08-15,2026-10-14,2026-10-19,Paid,0,8,2,5,0,1,80,0,1,SMB,569165
CUST0201,INV000207,33438.36,2025-01-16,2025-02-15,,Overdue,565,13,4,1,0,1,15,0,0,Mid-Market,1203224
CUST1511,INV000208,23888.29,2025-12-26,2026-01-25,2026-02-07,Paid,0,11,1,17,1,5,75,0,1,Mid-Market,4698455
CUST1581,INV000209,26336.61,2026-05-02,2026-06-01,,Overdue,94,25,10,6,1,4,11,0,0,SMB,4267690
CUST0962,INV000210,18512.2,2026-05-17,2026-07-01,2026-07-09,Paid,0,1,0,7,2,4,55,1,1,Mid-Market,4634074
CUST1800,INV000211,59632.44,2025-05-21,2025-06-05,2025-06-19,Paid,0,25,10,9,0,1,59,0,1,SMB,969134
CUST0583,INV000212,45992.22,2026-03-23,2026-04-22,2026-05-20,Paid,0,17,4,15,0,1,68,1,1,SMB,3819457
CUST1528,INV000213,8241.16,2025-10-17,2025-11-01,2025-11-14,Paid,0,19,3,13,2,4,63,1,1,SMB,234514
CUST0876,INV000214,8017.72,2025-07-28,2025-08-27,,Overdue,372,13,4,6,0,2,57,0,0,SMB,3763543
CUST0371,INV000215,17079.35,2026-04-20,2026-05-20,2026-06-04,Paid,0,23,7,11,0,6,26,1,1,SMB,4435724
CUST0103,INV000216,46020.27,2026-02-17,2026-03-19,,Overdue,168,15,5,10,0,6,15,1,1,SMB,493945
CUST1002,INV000217,25541.44,2026-03-03,2026-04-02,,Overdue,154,29,3,27,0,1,77,0,0,Mid-Market,2033044
CUST1149,INV000218,11577.86,2026-01-06,2026-03-07,,Overdue,180,24,11,12,0,3,86,0,0,Enterprise,533455
CUST1337,INV000219,28610.2,2025-10-17,2025-12-01,2025-12-08,Paid,0,12,3,4,1,1,85,0,1,SMB,586644
CUST0976,INV000220,15822.52,2026-03-08,2026-05-07,2026-05-09,Paid,0,21,5,0,0,7,11,0,1,SMB,3369151
CUST0798,INV000221,53129.44,2025-09-25,2025-11-09,,Overdue,298,17,4,21,1,3,58,0,0,Mid-Market,4631025
CUST1482,INV000222,30731.96,2025-05-31,2025-06-15,,Overdue,445,3,0,11,0,4,66,0,0,SMB,749895
CUST1254,INV000223,16070.2,2025-09-12,2025-10-12,,Overdue,326,7,1,15,1,5,75,0,0,SMB,54138
CUST0658,INV000224,27764.65,2025-12-19,2026-02-17,,Overdue,198,2,0,20,1,7,41,1,0,SMB,4858163
CUST0882,INV000225,82047.04,2026-01-12,2026-02-11,2026-02-13,Paid,0,2,1,4,0,6,15,0,1,Mid-Market,3660954
CUST1221,INV000226,12461.14,2025-12-24,2026-02-22,,Overdue,193,25,5,4,1,5,77,0,0,Enterprise,3143510
CUST1909,INV000227,32947.05,2026-01-05,2026-02-04,,Overdue,211,6,2,13,0,2,79,0,0,SMB,267314
CUST0733,INV000228,20527.89,2025-08-15,2025-09-14,,Overdue,354,4,0,35,0,0,56,0,0,Mid-Market,4725112
CUST0423,INV000229,33758.37,2025-10-30,2025-11-29,2025-11-30,Paid,0,16,2,5,0,0,51,0,1,SMB,2875494
CUST0572,INV000230,11446.45,2026-01-24,2026-02-23,2026-02-27,Paid,0,15,2,7,0,7,50,0,1,Mid-Market,3820183
CUST1634,INV000231,24595.91,2026-01-12,2026-02-11,,Overdue,204,10,4,20,0,0,19,1,0,Mid-Market,468829
CUST0171,INV000232,66690.87,2025-04-28,2025-05-28,2025-06-14,Paid,0,14,2,18,1,4,44,0,1,Mid-Market,358449
CUST1406,INV000233,8629.94,2025-01-05,2025-02-04,2025-02-08,Paid,0,9,1,7,0,4,75,0,1,SMB,120463
CUST0173,INV000234,5828.97,2026-03-20,2026-04-19,,Overdue,137,15,0,0,2,1,76,0,0,Mid-Market,583634
CUST0663,INV000235,6054.42,2025-12-18,2026-01-02,2026-01-04,Paid,0,7,1,9,0,2,87,0,1,Mid-Market,4611307
CUST0453,INV000236,6831.76,2026-06-17,2026-08-01,,Overdue,33,7,4,30,0,6,1,1,1,SMB,857744
CUST0350,INV000237,39947.58,2025-05-04,2025-06-03,2025-06-14,Paid,0,8,4,8,0,2,39,0,1,Mid-Market,2643659
CUST1926,INV000238,5399.92,2025-10-04,2025-11-03,2025-11-18,Paid,0,19,3,20,1,1,23,0,1,SMB,434370
CUST1976,INV000239,16351.99,2026-01-29,2026-02-28,2026-03-05,Paid,0,18,1,1,1,2,89,0,1,Enterprise,3347154
CUST1658,INV000240,40875.63,2025-12-26,2026-02-24,2026-03-13,Paid,0,17,5,20,1,7,44,0,1,SMB,3395026
CUST0494,INV000241,33411.62,2026-04-14,2026-05-14,,Overdue,112,18,4,21,1,2,21,1,0,SMB,2383679
CUST0620,INV000242,14979.55,2025-02-26,2025-04-27,,Overdue,494,19,7,12,0,1,28,0,1,Mid-Market,1864188
CUST1028,INV000243,26660.11,2025-09-08,2025-10-08,2025-10-25,Paid,0,21,4,24,0,6,11,0,1,Mid-Market,4461887
CUST1117,INV000244,24517.57,2025-05-30,2025-06-29,,Overdue,431,8,2,11,2,5,24,1,0,SMB,4517890
CUST0919,INV000245,17601.85,2026-03-28,2026-04-27,,Overdue,129,13,1,32,0,7,12,1,0,Mid-Market,331854
CUST0006,INV000246,17839.41,2025-06-11,2025-07-11,,Overdue,419,27,10,11,2,6,60,0,0,SMB,1017561
CUST0288,INV000247,205957.98,2025-04-30,2025-05-30,,Overdue,461,11,1,9,1,4,67,0,0,Mid-Market,902746
CUST1642,INV000248,49479.36,2026-08-05,2026-09-19,2026-09-28,Paid,0,29,6,15,0,0,33,1,1,Mid-Market,1277222
CUST1170,INV000249,263195.11,2025-12-17,2026-01-16,,Overdue,230,19,5,0,0,5,77,0,0,SMB,4894747
CUST1807,INV000250,13400.36,2025-04-09,2025-05-24,2025-06-07,Paid,0,7,1,14,1,5,66,0,1,Mid-Market,2476277
CUST1448,INV000251,20232.26,2025-06-16,2025-07-31,,Overdue,399,27,3,4,0,1,42,0,0,Mid-Market,1756517
CUST1914,INV000252,5813.13,2026-05-29,2026-07-13,2026-08-04,Paid,0,27,3,22,2,1,44,0,1,SMB,3516689
CUST0608,INV000253,9802.9,2026-02-05,2026-03-07,2026-03-22,Paid,0,5,3,21,0,0,57,0,1,SMB,987635
CUST0457,INV000254,147548.64,2025-12-31,2026-03-01,2026-03-02,Paid,0,5,1,4,0,0,16,0,1,SMB,67297
CUST1765,INV000255,13068.57,2026-07-31,2026-08-30,2026-09-10,Paid,0,8,1,8,3,3,84,0,1,SMB,345599
CUST1226,INV000256,150133.67,2025-11-22,2025-12-22,,Overdue,255,10,5,22,1,3,87,0,0,Mid-Market,2411216
CUST1236,INV000257,6352.72,2026-08-04,2026-09-18,,Overdue,0,5,2,31,0,3,62,0,1,SMB,2229441
CUST1030,INV000258,7681.2,2025-09-04,2025-10-04,,Overdue,334,26,8,12,0,4,10,0,0,Mid-Market,2126198
CUST0624,INV000259,15658.49,2026-03-10,2026-04-24,2026-05-15,Paid,0,15,4,20,0,7,63,0,1,SMB,209292
CUST0376,INV000260,20666.1,2025-04-03,2025-05-03,,Overdue,488,23,7,20,1,1,23,0,0,SMB,3395647
CUST1915,INV000261,55441.7,2025-09-25,2025-10-10,,Overdue,328,16,2,20,0,3,81,0,0,SMB,2126775
CUST0447,INV000262,34571.0,2025-11-17,2025-12-17,2025-12-17,Paid,0,29,8,0,0,4,50,0,1,Enterprise,1751243
CUST0835,INV000263,14525.84,2025-03-03,2025-04-02,,Overdue,519,28,4,3,1,0,72,0,0,SMB,3365258
CUST1130,INV000264,19277.31,2025-10-27,2025-11-26,,Overdue,281,10,1,27,0,3,4,1,0,SMB,3712340
CUST1675,INV000265,16009.49,2026-02-07,2026-03-09,2026-03-19,Paid,0,24,4,4,0,1,72,0,1,Mid-Market,875782
CUST0811,INV000266,8825.02,2026-07-21,2026-09-04,,Overdue,0,8,3,10,1,5,23,0,1,Enterprise,1548339
CUST1425,INV000267,9063.74,2025-10-30,2025-12-14,,Overdue,263,19,7,32,1,2,34,0,0,Enterprise,92056
CUST1120,INV000268,61567.16,2025-09-10,2025-10-25,2025-10-25,Paid,0,4,1,7,2,4,54,0,1,SMB,3080855
CUST1412,INV000269,5000.0,2026-04-23,2026-06-07,,Overdue,88,14,3,13,0,5,14,0,0,SMB,4961408
CUST0959,INV000270,111008.13,2026-01-04,2026-02-03,,Overdue,212,29,7,16,0,7,85,0,0,SMB,3754697
CUST1476,INV000271,15630.91,2025-06-09,2025-08-08,,Overdue,391,8,3,24,0,4,4,1,0,Mid-Market,2417322
CUST0849,INV000272,10172.99,2025-06-15,2025-07-15,,Overdue,415,21,6,18,0,0,82,1,0,Mid-Market,648506
CUST0809,INV000273,46154.94,2025-07-24,2025-08-23,2025-08-24,Paid,0,14,4,7,1,0,46,1,1,SMB,4226426
CUST0979,INV000274,97267.15,2025-09-24,2025-11-08,2025-11-15,Paid,0,12,2,12,2,0,37,0,1,SMB,3682632
CUST1925,INV000275,67348.27,2025-05-18,2025-06-17,2025-07-02,Paid,0,1,0,10,2,5,65,0,1,Mid-Market,128116
CUST0416,INV000276,36382.82,2026-01-03,2026-02-17,,Overdue,198,23,2,21,0,3,62,0,0,SMB,734029
CUST0726,INV000277,65307.59,2026-03-19,2026-04-18,,Overdue,138,19,5,12,0,7,67,0,1,Mid-Market,3474083
CUST1528,INV000278,5000.0,2026-07-21,2026-08-20,,Overdue,14,18,6,14,1,6,59,0,1,SMB,234514
CUST0454,INV000279,13071.24,2025-01-17,2025-02-16,2025-02-26,Paid,0,12,2,7,1,0,80,1,1,Enterprise,798736
CUST1315,INV000280,8855.82,2025-03-09,2025-04-08,,Overdue,513,10,1,32,1,2,55,0,0,SMB,3380922
CUST1558,INV000281,74954.66,2025-05-13,2025-07-12,,Overdue,418,21,9,4,1,4,36,1,0,SMB,3321557
CUST1217,INV000282,15010.75,2026-03-06,2026-05-05,2026-06-19,Paid,0,1,1,33,1,7,23,0,1,SMB,1872744
CUST0150,INV000283,51297.98,2025-11-04,2025-12-04,2025-12-16,Paid,0,14,3,10,1,7,32,0,1,SMB,4638645
CUST1904,INV000284,37641.29,2025-06-23,2025-07-23,,Overdue,407,9,1,21,1,7,78,0,0,SMB,4450852
CUST0759,INV000285,9299.29,2026-02-16,2026-03-18,2026-03-30,Paid,0,26,5,13,0,6,48,0,1,Enterprise,2426219
CUST0779,INV000286,12247.07,2025-04-07,2025-05-22,2025-06-01,Paid,0,15,3,0,1,7,39,0,1,Mid-Market,787954
CUST0973,INV000287,80323.51,2025-06-03,2025-07-03,,Overdue,427,21,7,7,0,5,11,0,0,Mid-Market,3894886
CUST0763,INV000288,10142.78,2025-08-30,2025-10-29,,Overdue,309,22,4,23,1,4,61,1,0,SMB,214074
CUST1002,INV000289,24955.95,2025-10-31,2025-12-15,2025-12-15,Paid,0,23,7,2,0,7,3,0,1,Mid-Market,2033044
CUST1539,INV000290,10071.44,2025-10-12,2025-12-11,,Overdue,266,14,6,0,0,0,15,0,0,SMB,2564399
CUST1417,INV000291,16091.52,2025-01-27,2025-02-26,2025-02-26,Paid,0,9,2,0,1,7,8,0,1,SMB,2998632
CUST1340,INV000292,21032.79,2026-02-06,2026-03-23,,Overdue,164,11,0,12,1,6,84,0,1,SMB,2823737
CUST0076,INV000293,10068.16,2025-12-26,2026-01-25,,Overdue,221,5,2,2,1,1,45,0,0,Mid-Market,2240421
CUST0599,INV000294,8430.01,2025-03-01,2025-04-15,,Overdue,506,12,4,13,1,4,50,1,0,SMB,2813398
CUST1294,INV000295,29327.28,2025-07-21,2025-09-04,,Overdue,364,16,2,18,2,6,66,1,0,Mid-Market,2045141
CUST0225,INV000296,9464.12,2026-08-04,2026-09-03,2026-09-14,Paid,0,20,5,18,2,3,33,0,1,SMB,1810462
CUST1554,INV000297,9792.21,2026-01-05,2026-02-04,,Overdue,211,28,9,16,1,1,49,0,0,Enterprise,4918923
CUST0113,INV000298,8612.3,2026-06-17,2026-08-16,,Overdue,18,3,0,32,1,1,17,1,1,Enterprise,172775
CUST0251,INV000299,20375.57,2025-06-01,2025-07-31,2025-08-31,Paid,0,5,0,28,1,2,41,1,1,SMB,991768
CUST1257,INV000300,56596.46,2025-04-12,2025-05-27,2025-05-29,Paid,0,26,5,2,0,5,19,0,1,SMB,3914044
CUST0841,INV000301,99362.36,2026-03-22,2026-04-06,,Overdue,150,26,13,18,1,0,76,0,0,SMB,3030346
CUST1815,INV000302,10658.17,2025-08-17,2025-09-16,,Overdue,352,29,5,18,1,3,11,0,0,SMB,789574
CUST0714,INV000303,189152.87,2025-05-05,2025-07-04,,Overdue,426,19,4,1,0,1,60,0,0,SMB,335622
CUST1107,INV000304,8065.05,2025-08-24,2025-09-08,2025-09-14,Paid,0,5,0,7,2,7,21,0,1,SMB,4272102
CUST0125,INV000305,65091.45,2025-06-11,2025-07-11,2025-07-11,Paid,0,24,11,0,0,1,44,1,1,SMB,1576534
CUST1199,INV000306,10703.26,2026-07-08,2026-08-07,,Overdue,27,18,3,6,0,0,23,0,0,Mid-Market,827567
CUST1093,INV000307,9219.51,2025-12-19,2026-01-18,,Overdue,228,29,9,18,0,3,79,0,0,Mid-Market,4720432
CUST1071,INV000308,10459.27,2025-03-09,2025-04-08,,Overdue,513,4,0,23,1,0,86,0,0,SMB,4917951
CUST0884,INV000309,20901.0,2025-06-22,2025-07-22,,Overdue,408,24,8,34,3,5,13,0,0,SMB,1206618
CUST1280,INV000310,39339.02,2026-07-13,2026-08-12,,Overdue,22,15,5,20,0,6,46,1,1,SMB,903329
CUST1751,INV000311,43039.26,2025-09-18,2025-11-02,,Overdue,305,5,0,16,2,7,53,0,0,Mid-Market,4137138
CUST0030,INV000312,8569.93,2025-08-05,2025-10-04,,Overdue,334,8,1,30,1,3,57,0,0,SMB,3785444
CUST0281,INV000313,8187.31,2025-05-04,2025-05-19,,Overdue,472,16,3,28,1,0,55,1,0,Enterprise,2464165
CUST0924,INV000314,8807.52,2025-06-11,2025-07-11,2025-07-17,Paid,0,22,5,6,0,0,11,1,1,Mid-Market,1535255
CUST1261,INV000315,19705.35,2025-07-20,2025-08-19,2025-08-22,Paid,0,1,1,11,1,6,81,0,1,SMB,1947951
CUST1272,INV000316,17851.53,2026-03-30,2026-05-14,2026-06-09,Paid,0,5,0,19,1,0,15,0,1,Enterprise,2200205
CUST0368,INV000317,8517.04,2026-02-06,2026-03-23,,Overdue,164,26,7,0,3,2,40,0,1,Enterprise,4952444
CUST0495,INV000318,28842.45,2026-04-07,2026-05-22,,Overdue,104,18,3,16,1,0,15,0,0,SMB,485477
CUST1049,INV000319,211624.51,2025-10-02,2025-12-01,2025-12-13,Paid,0,16,3,16,0,5,13,1,1,Enterprise,3579921
CUST1610,INV000320,13296.88,2025-07-25,2025-08-24,,Overdue,375,23,1,19,1,5,29,0,0,Mid-Market,3790030
CUST0718,INV000321,14278.19,2025-02-09,2025-03-11,2025-04-03,Paid,0,10,2,21,0,6,37,1,1,Enterprise,1446436
CUST1514,INV000322,38548.08,2025-09-30,2025-10-30,2025-11-04,Paid,0,4,0,9,0,5,67,1,1,SMB,345866
CUST1017,INV000323,12596.62,2025-04-03,2025-05-18,2025-05-31,Paid,0,18,4,16,1,6,59,0,1,SMB,258859
CUST1518,INV000324,43000.39,2025-02-11,2025-03-13,2025-03-19,Paid,0,17,2,8,1,1,48,0,1,Enterprise,3485088
CUST1338,INV000325,10737.07,2026-04-10,2026-06-09,2026-07-01,Paid,0,21,7,22,0,2,58,1,1,Mid-Market,702416
CUST0606,INV000326,137601.84,2026-01-14,2026-02-28,2026-03-18,Paid,0,27,9,14,0,7,42,0,1,SMB,2581528
CUST0375,INV000327,31094.15,2025-04-17,2025-06-01,,Overdue,459,26,9,22,1,6,10,0,0,SMB,3398924
CUST0639,INV000328,11848.74,2025-11-24,2025-12-09,2025-12-09,Paid,0,13,7,0,1,5,16,1,1,SMB,801518
CUST1961,INV000329,12225.86,2025-03-06,2025-04-05,2025-04-05,Paid,0,8,4,0,2,0,49,0,1,SMB,594026
CUST1049,INV000330,13176.63,2025-12-31,2026-02-14,,Overdue,201,8,1,15,1,3,82,0,0,Enterprise,3579921
CUST1358,INV000331,86920.54,2026-04-29,2026-05-29,2026-05-29,Paid,0,12,2,0,0,4,54,0,1,SMB,2213349
CUST1379,INV000332,6193.46,2025-01-24,2025-02-08,,Overdue,572,29,7,22,0,7,62,0,0,SMB,644557
CUST0116,INV000333,11294.36,2026-06-24,2026-08-23,,Overdue,11,26,6,22,2,7,66,0,1,Enterprise,464600
CUST0048,INV000334,12560.84,2025-03-03,2025-05-02,,Overdue,489,18,8,17,0,2,89,0,0,Mid-Market,3548408
CUST1762,INV000335,21683.61,2026-05-06,2026-06-05,,Overdue,90,6,1,9,1,6,89,0,1,Mid-Market,2792455
CUST1802,INV000336,16795.9,2025-09-30,2025-11-14,2025-11-19,Paid,0,7,2,9,0,7,43,0,1,Mid-Market,2979735
CUST0099,INV000337,5000.0,2025-08-17,2025-09-01,,Overdue,367,26,7,21,2,5,47,0,0,SMB,3277544
CUST1483,INV000338,14767.4,2025-01-20,2025-02-19,2025-03-10,Paid,0,17,7,18,0,3,19,1,1,Mid-Market,295144
CUST1547,INV000339,19939.33,2025-01-03,2025-02-02,2025-02-11,Paid,0,5,2,3,1,5,17,0,1,Mid-Market,1914071
CUST1621,INV000340,11753.45,2026-02-25,2026-04-11,,Overdue,145,22,4,16,1,7,86,0,0,SMB,1000922
CUST0405,INV000341,43773.13,2025-11-03,2025-11-18,2025-12-17,Paid,0,23,4,27,0,5,82,1,1,SMB,906626
CUST1238,INV000342,55238.11,2026-03-08,2026-04-07,,Overdue,149,27,9,18,1,2,26,0,0,SMB,3798529
CUST0685,INV000343,20365.82,2025-05-16,2025-06-15,,Overdue,445,25,9,8,1,7,79,0,0,Enterprise,887393
CUST0903,INV000344,27737.53,2026-05-30,2026-07-29,2026-08-07,Paid,0,19,7,10,0,3,61,0,1,SMB,2947706
CUST0503,INV000345,5000.0,2025-07-12,2025-08-26,2025-09-11,Paid,0,8,3,8,1,5,29,0,1,SMB,2878630
CUST1745,INV000346,14456.47,2026-08-08,2026-09-07,,Overdue,0,26,5,8,2,1,62,0,1,SMB,184445
CUST1472,INV000347,60163.53,2026-02-19,2026-03-06,,Overdue,181,19,5,0,2,3,71,1,0,Mid-Market,400067
CUST0894,INV000348,14422.77,2025-04-28,2025-05-28,,Overdue,463,27,10,13,2,1,82,0,0,SMB,1399590
CUST1600,INV000349,10537.95,2025-07-28,2025-08-27,2025-08-27,Paid,0,25,4,0,0,6,75,1,1,Enterprise,1605811
CUST0258,INV000350,214848.61,2025-02-03,2025-03-20,2025-04-09,Paid,0,8,2,20,3,6,8,0,1,Mid-Market,1439330
CUST0844,INV000351,135818.84,2025-11-14,2025-12-14,2025-12-30,Paid,0,25,5,9,0,7,52,0,1,Enterprise,2104410
CUST0121,INV000352,35156.86,2025-04-30,2025-06-29,,Overdue,431,21,6,25,1,3,61,0,0,Mid-Market,1498763
CUST0810,INV000353,68796.67,2026-06-09,2026-07-09,2026-07-09,Paid,0,27,7,2,0,5,40,1,1,SMB,3906756
CUST0978,INV000354,5000.0,2026-08-04,2026-09-03,2026-09-13,Paid,0,25,6,11,1,2,25,0,1,SMB,241387
CUST0054,INV000355,10021.1,2025-03-30,2025-04-29,,Overdue,492,29,6,13,0,4,78,0,0,Enterprise,4128584
CUST1019,INV000356,13767.17,2026-05-27,2026-06-26,2026-06-28,Paid,0,19,3,0,0,2,10,0,1,Enterprise,95475
CUST1355,INV000357,17396.42,2025-02-16,2025-04-17,2025-05-05,Paid,0,7,3,17,0,5,80,0,1,SMB,705496
CUST0784,INV000358,13494.75,2026-06-06,2026-07-21,2026-07-21,Paid,0,3,3,1,0,1,52,0,1,SMB,1111404
CUST0241,INV000359,5000.0,2025-10-11,2025-11-10,,Overdue,297,6,0,16,1,3,29,0,0,Enterprise,4383848
CUST1779,INV000360,32403.59,2026-01-12,2026-02-11,2026-03-18,Paid,0,8,0,27,3,6,58,1,1,SMB,755356
CUST1554,INV000361,37935.94,2025-05-14,2025-06-13,,Overdue,447,18,6,18,1,7,51,1,0,Enterprise,4918923
CUST0483,INV000362,109305.15,2025-09-05,2025-10-05,2025-10-10,Paid,0,15,3,8,2,5,70,0,1,SMB,3935180
CUST1013,INV000363,10013.51,2025-11-14,2025-12-29,,Overdue,248,24,4,24,0,3,8,0,0,Enterprise,1997238
CUST0187,INV000364,9226.52,2026-03-12,2026-04-26,,Overdue,130,17,4,35,0,7,22,0,0,Mid-Market,4679375
CUST1882,INV000365,5000.0,2025-06-25,2025-07-25,2025-08-04,Paid,0,4,1,14,0,7,44,0,1,Enterprise,1358014
CUST0656,INV000366,16422.92,2026-08-09,2026-09-08,2026-09-12,Paid,0,7,1,5,1,3,37,0,1,SMB,612621
CUST0262,INV000367,54236.63,2025-12-17,2026-01-16,,Overdue,230,17,9,13,0,4,63,0,1,Enterprise,3620599
CUST0953,INV000368,11946.96,2025-05-23,2025-07-22,2025-07-22,Paid,0,22,5,0,1,5,87,0,1,SMB,1211068
CUST1388,INV000369,187858.6,2026-02-02,2026-03-04,,Overdue,183,26,5,23,0,2,3,0,0,SMB,3981814
CUST0491,INV000370,17041.47,2026-01-04,2026-02-03,,Overdue,212,6,1,15,0,7,45,0,0,SMB,3529027
CUST0431,INV000371,25514.25,2026-05-16,2026-06-15,2026-06-15,Paid,0,13,4,7,0,6,35,0,1,SMB,1829685
CUST0239,INV000372,5635.81,2026-01-05,2026-02-04,2026-02-24,Paid,0,7,3,17,1,2,38,1,1,Mid-Market,2942371
CUST0304,INV000373,29355.06,2026-08-02,2026-09-01,2026-09-08,Paid,0,9,2,7,2,6,66,0,1,Mid-Market,2284805
CUST0298,INV000374,5000.0,2026-01-17,2026-03-03,,Overdue,184,23,3,10,0,5,84,0,0,SMB,362023
CUST0076,INV000375,44077.2,2025-03-27,2025-05-26,,Overdue,465,19,3,12,0,3,82,0,0,Mid-Market,2240421
CUST1724,INV000376,45452.73,2026-04-05,2026-05-05,,Overdue,121,20,2,30,0,6,41,0,1,SMB,411309
CUST1357,INV000377,85758.58,2025-11-21,2025-12-21,2025-12-21,Paid,0,13,4,1,1,3,78,0,1,Enterprise,3255228
CUST1924,INV000378,7942.88,2026-06-06,2026-07-21,,Overdue,44,15,5,20,0,3,16,0,0,SMB,2091381
CUST0999,INV000379,25862.83,2026-05-04,2026-06-18,,Overdue,77,17,4,5,1,2,50,0,0,Enterprise,187686
CUST1782,INV000380,38708.58,2026-02-01,2026-02-16,,Overdue,199,5,3,30,0,4,36,0,0,Enterprise,3309819
CUST0642,INV000381,34278.78,2025-12-21,2026-02-19,2026-02-27,Paid,0,23,7,3,1,5,47,0,1,SMB,3264215
CUST1498,INV000382,9271.5,2025-10-15,2025-11-29,2025-12-02,Paid,0,19,4,3,2,3,61,0,1,SMB,2093321
CUST0827,INV000383,5000.0,2026-04-04,2026-05-04,,Overdue,122,6,0,20,1,3,82,0,1,SMB,3307945
CUST1947,INV000384,31162.17,2026-06-20,2026-07-20,2026-07-30,Paid,0,12,3,12,0,4,71,1,1,SMB,3899091
CUST0283,INV000385,18911.02,2025-10-18,2025-12-02,,Overdue,275,15,4,20,0,5,11,0,0,SMB,3675654
CUST0591,INV000386,12498.07,2025-06-17,2025-08-01,,Overdue,398,15,4,24,0,6,15,1,0,SMB,1840008
CUST0072,INV000387,47284.86,2026-03-04,2026-03-19,,Overdue,168,3,1,14,1,5,46,0,0,SMB,1621951
CUST1287,INV000388,21058.94,2026-05-05,2026-06-04,,Overdue,91,4,0,22,1,6,76,1,1,SMB,4189394
CUST0703,INV000389,5888.78,2025-12-21,2026-01-20,,Overdue,226,5,0,0,0,6,63,0,0,SMB,1010652
CUST1903,INV000390,5000.0,2025-07-15,2025-08-29,,Overdue,370,6,2,16,2,4,89,0,0,Mid-Market,2649327
CUST1911,INV000391,7122.66,2026-06-29,2026-07-29,,Overdue,36,6,2,10,0,3,66,0,0,SMB,3516032
CUST1966,INV000392,241110.91,2025-01-11,2025-02-10,2025-03-04,Paid,0,17,7,27,0,5,11,0,1,Mid-Market,1440254
CUST0575,INV000393,45377.73,2026-08-05,2026-09-19,2026-09-19,Paid,0,28,11,0,0,1,33,0,1,Enterprise,685719
CUST1000,INV000394,26598.56,2025-09-13,2025-10-13,,Overdue,325,8,1,5,0,6,12,0,0,SMB,2117636
CUST0892,INV000395,18367.52,2026-01-31,2026-03-17,2026-03-17,Paid,0,19,4,0,1,4,4,0,1,Enterprise,4582669
CUST0012,INV000396,17199.01,2026-02-13,2026-03-15,,Overdue,172,20,7,14,0,4,51,0,0,Enterprise,2459029
CUST0141,INV000397,70770.39,2025-12-28,2026-01-27,,Overdue,219,24,9,15,0,2,84,1,0,Enterprise,4168893
CUST1790,INV000398,13485.96,2025-09-16,2025-10-16,2025-11-01,Paid,0,21,1,12,0,0,3,1,1,Mid-Market,3764755
CUST1579,INV000399,39219.15,2025-01-03,2025-03-04,,Overdue,548,22,5,20,1,3,61,0,0,Mid-Market,1899916
CUST0017,INV000400,15546.21,2025-03-25,2025-05-09,,Overdue,482,13,1,23,1,0,43,1,0,SMB,2450081
CUST1087,INV000401,153300.7,2025-06-05,2025-06-20,,Overdue,440,29,9,16,1,0,2,0,0,Mid-Market,742924
CUST0253,INV000402,46271.82,2025-06-25,2025-08-24,2025-08-24,Paid,0,15,5,0,1,3,72,1,1,Enterprise,1126941
CUST0465,INV000403,76539.09,2026-04-17,2026-06-01,,Overdue,94,17,5,6,0,2,89,1,1,Enterprise,1383572
CUST0376,INV000404,12278.32,2026-02-28,2026-03-30,,Overdue,157,24,5,19,1,4,47,0,0,SMB,3395647
CUST1828,INV000405,63458.16,2025-05-14,2025-05-29,,Overdue,462,21,5,15,0,2,88,0,1,Enterprise,1082499
CUST0981,INV000406,16113.66,2026-01-15,2026-02-14,2026-02-21,Paid,0,17,3,6,1,2,19,0,1,SMB,2834067
CUST0520,INV000407,24588.52,2025-10-04,2025-11-03,2025-11-24,Paid,0,23,5,22,1,6,1,0,1,SMB,2698202
CUST1861,INV000408,112989.22,2025-08-24,2025-09-23,,Overdue,345,2,2,18,0,3,66,1,0,Mid-Market,1328673
CUST0090,INV000409,7763.78,2025-01-13,2025-02-12,,Overdue,568,28,3,22,1,1,12,0,1,SMB,915139
CUST0720,INV000410,26990.7,2025-12-08,2026-01-07,,Overdue,239,22,5,16,1,6,43,0,0,Mid-Market,2245690
CUST0804,INV000411,34132.5,2025-02-04,2025-03-06,2025-03-07,Paid,0,3,1,5,0,5,55,0,1,Mid-Market,1692425
CUST0796,INV000412,37049.29,2026-07-13,2026-07-28,,Overdue,37,22,5,27,2,5,41,1,0,Enterprise,2261549
CUST0630,INV000413,14033.68,2025-08-02,2025-09-01,,Overdue,367,9,4,19,1,5,63,0,0,SMB,1242097
CUST1885,INV000414,177418.05,2026-02-16,2026-03-18,,Overdue,169,6,1,17,2,6,62,0,0,SMB,2871839
CUST1199,INV000415,6033.41,2026-02-09,2026-03-11,,Overdue,176,1,1,21,0,7,57,0,0,Mid-Market,827567
CUST0076,INV000416,94739.41,2026-05-09,2026-07-08,,Overdue,57,22,7,9,1,4,20,1,0,Mid-Market,2240421
CUST1637,INV000417,74240.54,2025-06-08,2025-07-08,2025-07-27,Paid,0,19,1,18,0,5,14,1,1,SMB,4165345
CUST0926,INV000418,147397.57,2025-04-20,2025-05-05,2025-05-17,Paid,0,4,1,11,1,5,37,0,1,SMB,1856684
CUST1687,INV000419,5000.0,2026-07-03,2026-07-18,,Overdue,47,13,2,5,1,4,72,0,1,Enterprise,761943
CUST0400,INV000420,9238.81,2026-06-10,2026-07-10,,Overdue,55,20,5,0,0,7,63,1,1,Mid-Market,4068280
CUST1806,INV000421,97923.62,2025-12-13,2026-01-27,2026-01-27,Paid,0,25,6,0,0,3,5,0,1,Mid-Market,3461134
CUST0970,INV000422,5000.0,2025-10-06,2025-11-05,,Overdue,302,8,4,16,0,5,43,0,0,SMB,678889
CUST1095,INV000423,5000.0,2026-04-24,2026-05-24,2026-05-26,Paid,0,23,4,5,1,1,84,0,1,SMB,3861666
CUST1204,INV000424,13516.85,2025-04-21,2025-05-21,,Overdue,470,5,0,7,0,1,71,0,0,SMB,330833
CUST1148,INV000425,26688.65,2026-03-07,2026-04-06,2026-04-06,Paid,0,10,1,4,1,7,51,0,1,Mid-Market,1618146
CUST1405,INV000426,108252.86,2026-06-26,2026-07-26,2026-07-31,Paid,0,27,8,0,0,6,69,0,1,Mid-Market,776448
CUST1317,INV000427,18301.42,2025-04-25,2025-05-25,,Overdue,466,20,8,23,1,5,41,0,0,Mid-Market,4205479
CUST0797,INV000428,11989.19,2025-03-31,2025-04-30,,Overdue,491,29,6,32,0,0,87,1,0,Enterprise,2395704
CUST0195,INV000429,30073.21,2025-07-31,2025-09-14,2025-09-21,Paid,0,19,2,0,1,0,62,0,1,SMB,3852177
CUST1935,INV000430,35228.0,2026-07-04,2026-08-03,2026-08-17,Paid,0,12,1,16,2,5,23,0,1,Mid-Market,2278531
CUST0228,INV000431,34243.08,2026-08-18,2026-09-17,2026-09-20,Paid,0,1,0,0,0,2,87,1,1,SMB,4108848
CUST1455,INV000432,18435.14,2026-06-23,2026-07-23,,Overdue,42,9,2,20,0,5,17,1,1,SMB,730667
CUST1966,INV000433,5000.0,2025-12-26,2026-02-24,,Overdue,191,24,5,26,2,4,41,0,0,Mid-Market,1440254
CUST1460,INV000434,8798.92,2026-05-01,2026-05-16,2026-06-01,Paid,0,16,6,20,2,4,19,0,1,Mid-Market,4687203
CUST1811,INV000435,91150.85,2026-01-07,2026-02-06,,Overdue,209,17,2,3,1,4,29,0,0,Mid-Market,3687967
CUST0461,INV000436,26557.54,2025-08-03,2025-09-02,2025-09-05,Paid,0,18,7,5,2,2,4,0,1,SMB,4812606
CUST0618,INV000437,15954.21,2025-01-15,2025-02-14,,Overdue,566,14,3,8,1,5,69,1,0,SMB,1347991
CUST1045,INV000438,67384.38,2025-09-16,2025-10-16,,Overdue,322,17,6,19,1,7,74,0,0,Enterprise,834192
CUST0064,INV000439,7114.45,2026-04-08,2026-06-07,2026-06-20,Paid,0,1,1,10,2,5,14,1,1,SMB,3502501
CUST0165,INV000440,17582.37,2025-04-30,2025-05-30,,Overdue,461,25,11,19,1,6,37,0,0,SMB,1077557
CUST0027,INV000441,25279.74,2025-05-08,2025-07-07,2025-07-16,Paid,0,21,7,12,1,1,42,1,1,SMB,165359
CUST1335,INV000442,14166.32,2026-06-07,2026-07-07,2026-07-16,Paid,0,15,2,11,1,1,56,0,1,Enterprise,3867042
CUST1012,INV000443,24361.59,2025-11-21,2026-01-05,2026-01-13,Paid,0,19,2,13,0,7,4,0,1,Enterprise,1862105
CUST0285,INV000444,18257.04,2025-11-16,2025-12-16,2025-12-25,Paid,0,2,1,12,0,7,6,0,1,Mid-Market,1173389
CUST1684,INV000445,5435.23,2026-05-21,2026-06-20,2026-06-22,Paid,0,28,10,0,1,7,11,1,1,Mid-Market,3181603
CUST0281,INV000446,26409.47,2026-06-10,2026-08-09,2026-08-13,Paid,0,24,4,2,1,4,87,0,1,Enterprise,2464165
CUST0838,INV000447,5835.11,2025-02-19,2025-03-06,,Overdue,546,24,9,28,0,5,20,0,0,SMB,2600982
CUST0831,INV000448,25993.85,2026-08-07,2026-10-06,,Overdue,0,14,4,17,1,1,82,1,1,SMB,2484003
CUST1188,INV000449,87041.11,2025-03-10,2025-04-09,2025-05-06,Paid,0,22,3,30,0,4,14,0,1,SMB,4306146
CUST1922,INV000450,16630.22,2026-01-26,2026-03-27,2026-03-27,Paid,0,2,0,3,1,7,1,0,1,SMB,3196779
CUST0918,INV000451,6826.16,2026-01-18,2026-02-17,2026-03-04,Paid,0,27,3,12,1,1,63,1,1,Enterprise,742137
CUST0224,INV000452,19399.69,2025-01-16,2025-03-02,2025-03-03,Paid,0,15,2,10,1,5,87,0,1,SMB,4011676
CUST0784,INV000453,9585.71,2026-03-15,2026-03-30,2026-04-05,Paid,0,1,0,2,0,5,14,0,1,SMB,1111404
CUST1170,INV000454,39915.06,2026-07-22,2026-08-21,2026-08-28,Paid,0,22,4,0,0,6,71,0,1,SMB,4894747
CUST0965,INV000455,18996.52,2025-05-12,2025-06-26,,Overdue,434,1,0,2,2,7,49,1,0,SMB,4660146
CUST0950,INV000456,121754.65,2026-07-14,2026-08-28,2026-09-24,Paid,0,12,4,22,2,3,6,1,1,Mid-Market,756673
CUST1892,INV000457,70473.33,2025-09-05,2025-10-05,,Overdue,333,22,8,7,0,6,48,0,0,SMB,3905288
CUST1054,INV000458,18900.04,2025-09-30,2025-10-30,,Overdue,308,15,4,9,0,6,61,1,0,Mid-Market,4656976
CUST0045,INV000459,45053.64,2025-12-15,2026-01-14,,Overdue,232,26,7,12,3,0,23,0,0,SMB,500930
CUST1811,INV000460,14864.98,2026-04-29,2026-05-29,,Overdue,97,18,7,14,2,3,40,0,1,Mid-Market,3687967
CUST0471,INV000461,22787.26,2026-07-04,2026-08-03,2026-08-14,Paid,0,15,3,9,1,0,77,1,1,SMB,878791
CUST0034,INV000462,15345.32,2025-12-23,2026-02-06,2026-02-15,Paid,0,7,1,8,0,7,57,0,1,Enterprise,1562760
CUST0653,INV000463,47403.72,2025-11-14,2025-12-14,2025-12-28,Paid,0,12,5,16,1,1,22,0,1,Mid-Market,1522542
CUST1451,INV000464,92317.43,2025-02-17,2025-03-19,,Overdue,533,10,1,28,0,6,18,0,0,SMB,405054
CUST0830,INV000465,48954.58,2025-01-10,2025-03-11,,Overdue,541,2,0,6,2,3,33,1,0,SMB,4746671
CUST1910,INV000466,55377.94,2025-08-21,2025-09-05,2025-09-05,Paid,0,2,0,0,1,4,75,0,1,SMB,2685122
CUST0221,INV000467,55438.71,2025-02-05,2025-03-07,,Overdue,545,6,1,6,0,7,7,0,0,Mid-Market,1938806
CUST1892,INV000468,38225.42,2026-02-17,2026-04-03,,Overdue,153,20,6,11,0,3,40,1,0,SMB,3905288
CUST0534,INV000469,7049.51,2026-04-07,2026-05-22,2026-05-22,Paid,0,6,0,0,1,7,65,1,1,Mid-Market,3025605
CUST0692,INV000470,120688.91,2025-01-04,2025-02-18,2025-02-24,Paid,0,28,7,13,0,1,39,0,1,SMB,2926280
CUST1972,INV000471,133841.4,2025-02-13,2025-03-30,,Overdue,522,24,8,18,0,1,62,0,0,Mid-Market,174591
CUST1391,INV000472,17433.0,2026-07-22,2026-08-06,2026-08-06,Paid,0,27,8,2,0,0,49,0,1,SMB,147406
CUST0932,INV000473,15203.82,2026-07-08,2026-08-07,,Overdue,27,10,3,9,2,3,89,1,0,Mid-Market,4634946
CUST0841,INV000474,40636.08,2025-09-12,2025-10-27,,Overdue,311,3,0,19,0,1,34,0,0,SMB,3030346
CUST1767,INV000475,38208.48,2025-04-24,2025-05-09,2025-05-17,Paid,0,16,3,12,1,3,59,1,1,Mid-Market,647904
CUST1011,INV000476,17998.68,2026-02-01,2026-02-16,2026-03-01,Paid,0,5,0,14,3,2,79,1,1,SMB,2077320
CUST1939,INV000477,6310.53,2025-06-23,2025-08-07,,Overdue,392,5,1,11,0,1,29,1,0,SMB,3423307
CUST1574,INV000478,29902.61,2025-09-12,2025-10-27,2025-11-04,Paid,0,10,3,13,1,7,25,0,1,Enterprise,3271131
CUST0582,INV000479,38232.32,2026-04-11,2026-05-11,,Overdue,115,25,7,28,1,0,60,1,0,Enterprise,2632814
CUST1140,INV000480,45516.09,2025-10-04,2025-12-03,,Overdue,274,23,8,18,1,6,70,0,0,Mid-Market,1874964
CUST0239,INV000481,31234.94,2026-04-09,2026-05-24,2026-05-24,Paid,0,13,1,0,1,6,27,0,1,Mid-Market,2942371
CUST1359,INV000482,16795.81,2026-05-17,2026-07-16,,Overdue,49,25,6,14,0,6,68,0,0,SMB,543992
CUST0441,INV000483,59516.09,2026-03-17,2026-05-16,,Overdue,110,24,6,30,1,0,68,0,0,SMB,769407
CUST0148,INV000484,23525.69,2025-03-10,2025-04-09,,Overdue,512,3,1,12,1,4,43,0,0,Mid-Market,3252209
CUST1033,INV000485,13836.66,2026-05-24,2026-07-08,2026-07-08,Paid,0,18,1,0,0,1,37,0,1,SMB,2700324
CUST1312,INV000486,18386.03,2025-11-22,2026-01-06,,Overdue,240,19,3,2,1,7,50,0,0,Enterprise,1187411
CUST0388,INV000487,5000.0,2025-03-08,2025-04-22,2025-05-10,Paid,0,6,3,11,1,5,28,0,1,SMB,4458285
CUST1074,INV000488,18356.85,2025-10-31,2025-12-15,2025-12-17,Paid,0,27,7,4,0,7,36,0,1,SMB,387369
CUST1874,INV000489,43845.9,2026-04-29,2026-05-29,2026-06-25,Paid,0,28,6,28,0,5,85,0,1,Mid-Market,1980440
CUST1541,INV000490,30939.32,2026-07-02,2026-08-01,,Overdue,33,26,9,1,1,5,67,0,0,Mid-Market,3845830
CUST0916,INV000491,100776.87,2026-02-21,2026-03-23,,Overdue,164,20,2,12,0,4,60,1,0,SMB,189227
CUST1879,INV000492,16933.09,2025-06-08,2025-07-23,2025-07-30,Paid,0,27,10,12,2,5,17,0,1,SMB,1676528
CUST0638,INV000493,35857.68,2025-05-29,2025-07-13,,Overdue,417,1,0,27,1,0,62,1,0,SMB,1633214
CUST1611,INV000494,48666.21,2025-01-27,2025-02-26,2025-03-09,Paid,0,10,3,11,0,1,89,0,1,Enterprise,2548578
CUST1701,INV000495,229316.18,2026-08-07,2026-09-06,2026-10-01,Paid,0,10,3,23,1,2,47,0,1,Enterprise,691593
CUST0278,INV000496,25457.5,2025-09-05,2025-10-20,,Overdue,318,29,8,9,2,3,49,0,0,Mid-Market,3062359
CUST1978,INV000497,7752.83,2025-04-11,2025-05-11,2025-05-25,Paid,0,25,2,11,1,5,88,0,1,SMB,1258468
CUST1860,INV000498,51427.52,2025-04-06,2025-04-21,2025-04-28,Paid,0,22,6,8,0,1,23,0,1,Mid-Market,2879045
CUST0989,INV000499,142304.92,2026-01-19,2026-02-18,2026-02-18,Paid,0,1,0,0,0,4,76,0,1,SMB,736268
CUST1324,INV000500,15953.78,2025-10-09,2025-12-08,,Overdue,269,19,3,22,0,1,88,0,1,SMB,903605
CUST1826,INV000501,51076.59,2025-11-18,2026-01-02,2026-01-17,Paid,0,11,2,19,0,0,81,0,1,Mid-Market,4162732
CUST0589,INV000502,75261.81,2026-01-31,2026-03-02,,Overdue,185,27,7,12,0,0,69,0,0,SMB,2487245
CUST1834,INV000503,60904.69,2025-10-05,2025-10-20,2025-10-27,Paid,0,13,3,7,1,5,74,0,1,Mid-Market,4527310
CUST0649,INV000504,24973.2,2026-06-13,2026-07-13,,Overdue,52,17,2,0,1,0,61,0,0,Mid-Market,2049284
CUST0618,INV000505,10954.73,2025-09-20,2025-11-04,,Overdue,303,28,6,7,1,3,79,0,0,SMB,1347991
CUST1631,INV000506,20306.99,2026-08-03,2026-09-17,,Overdue,0,25,3,12,0,1,78,0,1,Mid-Market,1035257
CUST0135,INV000507,34842.75,2025-10-20,2025-11-19,,Overdue,288,20,6,15,0,0,39,1,0,Enterprise,1818967
CUST0580,INV000508,54623.67,2025-10-21,2025-11-20,,Overdue,287,18,5,17,0,7,80,1,0,SMB,3614462
CUST1171,INV000509,30759.22,2026-01-30,2026-03-31,2026-04-08,Paid,0,4,1,3,0,0,23,0,1,Mid-Market,2645834
CUST0490,INV000510,15064.44,2026-05-28,2026-06-27,,Overdue,68,15,6,3,1,2,49,1,0,Enterprise,900350
CUST0478,INV000511,38383.37,2025-06-29,2025-07-29,,Overdue,401,2,0,11,1,6,64,0,0,Mid-Market,3083349
CUST1183,INV000512,52056.51,2025-08-23,2025-10-07,,Overdue,331,6,3,9,2,0,23,0,0,Mid-Market,1129525
CUST0384,INV000513,32196.4,2025-12-03,2026-02-01,,Overdue,214,22,6,19,0,4,16,1,0,Enterprise,1251838
CUST0163,INV000514,9545.38,2025-01-08,2025-02-22,,Overdue,558,27,6,0,2,0,33,0,0,Mid-Market,3293484
CUST0441,INV000515,18372.2,2026-03-19,2026-04-18,,Overdue,138,23,6,18,0,4,51,1,0,SMB,769407
CUST1877,INV000516,56830.06,2026-06-23,2026-07-23,,Overdue,42,9,1,13,1,5,50,0,1,Mid-Market,1570180
CUST1213,INV000517,5524.69,2025-04-01,2025-04-16,,Overdue,505,11,3,6,1,3,80,1,0,SMB,3583716
CUST0415,INV000518,5000.0,2025-09-29,2025-10-29,,Overdue,309,25,11,15,4,5,66,0,0,Mid-Market,4468909
CUST1363,INV000519,99516.91,2025-01-05,2025-02-04,2025-02-26,Paid,0,20,4,18,0,3,30,1,1,Mid-Market,1377042
CUST1631,INV000520,36732.43,2026-08-17,2026-09-16,,Overdue,0,16,3,0,1,1,35,0,0,Mid-Market,1035257
CUST1205,INV000521,40405.86,2025-08-07,2025-10-06,,Overdue,332,25,6,31,1,2,59,0,0,SMB,3749100
CUST0288,INV000522,7503.94,2025-04-28,2025-05-28,2025-06-11,Paid,0,8,2,12,1,1,27,0,1,Mid-Market,902746
CUST1858,INV000523,46052.07,2026-08-16,2026-09-15,,Overdue,0,28,8,17,3,7,36,0,1,SMB,132806
CUST0187,INV000524,29005.73,2026-08-05,2026-09-04,2026-09-21,Paid,0,17,2,16,0,0,30,0,1,Mid-Market,4679375
CUST1908,INV000525,5000.0,2025-04-25,2025-05-25,,Overdue,466,23,5,14,2,7,54,0,0,SMB,2999311
CUST1162,INV000526,91517.31,2025-09-20,2025-10-20,,Overdue,318,23,6,7,2,7,36,0,0,SMB,145556
CUST0130,INV000527,25814.29,2025-11-02,2026-01-01,,Overdue,245,26,7,13,1,6,61,0,0,Mid-Market,421616
CUST0194,INV000528,14822.71,2026-02-26,2026-03-28,2026-04-09,Paid,0,4,1,12,0,3,33,0,1,Mid-Market,3807985
CUST0316,INV000529,15093.36,2025-07-26,2025-09-09,2025-09-18,Paid,0,7,1,15,0,4,65,1,1,Mid-Market,4797395
CUST1809,INV000530,5000.0,2025-10-30,2025-11-29,2025-12-31,Paid,0,11,3,27,0,1,2,1,1,SMB,2329042
CUST1888,INV000531,39868.29,2025-04-22,2025-05-22,,Overdue,469,27,5,9,1,7,12,0,0,SMB,3426910
CUST0144,INV000532,28619.89,2026-02-21,2026-03-23,,Overdue,164,11,2,3,1,6,79,0,1,SMB,1466207
CUST0016,INV000533,18140.82,2026-07-09,2026-08-08,2026-08-23,Paid,0,11,2,12,1,7,71,0,1,SMB,708003
CUST1326,INV000534,79101.35,2025-10-12,2025-12-11,2025-12-11,Paid,0,26,8,5,0,3,3,0,1,SMB,1365823
CUST0423,INV000535,5520.04,2025-07-04,2025-09-02,2025-09-02,Paid,0,26,4,1,1,4,7,0,1,SMB,2875494
CUST0245,INV000536,12127.46,2025-08-09,2025-09-08,2025-09-08,Paid,0,21,3,5,0,4,45,0,1,SMB,4000511
CUST0927,INV000537,9414.36,2026-03-20,2026-04-04,,Overdue,152,21,7,0,1,0,7,0,0,SMB,1859858
CUST1131,INV000538,16667.32,2025-04-27,2025-05-27,,Overdue,464,15,3,0,0,1,60,0,0,Mid-Market,1240456
CUST1112,INV000539,23563.87,2025-03-11,2025-05-10,,Overdue,481,5,3,27,1,7,16,0,0,SMB,2537111
CUST0129,INV000540,33860.81,2025-03-11,2025-03-26,,Overdue,526,6,3,23,1,5,61,0,0,SMB,4772727
CUST0907,INV000541,15568.84,2026-03-03,2026-04-17,2026-05-09,Paid,0,23,7,12,0,4,59,0,1,Mid-Market,3083449
CUST0887,INV000542,9160.39,2026-07-22,2026-08-21,2026-08-21,Paid,0,5,2,1,1,3,28,0,1,Mid-Market,862283
CUST0341,INV000543,118896.3,2026-03-19,2026-04-18,2026-04-18,Paid,0,9,3,0,2,1,67,0,1,SMB,3422455
CUST0004,INV000544,245644.39,2025-05-17,2025-06-16,,Overdue,444,28,5,9,2,0,36,1,0,Mid-Market,69675
CUST1351,INV000545,25419.88,2026-05-19,2026-06-18,,Overdue,77,11,3,18,1,0,48,0,1,Enterprise,2082816
CUST1434,INV000546,10334.26,2025-05-11,2025-06-10,2025-06-24,Paid,0,25,8,11,0,3,24,0,1,Mid-Market,1910971
CUST1903,INV000547,96322.2,2025-08-06,2025-08-21,2025-09-04,Paid,0,23,7,21,1,5,62,0,1,Mid-Market,2649327
CUST0306,INV000548,5183.54,2025-06-20,2025-07-05,,Overdue,425,26,9,8,0,4,22,0,0,Enterprise,1949054
CUST0908,INV000549,15759.94,2026-04-20,2026-05-05,,Overdue,121,3,2,9,1,0,70,0,1,SMB,1499991
CUST0607,INV000550,10980.57,2025-05-09,2025-06-08,2025-06-30,Paid,0,20,4,17,1,0,73,1,1,SMB,2158542
CUST1745,INV000551,6908.2,2025-02-26,2025-03-28,,Overdue,524,4,1,0,2,4,76,1,0,SMB,184445
CUST1249,INV000552,16646.84,2025-06-30,2025-07-30,,Overdue,400,23,6,14,0,4,15,0,0,Enterprise,3449752
CUST1995,INV000553,9281.96,2025-09-03,2025-10-03,,Overdue,335,15,6,14,3,4,70,1,0,Mid-Market,1455802
CUST1372,INV000554,22306.97,2025-05-24,2025-06-23,2025-06-28,Paid,0,18,3,10,0,7,46,0,1,SMB,4753855
CUST0992,INV000555,22633.29,2025-02-20,2025-03-22,,Overdue,530,27,8,25,0,2,57,1,0,Mid-Market,2063148
CUST0321,INV000556,11833.25,2026-01-03,2026-02-02,2026-02-16,Paid,0,5,1,19,0,2,15,0,1,Mid-Market,320914
CUST0559,INV000557,15206.63,2026-04-04,2026-05-19,2026-05-22,Paid,0,11,2,0,0,4,76,0,1,Mid-Market,3339791
CUST1205,INV000558,17485.92,2025-08-06,2025-09-05,2025-09-12,Paid,0,11,0,8,1,4,14,0,1,SMB,3749100
CUST0618,INV000559,49505.85,2026-07-21,2026-09-19,,Overdue,0,4,3,5,1,3,66,1,1,SMB,1347991
CUST0711,INV000560,18988.15,2025-09-14,2025-09-29,2025-10-04,Paid,0,16,5,11,0,7,82,0,1,Mid-Market,2126475
CUST1410,INV000561,50246.78,2025-06-05,2025-08-04,,Overdue,395,26,7,2,1,0,62,0,0,Enterprise,4364380
CUST1642,INV000562,39569.46,2026-07-19,2026-09-02,2026-09-02,Paid,0,11,2,1,1,1,27,1,1,Mid-Market,1277222
CUST1816,INV000563,39008.34,2026-03-18,2026-05-02,2026-05-06,Paid,0,25,7,10,1,5,44,0,1,Enterprise,4121495
CUST1796,INV000564,88242.68,2025-01-25,2025-03-26,,Overdue,526,1,1,13,1,2,81,0,0,SMB,4803292
CUST1132,INV000565,7191.17,2026-06-20,2026-07-20,2026-07-20,Paid,0,26,4,4,1,7,44,0,1,SMB,4479723
CUST0531,INV000566,13722.84,2025-03-01,2025-03-31,2025-03-31,Paid,0,13,7,3,1,6,25,0,1,Mid-Market,4324692
CUST0410,INV000567,128450.49,2026-04-12,2026-05-12,2026-05-19,Paid,0,19,4,0,0,6,43,0,1,SMB,520529
CUST1995,INV000568,17029.18,2026-03-10,2026-04-09,,Overdue,147,6,4,15,2,5,70,0,1,Mid-Market,1455802
CUST1320,INV000569,5000.0,2025-03-07,2025-04-06,2025-04-23,Paid,0,27,7,8,0,2,62,0,1,SMB,347986
CUST0818,INV000570,17980.29,2026-07-19,2026-08-18,2026-08-22,Paid,0,20,4,6,0,4,62,0,1,SMB,4192535
CUST1195,INV000571,25208.58,2025-04-16,2025-05-01,2025-05-15,Paid,0,19,4,20,1,6,25,1,1,SMB,787090
CUST1355,INV000572,5000.0,2025-04-06,2025-05-06,2025-05-14,Paid,0,6,1,0,1,6,16,0,1,SMB,705496
CUST0493,INV000573,83611.44,2026-07-05,2026-08-04,2026-08-24,Paid,0,13,3,17,0,4,8,0,1,SMB,217647
CUST1219,INV000574,10789.06,2025-06-17,2025-07-17,,Overdue,413,11,3,26,1,4,28,0,0,Mid-Market,3691644
CUST0012,INV000575,30594.12,2025-02-11,2025-04-12,2025-04-14,Paid,0,19,1,0,3,6,71,0,1,Enterprise,2459029
CUST0195,INV000576,17571.23,2025-04-14,2025-05-14,2025-05-14,Paid,0,7,4,0,0,1,58,0,1,SMB,3852177
CUST0490,INV000577,6073.25,2025-07-23,2025-08-22,,Overdue,377,12,4,0,0,2,30,0,0,Enterprise,900350
CUST0795,INV000578,7551.43,2026-06-04,2026-07-04,,Overdue,61,16,7,0,2,5,3,0,1,SMB,2742794
CUST0881,INV000579,8646.56,2025-10-09,2025-11-23,,Overdue,284,1,0,22,0,1,45,0,0,SMB,3158591
CUST0182,INV000580,65229.81,2025-02-12,2025-02-27,,Overdue,553,25,6,9,1,0,59,1,0,SMB,1274744
CUST0962,INV000581,19005.08,2025-04-20,2025-06-19,,Overdue,441,15,2,32,0,1,69,0,0,Mid-Market,4634074
CUST1841,INV000582,13070.78,2025-07-29,2025-08-28,,Overdue,371,13,3,8,2,3,56,0,0,SMB,1280796
CUST0656,INV000583,8650.66,2025-02-18,2025-03-20,2025-03-28,Paid,0,10,3,9,0,2,4,0,1,SMB,612621
CUST1922,INV000584,72849.45,2025-04-25,2025-06-24,,Overdue,436,18,6,25,2,1,25,0,0,SMB,3196779
CUST1340,INV000585,95244.38,2025-06-04,2025-08-03,,Overdue,396,4,1,0,2,5,73,0,0,SMB,2823737
CUST0694,INV000586,72023.22,2026-05-18,2026-06-17,,Overdue,78,22,5,13,3,2,47,0,0,SMB,1466842
CUST0030,INV000587,36041.9,2025-03-12,2025-03-27,,Overdue,525,6,2,17,0,4,41,0,0,SMB,3785444
CUST1620,INV000588,29431.77,2026-06-03,2026-07-18,,Overdue,47,27,7,23,2,7,5,0,0,Mid-Market,1972967
CUST1702,INV000589,6529.35,2025-12-02,2026-01-01,,Overdue,245,8,0,21,1,1,39,0,0,SMB,3701361
CUST1820,INV000590,17226.1,2025-03-08,2025-04-07,,Overdue,514,24,6,15,0,7,70,0,0,SMB,3680623
CUST1817,INV000591,11115.99,2026-05-08,2026-06-07,,Overdue,88,20,7,25,1,2,72,0,0,SMB,375437
CUST1120,INV000592,5000.0,2025-08-01,2025-08-31,,Overdue,368,22,7,26,1,1,27,0,0,SMB,3080855
CUST1405,INV000593,63388.86,2025-06-30,2025-08-14,,Overdue,385,9,2,18,1,1,24,0,0,Mid-Market,776448
CUST0778,INV000594,10983.73,2026-08-22,2026-09-21,,Overdue,0,23,9,2,1,1,51,1,0,Mid-Market,1761952
CUST0444,INV000595,72834.27,2025-09-05,2025-11-04,2025-11-13,Paid,0,29,9,14,1,3,27,0,1,SMB,3965770
CUST0298,INV000596,53196.42,2025-08-02,2025-09-01,,Overdue,367,8,3,20,0,3,40,0,0,SMB,362023
CUST0808,INV000597,38434.78,2025-12-25,2026-01-09,2026-01-15,Paid,0,24,6,9,0,1,15,0,1,Enterprise,1497947
CUST1761,INV000598,40655.28,2025-09-06,2025-10-06,2025-11-03,Paid,0,18,5,19,0,6,46,0,1,SMB,2923524
CUST0845,INV000599,11904.67,2026-05-31,2026-07-15,,Overdue,50,7,1,11,1,1,72,1,1,SMB,2527748
CUST1016,INV000600,141188.36,2025-03-29,2025-05-28,2025-06-09,Paid,0,19,5,6,2,2,31,0,1,Enterprise,3611262
CUST1385,INV000601,22997.15,2025-06-25,2025-08-09,2025-08-14,Paid,0,23,6,13,1,4,72,0,1,Mid-Market,4159545
CUST1398,INV000602,29790.11,2026-03-02,2026-04-01,2026-04-02,Paid,0,18,3,0,1,0,39,1,1,SMB,4848793
CUST0554,INV000603,11509.45,2025-03-22,2025-05-21,,Overdue,470,1,1,15,2,4,88,0,0,Mid-Market,4172186
CUST0303,INV000604,8680.5,2025-05-18,2025-07-17,2025-07-17,Paid,0,11,2,5,0,2,38,1,1,Mid-Market,2370715
CUST0421,INV000605,35500.29,2026-03-09,2026-04-08,2026-04-20,Paid,0,9,1,18,0,3,2,0,1,Mid-Market,3358505
CUST1270,INV000606,27378.51,2026-04-15,2026-05-15,2026-05-15,Paid,0,10,2,1,1,2,32,1,1,SMB,4101889
CUST1744,INV000607,10003.07,2025-12-16,2026-01-15,,Overdue,231,10,3,31,1,2,48,0,0,SMB,3951403
CUST1261,INV000608,5226.9,2025-05-06,2025-06-05,,Overdue,455,1,0,2,4,0,55,0,0,SMB,1947951
CUST1558,INV000609,6186.2,2025-11-05,2026-01-04,,Overdue,242,27,5,21,1,5,71,0,0,SMB,3321557
CUST0185,INV000610,72848.24,2025-08-18,2025-09-02,,Overdue,366,17,3,11,0,6,87,0,0,SMB,2181018
CUST0468,INV000611,11929.22,2026-04-05,2026-05-05,,Overdue,121,27,6,17,1,4,46,1,0,Enterprise,4751669
CUST0754,INV000612,15694.91,2025-12-11,2026-01-10,,Overdue,236,12,2,19,4,6,32,1,0,SMB,3160691
CUST0363,INV000613,93933.3,2025-11-06,2025-12-06,,Overdue,271,12,3,10,0,3,45,0,0,SMB,2458630
CUST1307,INV000614,7171.35,2025-01-20,2025-03-06,,Overdue,546,19,1,10,1,2,49,1,0,Mid-Market,3418270
CUST1577,INV000615,10646.7,2026-07-15,2026-08-14,,Overdue,20,17,2,10,0,0,12,0,1,SMB,2484138
CUST0336,INV000616,10211.13,2026-06-25,2026-07-25,,Overdue,40,7,2,0,0,2,38,0,1,SMB,4904042
CUST0162,INV000617,111086.95,2026-07-14,2026-09-12,2026-09-26,Paid,0,23,5,20,1,6,2,0,1,Mid-Market,3928363
CUST1184,INV000618,161681.48,2026-04-22,2026-06-06,,Overdue,89,11,2,12,2,2,71,0,0,Enterprise,1835818
CUST1498,INV000619,46702.98,2025-09-26,2025-10-26,2025-11-08,Paid,0,24,2,9,0,4,40,1,1,SMB,2093321
CUST1625,INV000620,48213.04,2025-01-03,2025-02-02,,Overdue,578,2,0,11,1,4,62,1,0,SMB,1167374
CUST1346,INV000621,12328.2,2025-01-16,2025-02-15,2025-02-26,Paid,0,16,6,8,0,6,8,1,1,SMB,1899395
CUST0012,INV000622,154404.1,2025-12-24,2026-02-07,2026-02-07,Paid,0,23,5,0,1,0,19,0,1,Enterprise,2459029
CUST1448,INV000623,28787.49,2025-05-13,2025-06-27,,Overdue,433,9,5,8,1,2,62,1,0,Mid-Market,1756517
CUST1097,INV000624,51694.69,2025-11-08,2025-12-08,,Overdue,269,27,6,12,0,2,54,0,0,SMB,1083668
CUST0588,INV000625,19820.56,2026-04-27,2026-06-11,2026-06-25,Paid,0,10,2,4,1,2,37,0,1,SMB,4886917
CUST1882,INV000626,16847.67,2026-06-28,2026-07-13,,Overdue,52,21,7,13,0,6,73,0,0,Enterprise,1358014
CUST0201,INV000627,116196.99,2025-11-01,2025-11-16,2025-12-11,Paid,0,10,6,20,1,1,15,1,1,Mid-Market,1203224
CUST0522,INV000628,37787.12,2025-09-26,2025-10-26,2025-10-28,Paid,0,3,0,6,2,1,25,0,1,SMB,4939084
CUST1888,INV000629,94030.59,2026-02-18,2026-03-20,2026-04-02,Paid,0,25,4,0,0,7,64,0,1,SMB,3426910
CUST0505,INV000630,28433.64,2025-01-25,2025-02-09,2025-02-19,Paid,0,17,4,12,1,2,12,0,1,Mid-Market,3129042
CUST1762,INV000631,9429.83,2025-11-12,2025-12-27,2026-01-05,Paid,0,28,7,16,0,6,67,0,1,Mid-Market,2792455
CUST1712,INV000632,12291.42,2026-07-25,2026-08-24,,Overdue,10,14,6,29,0,4,75,0,1,SMB,1856210
CUST0788,INV000633,24415.3,2025-10-03,2025-11-17,2025-11-18,Paid,0,19,4,7,0,6,88,0,1,SMB,2585232
CUST1063,INV000634,11772.24,2026-01-24,2026-03-10,2026-03-22,Paid,0,18,2,12,0,0,9,1,1,Mid-Market,4834808
CUST0060,INV000635,7277.47,2026-03-20,2026-05-04,,Overdue,122,18,5,24,1,7,21,0,0,SMB,3687820
CUST0578,INV000636,73234.14,2026-03-03,2026-04-02,2026-04-06,Paid,0,14,1,3,2,5,32,1,1,Enterprise,4574474
CUST0321,INV000637,12773.52,2025-02-26,2025-03-28,2025-04-14,Paid,0,3,1,18,0,5,6,1,1,Mid-Market,320914
CUST1459,INV000638,25290.72,2026-07-20,2026-08-19,2026-09-01,Paid,0,10,2,17,3,4,84,1,1,SMB,4072261
CUST1660,INV000639,29617.88,2026-01-03,2026-02-02,2026-02-28,Paid,0,23,4,18,2,6,16,1,1,SMB,970759
CUST1700,INV000640,12232.44,2025-12-08,2026-01-22,,Overdue,224,13,6,6,1,0,51,1,0,Mid-Market,919446
CUST1432,INV000641,93976.45,2025-10-31,2025-11-30,2025-12-01,Paid,0,22,5,3,1,3,86,0,1,Mid-Market,1387768
CUST0923,INV000642,7207.36,2026-01-09,2026-02-08,,Overdue,207,12,5,9,2,5,43,1,0,Enterprise,4395398
CUST1410,INV000643,28613.25,2025-04-22,2025-05-22,,Overdue,469,9,2,12,1,2,87,1,0,Enterprise,4364380
CUST1695,INV000644,28172.95,2025-01-06,2025-03-07,2025-03-07,Paid,0,26,9,0,0,6,33,0,1,SMB,4856546
CUST0569,INV000645,20863.27,2025-10-06,2025-10-21,,Overdue,317,29,7,17,1,2,7,0,0,Enterprise,3726158
CUST1102,INV000646,6021.47,2026-01-17,2026-02-16,,Overdue,199,27,12,20,1,1,12,1,0,Enterprise,1917306
CUST1218,INV000647,52618.21,2025-01-13,2025-02-27,,Overdue,553,10,3,0,1,6,19,0,1,Mid-Market,2341136
CUST1309,INV000648,46328.41,2025-10-30,2025-11-29,,Overdue,278,19,3,21,0,7,47,0,1,SMB,394126
CUST0527,INV000649,11208.54,2026-07-10,2026-07-25,2026-07-25,Paid,0,16,0,0,1,3,64,1,1,SMB,652276
CUST0524,INV000650,44689.2,2025-06-09,2025-07-09,,Overdue,421,29,11,5,1,5,78,0,0,Mid-Market,1592247
CUST0613,INV000651,32045.36,2025-06-03,2025-07-03,,Overdue,427,21,6,12,3,5,25,0,0,Mid-Market,2896230
CUST1180,INV000652,6120.43,2025-06-30,2025-07-30,2025-08-05,Paid,0,25,4,13,0,1,71,1,1,Mid-Market,572154
CUST1364,INV000653,9377.52,2026-06-10,2026-07-10,,Overdue,55,3,1,26,0,4,59,1,1,Mid-Market,1998061
CUST0125,INV000654,68753.4,2025-06-29,2025-08-28,2025-09-22,Paid,0,12,2,18,2,5,20,1,1,SMB,1576534
CUST0871,INV000655,30013.91,2026-01-12,2026-02-26,,Overdue,189,8,3,15,0,1,53,1,0,SMB,2714749
CUST0280,INV000656,12527.69,2025-06-17,2025-08-16,2025-08-17,Paid,0,25,7,5,1,0,37,0,1,Mid-Market,1466828
CUST0917,INV000657,9334.98,2025-08-02,2025-09-01,2025-09-13,Paid,0,27,4,7,0,2,38,1,1,SMB,1823055
CUST1930,INV000658,13155.64,2025-05-30,2025-06-14,,Overdue,446,15,1,2,1,4,21,0,0,SMB,569385
CUST0622,INV000659,14122.44,2025-01-16,2025-03-17,,Overdue,535,11,3,7,0,3,64,0,0,SMB,268401
CUST0846,INV000660,9452.52,2025-04-01,2025-04-16,,Overdue,505,23,9,29,0,7,84,0,0,SMB,784275
CUST1893,INV000661,5000.0,2025-04-30,2025-06-14,2025-06-21,Paid,0,13,3,11,1,2,47,0,1,Mid-Market,2165226
CUST1682,INV000662,68872.57,2025-09-10,2025-09-25,2025-10-05,Paid,0,6,2,14,0,4,49,0,1,Enterprise,997272
CUST1752,INV000663,58141.42,2025-03-01,2025-04-15,2025-04-24,Paid,0,13,3,8,0,6,82,0,1,SMB,921535
CUST1934,INV000664,6165.62,2025-09-23,2025-11-22,2025-11-26,Paid,0,11,2,3,0,3,50,0,1,Mid-Market,2373724
CUST0674,INV000665,25243.18,2026-02-13,2026-03-15,2026-03-21,Paid,0,6,2,13,0,0,2,0,1,Mid-Market,2634182
CUST1152,INV000666,8935.27,2025-01-31,2025-03-02,2025-03-12,Paid,0,6,1,13,1,0,74,1,1,Mid-Market,2236268
CUST0314,INV000667,16956.95,2025-01-21,2025-02-20,,Overdue,560,5,0,24,1,3,49,0,0,Enterprise,1974914
CUST0332,INV000668,15603.23,2026-08-16,2026-09-15,2026-09-21,Paid,0,7,1,7,2,5,60,0,1,Mid-Market,2304736
CUST1174,INV000669,14359.48,2025-10-16,2025-11-15,,Overdue,292,23,6,8,0,2,9,0,0,SMB,2703528
CUST1478,INV000670,163235.15,2026-06-27,2026-08-11,2026-08-15,Paid,0,23,5,4,0,7,22,0,1,Mid-Market,3788858
CUST0036,INV000671,14181.23,2026-05-13,2026-06-12,2026-06-28,Paid,0,19,4,14,0,7,23,1,1,Mid-Market,3607689
CUST1709,INV000672,9815.68,2026-04-19,2026-05-19,,Overdue,107,11,3,23,1,0,54,1,0,Mid-Market,4159070
CUST1444,INV000673,10274.48,2026-02-09,2026-03-11,,Overdue,176,6,2,22,0,4,52,1,0,SMB,1543551
CUST1046,INV000674,62553.47,2026-07-02,2026-08-01,,Overdue,33,25,5,29,0,2,42,0,1,Mid-Market,4680232
CUST0206,INV000675,5000.0,2025-05-12,2025-06-11,2025-06-11,Paid,0,9,2,0,2,3,50,0,1,SMB,3941839
CUST0639,INV000676,10274.06,2025-11-20,2026-01-04,,Overdue,242,20,6,15,3,7,69,0,0,SMB,801518
CUST0848,INV000677,93603.48,2025-05-12,2025-07-11,2025-08-01,Paid,0,25,9,16,2,0,51,0,1,Enterprise,1084186
CUST1981,INV000678,28112.97,2026-06-05,2026-07-05,2026-07-16,Paid,0,18,4,0,0,7,81,0,1,SMB,1033667
CUST1380,INV000679,26686.74,2025-01-30,2025-03-01,2025-03-17,Paid,0,8,1,22,0,0,8,1,1,Mid-Market,1040121
CUST0440,INV000680,185748.05,2025-10-28,2025-12-12,2025-12-12,Paid,0,18,3,0,1,1,39,0,1,SMB,4259738
CUST0729,INV000681,28179.44,2025-01-04,2025-02-03,2025-02-08,Paid,0,5,0,10,0,1,23,0,1,SMB,2300229
CUST1120,INV000682,10848.84,2025-11-21,2025-12-06,,Overdue,271,6,1,0,1,2,77,0,0,SMB,3080855
CUST1953,INV000683,16612.7,2026-05-24,2026-06-23,,Overdue,72,2,0,42,1,2,57,0,0,Mid-Market,4874574
CUST0941,INV000684,7076.73,2025-08-25,2025-09-24,2025-09-30,Paid,0,25,6,11,0,3,42,0,1,SMB,4612530
CUST0164,INV000685,77337.72,2026-06-19,2026-07-19,,Overdue,46,22,6,21,0,3,18,0,0,Mid-Market,3074243
CUST0148,INV000686,39126.75,2025-01-16,2025-03-17,,Overdue,535,24,3,12,2,3,50,0,0,Mid-Market,3252209
CUST1554,INV000687,67806.55,2026-06-18,2026-07-18,2026-07-21,Paid,0,4,1,5,1,7,80,1,1,Enterprise,4918923
CUST0294,INV000688,74086.15,2026-08-07,2026-10-06,,Overdue,0,19,3,23,0,1,61,0,0,SMB,1570943
CUST0195,INV000689,14556.45,2026-03-22,2026-04-21,2026-04-27,Paid,0,4,0,12,0,0,46,0,1,SMB,3852177
CUST0663,INV000690,8563.35,2026-05-18,2026-07-02,2026-07-05,Paid,0,16,5,0,1,0,38,0,1,Mid-Market,4611307
CUST0480,INV000691,20916.36,2025-08-18,2025-09-17,2025-10-03,Paid,0,1,0,6,0,3,43,0,1,Mid-Market,2530252
CUST1901,INV000692,9202.58,2025-04-17,2025-05-02,2025-05-03,Paid,0,16,3,2,0,1,50,0,1,Mid-Market,2138618
CUST0123,INV000693,25976.74,2026-01-24,2026-03-10,2026-03-18,Paid,0,1,0,11,1,3,73,0,1,SMB,1306715
CUST1424,INV000694,68329.5,2025-09-20,2025-11-19,,Overdue,288,24,7,9,0,4,38,1,0,SMB,3431915
CUST0699,INV000695,18617.56,2026-07-17,2026-08-16,2026-08-18,Paid,0,17,1,10,1,2,6,0,1,SMB,2331608
CUST0965,INV000696,25590.98,2025-03-06,2025-04-20,2025-05-04,Paid,0,5,0,17,1,1,5,0,1,SMB,4660146
CUST1476,INV000697,20053.41,2025-09-22,2025-10-22,,Overdue,316,26,7,39,1,0,74,0,0,Mid-Market,2417322
CUST0661,INV000698,49154.69,2025-12-04,2026-01-18,,Overdue,228,16,7,13,0,4,87,1,0,SMB,3863233
CUST1128,INV000699,11296.15,2025-10-28,2025-12-12,,Overdue,265,25,13,4,0,2,70,0,0,SMB,903392
CUST1779,INV000700,5000.0,2026-01-13,2026-01-28,,Overdue,218,3,3,35,0,2,13,0,0,SMB,755356
CUST1486,INV000701,35272.85,2025-06-24,2025-07-24,,Overdue,406,10,2,27,3,6,9,1,0,SMB,1294360
CUST1767,INV000702,59150.15,2025-06-01,2025-07-01,2025-07-21,Paid,0,18,3,18,0,2,38,1,1,Mid-Market,647904
CUST1742,INV000703,34419.35,2026-04-21,2026-06-20,2026-07-03,Paid,0,21,3,13,0,1,32,0,1,Mid-Market,4030053
CUST0710,INV000704,11611.71,2025-09-23,2025-10-23,,Overdue,315,28,6,16,2,7,16,0,1,Mid-Market,4044528
CUST0396,INV000705,7079.71,2025-11-25,2025-12-25,2025-12-25,Paid,0,18,3,0,1,1,81,0,1,Enterprise,3351106
CUST0912,INV000706,36116.23,2025-06-12,2025-06-27,,Overdue,433,26,7,0,0,1,32,0,0,SMB,2765223
CUST1361,INV000707,25373.97,2026-03-14,2026-04-28,,Overdue,128,17,4,21,3,0,4,0,1,Enterprise,4479899
CUST1005,INV000708,19422.89,2025-12-09,2026-01-08,2026-02-05,Paid,0,11,2,26,1,0,55,1,1,Mid-Market,99976
CUST1623,INV000709,136279.52,2026-01-02,2026-02-16,,Overdue,199,9,3,0,3,0,12,0,0,Mid-Market,515590
CUST1166,INV000710,8545.84,2026-04-10,2026-06-09,2026-06-09,Paid,0,11,2,3,1,4,51,1,1,Mid-Market,702755
CUST0317,INV000711,129967.15,2025-07-18,2025-08-17,2025-08-24,Paid,0,26,6,5,0,4,28,1,1,SMB,2820742
CUST1735,INV000712,22737.8,2026-05-15,2026-06-14,,Overdue,81,27,7,3,2,5,6,0,0,SMB,1896357
CUST1582,INV000713,5000.0,2025-01-16,2025-03-17,2025-04-03,Paid,0,9,1,15,2,6,4,0,1,SMB,3699886
CUST1824,INV000714,18412.73,2025-10-23,2025-11-22,2025-12-11,Paid,0,17,6,19,0,3,8,0,1,Mid-Market,669696
CUST1551,INV000715,57497.46,2026-05-26,2026-07-10,,Overdue,55,20,9,2,1,5,29,0,0,Enterprise,1250532
CUST1580,INV000716,15289.86,2025-08-27,2025-10-11,2025-10-18,Paid,0,5,1,0,0,3,27,0,1,Mid-Market,2632985
CUST1425,INV000717,5040.3,2026-08-04,2026-09-18,2026-09-18,Paid,0,12,3,0,1,7,61,1,1,Enterprise,92056
CUST0681,INV000718,18685.17,2025-10-28,2025-11-27,,Overdue,280,18,4,7,1,2,60,1,0,Mid-Market,319160
CUST1334,INV000719,9347.16,2025-01-06,2025-02-05,,Overdue,575,27,11,28,0,7,86,0,0,Enterprise,1408126
CUST0495,INV000720,36019.45,2025-08-08,2025-09-22,2025-10-16,Paid,0,25,4,13,0,2,62,0,1,SMB,485477
CUST0556,INV000721,47734.03,2026-03-29,2026-04-28,,Overdue,128,25,8,31,1,1,50,0,0,SMB,959245
CUST0610,INV000722,7659.71,2026-03-09,2026-04-23,,Overdue,133,16,5,20,0,2,64,0,0,Mid-Market,1436689
CUST1797,INV000723,10874.72,2026-01-21,2026-02-20,2026-02-20,Paid,0,9,3,6,0,2,46,0,1,Mid-Market,1222304
CUST0109,INV000724,46940.8,2025-10-22,2025-11-21,2025-11-27,Paid,0,8,4,13,0,4,47,1,1,SMB,1000162
CUST1819,INV000725,9331.54,2025-04-28,2025-05-28,2025-05-28,Paid,0,6,1,7,1,0,3,0,1,Mid-Market,2141013
CUST0372,INV000726,7463.96,2026-02-09,2026-04-10,,Overdue,146,17,3,1,3,2,9,1,1,SMB,4954948
CUST0855,INV000727,6777.13,2026-08-17,2026-09-16,,Overdue,0,14,5,9,0,6,12,0,1,SMB,2813545
CUST0616,INV000728,31320.83,2026-07-20,2026-08-19,2026-09-05,Paid,0,26,9,20,0,3,11,0,1,Enterprise,3728621
CUST0768,INV000729,30006.15,2025-01-12,2025-03-13,2025-03-13,Paid,0,21,6,6,3,3,76,1,1,Enterprise,3337093
CUST1915,INV000730,11113.92,2025-07-28,2025-09-11,,Overdue,357,24,8,10,1,2,26,1,1,SMB,2126775
CUST0206,INV000731,22138.76,2025-06-14,2025-08-13,,Overdue,386,28,8,6,1,7,57,0,0,SMB,3941839
CUST0847,INV000732,101430.83,2025-10-21,2025-11-20,,Overdue,287,14,6,26,0,1,83,0,0,SMB,1347819
CUST0043,INV000733,8316.03,2026-06-03,2026-07-18,2026-07-28,Paid,0,4,1,10,1,7,80,0,1,SMB,1649792
CUST0865,INV000734,5000.0,2025-03-19,2025-04-18,2025-04-27,Paid,0,8,2,9,0,3,30,0,1,SMB,2642316
CUST1269,INV000735,34720.15,2026-03-10,2026-04-24,2026-04-29,Paid,0,22,6,9,1,2,60,0,1,Mid-Market,162935
CUST1311,INV000736,19724.15,2026-07-31,2026-09-29,2026-10-12,Paid,0,17,2,15,0,3,5,1,1,SMB,1892360
CUST1379,INV000737,10828.91,2025-03-18,2025-04-17,2025-04-29,Paid,0,1,0,13,0,2,64,0,1,SMB,644557
CUST0785,INV000738,42280.46,2025-02-17,2025-03-19,2025-04-09,Paid,0,3,1,22,1,4,37,0,1,SMB,3030248
CUST0476,INV000739,50981.86,2025-03-23,2025-05-07,,Overdue,484,17,3,8,4,3,9,0,0,Enterprise,426794
CUST0083,INV000740,5000.0,2025-07-28,2025-08-12,,Overdue,387,20,4,30,1,2,31,0,0,SMB,874255
CUST1134,INV000741,11468.99,2026-03-21,2026-05-05,,Overdue,121,3,0,5,0,6,66,0,1,SMB,204692
CUST1974,INV000742,223578.14,2026-08-19,2026-09-18,2026-09-28,Paid,0,7,1,13,1,7,80,0,1,Mid-Market,2648133
CUST0190,INV000743,39474.29,2026-06-06,2026-08-05,,Overdue,29,11,3,17,0,4,86,0,0,SMB,2581086
CUST0800,INV000744,43308.48,2025-01-29,2025-02-28,,Overdue,552,25,6,12,3,2,88,1,0,Enterprise,342575
CUST0936,INV000745,71174.81,2025-10-31,2025-11-30,2025-12-10,Paid,0,15,5,12,0,2,42,0,1,SMB,2757184
CUST1933,INV000746,22405.66,2026-04-10,2026-05-10,,Overdue,116,7,0,3,2,7,80,0,0,Mid-Market,2067337
CUST0251,INV000747,48858.53,2026-05-17,2026-06-16,,Overdue,79,27,6,19,2,1,20,0,0,SMB,991768
CUST1748,INV000748,45164.29,2026-03-22,2026-04-21,2026-05-06,Paid,0,5,0,14,2,2,77,1,1,SMB,2716981
CUST0291,INV000749,37761.35,2026-05-05,2026-06-04,2026-06-10,Paid,0,17,3,12,0,7,46,0,1,SMB,4704548
CUST1669,INV000750,15962.35,2026-03-04,2026-03-19,2026-03-19,Paid,0,5,2,0,2,3,63,0,1,SMB,2170711
CUST1225,INV000751,26161.89,2026-07-13,2026-09-11,,Overdue,0,1,0,18,1,0,17,0,1,SMB,902050
CUST1821,INV000752,12229.89,2025-12-25,2026-01-09,2026-02-01,Paid,0,22,3,18,1,6,21,1,1,SMB,3731890
CUST0326,INV000753,22310.54,2025-04-01,2025-05-16,,Overdue,475,29,7,0,4,6,20,0,0,Mid-Market,1796688
CUST1535,INV000754,6846.61,2025-02-22,2025-03-24,,Overdue,528,24,8,18,1,2,50,0,0,SMB,4186725
CUST1433,INV000755,9990.36,2026-08-12,2026-09-11,,Overdue,0,7,2,10,1,3,87,0,1,SMB,3140930
CUST1631,INV000756,16608.8,2025-07-23,2025-08-22,2025-08-22,Paid,0,17,6,0,2,2,16,0,1,Mid-Market,1035257
CUST1814,INV000757,8572.33,2026-07-10,2026-08-09,2026-08-09,Paid,0,8,0,2,0,0,87,0,1,SMB,1948917
CUST1986,INV000758,13292.87,2025-06-05,2025-07-05,2025-07-05,Paid,0,12,3,0,0,0,11,0,1,SMB,2251340
CUST1965,INV000759,18696.17,2025-01-02,2025-02-01,2025-02-01,Paid,0,25,6,4,0,6,67,0,1,Mid-Market,4522089
CUST0837,INV000760,32934.05,2025-12-23,2026-01-22,,Overdue,224,28,10,17,2,2,58,0,0,Enterprise,2285883
CUST0508,INV000761,56911.76,2026-07-23,2026-08-07,,Overdue,27,26,8,18,1,3,18,0,0,Mid-Market,4374848
CUST0731,INV000762,13852.43,2025-02-27,2025-03-14,,Overdue,538,2,0,18,0,4,49,1,0,SMB,1772907
CUST1625,INV000763,83709.24,2025-09-11,2025-09-26,,Overdue,342,17,4,9,0,1,27,0,0,SMB,1167374
CUST0072,INV000764,56309.08,2025-06-29,2025-07-29,,Overdue,401,22,5,38,1,6,26,1,0,SMB,1621951
CUST1271,INV000765,36464.48,2026-05-08,2026-06-22,2026-06-25,Paid,0,28,7,0,2,2,58,0,1,Mid-Market,1388306
CUST0641,INV000766,25684.66,2025-02-04,2025-03-06,,Overdue,546,20,6,2,1,3,83,0,0,SMB,3981586
CUST1748,INV000767,30306.6,2025-03-16,2025-04-15,,Overdue,506,14,2,15,1,0,9,0,0,SMB,2716981
CUST0940,INV000768,72189.59,2025-10-16,2025-11-15,2025-11-24,Paid,0,23,5,5,2,6,8,1,1,Mid-Market,2015730
CUST1879,INV000769,74875.32,2026-01-06,2026-02-05,2026-02-17,Paid,0,3,0,9,0,3,84,0,1,SMB,1676528
CUST0608,INV000770,83696.02,2026-08-10,2026-09-09,2026-09-23,Paid,0,19,6,12,0,2,24,1,1,SMB,987635
CUST1611,INV000771,22955.82,2025-11-25,2026-01-09,,Overdue,237,14,6,9,2,7,85,1,0,Enterprise,2548578
CUST1959,INV000772,38367.54,2026-08-13,2026-09-27,2026-09-28,Paid,0,8,2,0,1,3,45,0,1,Mid-Market,320146
CUST0566,INV000773,84418.89,2025-10-31,2025-11-30,,Overdue,277,7,0,20,1,3,60,1,0,Mid-Market,3920426
CUST1368,INV000774,11805.07,2026-08-02,2026-09-01,2026-09-25,Paid,0,5,0,20,2,2,10,0,1,Enterprise,4075942
CUST1995,INV000775,16019.84,2025-08-09,2025-09-08,,Overdue,360,3,0,28,0,2,12,1,1,Mid-Market,1455802
CUST1949,INV000776,22382.54,2025-06-13,2025-07-13,2025-07-13,Paid,0,1,0,0,1,4,59,0,1,SMB,2470872
CUST0054,INV000777,54154.63,2026-04-25,2026-06-24,,Overdue,71,27,4,20,0,2,82,0,0,Enterprise,4128584
CUST1754,INV000778,55004.6,2026-03-31,2026-05-15,2026-05-22,Paid,0,19,6,3,0,5,23,1,1,SMB,1792166
CUST0528,INV000779,17485.65,2026-01-10,2026-02-09,,Overdue,206,15,4,11,0,0,61,1,0,SMB,1550134
CUST0611,INV000780,5000.0,2025-08-08,2025-10-07,2025-10-18,Paid,0,25,4,5,0,3,38,0,1,SMB,3866126
CUST1556,INV000781,28174.82,2025-09-11,2025-10-11,2025-10-11,Paid,0,1,0,2,0,0,55,0,1,SMB,3622401
CUST1582,INV000782,8792.76,2025-07-07,2025-08-06,,Overdue,393,5,1,18,0,5,53,1,0,SMB,3699886
CUST1987,INV000783,5000.0,2025-07-10,2025-07-25,,Overdue,405,20,3,29,1,1,11,0,0,Mid-Market,2764766
CUST0193,INV000784,6223.75,2026-01-24,2026-02-23,,Overdue,192,11,3,32,2,7,77,0,0,Enterprise,1752159
CUST1919,INV000785,30527.43,2025-08-03,2025-10-02,2025-10-22,Paid,0,14,3,22,2,6,58,0,1,SMB,3338210
CUST0058,INV000786,85908.44,2026-01-10,2026-03-11,,Overdue,176,22,8,1,0,1,39,0,0,SMB,838768
CUST1461,INV000787,22900.05,2025-03-27,2025-04-26,2025-05-05,Paid,0,18,4,11,0,2,16,1,1,SMB,4725519
CUST1135,INV000788,27211.11,2026-04-19,2026-05-19,,Overdue,107,20,5,11,1,3,30,1,0,Mid-Market,4507335
CUST0129,INV000789,71890.18,2026-06-15,2026-07-30,,Overdue,35,9,3,17,0,6,13,1,0,SMB,4772727
CUST1873,INV000790,5000.0,2025-02-16,2025-04-02,2025-04-20,Paid,0,15,3,19,1,2,54,0,1,Mid-Market,525278
CUST0706,INV000791,37055.66,2025-03-06,2025-04-05,2025-04-14,Paid,0,11,3,7,2,4,18,0,1,Enterprise,1617343
CUST1949,INV000792,21772.66,2026-04-20,2026-05-20,2026-06-24,Paid,0,5,0,25,0,6,50,0,1,SMB,2470872
CUST0852,INV000793,38795.42,2025-05-26,2025-07-10,,Overdue,420,15,3,36,2,6,29,0,0,Mid-Market,402414
CUST1350,INV000794,13582.21,2026-01-17,2026-03-18,,Overdue,169,24,5,16,2,0,83,1,0,SMB,3955513
CUST0008,INV000795,9721.18,2025-03-07,2025-04-21,2025-04-21,Paid,0,2,0,6,0,2,4,1,1,Enterprise,536799
CUST0029,INV000796,25349.36,2026-06-01,2026-06-16,2026-07-02,Paid,0,12,1,23,1,4,63,1,1,Mid-Market,4495655
CUST1136,INV000797,114598.65,2025-04-03,2025-05-03,,Overdue,488,27,6,23,2,0,37,0,1,SMB,2441098
CUST0947,INV000798,52099.47,2026-03-02,2026-05-01,,Overdue,125,25,9,19,2,2,36,0,1,SMB,1144316
CUST1697,INV000799,13257.35,2026-04-13,2026-05-28,2026-06-13,Paid,0,28,11,12,0,2,20,0,1,SMB,3623258
CUST0131,INV000800,5761.93,2025-04-04,2025-05-04,,Overdue,487,23,4,26,1,2,78,1,0,SMB,2010155
CUST0188,INV000801,5000.0,2025-05-13,2025-06-12,,Overdue,448,7,1,2,0,4,19,0,0,Mid-Market,3539429
CUST1699,INV000802,82133.35,2026-03-10,2026-05-09,,Overdue,117,2,0,11,1,5,39,0,1,Enterprise,3152641
CUST0709,INV000803,8475.35,2025-12-07,2026-02-05,,Overdue,210,8,1,31,1,0,7,0,0,SMB,805612
CUST1499,INV000804,15906.56,2025-11-10,2025-12-25,2026-01-08,Paid,0,9,2,12,1,5,27,1,1,SMB,158944
CUST1388,INV000805,82554.27,2026-08-14,2026-09-13,2026-09-22,Paid,0,26,7,12,3,7,30,0,1,SMB,3981814
CUST1228,INV000806,5000.0,2025-07-31,2025-09-14,,Overdue,354,27,5,14,1,5,77,0,0,SMB,4845464
CUST0212,INV000807,97955.1,2026-06-04,2026-07-04,2026-07-05,Paid,0,28,4,3,0,3,36,1,1,Mid-Market,2996862
CUST1645,INV000808,17091.89,2025-06-08,2025-08-07,,Overdue,392,5,2,1,1,6,24,0,0,SMB,915256
CUST0276,INV000809,6984.28,2025-09-25,2025-10-25,2025-10-31,Paid,0,15,4,7,1,4,64,1,1,Mid-Market,2417555
CUST1097,INV000810,17199.73,2026-04-19,2026-06-03,,Overdue,92,19,5,10,2,4,25,0,0,SMB,1083668
CUST1703,INV000811,10693.63,2026-02-14,2026-03-16,,Overdue,171,19,4,24,2,7,86,0,0,SMB,1517130
CUST1796,INV000812,34228.7,2026-04-19,2026-06-03,,Overdue,92,13,4,15,3,4,11,1,1,SMB,4803292
CUST0243,INV000813,11520.32,2025-12-22,2026-01-21,,Overdue,225,13,5,27,0,0,65,0,0,Enterprise,3230246
CUST1811,INV000814,5000.0,2025-07-12,2025-07-27,2025-08-15,Paid,0,6,2,17,1,7,38,0,1,Mid-Market,3687967
CUST1126,INV000815,17666.71,2025-09-28,2025-11-12,,Overdue,295,1,0,21,0,5,89,1,0,Mid-Market,634010
CUST0987,INV000816,5672.9,2025-04-24,2025-05-24,2025-06-14,Paid,0,10,2,18,1,6,16,1,1,Mid-Market,2519146
CUST0685,INV000817,27019.66,2026-06-07,2026-07-07,,Overdue,58,27,4,28,0,1,47,0,0,Enterprise,887393
CUST0171,INV000818,6720.18,2025-02-24,2025-04-25,2025-05-12,Paid,0,25,6,13,1,5,9,1,1,Mid-Market,358449
CUST0653,INV000819,13520.84,2025-03-06,2025-04-05,,Overdue,516,6,3,13,1,7,21,0,0,Mid-Market,1522542
CUST1933,INV000820,26438.8,2025-09-29,2025-11-13,,Overdue,294,25,7,1,1,3,14,0,0,Mid-Market,2067337
CUST0188,INV000821,17810.46,2026-05-17,2026-06-16,2026-07-13,Paid,0,3,1,21,2,3,21,1,1,Mid-Market,3539429
CUST1465,INV000822,28294.71,2025-12-28,2026-02-11,2026-02-22,Paid,0,26,7,7,1,3,42,0,1,Enterprise,4664466
CUST1110,INV000823,43490.04,2025-05-26,2025-07-10,2025-07-27,Paid,0,13,3,19,2,1,21,0,1,SMB,69477
CUST1500,INV000824,6919.28,2025-07-28,2025-09-11,2025-09-18,Paid,0,19,7,14,0,7,66,1,1,Enterprise,1847519
CUST0052,INV000825,20652.72,2025-10-13,2025-12-12,2025-12-12,Paid,0,10,1,1,0,4,19,1,1,Mid-Market,141006
CUST0111,INV000826,5000.0,2025-01-10,2025-02-09,2025-02-11,Paid,0,13,5,13,1,1,20,0,1,SMB,2805063
CUST1973,INV000827,28207.22,2025-07-05,2025-08-19,2025-09-06,Paid,0,7,2,8,0,3,3,0,1,SMB,689104
CUST0877,INV000828,16304.33,2026-07-28,2026-09-11,2026-09-17,Paid,0,15,2,0,0,4,35,0,1,Mid-Market,913659
CUST1878,INV000829,8238.31,2026-08-20,2026-09-19,2026-10-01,Paid,0,23,5,15,2,0,83,0,1,Mid-Market,4890349
CUST1067,INV000830,30203.69,2026-04-09,2026-05-09,2026-06-10,Paid,0,4,1,29,1,3,15,1,1,SMB,4672580
CUST0211,INV000831,71160.81,2025-05-14,2025-07-13,2025-07-14,Paid,0,11,1,2,0,7,18,1,1,Mid-Market,4070120
CUST1992,INV000832,13684.0,2025-06-20,2025-07-05,2025-07-08,Paid,0,8,2,0,0,4,22,0,1,SMB,1124477
CUST1224,INV000833,8562.83,2025-08-01,2025-08-31,,Overdue,368,27,5,32,0,0,57,1,0,Enterprise,4497395
CUST1834,INV000834,25978.52,2026-06-14,2026-07-14,2026-07-16,Paid,0,2,0,0,0,1,59,0,1,Mid-Market,4527310
CUST0858,INV000835,5792.93,2026-05-17,2026-06-01,,Overdue,94,1,0,30,2,5,59,1,1,SMB,174932
CUST1776,INV000836,11380.07,2026-07-26,2026-09-24,,Overdue,0,1,0,25,2,4,17,0,1,SMB,1654243
CUST0627,INV000837,74787.21,2026-08-23,2026-09-22,,Overdue,0,16,6,13,0,7,11,0,1,SMB,513937
CUST1050,INV000838,23439.53,2025-01-27,2025-02-26,2025-03-03,Paid,0,18,6,6,1,7,2,0,1,SMB,2232926
CUST1943,INV000839,5000.0,2025-03-09,2025-04-23,2025-05-16,Paid,0,11,4,23,1,6,10,0,1,Mid-Market,4770553
CUST0299,INV000840,5000.0,2026-02-12,2026-03-14,2026-03-25,Paid,0,27,7,14,2,4,86,0,1,Mid-Market,3255599
CUST1101,INV000841,25902.26,2026-07-06,2026-08-20,,Overdue,14,22,6,30,0,7,17,0,1,SMB,3725002
CUST0924,INV000842,52176.66,2025-04-19,2025-06-03,,Overdue,457,8,2,17,0,1,47,0,1,Mid-Market,1535255
CUST0137,INV000843,5000.0,2025-03-15,2025-04-29,,Overdue,492,19,6,30,1,0,67,0,0,Mid-Market,329215
CUST1044,INV000844,34534.45,2026-08-01,2026-09-15,2026-10-07,Paid,0,12,2,20,0,5,38,1,1,Mid-Market,4145077
CUST0440,INV000845,83311.64,2025-09-19,2025-10-04,,Overdue,334,6,1,25,0,7,51,0,0,SMB,4259738
CUST0211,INV000846,145489.47,2026-01-03,2026-01-18,2026-01-24,Paid,0,24,7,16,0,1,22,0,1,Mid-Market,4070120
CUST0752,INV000847,30675.6,2025-08-25,2025-09-24,,Overdue,344,25,8,11,0,3,84,1,0,Enterprise,922328
CUST1575,INV000848,36563.38,2026-01-01,2026-01-16,,Overdue,230,16,3,8,1,2,59,0,0,SMB,2057338
CUST0435,INV000849,5000.0,2025-10-13,2025-11-12,2025-11-17,Paid,0,8,1,3,0,1,79,0,1,SMB,3935250
CUST0780,INV000850,179827.36,2026-01-13,2026-02-12,2026-02-15,Paid,0,7,1,11,0,3,10,0,1,Mid-Market,2958056
CUST1231,INV000851,12388.33,2026-01-11,2026-02-10,,Overdue,205,20,8,2,0,4,33,0,0,Enterprise,4890351
CUST0439,INV000852,8660.51,2025-03-17,2025-04-16,2025-04-23,Paid,0,3,0,8,0,5,87,0,1,Mid-Market,2229431
CUST1998,INV000853,17065.15,2025-01-09,2025-02-08,2025-02-22,Paid,0,23,9,14,0,3,6,1,1,SMB,2533502
CUST1803,INV000854,99874.87,2025-07-15,2025-08-14,2025-09-01,Paid,0,1,1,17,0,4,31,0,1,SMB,4686440
CUST0666,INV000855,200395.07,2025-10-17,2025-11-16,,Overdue,291,23,7,26,1,2,26,0,0,SMB,2024324
CUST1066,INV000856,24969.46,2025-03-02,2025-04-01,2025-04-11,Paid,0,6,2,15,2,2,13,0,1,Mid-Market,92291
CUST0411,INV000857,59759.54,2026-01-24,2026-03-10,2026-03-23,Paid,0,3,2,17,0,7,16,1,1,SMB,3033516
CUST1547,INV000858,22998.95,2026-07-17,2026-08-31,2026-09-12,Paid,0,19,4,10,2,1,36,0,1,Mid-Market,1914071
CUST0806,INV000859,7802.54,2026-07-18,2026-09-16,,Overdue,0,2,0,12,1,6,87,0,1,Mid-Market,1936963
CUST0610,INV000860,96446.49,2025-01-08,2025-02-22,,Overdue,558,17,6,13,1,5,76,0,0,Mid-Market,1436689
CUST0427,INV000861,11823.83,2026-01-04,2026-02-18,,Overdue,197,16,2,33,1,2,36,0,0,SMB,4716805
CUST1299,INV000862,102286.27,2025-02-14,2025-03-01,2025-03-14,Paid,0,27,3,16,0,5,45,0,1,Mid-Market,1242503
CUST1472,INV000863,80703.83,2025-12-10,2026-01-09,,Overdue,237,21,4,0,0,1,25,0,0,Mid-Market,400067
CUST0902,INV000864,40702.15,2026-01-10,2026-02-24,2026-03-14,Paid,0,29,7,14,1,0,24,0,1,SMB,4994490
CUST0942,INV000865,137169.79,2025-01-27,2025-02-26,2025-03-01,Paid,0,7,2,4,1,5,19,0,1,Mid-Market,4370614
CUST1908,INV000866,205324.32,2025-07-12,2025-08-11,2025-08-15,Paid,0,23,3,5,1,4,65,0,1,SMB,2999311
CUST0742,INV000867,18485.77,2025-12-23,2026-01-22,2026-02-03,Paid,0,6,1,13,1,7,29,0,1,SMB,341464
CUST1393,INV000868,9810.47,2025-03-03,2025-04-02,,Overdue,519,11,3,16,1,7,45,0,0,SMB,3822827
CUST1962,INV000869,5000.0,2025-03-03,2025-04-17,2025-05-04,Paid,0,15,6,16,1,1,62,1,1,SMB,3992863
CUST1244,INV000870,207872.93,2026-02-26,2026-03-28,2026-04-01,Paid,0,26,5,5,0,5,43,0,1,Mid-Market,1884907
CUST1601,INV000871,14190.36,2026-07-05,2026-08-04,,Overdue,30,22,4,0,2,5,17,1,0,SMB,1706042
CUST1891,INV000872,68530.68,2026-01-15,2026-02-14,,Overdue,201,11,2,11,2,6,60,0,0,SMB,3929928
CUST1256,INV000873,10495.95,2025-10-04,2025-11-18,2025-11-30,Paid,0,7,4,11,1,2,25,0,1,SMB,3286904
CUST0328,INV000874,102566.4,2026-03-07,2026-04-21,,Overdue,135,15,3,11,1,5,34,1,0,Mid-Market,2711637
CUST1467,INV000875,10936.73,2025-04-25,2025-05-25,2025-06-16,Paid,0,16,1,14,2,2,41,0,1,Enterprise,3138589
CUST0052,INV000876,6689.41,2025-05-01,2025-06-15,2025-07-01,Paid,0,8,1,8,2,5,14,0,1,Mid-Market,141006
CUST1910,INV000877,17880.99,2026-06-09,2026-07-09,,Overdue,56,5,1,21,0,4,57,1,0,SMB,2685122
CUST1967,INV000878,12941.89,2026-02-20,2026-04-06,,Overdue,150,17,4,19,3,7,26,1,0,SMB,318449
CUST0376,INV000879,39986.6,2025-06-12,2025-07-27,,Overdue,403,23,7,20,2,4,18,0,0,SMB,3395647
CUST0263,INV000880,20923.02,2025-12-03,2026-02-01,,Overdue,214,2,1,27,1,5,20,0,0,SMB,2993295
CUST0267,INV000881,41262.21,2026-01-14,2026-02-13,,Overdue,202,27,7,17,0,0,71,0,0,Mid-Market,2128808
CUST0359,INV000882,16464.77,2025-11-20,2025-12-05,,Overdue,272,21,4,13,0,0,30,0,0,Enterprise,1235111
CUST1341,INV000883,11326.41,2025-06-22,2025-07-22,2025-08-05,Paid,0,7,2,11,0,7,29,0,1,SMB,1757542
CUST1348,INV000884,12288.75,2025-03-05,2025-04-04,,Overdue,517,23,6,19,2,2,66,0,0,SMB,3188102
CUST1945,INV000885,170235.63,2025-04-11,2025-05-11,,Overdue,480,25,4,13,1,7,12,0,0,Mid-Market,2071835
CUST1932,INV000886,27588.96,2025-11-18,2025-12-18,2025-12-18,Paid,0,21,6,0,0,4,21,0,1,Mid-Market,1622138
CUST1690,INV000887,5000.0,2025-03-07,2025-04-06,2025-04-08,Paid,0,6,1,6,2,1,74,0,1,Mid-Market,2671158
CUST1894,INV000888,13092.45,2026-07-11,2026-09-09,,Overdue,0,26,8,27,1,6,34,0,1,SMB,1390683
CUST1902,INV000889,24266.84,2026-08-22,2026-09-21,2026-09-21,Paid,0,12,2,0,1,5,38,0,1,SMB,4882094
CUST0652,INV000890,139441.39,2026-04-03,2026-06-02,2026-06-14,Paid,0,16,5,15,0,5,70,1,1,Mid-Market,504418
CUST1963,INV000891,61617.35,2026-08-02,2026-09-16,,Overdue,0,11,0,17,3,1,60,0,1,Mid-Market,4358080
CUST1587,INV000892,8762.9,2026-03-29,2026-05-28,2026-06-09,Paid,0,22,3,11,0,4,85,0,1,Mid-Market,4567562
CUST1653,INV000893,247299.58,2025-09-16,2025-11-15,,Overdue,292,17,6,5,0,3,56,0,0,SMB,1999902
CUST1445,INV000894,21350.7,2026-03-02,2026-04-16,2026-04-17,Paid,0,10,2,1,1,0,59,0,1,Enterprise,4023313
CUST0046,INV000895,76598.27,2025-06-27,2025-08-11,,Overdue,388,23,6,14,1,6,56,1,0,Mid-Market,4797647
CUST1845,INV000896,6939.55,2025-10-07,2025-11-06,,Overdue,301,16,6,9,0,3,58,1,0,Enterprise,3562305
CUST0600,INV000897,5000.0,2025-12-10,2026-01-09,2026-02-04,Paid,0,16,4,27,0,1,73,1,1,SMB,738152
CUST0720,INV000898,5386.06,2025-01-17,2025-03-18,,Overdue,534,15,4,17,1,4,85,1,0,Mid-Market,2245690
CUST1913,INV000899,5000.0,2025-10-23,2025-11-22,,Overdue,285,26,5,8,1,7,74,0,0,Enterprise,2432962
CUST1293,INV000900,182059.59,2025-07-21,2025-08-05,2025-08-19,Paid,0,15,2,15,1,7,55,0,1,Mid-Market,4943180
CUST0601,INV000901,27297.02,2025-07-13,2025-08-27,,Overdue,372,23,5,5,1,7,29,1,0,SMB,452980
CUST0381,INV000902,8737.3,2025-05-29,2025-06-28,,Overdue,432,20,7,10,4,1,80,0,0,SMB,1570982
CUST0118,INV000903,34635.14,2026-01-10,2026-02-24,,Overdue,191,4,1,0,1,0,83,1,0,SMB,4463359
CUST1590,INV000904,26617.76,2025-02-04,2025-02-19,2025-02-20,Paid,0,27,5,8,0,1,32,0,1,Mid-Market,1243982
CUST1977,INV000905,40983.85,2026-01-04,2026-02-03,,Overdue,212,22,6,17,0,5,12,0,0,SMB,1384649
CUST0116,INV000906,73830.81,2025-01-29,2025-02-28,2025-03-08,Paid,0,3,0,10,0,5,24,1,1,Enterprise,464600
CUST1654,INV000907,16482.9,2025-08-09,2025-10-08,,Overdue,330,14,6,21,1,4,42,0,0,SMB,1185371
CUST0260,INV000908,9137.67,2025-02-22,2025-03-24,,Overdue,528,10,3,25,0,4,65,1,0,SMB,2459381
CUST1099,INV000909,50401.45,2025-12-19,2026-02-02,2026-02-26,Paid,0,6,4,19,1,4,47,0,1,Mid-Market,347675
CUST1504,INV000910,49135.29,2026-01-27,2026-02-11,,Overdue,204,27,3,32,0,0,43,0,0,SMB,4441401
CUST0305,INV000911,24360.93,2025-03-17,2025-04-01,,Overdue,520,11,0,22,1,6,42,0,0,Mid-Market,4354459
CUST0007,INV000912,194376.87,2026-05-09,2026-06-08,2026-06-20,Paid,0,4,1,12,1,1,46,0,1,SMB,2048671
CUST0366,INV000913,14216.77,2026-06-06,2026-07-06,2026-07-20,Paid,0,10,4,10,1,0,13,0,1,SMB,2752994
CUST1658,INV000914,8956.56,2025-04-27,2025-05-27,,Overdue,464,16,4,8,0,0,29,0,0,SMB,3395026
CUST0523,INV000915,33459.51,2025-10-07,2025-11-06,,Overdue,301,24,8,5,0,1,2,0,0,Enterprise,921522
CUST1372,INV000916,11215.61,2025-06-24,2025-07-24,,Overdue,406,21,3,15,0,3,57,0,0,SMB,4753855
CUST1462,INV000917,36153.05,2025-10-22,2025-11-21,2025-11-30,Paid,0,29,8,8,0,1,64,1,1,Mid-Market,4944940
CUST1239,INV000918,9575.77,2026-03-27,2026-05-26,2026-05-28,Paid,0,8,2,0,0,5,40,0,1,Enterprise,3608818
CUST0429,INV000919,14761.2,2026-06-02,2026-06-17,,Overdue,78,9,2,20,0,7,11,1,1,SMB,1096161
CUST0791,INV000920,145923.88,2025-01-21,2025-02-20,,Overdue,560,4,1,6,1,0,51,0,0,SMB,2879915
CUST1522,INV000921,14682.52,2025-03-14,2025-04-13,2025-04-18,Paid,0,17,5,0,1,2,51,1,1,Enterprise,2196674
CUST1564,INV000922,9908.5,2025-02-05,2025-04-06,,Overdue,515,10,3,23,0,3,75,0,0,SMB,3298204
CUST0747,INV000923,71017.3,2026-05-22,2026-07-21,,Overdue,44,23,4,24,2,6,5,1,1,SMB,388540
CUST0367,INV000924,7699.86,2025-08-21,2025-10-20,,Overdue,318,13,1,1,0,3,55,0,0,Enterprise,2754716
CUST0313,INV000925,11015.48,2026-05-12,2026-05-27,2026-05-30,Paid,0,23,5,7,0,2,49,0,1,SMB,3669348
CUST0538,INV000926,39205.06,2025-07-25,2025-09-08,,Overdue,360,21,5,4,0,6,67,0,0,SMB,3796037
CUST0921,INV000927,56297.84,2026-03-02,2026-04-16,2026-04-27,Paid,0,21,5,6,0,3,54,0,1,Enterprise,710327
CUST1078,INV000928,74643.33,2025-02-13,2025-04-14,2025-04-14,Paid,0,17,4,0,0,1,82,1,1,Mid-Market,2277039
CUST1565,INV000929,10433.51,2025-04-01,2025-05-01,2025-05-07,Paid,0,19,4,8,1,2,21,0,1,Mid-Market,2530017
CUST1491,INV000930,39974.97,2026-04-15,2026-06-14,,Overdue,81,17,3,8,2,6,75,0,1,SMB,3010883
CUST0865,INV000931,13820.27,2026-04-12,2026-05-12,,Overdue,114,23,4,28,1,2,77,0,0,SMB,2642316
CUST1188,INV000932,12020.21,2026-03-30,2026-04-29,,Overdue,127,21,6,13,0,2,77,0,1,SMB,4306146
CUST0782,INV000933,73365.77,2026-08-18,2026-09-17,,Overdue,0,28,9,7,3,7,60,0,1,Mid-Market,4560579
CUST0334,INV000934,12713.83,2025-11-29,2025-12-29,2026-01-23,Paid,0,4,2,14,0,1,67,0,1,SMB,2438229
CUST1571,INV000935,29091.6,2026-05-22,2026-06-21,,Overdue,74,23,11,0,0,3,16,0,1,Mid-Market,2054517
CUST0798,INV000936,25734.29,2026-04-15,2026-05-15,2026-05-27,Paid,0,25,3,13,0,7,26,1,1,Mid-Market,4631025
CUST0348,INV000937,7549.57,2025-01-21,2025-03-07,,Overdue,545,6,1,5,1,3,78,0,0,SMB,1419277
CUST0273,INV000938,57878.01,2025-08-16,2025-09-15,,Overdue,353,14,4,13,0,5,4,0,1,Enterprise,4369453
CUST0963,INV000939,38571.96,2026-01-11,2026-02-25,2026-03-19,Paid,0,9,3,17,0,4,15,0,1,SMB,3591815
CUST0720,INV000940,5000.0,2025-05-10,2025-06-09,2025-06-16,Paid,0,6,0,6,2,1,21,1,1,Mid-Market,2245690
CUST1774,INV000941,29068.81,2026-02-18,2026-04-19,2026-05-06,Paid,0,10,3,15,3,6,60,0,1,Enterprise,3689688
CUST1438,INV000942,10168.26,2025-03-12,2025-04-26,,Overdue,495,25,6,5,0,7,41,0,0,Mid-Market,575005
CUST0500,INV000943,65977.91,2026-02-08,2026-03-10,,Overdue,177,6,3,1,1,7,77,0,0,Enterprise,1631420
CUST1117,INV000944,5190.58,2026-07-16,2026-08-30,,Overdue,4,9,4,21,1,7,77,0,1,SMB,4517890
CUST0685,INV000945,15421.58,2026-02-01,2026-03-03,2026-03-19,Paid,0,13,1,22,0,3,38,0,1,Enterprise,887393
CUST0079,INV000946,31635.16,2025-12-03,2025-12-18,,Overdue,259,16,2,14,1,4,58,0,0,SMB,2217354
CUST0622,INV000947,23256.51,2026-05-20,2026-06-19,2026-07-08,Paid,0,16,4,20,2,4,18,0,1,SMB,268401
CUST1241,INV000948,47238.2,2025-10-03,2025-11-02,2025-11-02,Paid,0,19,1,0,0,7,48,0,1,Enterprise,1411236
CUST0947,INV000949,5000.0,2025-01-13,2025-02-12,,Overdue,568,5,0,20,2,5,64,0,0,SMB,1144316
CUST0358,INV000950,114911.13,2025-01-03,2025-02-02,,Overdue,578,11,5,26,1,0,80,0,0,Mid-Market,2329176
CUST0618,INV000951,37240.22,2025-08-12,2025-10-11,,Overdue,327,21,7,18,0,1,48,0,0,SMB,1347991
CUST0507,INV000952,85795.19,2025-06-24,2025-07-24,,Overdue,406,15,4,11,0,4,75,1,0,Enterprise,176060
CUST1583,INV000953,52798.61,2026-01-20,2026-02-19,,Overdue,196,29,9,0,3,2,65,0,0,Mid-Market,4496460
CUST1205,INV000954,21772.21,2025-08-29,2025-10-28,2025-11-19,Paid,0,26,5,17,0,2,65,0,1,SMB,3749100
CUST0576,INV000955,6098.52,2026-07-01,2026-07-31,2026-08-24,Paid,0,8,3,18,2,6,52,1,1,Enterprise,2851445
CUST1270,INV000956,12537.09,2025-01-14,2025-02-28,,Overdue,552,15,4,23,1,0,48,0,0,SMB,4101889
CUST0244,INV000957,107965.1,2025-07-14,2025-08-13,2025-08-19,Paid,0,11,4,9,0,5,7,0,1,SMB,2201061
CUST0506,INV000958,88030.43,2026-02-01,2026-03-03,2026-03-07,Paid,0,29,6,6,1,4,62,0,1,SMB,2812081
CUST0422,INV000959,11853.76,2026-03-07,2026-04-06,,Overdue,150,13,4,4,0,2,14,0,0,Mid-Market,258944
CUST1344,INV000960,5000.0,2025-11-02,2026-01-01,2026-01-10,Paid,0,27,9,3,1,4,18,0,1,Mid-Market,1224846
CUST1111,INV000961,17806.35,2025-11-30,2025-12-30,2026-01-08,Paid,0,23,6,17,3,2,13,0,1,Mid-Market,3606210
CUST0217,INV000962,16519.51,2026-02-14,2026-03-16,2026-04-02,Paid,0,2,0,12,1,6,89,0,1,SMB,3567741
CUST1514,INV000963,17158.13,2025-01-03,2025-03-04,,Overdue,548,27,11,17,0,1,77,0,0,SMB,345866
CUST1543,INV000964,37366.85,2026-07-06,2026-09-04,2026-09-18,Paid,0,2,0,14,1,3,17,0,1,Mid-Market,2173091
CUST1302,INV000965,52902.85,2026-03-28,2026-04-27,,Overdue,129,23,2,8,0,2,37,1,0,Enterprise,1496250
CUST1873,INV000966,59296.14,2026-05-10,2026-06-24,,Overdue,71,26,4,3,1,1,49,0,1,Mid-Market,525278
CUST1746,INV000967,34396.47,2026-02-21,2026-03-23,,Overdue,164,12,4,25,2,3,81,0,0,SMB,4647855
CUST1009,INV000968,5000.0,2026-01-26,2026-02-25,,Overdue,190,26,8,14,0,0,10,0,1,SMB,4455813
CUST1193,INV000969,15658.99,2026-01-08,2026-02-07,,Overdue,208,20,6,24,3,3,80,0,0,SMB,4374660
CUST0330,INV000970,220596.34,2025-02-21,2025-03-23,2025-04-09,Paid,0,22,5,17,1,7,23,0,1,SMB,2134504
CUST0650,INV000971,32023.23,2026-01-11,2026-02-10,,Overdue,205,9,5,8,1,1,15,0,0,SMB,2051676
CUST1465,INV000972,31819.02,2026-01-30,2026-03-01,2026-03-09,Paid,0,26,6,8,1,5,71,0,1,Enterprise,4664466
CUST0391,INV000973,31554.96,2025-05-22,2025-06-21,,Overdue,439,27,12,4,0,2,35,0,0,Enterprise,2705982
CUST1520,INV000974,33368.9,2025-03-27,2025-04-26,,Overdue,495,20,8,25,0,7,82,0,0,Enterprise,3673425
CUST0381,INV000975,5000.0,2026-04-09,2026-05-09,,Overdue,117,15,3,26,3,6,79,1,1,SMB,1570982
CUST1330,INV000976,17334.88,2025-02-15,2025-04-16,2025-05-03,Paid,0,7,1,9,0,5,58,1,1,SMB,4882091
CUST0742,INV000977,21207.44,2025-08-26,2025-10-10,2025-10-28,Paid,0,25,3,19,0,6,43,0,1,SMB,341464
CUST0820,INV000978,79339.82,2025-01-10,2025-02-09,,Overdue,571,14,4,8,1,7,24,0,0,SMB,828883
CUST0673,INV000979,23101.96,2026-07-27,2026-09-25,,Overdue,0,17,5,0,0,0,39,0,1,SMB,4581211
CUST0513,INV000980,5000.0,2026-06-14,2026-07-14,2026-07-14,Paid,0,26,4,6,0,4,59,1,1,Enterprise,4637878
CUST1772,INV000981,33863.37,2026-08-21,2026-09-20,,Overdue,0,27,6,19,1,6,73,0,1,Mid-Market,1185270
CUST0949,INV000982,9859.35,2025-06-27,2025-07-27,2025-08-17,Paid,0,2,1,22,0,5,73,0,1,Enterprise,1686675
CUST1212,INV000983,6523.81,2025-01-06,2025-02-05,,Overdue,575,29,7,12,4,0,33,1,0,SMB,828799
CUST0930,INV000984,9564.76,2025-11-03,2025-12-18,2025-12-22,Paid,0,9,3,5,0,3,34,0,1,SMB,1951740
CUST1540,INV000985,37892.34,2026-07-02,2026-08-31,,Overdue,3,13,4,1,0,1,23,0,1,Mid-Market,4713062
CUST0913,INV000986,77556.44,2025-11-23,2025-12-23,,Overdue,254,5,1,9,2,0,56,0,0,Mid-Market,662181
CUST0644,INV000987,35700.86,2025-12-22,2026-01-21,,Overdue,225,4,2,10,0,7,45,0,0,SMB,2382214
CUST0427,INV000988,41440.88,2026-01-30,2026-03-01,2026-03-09,Paid,0,23,7,10,2,0,21,0,1,SMB,4716805
CUST0502,INV000989,35349.7,2025-10-27,2025-11-26,2025-12-01,Paid,0,21,6,0,1,2,64,0,1,Mid-Market,3544708
CUST0730,INV000990,24375.34,2026-06-10,2026-07-25,2026-08-11,Paid,0,1,0,16,0,3,86,1,1,SMB,1572534
CUST1284,INV000991,44219.92,2025-10-12,2025-11-11,,Overdue,296,9,2,13,2,2,2,1,0,SMB,4645130
CUST1537,INV000992,5000.0,2025-11-26,2025-12-11,2025-12-23,Paid,0,24,6,9,1,7,44,1,1,SMB,2139934
CUST0071,INV000993,24614.44,2025-02-19,2025-04-05,2025-04-05,Paid,0,16,3,12,1,5,9,1,1,Mid-Market,588645
CUST0478,INV000994,7747.11,2026-01-13,2026-02-12,,Overdue,203,19,6,17,0,6,84,0,1,Mid-Market,3083349
CUST1202,INV000995,70467.2,2026-08-23,2026-10-22,2026-11-08,Paid,0,26,4,18,0,6,41,0,1,SMB,1620234
CUST0457,INV000996,19012.36,2026-06-22,2026-07-22,2026-08-14,Paid,0,3,0,25,1,7,79,0,1,SMB,67297
CUST0189,INV000997,22718.8,2025-05-24,2025-06-23,2025-07-25,Paid,0,3,0,25,1,2,40,0,1,Mid-Market,2558426
CUST0291,INV000998,5000.0,2025-03-01,2025-03-16,2025-04-08,Paid,0,7,1,17,0,3,58,1,1,SMB,4704548
CUST1544,INV000999,60890.41,2025-03-16,2025-04-15,2025-04-30,Paid,0,18,1,10,1,0,85,0,1,SMB,1016649
CUST1789,INV001000,41246.77,2025-01-03,2025-02-17,,Overdue,563,25,6,6,1,7,79,1,0,SMB,514310
CUST0920,INV001001,38443.61,2026-07-29,2026-08-28,2026-09-16,Paid,0,20,6,21,1,1,23,0,1,SMB,4924196
CUST0292,INV001002,9769.08,2026-03-24,2026-05-23,2026-05-23,Paid,0,7,2,0,0,1,69,0,1,SMB,2721252
CUST1970,INV001003,10161.49,2025-10-02,2025-11-01,,Overdue,306,24,3,13,0,3,34,1,0,SMB,4225318
CUST0756,INV001004,27545.64,2026-06-14,2026-08-13,2026-08-13,Paid,0,16,3,3,0,3,24,1,1,Mid-Market,3350354
CUST1659,INV001005,10998.36,2026-08-15,2026-10-14,2026-11-04,Paid,0,21,5,22,0,1,26,0,1,SMB,1597419
CUST1835,INV001006,34026.43,2025-08-03,2025-09-02,,Overdue,366,24,7,20,0,6,72,0,0,Mid-Market,2856284
CUST1307,INV001007,5000.0,2026-04-30,2026-05-30,,Overdue,96,4,2,12,1,1,8,0,1,Mid-Market,3418270
CUST1568,INV001008,13527.17,2025-11-25,2026-01-09,,Overdue,237,13,3,41,2,5,70,0,0,SMB,967472
CUST1870,INV001009,132820.45,2025-09-12,2025-10-12,2025-10-18,Paid,0,10,3,5,1,4,34,1,1,Mid-Market,548512
CUST0377,INV001010,34183.07,2026-01-22,2026-03-23,,Overdue,164,2,1,16,1,3,52,0,1,Mid-Market,3950379
CUST1682,INV001011,26024.5,2025-05-06,2025-06-05,,Overdue,455,19,2,18,1,5,44,0,0,Enterprise,997272
CUST1180,INV001012,160368.01,2026-08-07,2026-09-21,2026-10-06,Paid,0,14,1,14,2,2,79,1,1,Mid-Market,572154
CUST0508,INV001013,5000.0,2026-07-04,2026-07-19,,Overdue,46,6,1,9,0,0,82,0,1,Mid-Market,4374848
CUST1437,INV001014,9746.75,2025-11-20,2026-01-04,,Overdue,242,26,7,13,1,0,66,0,0,SMB,1456150
CUST0528,INV001015,14747.47,2025-07-23,2025-08-22,,Overdue,377,13,0,30,2,4,25,1,0,SMB,1550134
CUST1379,INV001016,51966.33,2025-06-21,2025-08-05,,Overdue,394,22,5,12,0,7,48,0,0,SMB,644557
CUST0559,INV001017,52873.44,2025-08-05,2025-09-04,,Overdue,364,28,5,19,1,5,9,0,0,Mid-Market,3339791
CUST1787,INV001018,9264.95,2025-09-02,2025-10-02,2025-10-02,Paid,0,12,3,0,3,3,16,0,1,Mid-Market,2432865
CUST1211,INV001019,59751.78,2025-12-02,2026-01-31,,Overdue,215,12,2,11,1,0,69,0,0,SMB,939493
CUST1055,INV001020,14715.92,2025-10-25,2025-12-09,,Overdue,268,23,8,35,1,0,25,0,0,Enterprise,4073278
CUST0260,INV001021,73986.63,2025-07-01,2025-08-30,,Overdue,369,12,1,7,0,0,44,0,0,SMB,2459381
CUST0421,INV001022,7842.85,2025-11-30,2025-12-30,,Overdue,247,11,4,6,0,1,87,0,0,Mid-Market,3358505
CUST1553,INV001023,19471.14,2026-05-26,2026-06-25,,Overdue,70,14,3,29,1,4,4,0,1,Mid-Market,3041620
CUST1575,INV001024,13491.74,2026-01-18,2026-02-17,,Overdue,198,4,2,6,0,5,44,0,0,SMB,2057338
CUST0304,INV001025,63324.68,2025-07-18,2025-09-01,,Overdue,367,13,5,5,2,7,83,0,0,Mid-Market,2284805
CUST0942,INV001026,13058.82,2025-11-28,2025-12-13,,Overdue,264,8,1,19,1,2,72,0,0,Mid-Market,4370614
CUST1968,INV001027,21111.04,2025-06-14,2025-07-14,2025-08-19,Paid,0,24,3,36,0,7,36,1,1,SMB,2900774
CUST1063,INV001028,36563.71,2025-08-30,2025-10-29,2025-11-24,Paid,0,27,8,21,0,7,41,0,1,Mid-Market,4834808
CUST1513,INV001029,37996.85,2025-08-15,2025-09-14,2025-09-28,Paid,0,23,4,13,1,1,17,0,1,Enterprise,745532
CUST1668,INV001030,53474.09,2026-07-10,2026-09-08,,Overdue,0,3,2,25,0,3,69,0,1,Enterprise,1479290
CUST0542,INV001031,27204.15,2026-03-27,2026-04-26,2026-05-03,Paid,0,14,1,10,0,6,19,0,1,Mid-Market,1668963
CUST1694,INV001032,14497.78,2025-07-15,2025-09-13,,Overdue,355,19,4,7,0,6,16,0,0,SMB,2048173
CUST1302,INV001033,15526.46,2025-07-23,2025-09-06,,Overdue,362,18,1,27,0,6,61,1,0,Enterprise,1496250
CUST1227,INV001034,22599.26,2026-04-03,2026-05-18,,Overdue,108,11,2,25,1,7,11,0,0,SMB,2617587
CUST1090,INV001035,28271.02,2025-09-14,2025-10-14,2025-10-23,Paid,0,13,3,8,0,4,2,0,1,SMB,4722412
CUST0108,INV001036,19012.05,2026-06-13,2026-08-12,,Overdue,22,23,7,22,2,1,5,0,0,Mid-Market,3902666
CUST0268,INV001037,22453.54,2025-09-29,2025-10-29,,Overdue,309,6,2,25,1,1,64,0,0,Mid-Market,1407453
CUST0222,INV001038,5000.0,2025-01-09,2025-02-23,2025-03-08,Paid,0,28,9,10,2,4,17,0,1,Mid-Market,3294424
CUST1828,INV001039,42931.25,2025-07-20,2025-08-04,,Overdue,395,23,3,14,0,5,61,0,0,Enterprise,1082499
CUST1554,INV001040,26399.82,2025-02-28,2025-03-30,2025-04-09,Paid,0,18,6,0,0,3,79,0,1,Enterprise,4918923
CUST1114,INV001041,59986.24,2026-01-28,2026-03-29,2026-04-07,Paid,0,20,4,12,0,4,87,1,1,Mid-Market,1609757
CUST0693,INV001042,22030.0,2025-04-29,2025-05-29,,Overdue,462,1,0,6,1,4,54,0,0,Mid-Market,2988687
CUST0255,INV001043,5000.0,2026-07-07,2026-08-21,,Overdue,13,2,0,10,0,3,43,0,0,SMB,2588568
CUST1479,INV001044,15391.24,2026-02-03,2026-02-18,2026-02-18,Paid,0,7,3,0,1,7,82,0,1,Mid-Market,2320463
CUST0253,INV001045,18035.01,2025-11-27,2026-01-26,2026-02-21,Paid,0,5,1,25,0,1,37,0,1,Enterprise,1126941
CUST0257,INV001046,46300.28,2025-09-24,2025-11-23,,Overdue,284,26,7,23,1,3,67,0,0,Enterprise,1214795
CUST0383,INV001047,5000.0,2026-06-04,2026-07-04,,Overdue,61,19,5,25,1,6,34,0,1,Mid-Market,4048422
CUST0442,INV001048,22952.44,2026-04-25,2026-05-25,,Overdue,101,2,0,12,1,2,88,0,1,Enterprise,2588143
CUST1882,INV001049,36815.54,2025-05-14,2025-06-28,2025-07-02,Paid,0,3,0,9,0,3,66,0,1,Enterprise,1358014
CUST0599,INV001050,11367.48,2025-12-21,2026-01-05,,Overdue,241,20,3,15,0,2,84,0,0,SMB,2813398
CUST1114,INV001051,23733.15,2026-08-07,2026-09-06,,Overdue,0,10,2,16,0,4,72,0,1,Mid-Market,1609757
CUST1773,INV001052,11765.93,2026-05-13,2026-06-12,,Overdue,83,10,2,27,2,6,28,0,1,Enterprise,287068
CUST0390,INV001053,10619.29,2025-04-17,2025-05-17,,Overdue,474,21,6,14,2,0,58,0,0,Mid-Market,2145588
CUST0582,INV001054,14640.99,2025-10-17,2025-11-01,,Overdue,306,8,0,13,1,4,73,1,0,Enterprise,2632814
CUST1068,INV001055,10821.69,2025-05-27,2025-06-11,2025-07-02,Paid,0,9,2,20,0,2,30,0,1,SMB,4639058
CUST1736,INV001056,43635.15,2025-11-23,2025-12-08,2025-12-15,Paid,0,2,0,0,2,3,60,0,1,Enterprise,1929262
CUST1688,INV001057,10562.32,2026-02-19,2026-03-21,,Overdue,166,28,7,27,1,2,54,1,0,SMB,2287300
CUST0598,INV001058,8929.27,2025-07-29,2025-08-28,2025-09-12,Paid,0,3,1,20,1,0,75,0,1,SMB,1615213
CUST0019,INV001059,129046.58,2025-10-23,2025-11-22,,Overdue,285,16,5,17,0,7,85,0,0,SMB,2513160
CUST1125,INV001060,57569.03,2026-02-02,2026-03-04,2026-03-20,Paid,0,4,1,18,0,4,52,0,1,Mid-Market,295300
CUST1938,INV001061,5000.0,2025-04-13,2025-06-12,,Overdue,448,23,5,21,1,2,79,1,0,Mid-Market,470539
CUST0607,INV001062,10252.04,2026-05-23,2026-06-22,,Overdue,73,6,3,39,0,1,60,0,0,SMB,2158542
CUST1790,INV001063,28070.18,2025-07-28,2025-09-11,,Overdue,357,13,4,8,1,7,49,0,0,Mid-Market,3764755
CUST1381,INV001064,30447.38,2026-03-04,2026-04-18,,Overdue,138,6,1,24,2,4,45,0,1,SMB,3499330
CUST1566,INV001065,5000.0,2026-01-28,2026-02-12,2026-02-28,Paid,0,10,3,16,0,7,53,0,1,SMB,4866129
CUST1785,INV001066,70162.24,2025-04-19,2025-05-19,,Overdue,472,23,9,4,1,4,52,0,0,Mid-Market,1852466
CUST1962,INV001067,50273.05,2025-12-14,2026-01-13,,Overdue,233,17,4,24,0,2,64,0,0,SMB,3992863
CUST0033,INV001068,35664.16,2025-02-19,2025-04-05,,Overdue,516,8,4,16,1,2,86,0,0,SMB,1734351
CUST1994,INV001069,85539.07,2025-04-15,2025-05-15,2025-06-03,Paid,0,9,0,16,1,6,38,0,1,SMB,347584
CUST1253,INV001070,34623.57,2026-02-24,2026-04-25,,Overdue,131,2,0,15,1,0,71,0,1,SMB,94816
CUST1548,INV001071,34495.39,2026-01-08,2026-02-22,,Overdue,193,17,3,17,2,6,4,0,0,Mid-Market,4772340
CUST1654,INV001072,104577.04,2025-01-27,2025-02-26,,Overdue,554,20,4,21,1,5,49,1,0,SMB,1185371
CUST0862,INV001073,66251.91,2025-09-30,2025-10-15,2025-10-19,Paid,0,11,4,8,0,1,67,0,1,SMB,4926709
CUST0155,INV001074,9494.73,2025-12-06,2026-01-05,,Overdue,241,18,4,12,0,2,25,0,0,Enterprise,338963
CUST1447,INV001075,41489.48,2025-10-28,2025-11-27,,Overdue,280,22,2,23,1,0,85,0,0,Mid-Market,4215255
CUST0905,INV001076,11335.92,2026-04-25,2026-05-25,,Overdue,101,3,1,3,0,2,64,0,1,SMB,1148657
CUST1270,INV001077,36466.69,2026-06-28,2026-08-12,,Overdue,22,9,5,23,2,6,24,0,0,SMB,4101889
CUST0405,INV001078,35476.06,2026-07-11,2026-08-25,,Overdue,9,8,0,12,0,4,65,0,1,SMB,906626
CUST0844,INV001079,5522.21,2025-09-22,2025-10-22,,Overdue,316,29,6,23,1,5,52,0,0,Enterprise,2104410
CUST1783,INV001080,19499.7,2026-06-26,2026-07-26,2026-08-21,Paid,0,7,2,18,1,5,51,0,1,SMB,1509410
CUST1565,INV001081,28717.36,2026-08-19,2026-09-03,,Overdue,0,27,9,8,2,4,71,0,1,Mid-Market,2530017
CUST1185,INV001082,14238.57,2025-06-15,2025-07-15,,Overdue,415,7,1,8,1,6,25,0,0,SMB,3001720
CUST0747,INV001083,30173.22,2025-11-12,2025-12-27,2026-01-05,Paid,0,23,5,6,1,6,69,0,1,SMB,388540
CUST1726,INV001084,49310.77,2025-01-01,2025-01-31,2025-02-02,Paid,0,21,5,1,4,4,50,0,1,SMB,3368843
CUST1141,INV001085,21362.81,2025-09-18,2025-11-02,2025-11-13,Paid,0,8,2,14,0,5,12,1,1,Mid-Market,1438509
CUST0271,INV001086,27573.2,2025-03-04,2025-05-03,,Overdue,488,20,3,15,0,4,20,0,0,Mid-Market,1608242
CUST0770,INV001087,87853.34,2026-04-28,2026-05-28,,Overdue,98,5,3,19,0,3,54,0,1,Mid-Market,3644804
CUST1716,INV001088,35355.05,2025-11-17,2025-12-17,,Overdue,260,3,1,10,0,4,12,0,0,Enterprise,4990359
CUST1511,INV001089,26925.37,2025-07-20,2025-08-19,,Overdue,380,19,9,19,2,1,28,0,0,Mid-Market,4698455
CUST1909,INV001090,8449.99,2025-08-10,2025-08-25,,Overdue,374,2,0,24,0,4,50,1,0,SMB,267314
CUST0172,INV001091,43089.13,2025-06-01,2025-07-01,2025-07-22,Paid,0,14,1,31,0,3,19,1,1,SMB,3897125
CUST1974,INV001092,30642.71,2026-04-07,2026-05-22,,Overdue,104,21,3,4,1,2,54,0,0,Mid-Market,2648133
CUST0274,INV001093,79518.06,2025-08-05,2025-09-04,,Overdue,364,28,6,26,0,2,62,1,0,Enterprise,4998008
CUST0259,INV001094,23083.62,2025-07-15,2025-08-29,,Overdue,370,2,1,17,0,7,7,0,0,Mid-Market,2727747
CUST1159,INV001095,5000.0,2025-07-21,2025-09-04,,Overdue,364,10,6,16,0,3,68,0,0,Enterprise,4872684
CUST1707,INV001096,5000.0,2025-08-22,2025-10-21,,Overdue,317,20,7,9,2,4,87,1,1,Mid-Market,4247079
CUST1746,INV001097,45967.08,2025-05-21,2025-06-20,2025-07-11,Paid,0,10,1,25,1,0,41,1,1,SMB,4647855
CUST1772,INV001098,12454.12,2026-05-13,2026-07-12,,Overdue,53,28,8,16,3,1,80,0,0,Mid-Market,1185270
CUST0422,INV001099,34090.29,2026-07-09,2026-08-23,,Overdue,11,17,5,1,3,4,41,0,1,Mid-Market,258944
CUST1445,INV001100,24691.95,2025-02-26,2025-03-28,2025-03-28,Paid,0,2,1,0,1,3,82,1,1,Enterprise,4023313
CUST1210,INV001101,18641.78,2026-05-19,2026-07-18,,Overdue,47,27,7,14,1,6,44,0,1,Enterprise,884874
CUST1953,INV001102,20003.02,2025-05-22,2025-07-21,,Overdue,409,1,0,18,2,5,36,1,0,Mid-Market,4874574
CUST0364,INV001103,9270.67,2026-08-07,2026-09-06,2026-09-17,Paid,0,18,1,6,2,7,58,0,1,Mid-Market,1644918
CUST1979,INV001104,21681.67,2026-06-23,2026-08-07,2026-08-22,Paid,0,4,2,10,0,4,11,0,1,Enterprise,1210152
CUST1631,INV001105,12277.29,2025-04-16,2025-05-16,2025-06-10,Paid,0,1,0,23,1,3,23,0,1,Mid-Market,1035257
CUST0378,INV001106,15180.14,2025-06-14,2025-07-14,2025-07-21,Paid,0,22,6,10,1,6,87,0,1,SMB,3854409
CUST1547,INV001107,15936.24,2025-08-03,2025-09-02,2025-10-05,Paid,0,17,7,18,0,4,12,0,1,Mid-Market,1914071
CUST0580,INV001108,17558.73,2025-03-12,2025-04-11,,Overdue,510,3,1,8,0,0,67,0,0,SMB,3614462
CUST0891,INV001109,55391.06,2026-08-02,2026-09-01,,Overdue,2,2,0,25,1,5,84,0,1,Mid-Market,2949033
CUST0722,INV001110,19345.39,2025-03-31,2025-04-30,,Overdue,491,18,4,16,1,0,87,0,0,SMB,4755815
CUST1220,INV001111,61310.25,2025-08-16,2025-09-30,,Overdue,338,4,0,14,0,1,35,0,0,SMB,3893139
CUST0881,INV001112,102524.28,2025-03-20,2025-04-19,,Overdue,502,25,4,27,0,7,66,0,0,SMB,3158591
CUST1122,INV001113,51789.6,2025-12-15,2025-12-30,2025-12-30,Paid,0,3,0,0,1,1,44,0,1,Enterprise,181184
CUST0605,INV001114,37589.07,2025-09-03,2025-10-03,,Overdue,335,12,2,20,3,3,53,0,1,SMB,1499087
CUST0022,INV001115,30541.21,2025-09-29,2025-10-29,,Overdue,309,22,3,0,0,0,37,0,0,SMB,4084464
CUST1474,INV001116,52331.76,2026-02-07,2026-03-09,,Overdue,178,16,3,14,0,1,24,0,0,SMB,2109385
CUST1196,INV001117,24085.39,2025-04-26,2025-05-26,2025-06-15,Paid,0,28,4,14,0,3,83,1,1,Enterprise,964565
CUST0383,INV001118,58957.37,2026-03-11,2026-04-10,,Overdue,146,11,5,17,0,5,89,1,1,Mid-Market,4048422
CUST0134,INV001119,40704.98,2026-06-14,2026-07-14,2026-07-15,Paid,0,10,5,0,0,1,5,0,1,SMB,2760527
CUST1450,INV001120,15369.8,2026-03-18,2026-04-17,2026-04-29,Paid,0,19,5,16,1,7,74,0,1,Mid-Market,3198491
CUST1049,INV001121,53952.05,2025-06-21,2025-08-20,,Overdue,379,10,4,26,1,5,29,0,0,Enterprise,3579921
CUST0503,INV001122,24136.49,2025-01-16,2025-02-15,,Overdue,565,21,6,8,0,7,51,0,0,SMB,2878630
CUST1209,INV001123,19808.53,2025-02-25,2025-04-11,2025-04-18,Paid,0,25,8,7,0,0,72,1,1,SMB,4044420
CUST1109,INV001124,13681.51,2026-08-14,2026-09-13,2026-09-18,Paid,0,3,1,8,0,7,18,1,1,Mid-Market,1425607
CUST1591,INV001125,26004.34,2025-04-13,2025-05-13,2025-05-25,Paid,0,24,6,22,1,5,29,0,1,Mid-Market,669003
CUST1787,INV001126,59662.72,2025-10-11,2025-11-10,2025-11-16,Paid,0,6,3,6,0,4,77,1,1,Mid-Market,2432865
CUST0144,INV001127,53580.47,2026-06-01,2026-07-31,2026-08-07,Paid,0,14,3,10,0,2,33,1,1,SMB,1466207
CUST1887,INV001128,31363.3,2025-10-05,2025-11-04,,Overdue,303,12,3,22,1,7,41,0,0,SMB,348783
CUST1934,INV001129,40120.54,2025-09-26,2025-11-10,2025-11-10,Paid,0,8,2,5,0,0,1,1,1,Mid-Market,2373724
CUST1703,INV001130,78566.19,2026-02-04,2026-03-06,,Overdue,181,2,2,23,1,5,63,1,0,SMB,1517130
CUST1436,INV001131,18958.99,2026-05-18,2026-06-17,,Overdue,78,9,2,8,1,7,82,0,0,SMB,2380344
CUST0224,INV001132,7219.78,2025-03-27,2025-05-26,,Overdue,465,14,4,12,0,1,80,1,0,SMB,4011676
CUST0220,INV001133,80913.01,2025-11-16,2025-12-16,2025-12-24,Paid,0,1,0,22,0,6,24,0,1,Mid-Market,1515744
CUST0179,INV001134,12967.76,2025-02-01,2025-02-16,,Overdue,564,3,2,22,2,2,41,0,0,Enterprise,1456368
CUST1655,INV001135,11044.21,2025-12-02,2026-01-01,,Overdue,245,20,6,9,1,0,54,1,0,SMB,378821
CUST0433,INV001136,5000.0,2025-02-20,2025-03-22,2025-03-24,Paid,0,6,1,4,0,6,6,1,1,Mid-Market,4804619
CUST0265,INV001137,38998.68,2025-03-20,2025-04-04,,Overdue,517,27,7,27,0,1,58,0,0,Enterprise,127175
CUST0954,INV001138,5000.0,2025-06-23,2025-07-23,,Overdue,407,20,3,11,0,0,89,0,0,Enterprise,1085891
CUST0429,INV001139,10401.87,2026-05-16,2026-06-15,2026-06-24,Paid,0,13,3,18,0,7,18,0,1,SMB,1096161
CUST1686,INV001140,39665.49,2026-07-29,2026-08-28,,Overdue,6,11,4,20,0,5,69,0,1,Enterprise,3169734
CUST0416,INV001141,45338.93,2025-03-17,2025-04-01,,Overdue,520,15,4,6,1,5,75,0,0,SMB,734029
CUST1477,INV001142,11479.24,2025-11-12,2026-01-11,2026-01-11,Paid,0,18,4,0,0,5,46,0,1,Mid-Market,1425645
CUST0727,INV001143,19261.17,2026-01-08,2026-02-07,,Overdue,208,19,4,19,2,7,46,0,0,SMB,2514722
CUST0197,INV001144,9204.11,2025-03-22,2025-05-06,2025-05-06,Paid,0,19,6,0,0,3,10,0,1,Mid-Market,3401463
CUST1578,INV001145,12728.56,2025-03-12,2025-04-26,2025-05-07,Paid,0,6,2,3,0,1,82,0,1,Mid-Market,154927
CUST1077,INV001146,28744.89,2025-03-12,2025-04-11,,Overdue,510,15,3,20,1,2,23,1,0,SMB,4557167
CUST0480,INV001147,13337.75,2025-02-15,2025-03-17,,Overdue,535,21,4,17,1,0,37,0,0,Mid-Market,2530252
CUST1467,INV001148,17253.75,2025-02-16,2025-03-18,2025-04-06,Paid,0,14,3,16,0,1,88,0,1,Enterprise,3138589
CUST1354,INV001149,5091.32,2026-08-14,2026-09-13,,Overdue,0,5,2,8,2,5,32,0,0,Mid-Market,4368420
CUST1275,INV001150,68388.24,2026-02-26,2026-03-28,,Overdue,159,11,7,25,0,4,33,0,0,SMB,4650145
CUST1831,INV001151,36682.92,2025-05-29,2025-07-13,,Overdue,417,20,3,4,1,1,44,0,0,Enterprise,2381348
CUST0890,INV001152,48674.25,2025-05-10,2025-06-09,,Overdue,451,13,4,0,4,0,72,0,0,SMB,3422863
CUST1807,INV001153,80051.49,2026-04-01,2026-05-01,,Overdue,125,13,4,0,1,4,45,0,1,Mid-Market,2476277
CUST1991,INV001154,9650.71,2026-05-20,2026-06-04,2026-06-16,Paid,0,4,1,14,1,2,15,0,1,Mid-Market,1677059
CUST0925,INV001155,15392.04,2025-09-01,2025-10-31,,Overdue,307,9,5,12,0,4,39,1,0,SMB,4206004
CUST0123,INV001156,5000.0,2026-04-19,2026-05-19,,Overdue,107,23,5,20,2,0,32,1,1,SMB,1306715
CUST1903,INV001157,509111.8,2026-01-17,2026-02-16,2026-03-05,Paid,0,29,5,19,0,7,31,0,1,Mid-Market,2649327
CUST1411,INV001158,18966.22,2025-04-13,2025-04-28,2025-05-08,Paid,0,13,5,12,1,4,68,1,1,SMB,4899433
CUST1363,INV001159,62238.43,2026-05-04,2026-06-03,2026-06-03,Paid,0,28,4,0,2,5,14,0,1,Mid-Market,1377042
CUST0778,INV001160,6385.84,2025-02-06,2025-03-23,2025-03-31,Paid,0,8,3,7,1,0,14,0,1,Mid-Market,1761952
CUST0348,INV001161,59658.29,2026-07-03,2026-08-17,2026-08-19,Paid,0,20,5,7,1,4,51,0,1,SMB,1419277
CUST0029,INV001162,141151.76,2026-06-04,2026-07-19,,Overdue,46,11,1,28,0,3,42,0,1,Mid-Market,4495655
CUST0975,INV001163,20737.92,2025-11-29,2025-12-29,2026-01-02,Paid,0,19,3,11,1,2,77,0,1,SMB,2579832
CUST0035,INV001164,8015.39,2026-02-01,2026-04-02,,Overdue,154,1,0,22,3,2,50,0,0,Enterprise,1512436
CUST1542,INV001165,19171.95,2025-10-23,2025-11-22,,Overdue,285,9,3,14,0,2,31,0,0,SMB,1005205
CUST1420,INV001166,5000.0,2025-04-17,2025-05-17,2025-06-01,Paid,0,25,4,11,1,3,18,1,1,Enterprise,4910319
CUST0623,INV001167,21207.57,2026-06-14,2026-07-14,,Overdue,51,2,1,7,0,2,84,1,0,SMB,1035132
CUST1318,INV001168,50059.48,2025-03-24,2025-04-08,2025-04-20,Paid,0,4,0,17,0,4,24,1,1,Mid-Market,4538155
CUST0589,INV001169,21252.77,2025-10-15,2025-11-14,,Overdue,293,29,9,2,2,5,16,0,0,SMB,2487245
CUST1373,INV001170,16578.47,2026-04-06,2026-05-06,2026-05-21,Paid,0,4,2,12,0,1,11,0,1,Enterprise,1612518
CUST1171,INV001171,37330.58,2025-08-03,2025-09-02,,Overdue,366,28,7,13,2,5,22,0,0,Mid-Market,2645834
CUST1091,INV001172,40296.7,2025-10-08,2025-11-07,2025-11-16,Paid,0,1,1,14,0,6,51,0,1,Enterprise,3150498
CUST0904,INV001173,5000.0,2026-04-04,2026-05-19,,Overdue,107,28,6,4,0,7,36,0,1,Mid-Market,3251473
CUST0520,INV001174,24072.44,2025-12-10,2026-02-08,,Overdue,207,18,3,8,0,3,80,0,1,SMB,2698202
CUST0122,INV001175,251697.97,2025-07-13,2025-08-12,2025-08-30,Paid,0,14,2,15,0,6,67,1,1,Enterprise,2569507
CUST0340,INV001176,5796.35,2025-06-07,2025-07-22,2025-08-02,Paid,0,13,3,14,2,3,14,0,1,SMB,1403324
CUST0175,INV001177,20223.11,2026-04-10,2026-06-09,2026-07-02,Paid,0,8,1,25,0,0,83,0,1,Mid-Market,240237
CUST1924,INV001178,153544.56,2025-04-14,2025-06-13,,Overdue,447,6,3,10,0,3,11,0,0,SMB,2091381
CUST1715,INV001179,66448.01,2025-02-03,2025-03-05,,Overdue,547,17,6,0,1,2,14,0,0,SMB,4192887
CUST0597,INV001180,13181.94,2025-04-12,2025-05-27,,Overdue,464,23,6,7,3,3,66,0,0,Mid-Market,1528768
CUST0451,INV001181,27068.75,2025-11-21,2025-12-21,,Overdue,256,11,4,2,3,3,78,0,0,Mid-Market,3665652
CUST0557,INV001182,21980.0,2026-08-15,2026-09-14,2026-10-15,Paid,0,15,1,28,1,4,26,0,1,SMB,391207
CUST1160,INV001183,10424.65,2025-05-21,2025-07-05,,Overdue,425,7,1,20,2,4,77,0,1,SMB,2376729
CUST1879,INV001184,20450.2,2026-04-19,2026-06-03,2026-06-25,Paid,0,22,6,16,0,5,19,1,1,SMB,1676528
CUST1040,INV001185,16647.81,2025-01-31,2025-03-02,,Overdue,550,29,7,16,1,3,78,0,0,SMB,128077
CUST1357,INV001186,24655.34,2025-03-04,2025-04-18,,Overdue,503,27,7,11,0,2,42,0,0,Enterprise,3255228
CUST1219,INV001187,10421.4,2026-07-14,2026-08-13,,Overdue,21,8,0,0,0,6,89,0,1,Mid-Market,3691644
CUST1520,INV001188,6144.92,2025-03-28,2025-04-27,,Overdue,494,11,3,8,2,4,11,0,0,Enterprise,3673425
CUST0009,INV001189,21135.71,2025-10-31,2025-11-30,,Overdue,277,28,9,0,1,1,35,0,0,Mid-Market,4999982
CUST1852,INV001190,122408.39,2025-03-02,2025-05-01,,Overdue,490,21,5,19,2,4,42,1,0,Mid-Market,1043978
CUST0334,INV001191,23913.61,2026-01-31,2026-04-01,,Overdue,155,2,0,13,3,0,40,0,0,SMB,2438229
CUST1357,INV001192,15810.13,2025-11-30,2026-01-14,2026-01-28,Paid,0,20,3,13,0,0,4,0,1,Enterprise,3255228
CUST1017,INV001193,46820.94,2026-02-15,2026-03-02,2026-03-07,Paid,0,11,2,5,1,6,48,0,1,SMB,258859
CUST0327,INV001194,18801.28,2025-10-11,2025-11-10,,Overdue,297,14,4,11,2,3,10,0,0,Mid-Market,3150581
CUST0015,INV001195,142633.39,2026-04-11,2026-04-26,2026-05-10,Paid,0,24,5,18,0,3,45,0,1,SMB,1812999
CUST0839,INV001196,21940.46,2025-03-21,2025-04-20,,Overdue,501,13,4,16,1,6,87,0,0,Mid-Market,814265
CUST1638,INV001197,44377.91,2025-03-18,2025-04-17,,Overdue,504,8,1,1,0,2,8,0,1,SMB,4788202
CUST0226,INV001198,10356.77,2026-06-24,2026-07-24,,Overdue,41,12,3,5,1,5,76,0,0,SMB,2288673
CUST1449,INV001199,36427.86,2025-12-27,2026-01-26,2026-02-13,Paid,0,21,5,19,1,6,18,1,1,Enterprise,3247445
CUST1814,INV001200,29001.23,2025-03-18,2025-05-17,,Overdue,474,22,3,9,0,5,67,0,0,SMB,1948917
CUST1432,INV001201,20816.35,2026-05-24,2026-06-23,2026-07-23,Paid,0,9,6,30,0,7,4,0,1,Mid-Market,1387768
CUST0113,INV001202,13336.26,2025-06-13,2025-07-28,2025-08-03,Paid,0,26,9,2,1,7,21,1,1,Enterprise,172775
CUST1452,INV001203,11637.29,2025-01-09,2025-02-08,,Overdue,572,26,6,10,0,1,60,0,0,Mid-Market,3251208
CUST0001,INV001204,29212.52,2025-06-24,2025-07-24,,Overdue,406,10,3,8,1,2,73,1,0,SMB,1464022
CUST0266,INV001205,41313.27,2026-04-07,2026-05-07,2026-05-20,Paid,0,11,4,10,0,2,44,0,1,Mid-Market,2735747
CUST1515,INV001206,19396.29,2025-11-03,2025-12-03,2025-12-07,Paid,0,11,3,2,2,5,61,1,1,SMB,847057
CUST1232,INV001207,29356.46,2026-08-11,2026-09-10,2026-09-10,Paid,0,16,4,0,1,6,79,0,1,SMB,2564719
CUST1646,INV001208,21206.97,2025-09-02,2025-10-02,2025-10-27,Paid,0,18,7,18,0,0,68,0,1,Mid-Market,50917
CUST1736,INV001209,24307.15,2025-05-02,2025-06-16,,Overdue,444,21,7,27,1,5,26,0,0,Enterprise,1929262
CUST0952,INV001210,18025.72,2025-07-04,2025-09-02,,Overdue,366,9,2,7,1,6,66,1,0,Mid-Market,1778665
CUST1393,INV001211,22425.92,2025-02-01,2025-03-03,,Overdue,549,3,0,15,1,5,85,0,0,SMB,3822827
CUST0306,INV001212,327106.29,2026-07-23,2026-08-22,,Overdue,12,22,4,10,3,1,18,0,1,Enterprise,1949054
CUST0012,INV001213,30080.56,2025-11-06,2026-01-05,2026-01-11,Paid,0,4,1,10,0,6,66,1,1,Enterprise,2459029
CUST1369,INV001214,41994.63,2026-01-07,2026-02-21,2026-02-25,Paid,0,20,8,6,2,6,7,1,1,SMB,2584957
CUST1489,INV001215,34133.13,2026-08-19,2026-09-18,,Overdue,0,19,5,19,2,5,20,1,1,SMB,1199734
CUST1724,INV001216,16935.77,2025-02-25,2025-04-11,,Overdue,510,10,2,15,2,6,44,0,0,SMB,411309
CUST1690,INV001217,80337.29,2025-09-30,2025-10-15,2025-10-18,Paid,0,13,1,5,0,6,80,0,1,Mid-Market,2671158
CUST1518,INV001218,16462.43,2026-04-09,2026-04-24,,Overdue,132,1,0,20,1,1,78,0,0,Enterprise,3485088
CUST1392,INV001219,63262.91,2026-04-01,2026-05-01,,Overdue,125,12,2,26,3,4,79,0,0,SMB,3502814
CUST1870,INV001220,15768.87,2025-09-06,2025-10-06,,Overdue,332,11,3,24,0,3,58,0,0,Mid-Market,548512
CUST0937,INV001221,8434.01,2025-03-19,2025-04-18,,Overdue,503,24,8,10,1,6,50,0,0,SMB,2962066
CUST0420,INV001222,31742.01,2026-06-18,2026-07-18,2026-07-20,Paid,0,5,2,4,0,3,30,1,1,Mid-Market,4049694
CUST0889,INV001223,7297.83,2025-04-18,2025-06-17,2025-06-17,Paid,0,2,1,3,2,0,48,1,1,SMB,1871367
CUST1815,INV001224,37633.14,2025-09-30,2025-10-30,,Overdue,308,17,5,7,0,0,71,0,0,SMB,789574
CUST0171,INV001225,6673.11,2025-01-15,2025-02-14,,Overdue,566,17,7,8,1,4,24,0,0,Mid-Market,358449
CUST0134,INV001226,16010.37,2026-01-05,2026-01-20,,Overdue,226,20,6,21,2,4,81,0,0,SMB,2760527
CUST0965,INV001227,5262.02,2025-10-31,2025-11-30,,Overdue,277,15,5,0,2,7,81,0,0,SMB,4660146
CUST1451,INV001228,371077.79,2025-07-24,2025-08-23,,Overdue,376,4,1,11,0,2,5,0,0,SMB,405054
CUST1049,INV001229,5000.0,2025-04-23,2025-06-07,,Overdue,453,22,8,7,2,3,55,0,0,Enterprise,3579921
CUST1554,INV001230,22243.69,2025-09-10,2025-10-25,,Overdue,313,11,2,5,2,4,1,0,0,Enterprise,4918923
CUST1214,INV001231,69099.6,2026-03-17,2026-04-16,2026-05-05,Paid,0,23,7,17,0,1,50,1,1,Mid-Market,3557447
CUST1165,INV001232,62092.84,2025-07-05,2025-08-04,2025-08-05,Paid,0,1,0,5,2,2,43,1,1,SMB,1605537
CUST1579,INV001233,51603.36,2025-08-15,2025-09-29,,Overdue,339,10,1,11,2,7,85,0,0,Mid-Market,1899916
CUST1870,INV001234,16038.89,2026-06-12,2026-07-12,,Overdue,53,18,4,21,3,7,30,0,0,Mid-Market,548512
CUST1820,INV001235,85058.02,2025-12-20,2026-01-19,2026-01-19,Paid,0,15,3,9,2,2,68,0,1,SMB,3680623
CUST0658,INV001236,54906.72,2025-01-01,2025-01-31,,Overdue,580,19,5,25,1,3,69,0,0,SMB,4858163
CUST1339,INV001237,27236.13,2026-07-07,2026-09-05,2026-09-15,Paid,0,25,7,4,0,3,41,0,1,SMB,3197915
CUST1468,INV001238,28017.39,2026-07-14,2026-08-13,2026-08-15,Paid,0,4,0,0,1,3,21,0,1,SMB,4289399
CUST1343,INV001239,16253.72,2026-02-24,2026-04-25,2026-05-09,Paid,0,6,2,17,0,0,20,0,1,Enterprise,1524620
CUST1465,INV001240,8869.27,2025-06-10,2025-06-25,2025-07-04,Paid,0,2,2,15,0,6,20,0,1,Enterprise,4664466
CUST1116,INV001241,75898.41,2025-06-10,2025-06-25,,Overdue,435,13,4,22,2,3,37,0,0,Mid-Market,3482207
CUST0179,INV001242,81814.35,2025-05-08,2025-06-22,,Overdue,438,27,5,16,1,0,81,0,0,Enterprise,1456368
CUST1080,INV001243,9098.74,2025-05-31,2025-06-30,,Overdue,430,2,1,27,2,4,73,0,0,Enterprise,1433875
CUST1179,INV001244,18886.73,2026-03-20,2026-04-19,2026-05-13,Paid,0,13,0,15,1,6,23,1,1,Mid-Market,1448949
CUST1696,INV001245,19083.45,2026-04-16,2026-05-16,,Overdue,110,15,4,22,1,1,84,0,0,SMB,4756797
CUST0111,INV001246,21318.79,2026-04-08,2026-05-08,2026-05-26,Paid,0,29,7,20,1,6,9,0,1,SMB,2805063
CUST0137,INV001247,23489.17,2025-01-30,2025-03-01,,Overdue,551,18,8,6,0,6,81,0,0,Mid-Market,329215
CUST0232,INV001248,56775.57,2026-04-18,2026-06-02,,Overdue,93,11,4,8,0,6,84,0,0,Mid-Market,4720817
CUST0992,INV001249,10433.56,2026-07-11,2026-08-25,,Overdue,9,5,2,10,0,1,82,0,0,Mid-Market,2063148
CUST0468,INV001250,9448.89,2025-03-21,2025-05-20,,Overdue,471,29,7,34,1,2,85,0,0,Enterprise,4751669
CUST0732,INV001251,75858.1,2025-02-08,2025-03-25,,Overdue,527,25,6,6,0,6,63,0,0,Mid-Market,2565967
CUST0481,INV001252,13868.22,2025-08-28,2025-10-12,,Overdue,326,14,8,16,1,7,26,0,0,Mid-Market,832877
CUST1092,INV001253,6228.96,2026-07-11,2026-08-25,2026-09-13,Paid,0,22,2,13,0,2,39,0,1,Mid-Market,4839125
CUST0814,INV001254,13559.87,2026-08-13,2026-10-12,2026-10-24,Paid,0,16,3,14,1,6,15,0,1,Enterprise,578714
CUST1273,INV001255,15834.51,2025-12-03,2026-01-02,,Overdue,244,14,2,13,0,2,62,0,0,Mid-Market,4330650
CUST0994,INV001256,104293.33,2025-10-07,2025-11-06,,Overdue,301,9,2,8,1,7,58,0,0,Mid-Market,1569593
CUST0323,INV001257,55538.19,2025-04-26,2025-06-10,2025-06-14,Paid,0,6,1,1,2,1,31,0,1,Mid-Market,412455
CUST0922,INV001258,69391.57,2025-09-26,2025-10-26,,Overdue,312,9,2,3,1,2,83,1,0,SMB,1707153
CUST0904,INV001259,50009.77,2025-12-01,2026-01-30,,Overdue,216,29,12,19,0,7,68,0,0,Mid-Market,3251473
CUST1542,INV001260,56740.51,2025-11-08,2025-12-08,2025-12-13,Paid,0,5,2,17,1,6,37,0,1,SMB,1005205
CUST2000,INV001261,11069.16,2025-02-22,2025-03-24,,Overdue,528,11,4,14,0,0,62,0,0,SMB,1701348
CUST1816,INV001262,18058.97,2025-03-09,2025-04-23,,Overdue,498,12,4,30,1,7,64,0,0,Enterprise,4121495
CUST1456,INV001263,8185.21,2025-02-03,2025-03-05,,Overdue,547,17,7,36,1,2,47,0,0,Enterprise,2898883
CUST1511,INV001264,17845.59,2026-01-21,2026-03-22,2026-03-22,Paid,0,6,2,3,0,4,71,1,1,Mid-Market,4698455
CUST0606,INV001265,43656.39,2025-09-06,2025-11-05,,Overdue,302,20,1,26,1,6,56,0,0,SMB,2581528
CUST0429,INV001266,25199.6,2025-04-21,2025-06-05,,Overdue,455,25,5,0,0,2,17,0,0,SMB,1096161
CUST1293,INV001267,81754.88,2025-04-04,2025-05-04,,Overdue,487,6,4,8,2,6,10,0,0,Mid-Market,4943180
CUST1733,INV001268,7034.52,2026-02-14,2026-03-16,,Overdue,171,15,4,14,0,7,43,0,0,Mid-Market,3330931
CUST1561,INV001269,36324.16,2025-06-28,2025-07-28,2025-08-23,Paid,0,17,2,20,2,7,61,0,1,SMB,2499308
CUST0148,INV001270,6321.41,2025-02-16,2025-04-17,,Overdue,504,22,5,0,4,7,14,0,0,Mid-Market,3252209
CUST1142,INV001271,24201.66,2026-01-11,2026-02-10,2026-02-26,Paid,0,3,2,13,0,0,82,0,1,SMB,3804542
CUST0850,INV001272,46181.45,2026-08-10,2026-09-09,2026-09-24,Paid,0,19,10,13,0,5,9,0,1,Mid-Market,606718
CUST0367,INV001273,17774.1,2025-07-21,2025-08-05,2025-08-05,Paid,0,23,5,0,0,1,80,0,1,Enterprise,2754716
CUST0850,INV001274,38220.47,2026-03-21,2026-04-20,,Overdue,136,2,1,16,4,7,73,0,0,Mid-Market,606718
CUST1090,INV001275,8436.03,2025-10-24,2025-12-23,,Overdue,254,9,2,11,2,5,11,0,0,SMB,4722412
CUST1994,INV001276,5000.0,2025-11-04,2025-11-19,,Overdue,288,9,2,18,0,6,27,0,0,SMB,347584
CUST0813,INV001277,38446.76,2026-05-08,2026-06-07,,Overdue,88,7,1,7,2,1,14,0,0,SMB,429039
CUST1394,INV001278,125996.6,2025-12-04,2026-01-18,,Overdue,228,25,9,8,3,1,14,0,1,Mid-Market,4628887
CUST0175,INV001279,8135.2,2025-03-07,2025-04-21,,Overdue,500,16,4,35,1,0,29,0,0,Mid-Market,240237
CUST1855,INV001280,74771.66,2026-02-26,2026-04-12,,Overdue,144,27,6,4,1,1,11,0,0,Enterprise,4482027
CUST0588,INV001281,23004.0,2026-06-24,2026-08-08,,Overdue,26,6,1,10,1,7,15,0,0,SMB,4886917
CUST0495,INV001282,5792.44,2026-05-08,2026-06-07,2026-06-25,Paid,0,9,2,7,0,6,44,0,1,SMB,485477
CUST0973,INV001283,7104.58,2025-11-13,2025-12-13,,Overdue,264,26,6,13,1,6,14,0,0,Mid-Market,3894886
CUST1138,INV001284,22376.91,2025-03-16,2025-05-15,,Overdue,476,13,2,15,2,3,3,0,0,SMB,2635917
CUST1135,INV001285,14699.04,2025-02-28,2025-04-29,,Overdue,492,2,1,24,0,7,12,1,0,Mid-Market,4507335
CUST1785,INV001286,5925.9,2026-01-21,2026-02-20,,Overdue,195,14,1,6,1,2,58,0,0,Mid-Market,1852466
CUST1463,INV001287,5000.0,2025-01-15,2025-03-01,2025-03-03,Paid,0,5,2,9,1,0,14,0,1,SMB,2049482
CUST1739,INV001288,9445.38,2025-08-19,2025-10-18,,Overdue,320,11,2,14,3,7,41,1,0,SMB,1772199
CUST1171,INV001289,26737.14,2025-07-18,2025-08-17,,Overdue,382,15,5,0,3,2,17,0,0,Mid-Market,2645834
CUST0035,INV001290,21885.93,2025-12-20,2026-01-19,2026-02-16,Paid,0,6,2,24,0,4,81,0,1,Enterprise,1512436
CUST0999,INV001291,13343.2,2025-02-04,2025-03-21,,Overdue,531,28,7,0,1,6,87,0,0,Enterprise,187686
CUST1333,INV001292,26954.01,2025-06-11,2025-08-10,2025-08-30,Paid,0,6,1,19,0,2,36,1,1,SMB,3620118
CUST0538,INV001293,62319.32,2026-04-16,2026-05-31,,Overdue,95,16,4,47,1,0,25,0,1,SMB,3796037
CUST0750,INV001294,32667.19,2026-06-15,2026-07-30,,Overdue,35,27,11,18,0,3,32,0,0,Mid-Market,3410492
CUST1038,INV001295,19510.17,2026-02-27,2026-03-29,,Overdue,158,20,3,19,0,3,23,0,0,Mid-Market,1495065
CUST0374,INV001296,55718.75,2025-12-14,2025-12-29,,Overdue,248,29,6,13,1,1,41,0,0,Mid-Market,2125915
CUST0557,INV001297,8435.04,2025-05-27,2025-06-26,2025-06-26,Paid,0,4,3,4,2,3,80,1,1,SMB,391207
CUST1452,INV001298,17589.91,2026-01-09,2026-03-10,,Overdue,177,5,2,20,0,7,43,0,1,Mid-Market,3251208
CUST1752,INV001299,18014.14,2026-02-20,2026-03-22,2026-03-28,Paid,0,6,2,0,0,4,74,0,1,SMB,921535
CUST0233,INV001300,6393.56,2026-05-09,2026-05-24,,Overdue,102,28,8,0,0,4,57,0,1,Mid-Market,2612605
CUST0705,INV001301,14474.24,2026-07-13,2026-09-11,,Overdue,0,13,3,7,0,2,34,1,1,SMB,1598485
CUST0563,INV001302,5000.0,2025-09-13,2025-10-13,2025-11-02,Paid,0,14,3,17,1,4,33,0,1,SMB,4804896
CUST0939,INV001303,149071.01,2025-04-13,2025-05-28,,Overdue,463,24,6,0,0,0,57,0,0,SMB,1590724
CUST0887,INV001304,8626.43,2025-05-01,2025-05-31,2025-06-20,Paid,0,28,6,19,0,6,28,1,1,Mid-Market,862283
CUST0726,INV001305,107593.35,2026-02-23,2026-03-25,,Overdue,162,13,4,16,1,6,51,0,1,Mid-Market,3474083
CUST1687,INV001306,22881.51,2025-12-16,2026-01-15,,Overdue,231,10,2,13,0,1,60,0,0,Enterprise,761943
CUST1464,INV001307,38749.15,2025-02-11,2025-04-12,,Overdue,509,17,3,0,1,4,7,0,0,Mid-Market,3699244
CUST1526,INV001308,13510.2,2026-01-02,2026-01-17,,Overdue,229,24,7,21,2,1,2,1,1,SMB,257352
CUST1299,INV001309,27117.37,2025-01-29,2025-03-15,2025-03-25,Paid,0,18,1,10,0,5,35,0,1,Mid-Market,1242503
CUST1874,INV001310,42213.26,2025-01-14,2025-02-13,,Overdue,567,27,8,11,1,1,48,0,0,Mid-Market,1980440
CUST0076,INV001311,42811.09,2026-04-30,2026-05-30,2026-06-03,Paid,0,7,1,7,0,7,7,0,1,Mid-Market,2240421
CUST0439,INV001312,47799.64,2025-07-08,2025-08-07,,Overdue,392,4,0,0,1,2,77,0,0,Mid-Market,2229431
CUST1756,INV001313,15239.82,2025-10-22,2025-12-21,,Overdue,256,24,5,2,3,0,67,0,0,Mid-Market,1511312
CUST1884,INV001314,13624.71,2025-07-02,2025-08-01,,Overdue,398,22,3,22,0,5,89,0,0,Mid-Market,4712315
CUST1980,INV001315,5000.0,2026-07-02,2026-08-01,,Overdue,33,21,5,28,0,6,71,1,0,Mid-Market,3791104
CUST0699,INV001316,37168.58,2025-02-06,2025-03-23,,Overdue,529,16,2,18,1,2,62,0,0,SMB,2331608
CUST1313,INV001317,65015.35,2025-01-14,2025-01-29,,Overdue,582,10,2,20,1,7,55,0,0,Mid-Market,1720357
CUST0915,INV001318,110855.37,2026-08-18,2026-09-02,,Overdue,1,26,4,29,0,4,22,0,1,Mid-Market,1700824
CUST1564,INV001319,29886.81,2025-06-08,2025-06-23,2025-07-21,Paid,0,21,3,28,0,5,28,1,1,SMB,3298204
CUST0891,INV001320,10234.51,2026-05-09,2026-06-23,,Overdue,72,20,5,18,2,7,5,1,0,Mid-Market,2949033
CUST0692,INV001321,5000.0,2025-11-25,2025-12-25,,Overdue,252,19,5,6,0,6,66,0,0,SMB,2926280
CUST0253,INV001322,62421.61,2025-03-24,2025-05-23,2025-05-24,Paid,0,3,0,0,0,5,48,0,1,Enterprise,1126941
CUST1150,INV001323,5000.0,2026-07-10,2026-08-09,2026-08-31,Paid,0,19,4,13,0,4,56,0,1,Enterprise,4086405
CUST1201,INV001324,15668.32,2026-08-03,2026-09-02,2026-09-08,Paid,0,23,3,14,2,7,36,0,1,Mid-Market,1799736
CUST1061,INV001325,17600.69,2026-07-14,2026-08-28,,Overdue,6,24,7,38,0,1,24,0,0,Enterprise,2773408
CUST0410,INV001326,20548.53,2026-07-23,2026-08-22,,Overdue,12,13,4,19,1,6,32,1,0,SMB,520529
CUST1635,INV001327,22829.36,2026-08-10,2026-10-09,2026-10-15,Paid,0,8,0,14,0,5,86,1,1,Enterprise,2685466
CUST1634,INV001328,25289.58,2025-01-22,2025-02-21,,Overdue,559,18,7,3,1,3,70,0,0,Mid-Market,468829
CUST0127,INV001329,5000.0,2025-05-12,2025-06-11,,Overdue,449,19,8,13,0,6,87,0,0,Mid-Market,3064938
CUST1507,INV001330,22351.66,2026-04-10,2026-05-10,,Overdue,116,18,4,25,0,1,46,1,0,Mid-Market,2003341
CUST1192,INV001331,5000.0,2026-04-01,2026-04-16,,Overdue,140,22,3,10,0,0,78,0,0,Mid-Market,2818705
CUST0592,INV001332,45808.19,2025-10-29,2025-11-13,2025-11-13,Paid,0,27,4,0,0,7,55,0,1,Mid-Market,1876525
CUST0294,INV001333,12643.2,2025-09-24,2025-10-24,2025-10-24,Paid,0,19,7,3,0,3,15,0,1,SMB,1570943
CUST1869,INV001334,5000.0,2026-01-30,2026-03-01,2026-03-01,Paid,0,22,5,0,0,3,43,0,1,SMB,2488710
CUST1662,INV001335,9757.54,2025-04-30,2025-05-15,,Overdue,476,4,0,5,1,3,63,0,0,Mid-Market,3298140
CUST1367,INV001336,12455.59,2025-09-03,2025-10-03,,Overdue,335,13,6,1,1,4,62,0,0,Mid-Market,929854
CUST1020,INV001337,72453.45,2026-07-22,2026-08-21,,Overdue,13,12,3,17,1,6,70,0,0,SMB,3353364
CUST0310,INV001338,26812.88,2025-02-07,2025-03-09,,Overdue,543,15,5,19,1,0,22,1,0,SMB,3323523
CUST0662,INV001339,31083.89,2025-09-02,2025-10-02,,Overdue,336,26,9,27,0,4,88,1,0,Enterprise,1261569
CUST0528,INV001340,71769.99,2025-01-21,2025-02-20,,Overdue,560,15,5,11,0,1,78,0,0,SMB,1550134
CUST0540,INV001341,20007.36,2025-04-20,2025-06-04,2025-06-20,Paid,0,10,1,11,0,5,25,1,1,SMB,4776276
CUST0419,INV001342,46825.72,2026-01-29,2026-03-15,,Overdue,172,22,6,15,1,1,61,1,0,Mid-Market,4465276
CUST0444,INV001343,43645.75,2026-02-14,2026-03-16,,Overdue,171,29,8,6,1,1,38,0,0,SMB,3965770
CUST0685,INV001344,6084.69,2025-01-08,2025-02-07,,Overdue,573,19,2,1,1,1,51,0,0,Enterprise,887393
CUST1582,INV001345,96084.53,2026-03-20,2026-04-19,,Overdue,137,21,4,3,1,4,78,0,0,SMB,3699886
CUST0840,INV001346,5322.5,2025-11-24,2026-01-23,,Overdue,223,8,2,18,0,3,85,1,0,Mid-Market,358617
CUST0236,INV001347,55125.44,2025-10-17,2025-11-16,,Overdue,291,19,7,21,0,0,81,1,0,Mid-Market,2849250
CUST1463,INV001348,5000.0,2026-05-26,2026-06-25,,Overdue,70,25,9,36,2,2,78,0,0,SMB,2049482
CUST0214,INV001349,40184.51,2025-12-27,2026-01-11,2026-01-14,Paid,0,9,3,2,0,5,58,0,1,SMB,4357086
CUST0085,INV001350,141763.42,2026-08-22,2026-10-21,,Overdue,0,29,13,1,0,2,9,0,1,SMB,4525156
CUST0794,INV001351,17801.2,2025-08-07,2025-09-21,2025-09-21,Paid,0,7,1,0,1,7,82,0,1,Mid-Market,965113
CUST1768,INV001352,17045.55,2026-02-10,2026-03-12,2026-03-22,Paid,0,8,2,14,0,1,11,1,1,SMB,3807454
CUST0085,INV001353,40556.04,2025-08-08,2025-09-07,,Overdue,361,9,2,17,0,7,49,0,0,SMB,4525156
CUST1945,INV001354,15844.91,2026-08-18,2026-10-17,2026-10-25,Paid,0,17,5,6,0,5,69,0,1,Mid-Market,2071835
CUST1513,INV001355,135710.43,2025-04-17,2025-05-17,,Overdue,474,15,5,0,0,4,88,0,0,Enterprise,745532
CUST0065,INV001356,26693.95,2026-08-04,2026-09-03,,Overdue,0,16,4,32,0,7,53,1,1,SMB,95232
CUST1670,INV001357,15991.79,2025-10-13,2025-11-27,,Overdue,280,7,2,16,0,1,69,0,0,Mid-Market,571244
CUST0663,INV001358,12832.22,2025-01-08,2025-02-07,2025-02-07,Paid,0,10,3,0,1,5,10,1,1,Mid-Market,4611307
CUST0627,INV001359,8665.04,2025-07-08,2025-07-23,,Overdue,407,19,6,8,1,4,2,0,0,SMB,513937
CUST0064,INV001360,11757.48,2025-03-22,2025-04-21,,Overdue,500,6,1,35,2,5,87,1,1,SMB,3502501
CUST1367,INV001361,15511.34,2025-04-18,2025-06-17,,Overdue,443,25,10,21,0,3,32,1,0,Mid-Market,929854
CUST0939,INV001362,13525.89,2025-11-17,2025-12-17,2025-12-23,Paid,0,12,1,9,0,0,65,1,1,SMB,1590724
CUST1899,INV001363,11405.2,2026-08-02,2026-09-16,2026-09-23,Paid,0,15,1,2,0,1,18,0,1,SMB,3355610
CUST0919,INV001364,179663.55,2025-12-12,2026-01-11,2026-02-14,Paid,0,10,2,26,0,7,16,0,1,Mid-Market,331854
CUST1376,INV001365,7862.85,2025-11-24,2026-01-23,2026-01-28,Paid,0,27,8,0,2,7,16,0,1,Enterprise,2794804
CUST1182,INV001366,25505.07,2026-07-09,2026-09-07,2026-09-27,Paid,0,24,10,17,2,0,37,0,1,SMB,1061930
CUST1613,INV001367,39835.79,2025-10-29,2025-11-28,2025-12-16,Paid,0,18,7,17,0,3,55,0,1,Mid-Market,1528081
CUST0491,INV001368,41361.59,2025-07-19,2025-08-18,,Overdue,381,4,1,23,0,2,59,0,0,SMB,3529027
CUST1682,INV001369,20772.66,2026-02-23,2026-03-25,,Overdue,162,11,2,18,0,5,55,0,0,Enterprise,997272
CUST1879,INV001370,17314.46,2025-02-08,2025-03-25,2025-04-04,Paid,0,5,1,18,0,6,88,0,1,SMB,1676528
CUST1487,INV001371,34597.87,2025-11-03,2025-12-03,,Overdue,274,13,6,15,0,7,54,0,0,SMB,3099316
CUST1249,INV001372,28753.7,2025-01-04,2025-02-18,,Overdue,562,10,2,15,0,1,83,1,0,Enterprise,3449752
CUST1941,INV001373,17001.23,2025-03-18,2025-04-17,,Overdue,504,22,5,31,0,5,40,1,0,SMB,3547831
CUST0313,INV001374,5000.0,2026-04-13,2026-05-13,2026-05-27,Paid,0,29,8,12,0,6,1,0,1,SMB,3669348
CUST0615,INV001375,13795.2,2025-06-28,2025-08-12,2025-08-26,Paid,0,7,0,21,0,2,11,0,1,Enterprise,4506397
CUST0919,INV001376,6998.49,2025-10-03,2025-11-02,,Overdue,305,11,2,8,1,0,83,0,0,Mid-Market,331854
CUST1883,INV001377,11303.19,2025-06-01,2025-07-01,2025-07-06,Paid,0,4,1,2,2,5,5,1,1,Mid-Market,2297680
CUST0813,INV001378,22770.55,2025-06-13,2025-08-12,2025-08-20,Paid,0,4,2,7,1,6,21,0,1,SMB,429039
CUST0940,INV001379,31531.31,2025-10-17,2025-11-16,2025-11-21,Paid,0,5,4,10,0,5,55,0,1,Mid-Market,2015730
CUST1490,INV001380,130672.93,2026-01-13,2026-03-14,2026-03-20,Paid,0,25,6,2,1,0,20,0,1,SMB,1896585
CUST1112,INV001381,12869.22,2025-11-06,2025-12-21,,Overdue,256,9,4,0,0,2,82,0,0,SMB,2537111
CUST1907,INV001382,47792.58,2026-01-24,2026-03-10,,Overdue,177,1,0,24,1,3,23,0,0,Enterprise,2847909
CUST1327,INV001383,29910.36,2025-07-02,2025-08-01,,Overdue,398,29,8,6,2,0,83,0,0,SMB,3483372
CUST0680,INV001384,80498.81,2025-11-02,2025-12-02,,Overdue,275,16,3,9,3,5,10,0,0,Enterprise,4424142
CUST0435,INV001385,39192.03,2025-03-13,2025-04-12,2025-04-12,Paid,0,5,2,6,0,7,48,0,1,SMB,3935250
CUST0682,INV001386,8034.65,2025-08-07,2025-09-06,2025-09-06,Paid,0,5,2,0,0,7,45,1,1,SMB,2619931
CUST1159,INV001387,5000.0,2025-06-22,2025-08-21,,Overdue,378,7,0,28,1,4,34,0,0,Enterprise,4872684
CUST1074,INV001388,30069.35,2025-09-29,2025-10-29,2025-11-02,Paid,0,8,4,3,1,0,61,0,1,SMB,387369
CUST1456,INV001389,12984.99,2026-04-13,2026-05-13,2026-06-04,Paid,0,19,2,22,0,0,64,1,1,Enterprise,2898883
CUST0340,INV001390,8264.18,2025-09-26,2025-10-26,,Overdue,312,1,1,2,0,4,43,0,0,SMB,1403324
CUST0347,INV001391,6200.73,2025-01-20,2025-02-19,,Overdue,561,18,2,14,0,5,85,0,0,Mid-Market,2922176
CUST0646,INV001392,25873.52,2026-08-01,2026-08-16,,Overdue,18,22,8,22,0,0,64,0,1,Enterprise,1913462
CUST1371,INV001393,99479.58,2026-05-18,2026-06-17,2026-06-17,Paid,0,11,2,0,2,7,40,1,1,Enterprise,4699454
CUST0649,INV001394,14637.29,2025-05-27,2025-07-11,,Overdue,419,22,5,8,1,3,44,0,0,Mid-Market,2049284
CUST0245,INV001395,39746.23,2026-03-05,2026-04-04,2026-04-04,Paid,0,27,10,6,0,4,79,0,1,SMB,4000511
CUST0109,INV001396,19885.25,2025-06-14,2025-07-14,2025-07-23,Paid,0,29,9,7,1,0,22,0,1,SMB,1000162
CUST1849,INV001397,6066.99,2025-11-06,2025-12-06,2026-01-10,Paid,0,16,5,20,2,4,17,0,1,Enterprise,2239063
CUST1823,INV001398,45927.13,2026-06-02,2026-07-02,,Overdue,63,21,7,26,1,0,42,1,1,Mid-Market,4687370
CUST0533,INV001399,7370.99,2025-01-14,2025-02-13,,Overdue,567,11,3,8,2,7,7,1,0,Enterprise,289779
CUST1114,INV001400,22508.01,2025-05-12,2025-07-11,,Overdue,419,21,9,15,0,0,64,1,0,Mid-Market,1609757
CUST0296,INV001401,15653.97,2026-03-15,2026-04-14,2026-04-16,Paid,0,9,3,0,0,1,52,0,1,Mid-Market,510796
CUST0112,INV001402,53802.62,2025-09-20,2025-10-05,,Overdue,333,27,6,37,0,0,25,0,0,SMB,1278807
CUST1837,INV001403,7645.32,2025-08-13,2025-10-12,,Overdue,326,7,2,17,1,1,58,1,0,SMB,2936569
CUST1613,INV001404,32560.98,2025-09-15,2025-10-30,,Overdue,308,22,12,20,0,0,22,1,0,Mid-Market,1528081
CUST1201,INV001405,9510.98,2025-08-22,2025-09-21,,Overdue,347,15,6,7,1,5,74,0,0,Mid-Market,1799736
CUST0343,INV001406,13212.18,2025-12-02,2026-01-01,,Overdue,245,11,0,23,1,6,55,0,0,SMB,919807
CUST1684,INV001407,5000.0,2026-02-13,2026-04-14,,Overdue,142,23,7,13,1,5,50,0,1,Mid-Market,3181603
CUST0101,INV001408,178456.22,2025-01-24,2025-02-23,,Overdue,557,19,7,22,1,3,46,1,0,SMB,4520013
CUST1782,INV001409,38198.71,2025-09-28,2025-10-28,2025-10-28,Paid,0,29,6,3,0,6,16,1,1,Enterprise,3309819
CUST0629,INV001410,10225.63,2025-04-05,2025-05-05,,Overdue,486,7,4,14,0,2,77,0,0,SMB,2731206
CUST1628,INV001411,7153.41,2025-05-22,2025-06-21,2025-06-22,Paid,0,16,3,0,3,1,43,0,1,Mid-Market,2838107
CUST1425,INV001412,13417.98,2025-03-22,2025-04-21,2025-05-11,Paid,0,3,0,18,0,2,35,0,1,Enterprise,92056
CUST0028,INV001413,45110.92,2025-10-01,2025-10-31,,Overdue,307,16,2,18,0,2,58,0,0,Mid-Market,2213859
CUST0937,INV001414,5000.0,2025-10-03,2025-10-18,,Overdue,320,8,0,0,0,3,30,0,0,SMB,2962066
CUST1986,INV001415,19118.57,2026-04-10,2026-05-25,,Overdue,101,26,7,1,0,3,49,0,0,SMB,2251340
CUST1561,INV001416,129397.18,2025-07-27,2025-08-26,,Overdue,373,10,3,4,0,3,69,0,0,SMB,2499308
CUST0058,INV001417,7087.26,2025-10-23,2025-11-22,,Overdue,285,9,2,17,1,2,39,0,0,SMB,838768
CUST1522,INV001418,23870.17,2025-02-08,2025-03-10,2025-03-11,Paid,0,3,1,0,1,0,61,0,1,Enterprise,2196674
CUST0297,INV001419,199448.2,2025-10-15,2025-11-29,2025-12-28,Paid,0,7,1,31,0,7,70,1,1,Mid-Market,1054001
CUST0134,INV001420,41446.21,2025-05-04,2025-06-03,,Overdue,457,8,3,5,0,4,84,0,0,SMB,2760527
CUST1355,INV001421,24982.32,2025-10-10,2025-11-24,2026-01-06,Paid,0,3,2,42,1,3,39,1,1,SMB,705496
CUST0249,INV001422,36557.31,2025-06-29,2025-07-29,2025-08-10,Paid,0,16,4,12,1,5,6,0,1,Enterprise,289017
CUST1021,INV001423,14752.01,2025-04-07,2025-05-22,,Overdue,469,22,8,0,0,1,5,0,0,Mid-Market,3289254
CUST0550,INV001424,80791.84,2025-07-10,2025-08-24,2025-09-02,Paid,0,29,10,0,0,0,7,0,1,Mid-Market,1193647
CUST0902,INV001425,14774.68,2025-03-15,2025-05-14,2025-05-24,Paid,0,14,4,12,0,3,79,0,1,SMB,4994490
CUST1965,INV001426,5000.0,2026-03-23,2026-04-22,2026-04-22,Paid,0,7,1,0,0,5,82,1,1,Mid-Market,4522089
CUST1099,INV001427,14893.75,2026-05-12,2026-06-11,2026-06-11,Paid,0,4,0,2,0,3,27,0,1,Mid-Market,347675
CUST1678,INV001428,8377.17,2026-07-15,2026-08-14,,Overdue,20,6,3,0,0,5,23,0,1,SMB,4659770
CUST0834,INV001429,16627.38,2026-04-29,2026-05-29,,Overdue,97,7,1,7,0,7,88,0,0,SMB,1967160
CUST1192,INV001430,16999.1,2025-04-26,2025-05-26,,Overdue,465,12,2,27,0,3,89,1,0,Mid-Market,2818705
CUST0771,INV001431,72942.24,2026-06-19,2026-07-19,2026-07-24,Paid,0,7,1,5,0,4,84,0,1,SMB,112507
CUST1527,INV001432,44147.55,2025-04-08,2025-06-07,,Overdue,453,27,7,17,0,0,46,0,0,SMB,1725502
CUST1909,INV001433,28660.22,2025-11-24,2026-01-23,2026-01-27,Paid,0,1,0,1,0,3,21,0,1,SMB,267314
CUST1379,INV001434,21961.68,2026-02-11,2026-02-26,,Overdue,189,18,5,22,0,0,40,1,0,SMB,644557
CUST1249,INV001435,7639.92,2025-11-09,2025-12-09,,Overdue,268,11,2,7,3,0,66,0,0,Enterprise,3449752
CUST1688,INV001436,5000.0,2025-05-28,2025-07-12,,Overdue,418,11,1,15,0,2,48,0,0,SMB,2287300
CUST1555,INV001437,24665.48,2025-12-08,2026-01-07,,Overdue,239,17,3,4,1,0,49,1,0,SMB,3050109
CUST0146,INV001438,48758.81,2026-05-10,2026-06-09,,Overdue,86,25,6,9,0,4,42,0,0,SMB,4276156
CUST1984,INV001439,19764.96,2025-01-23,2025-02-22,2025-02-22,Paid,0,12,3,0,0,4,46,0,1,SMB,930096
CUST1265,INV001440,12902.1,2025-04-15,2025-05-15,,Overdue,476,23,4,28,0,4,84,0,0,SMB,2207280
CUST1908,INV001441,35048.99,2026-08-02,2026-09-01,2026-09-18,Paid,0,27,5,12,1,4,11,0,1,SMB,2999311
CUST0893,INV001442,20265.35,2026-07-12,2026-09-10,,Overdue,0,23,8,4,1,6,66,0,1,Mid-Market,1628315
CUST0344,INV001443,118865.06,2026-08-16,2026-09-15,,Overdue,0,19,7,9,0,3,61,0,0,SMB,4446720
CUST1773,INV001444,75563.48,2025-08-10,2025-09-09,,Overdue,359,21,4,16,2,0,15,0,0,Enterprise,287068
CUST1059,INV001445,57498.15,2025-01-15,2025-02-14,2025-03-09,Paid,0,18,5,19,0,6,26,0,1,SMB,1608141
CUST0702,INV001446,46992.07,2025-03-19,2025-05-18,,Overdue,473,21,5,6,0,2,3,0,0,SMB,4129441
CUST0001,INV001447,6062.23,2025-11-18,2026-01-17,,Overdue,229,24,4,19,0,3,18,1,0,SMB,1464022
CUST0153,INV001448,42744.41,2025-08-29,2025-09-28,,Overdue,340,13,6,12,0,6,20,0,0,SMB,3867242
CUST0429,INV001449,32090.84,2025-01-18,2025-03-19,,Overdue,533,10,0,4,1,7,88,0,0,SMB,1096161
CUST1969,INV001450,40393.52,2026-03-30,2026-04-29,,Overdue,127,19,3,8,0,7,59,0,1,SMB,4480675
CUST0508,INV001451,36048.1,2026-03-19,2026-04-03,2026-04-12,Paid,0,4,1,6,2,1,80,1,1,Mid-Market,4374848
CUST1150,INV001452,34639.94,2025-10-04,2025-11-18,,Overdue,289,24,8,31,1,3,87,0,0,Enterprise,4086405
CUST0491,INV001453,328032.01,2026-02-28,2026-03-30,,Overdue,157,15,5,13,0,3,10,0,0,SMB,3529027
CUST1506,INV001454,20410.7,2026-04-21,2026-05-21,2026-06-14,Paid,0,18,5,19,0,3,86,1,1,SMB,2759236
CUST0345,INV001455,56181.2,2025-01-27,2025-03-13,,Overdue,539,1,0,24,0,3,84,0,0,SMB,4120028
CUST1936,INV001456,13752.97,2026-05-29,2026-06-13,,Overdue,82,19,4,13,3,2,48,0,1,Mid-Market,1679753
CUST1762,INV001457,48564.18,2026-04-09,2026-05-09,,Overdue,117,2,2,21,0,4,74,1,1,Mid-Market,2792455
CUST0221,INV001458,56349.01,2025-12-29,2026-01-28,,Overdue,218,10,0,12,0,0,26,0,0,Mid-Market,1938806
CUST1939,INV001459,31711.23,2026-01-18,2026-02-17,2026-02-28,Paid,0,18,2,11,2,5,49,0,1,SMB,3423307
CUST1943,INV001460,116920.2,2026-06-09,2026-06-24,,Overdue,71,4,2,9,0,4,86,0,1,Mid-Market,4770553
CUST0723,INV001461,9097.22,2026-01-17,2026-02-01,2026-02-05,Paid,0,29,11,7,1,6,12,0,1,SMB,3032410
CUST1049,INV001462,13531.55,2025-07-03,2025-08-17,,Overdue,382,29,7,17,2,2,71,0,0,Enterprise,3579921
CUST0528,INV001463,27238.32,2025-07-13,2025-09-11,,Overdue,357,22,6,1,2,2,61,1,0,SMB,1550134
CUST1206,INV001464,53146.46,2026-04-07,2026-05-07,2026-05-09,Paid,0,10,4,0,0,3,62,0,1,Mid-Market,1138963
CUST1523,INV001465,26355.43,2025-02-25,2025-03-27,,Overdue,525,26,9,21,0,6,18,0,1,SMB,2032847
CUST0841,INV001466,79678.82,2025-08-18,2025-10-02,,Overdue,336,21,7,24,1,5,48,1,0,SMB,3030346
CUST1665,INV001467,11365.19,2026-05-04,2026-07-03,,Overdue,62,4,1,29,0,6,44,0,1,Enterprise,1908997
CUST1066,INV001468,7040.41,2025-01-28,2025-02-27,,Overdue,553,24,8,8,1,3,42,0,0,Mid-Market,92291
CUST1939,INV001469,29975.28,2026-08-06,2026-10-05,2026-10-05,Paid,0,27,4,0,0,0,75,0,1,SMB,3423307
CUST0481,INV001470,20390.4,2025-07-03,2025-08-02,2025-08-02,Paid,0,21,5,0,0,7,76,1,1,Mid-Market,832877
CUST0930,INV001471,37905.96,2026-03-01,2026-04-30,,Overdue,126,18,3,25,1,3,32,1,0,SMB,1951740
CUST1872,INV001472,21431.08,2026-01-10,2026-02-09,,Overdue,206,20,2,21,1,0,36,0,0,SMB,817442
CUST1772,INV001473,15677.47,2025-02-10,2025-04-11,2025-04-29,Paid,0,23,6,17,0,2,36,0,1,Mid-Market,1185270
CUST0872,INV001474,20436.19,2026-04-29,2026-05-29,2026-06-08,Paid,0,4,0,18,0,5,10,1,1,SMB,4049453
CUST1463,INV001475,22671.16,2025-09-17,2025-11-16,,Overdue,291,15,2,19,0,5,41,1,0,SMB,2049482
CUST1426,INV001476,16236.53,2026-03-17,2026-04-16,,Overdue,140,22,3,31,0,6,3,0,0,Enterprise,2198983
CUST1570,INV001477,17977.35,2025-03-25,2025-04-24,,Overdue,497,18,8,1,2,6,48,0,0,SMB,3699279
CUST0345,INV001478,14711.82,2025-02-15,2025-04-01,2025-04-03,Paid,0,9,0,3,1,6,48,0,1,SMB,4120028
CUST1917,INV001479,51878.78,2026-03-16,2026-04-30,,Overdue,126,20,4,17,1,0,49,1,1,Enterprise,631904
CUST0045,INV001480,26742.81,2026-06-03,2026-07-03,,Overdue,62,29,8,20,0,0,39,0,0,SMB,500930
CUST1670,INV001481,210397.2,2026-03-14,2026-04-13,2026-04-27,Paid,0,17,6,0,0,1,76,0,1,Mid-Market,571244
CUST0021,INV001482,25866.51,2025-05-16,2025-06-30,,Overdue,430,3,1,20,0,3,58,0,0,Mid-Market,3212801
CUST1658,INV001483,12697.27,2025-07-02,2025-08-31,,Overdue,368,13,7,8,2,4,16,0,0,SMB,3395026
CUST1094,INV001484,318276.37,2025-06-21,2025-07-06,,Overdue,424,7,1,17,0,1,29,0,0,Mid-Market,1073920
CUST1888,INV001485,33310.45,2026-08-13,2026-09-12,,Overdue,0,14,3,0,0,1,65,0,0,SMB,3426910
CUST0873,INV001486,59285.78,2026-06-23,2026-08-22,,Overdue,12,26,9,0,0,1,45,0,0,Mid-Market,1456978
CUST0048,INV001487,39819.14,2025-04-30,2025-06-14,,Overdue,446,25,7,18,1,4,72,1,0,Mid-Market,3548408
CUST1515,INV001488,41069.09,2025-10-08,2025-11-22,,Overdue,285,6,1,32,0,4,80,0,0,SMB,847057
CUST0551,INV001489,37633.66,2025-11-04,2026-01-03,2026-01-19,Paid,0,14,3,12,1,1,60,0,1,Mid-Market,3661646
CUST0287,INV001490,7316.71,2025-10-04,2025-11-18,,Overdue,289,14,7,30,2,7,22,0,0,SMB,3381106
CUST1002,INV001491,31809.78,2026-06-14,2026-07-29,,Overdue,36,29,10,0,0,5,25,0,0,Mid-Market,2033044
CUST1034,INV001492,5855.51,2025-10-22,2025-12-21,2025-12-23,Paid,0,14,2,3,0,7,88,0,1,SMB,3460580
CUST0542,INV001493,18502.06,2025-02-22,2025-04-23,,Overdue,498,20,3,17,0,2,7,0,0,Mid-Market,1668963
CUST0756,INV001494,10661.37,2026-03-08,2026-04-22,2026-05-05,Paid,0,18,6,17,0,1,21,0,1,Mid-Market,3350354
CUST0274,INV001495,31491.41,2025-02-21,2025-03-08,2025-03-17,Paid,0,9,1,7,1,5,65,1,1,Enterprise,4998008
CUST0956,INV001496,30764.79,2025-03-13,2025-04-12,,Overdue,509,12,3,18,3,6,2,1,0,SMB,473177
CUST0600,INV001497,35637.22,2025-01-28,2025-02-27,2025-03-02,Paid,0,14,2,7,0,5,17,0,1,SMB,738152
CUST1780,INV001498,29357.3,2026-04-14,2026-05-29,,Overdue,97,24,2,13,2,0,48,0,1,Mid-Market,1688846
CUST0381,INV001499,12006.15,2026-07-01,2026-07-31,,Overdue,34,23,8,15,0,0,19,0,1,SMB,1570982
CUST1353,INV001500,16966.51,2026-02-05,2026-02-20,,Overdue,195,16,5,31,1,5,47,1,0,SMB,1121984
CUST0479,INV001501,55292.7,2025-07-20,2025-08-19,2025-08-29,Paid,0,2,0,3,0,6,61,0,1,Enterprise,1571466
CUST0015,INV001502,64078.02,2026-04-11,2026-05-26,2026-06-07,Paid,0,16,2,18,0,6,14,0,1,SMB,1812999
CUST0516,INV001503,6996.86,2026-08-18,2026-10-17,,Overdue,0,18,6,20,0,4,56,1,1,SMB,2304103
CUST0191,INV001504,5000.0,2026-07-14,2026-09-12,,Overdue,0,24,5,35,1,0,29,1,0,SMB,344746
CUST1192,INV001505,10647.82,2026-01-14,2026-02-13,2026-03-10,Paid,0,9,3,27,1,6,2,0,1,Mid-Market,2818705
CUST1545,INV001506,62643.02,2025-06-26,2025-07-26,,Overdue,404,25,5,19,2,3,11,0,0,Enterprise,984048
CUST0621,INV001507,74227.06,2025-02-21,2025-03-23,2025-03-23,Paid,0,8,2,0,1,3,32,0,1,SMB,2157359
CUST1161,INV001508,8736.7,2025-03-20,2025-04-19,2025-05-11,Paid,0,1,0,17,1,1,35,1,1,Mid-Market,3957129
CUST0154,INV001509,29950.74,2026-01-20,2026-03-06,,Overdue,181,5,2,23,1,5,43,0,0,SMB,289968
CUST1412,INV001510,137920.31,2026-07-30,2026-08-29,2026-09-01,Paid,0,7,3,1,0,3,73,1,1,SMB,4961408
CUST1233,INV001511,33366.63,2025-01-08,2025-01-23,,Overdue,588,10,2,3,0,3,34,1,0,SMB,1958911
CUST0272,INV001512,91263.23,2025-08-02,2025-09-01,,Overdue,367,22,4,30,1,5,73,0,0,Mid-Market,4735754
CUST0143,INV001513,59797.94,2025-01-25,2025-02-24,,Overdue,556,11,1,24,0,1,64,0,0,SMB,3783003
CUST1635,INV001514,8864.42,2026-03-26,2026-04-10,2026-04-10,Paid,0,12,2,0,0,3,47,0,1,Enterprise,2685466
CUST1913,INV001515,18215.33,2026-04-02,2026-05-02,2026-05-05,Paid,0,1,1,12,0,6,9,0,1,Enterprise,2432962
CUST1844,INV001516,22805.44,2026-04-06,2026-05-06,2026-05-20,Paid,0,26,5,12,0,2,3,0,1,Mid-Market,3299479
CUST1093,INV001517,24443.84,2025-07-17,2025-08-16,,Overdue,383,6,0,28,0,6,45,0,0,Mid-Market,4720432
CUST0247,INV001518,55068.27,2025-04-04,2025-05-04,,Overdue,487,4,1,29,0,5,21,0,0,SMB,565693
CUST1285,INV001519,33146.25,2026-03-13,2026-04-12,,Overdue,144,3,0,15,1,5,58,0,1,SMB,486542
CUST0788,INV001520,5000.0,2026-06-11,2026-08-10,2026-08-10,Paid,0,4,2,2,0,3,40,0,1,SMB,2585232
CUST0079,INV001521,5926.33,2026-01-13,2026-02-12,,Overdue,203,24,7,8,1,7,50,0,0,SMB,2217354
CUST1682,INV001522,5000.0,2026-08-10,2026-09-09,2026-09-09,Paid,0,27,5,0,0,4,69,1,1,Enterprise,997272
CUST0623,INV001523,26248.53,2025-04-14,2025-06-13,2025-06-13,Paid,0,6,1,0,0,2,46,1,1,SMB,1035132
CUST1794,INV001524,28014.78,2025-02-08,2025-03-10,,Overdue,542,25,8,39,0,6,46,0,0,Mid-Market,4353677
CUST1629,INV001525,29238.01,2026-04-03,2026-05-03,,Overdue,123,5,3,9,1,1,42,0,0,SMB,80257
CUST0525,INV001526,8442.82,2025-12-30,2026-01-29,,Overdue,217,27,9,9,1,5,53,1,0,Mid-Market,4422216
CUST0772,INV001527,43223.69,2025-05-15,2025-06-14,2025-06-23,Paid,0,9,0,11,2,5,33,0,1,Mid-Market,1155710
CUST0938,INV001528,45083.09,2026-01-09,2026-02-08,2026-02-22,Paid,0,4,0,13,0,1,89,0,1,Enterprise,3820771
CUST1645,INV001529,6278.28,2025-08-20,2025-09-04,2025-09-29,Paid,0,14,4,16,0,2,22,0,1,SMB,915256
CUST1354,INV001530,5084.55,2025-02-08,2025-04-09,2025-04-11,Paid,0,15,4,3,0,7,58,0,1,Mid-Market,4368420
CUST1213,INV001531,22023.57,2025-02-16,2025-03-03,,Overdue,549,28,6,27,0,1,8,0,0,SMB,3583716
CUST1119,INV001532,132161.81,2025-02-05,2025-04-06,2025-04-09,Paid,0,4,3,5,1,4,9,0,1,SMB,873759
CUST0617,INV001533,120540.7,2025-04-05,2025-06-04,,Overdue,456,22,7,0,1,5,11,0,1,SMB,4606766
CUST1032,INV001534,38692.63,2025-12-27,2026-02-25,2026-02-25,Paid,0,14,4,0,0,0,87,0,1,Mid-Market,3331941
CUST0067,INV001535,10614.79,2026-06-09,2026-07-24,,Overdue,41,29,5,12,1,7,37,1,0,SMB,1429904
CUST1520,INV001536,53468.22,2025-05-26,2025-06-25,2025-07-16,Paid,0,10,2,21,0,0,20,0,1,Enterprise,3673425
CUST0191,INV001537,14010.69,2026-01-03,2026-02-17,,Overdue,198,27,7,20,0,7,48,1,1,SMB,344746
CUST1390,INV001538,10224.0,2025-03-06,2025-04-05,2025-04-27,Paid,0,7,3,25,1,1,87,0,1,SMB,1801797
CUST0768,INV001539,5000.0,2025-08-16,2025-10-15,2025-10-16,Paid,0,18,7,0,1,5,9,0,1,Enterprise,3337093
CUST0521,INV001540,24401.07,2026-06-04,2026-07-04,,Overdue,61,20,6,25,2,4,46,0,0,Mid-Market,1242931
CUST0990,INV001541,11732.67,2026-07-09,2026-08-08,,Overdue,26,15,3,17,0,7,82,0,1,Mid-Market,851955
CUST1141,INV001542,24256.27,2025-06-30,2025-08-29,,Overdue,370,29,8,9,2,1,26,0,0,Mid-Market,1438509
CUST0267,INV001543,5000.0,2026-05-16,2026-05-31,2026-06-06,Paid,0,8,0,5,1,0,16,0,1,Mid-Market,2128808
CUST1635,INV001544,26103.55,2026-08-20,2026-09-19,2026-09-23,Paid,0,9,2,3,0,4,50,0,1,Enterprise,2685466
CUST0485,INV001545,5000.0,2025-06-04,2025-07-04,,Overdue,426,5,2,17,0,7,84,0,0,Mid-Market,3349973
CUST1533,INV001546,65377.95,2026-06-19,2026-08-03,,Overdue,31,6,2,13,0,1,16,0,1,Mid-Market,4833725
CUST1322,INV001547,37119.26,2026-03-11,2026-04-10,,Overdue,146,26,2,0,0,3,88,1,0,SMB,2515912
CUST1933,INV001548,16669.49,2025-04-09,2025-05-24,,Overdue,467,12,4,9,1,0,16,1,0,Mid-Market,2067337
CUST1188,INV001549,38666.15,2026-01-07,2026-03-08,2026-03-08,Paid,0,7,2,8,1,0,59,0,1,SMB,4306146
CUST0376,INV001550,8282.71,2026-07-17,2026-08-16,,Overdue,18,7,2,24,2,4,38,0,1,SMB,3395647
CUST0653,INV001551,23679.75,2025-12-28,2026-01-27,,Overdue,219,15,5,15,1,3,62,0,0,Mid-Market,1522542
CUST1292,INV001552,48765.29,2025-04-22,2025-06-06,,Overdue,454,19,3,8,1,3,81,0,0,SMB,3678104
CUST0549,INV001553,5000.0,2026-03-29,2026-04-28,,Overdue,128,13,3,4,1,6,57,0,0,Mid-Market,3120771
CUST1098,INV001554,14083.73,2025-06-18,2025-07-18,,Overdue,412,18,6,15,0,5,53,1,0,SMB,2523199
CUST1532,INV001555,21533.3,2026-08-07,2026-08-22,,Overdue,12,10,3,6,2,5,36,1,0,Mid-Market,1012452
CUST0073,INV001556,18100.71,2025-05-19,2025-06-03,2025-06-03,Paid,0,8,5,0,1,2,42,1,1,SMB,4575121
CUST0308,INV001557,94570.59,2025-08-19,2025-09-18,,Overdue,350,25,3,16,1,0,54,1,0,SMB,1600184
CUST0199,INV001558,7158.81,2025-08-27,2025-09-26,2025-10-05,Paid,0,11,2,11,0,2,88,0,1,Enterprise,4573942
CUST1154,INV001559,11835.29,2025-09-10,2025-10-10,2025-10-16,Paid,0,8,1,10,0,3,89,0,1,Mid-Market,4037793
CUST1782,INV001560,5000.0,2026-03-12,2026-04-11,,Overdue,145,8,5,13,1,4,79,0,1,Enterprise,3309819
CUST1848,INV001561,99736.47,2026-07-15,2026-08-14,2026-08-30,Paid,0,15,6,17,1,1,52,1,1,SMB,2483351
CUST0572,INV001562,17217.99,2026-02-26,2026-04-12,2026-04-13,Paid,0,2,0,0,1,5,21,1,1,Mid-Market,3820183
CUST0791,INV001563,14208.44,2025-10-30,2025-12-29,2025-12-31,Paid,0,27,6,4,2,1,40,0,1,SMB,2879915
CUST1639,INV001564,20900.27,2025-03-13,2025-04-12,,Overdue,509,20,2,27,2,7,16,1,0,Enterprise,1596933
CUST1832,INV001565,41615.83,2025-09-20,2025-10-20,,Overdue,318,22,6,23,0,0,83,1,0,Mid-Market,4451913
CUST1856,INV001566,31174.74,2025-08-10,2025-10-09,,Overdue,329,24,5,32,0,6,20,0,0,SMB,3529000
CUST1511,INV001567,311104.52,2025-03-18,2025-04-17,2025-05-10,Paid,0,13,2,20,0,7,5,0,1,Mid-Market,4698455
CUST1877,INV001568,34680.61,2025-03-03,2025-05-02,2025-05-20,Paid,0,18,5,19,2,3,15,1,1,Mid-Market,1570180
CUST1175,INV001569,13832.2,2026-04-16,2026-05-16,2026-05-29,Paid,0,12,4,11,1,2,40,1,1,Mid-Market,4154399
CUST1693,INV001570,12564.66,2025-06-06,2025-08-05,2025-08-05,Paid,0,8,2,0,0,6,74,0,1,SMB,4280207
CUST1230,INV001571,14872.08,2025-05-05,2025-06-04,,Overdue,456,17,5,19,2,4,75,1,0,SMB,4519353
CUST0179,INV001572,5000.0,2025-06-10,2025-06-25,,Overdue,435,27,6,11,1,1,44,0,0,Enterprise,1456368
CUST0197,INV001573,22922.27,2026-06-25,2026-08-24,2026-08-27,Paid,0,6,1,0,0,1,57,0,1,Mid-Market,3401463
CUST0735,INV001574,48217.06,2026-08-14,2026-10-13,,Overdue,0,16,4,18,1,7,72,0,0,SMB,2938939
CUST0089,INV001575,11927.91,2026-06-19,2026-07-19,2026-08-14,Paid,0,24,6,23,0,1,40,0,1,Enterprise,3881661
CUST0799,INV001576,9824.36,2025-04-16,2025-06-15,,Overdue,445,24,6,4,0,5,63,1,0,Mid-Market,473332
CUST1458,INV001577,100302.42,2025-05-11,2025-06-10,2025-06-14,Paid,0,28,6,8,0,2,24,0,1,Mid-Market,4689276
CUST0788,INV001578,5289.7,2025-12-23,2026-02-06,,Overdue,209,27,5,16,1,5,40,0,0,SMB,2585232
CUST0748,INV001579,5000.0,2025-01-02,2025-02-01,2025-02-06,Paid,0,23,9,3,0,5,21,0,1,Mid-Market,551590
CUST1207,INV001580,6954.18,2025-08-21,2025-09-20,,Overdue,348,23,5,11,1,5,66,0,0,Mid-Market,1927145
CUST0209,INV001581,5000.0,2026-01-04,2026-02-18,,Overdue,197,14,4,14,2,5,19,1,0,SMB,3448147
CUST0493,INV001582,32410.12,2025-09-08,2025-10-08,,Overdue,330,27,6,20,0,0,14,0,0,SMB,217647
CUST1154,INV001583,15356.52,2025-04-18,2025-05-03,2025-05-19,Paid,0,10,5,12,0,7,76,0,1,Mid-Market,4037793
CUST0665,INV001584,17682.19,2025-10-03,2025-11-02,,Overdue,305,27,12,17,1,0,20,0,0,SMB,1206083
CUST1037,INV001585,69768.24,2025-06-29,2025-07-29,,Overdue,401,28,9,10,0,6,57,0,0,SMB,1798982
CUST1658,INV001586,11033.21,2025-10-20,2025-12-04,,Overdue,273,25,7,13,1,5,20,1,0,SMB,3395026
CUST0871,INV001587,47814.75,2026-08-07,2026-09-06,,Overdue,0,2,0,16,1,4,31,1,1,SMB,2714749
CUST0732,INV001588,99839.86,2025-06-24,2025-08-08,2025-08-08,Paid,0,13,2,0,0,2,29,0,1,Mid-Market,2565967
CUST1130,INV001589,13965.39,2025-05-03,2025-06-02,,Overdue,458,1,0,5,1,0,75,0,0,SMB,3712340
CUST1399,INV001590,46028.81,2025-08-15,2025-09-14,,Overdue,354,28,4,23,0,7,56,0,0,Mid-Market,4234238
CUST1606,INV001591,17295.16,2026-03-20,2026-04-19,2026-04-19,Paid,0,18,4,0,1,6,52,0,1,Mid-Market,4340697
CUST1731,INV001592,55497.77,2026-03-04,2026-04-03,,Overdue,153,14,7,16,0,3,75,0,0,SMB,763340
CUST0698,INV001593,5000.0,2025-03-24,2025-04-23,,Overdue,498,3,0,26,0,2,82,0,0,Mid-Market,3752418
CUST1123,INV001594,5000.0,2025-03-06,2025-04-05,,Overdue,516,15,3,23,2,5,74,0,0,Enterprise,1185627
CUST0594,INV001595,14894.28,2025-10-08,2025-11-07,2025-12-02,Paid,0,9,3,20,0,6,18,1,1,SMB,1388530
CUST1611,INV001596,9055.03,2026-01-26,2026-03-27,,Overdue,160,26,6,29,0,5,9,0,0,Enterprise,2548578
CUST0886,INV001597,13138.35,2026-03-04,2026-03-19,,Overdue,168,13,0,24,2,1,61,0,0,SMB,1157810
CUST0852,INV001598,17685.02,2025-04-17,2025-06-01,,Overdue,459,23,5,8,3,1,58,0,0,Mid-Market,402414
CUST1216,INV001599,45252.52,2026-07-02,2026-08-01,,Overdue,33,5,2,19,0,2,70,0,0,SMB,2231533
CUST0325,INV001600,14652.11,2025-09-19,2025-10-04,2025-10-04,Paid,0,5,3,0,2,7,76,1,1,Enterprise,1084586
CUST0979,INV001601,9663.77,2025-06-08,2025-07-08,,Overdue,422,22,4,22,3,2,1,0,0,SMB,3682632
CUST1750,INV001602,15498.32,2025-09-22,2025-10-22,2025-11-01,Paid,0,2,1,11,1,2,74,1,1,SMB,4958951
CUST1851,INV001603,10207.26,2026-04-13,2026-05-13,,Overdue,113,1,1,23,1,1,66,1,0,SMB,2869182
CUST0956,INV001604,8655.88,2025-07-21,2025-09-19,,Overdue,349,27,6,15,0,6,45,1,1,SMB,473177
CUST1491,INV001605,5000.0,2025-06-04,2025-06-19,2025-07-10,Paid,0,17,0,22,1,4,41,1,1,SMB,3010883
CUST0894,INV001606,23611.24,2025-01-13,2025-02-12,,Overdue,568,19,7,13,2,5,72,1,0,SMB,1399590
CUST1391,INV001607,12472.66,2025-10-24,2025-11-23,2025-12-02,Paid,0,17,3,9,2,7,25,0,1,SMB,147406
CUST1342,INV001608,57888.77,2026-05-13,2026-06-12,2026-06-23,Paid,0,9,3,15,0,0,30,0,1,SMB,4241896
CUST0144,INV001609,5180.23,2026-08-20,2026-09-19,2026-10-02,Paid,0,10,3,0,1,2,44,0,1,SMB,1466207
CUST0384,INV001610,12809.17,2025-09-02,2025-11-01,,Overdue,306,29,5,11,0,7,77,0,0,Enterprise,1251838
CUST0216,INV001611,134983.42,2025-10-27,2025-11-11,2025-11-18,Paid,0,15,4,8,1,0,32,0,1,SMB,493316
CUST1385,INV001612,8607.51,2025-12-28,2026-02-11,2026-02-18,Paid,0,13,4,0,1,3,6,1,1,Mid-Market,4159545
CUST0324,INV001613,17386.8,2025-12-20,2026-01-19,2026-01-25,Paid,0,29,7,5,1,0,59,1,1,SMB,4524017
CUST1039,INV001614,6529.96,2026-06-05,2026-07-05,,Overdue,60,21,7,0,1,0,84,0,0,SMB,4946799
CUST0217,INV001615,5719.13,2026-01-21,2026-02-20,2026-02-20,Paid,0,25,6,0,2,3,14,0,1,SMB,3567741
CUST1516,INV001616,103498.35,2025-11-08,2025-12-08,2025-12-11,Paid,0,21,10,6,1,3,23,0,1,SMB,4442541
CUST0951,INV001617,26135.23,2026-02-18,2026-03-05,,Overdue,182,17,3,17,1,5,77,0,0,Mid-Market,851849
CUST1571,INV001618,25176.82,2025-10-05,2025-11-04,,Overdue,303,27,8,0,1,2,88,0,0,Mid-Market,2054517
CUST0183,INV001619,5000.0,2026-08-16,2026-09-15,2026-09-27,Paid,0,28,8,12,0,5,48,0,1,Enterprise,4912894
CUST0270,INV001620,31531.47,2025-12-22,2026-02-05,,Overdue,210,23,6,14,0,3,60,0,0,SMB,145028
CUST0945,INV001621,70082.05,2026-06-09,2026-07-09,2026-07-20,Paid,0,7,1,11,1,3,47,0,1,SMB,4112224
CUST1491,INV001622,69527.46,2025-01-16,2025-03-02,2025-03-07,Paid,0,4,1,20,0,6,10,0,1,SMB,3010883
CUST0870,INV001623,42973.26,2025-02-14,2025-03-16,2025-04-22,Paid,0,3,1,43,0,7,46,0,1,Enterprise,2972705
CUST1636,INV001624,7118.94,2025-11-17,2026-01-16,,Overdue,230,1,0,29,3,1,74,1,0,SMB,3488780
CUST1543,INV001625,30125.38,2025-11-22,2025-12-22,2025-12-27,Paid,0,7,3,6,1,0,8,1,1,Mid-Market,2173091
CUST1566,INV001626,42941.11,2025-05-28,2025-06-27,,Overdue,433,5,1,2,0,4,82,0,0,SMB,4866129
CUST0467,INV001627,5000.0,2025-12-21,2026-02-19,2026-02-26,Paid,0,26,4,7,0,5,50,0,1,SMB,665863
CUST0305,INV001628,7177.6,2025-08-24,2025-09-23,,Overdue,345,17,4,17,1,0,76,1,0,Mid-Market,4354459
CUST1168,INV001629,53538.55,2025-04-15,2025-05-15,2025-05-16,Paid,0,17,3,12,0,4,21,0,1,Mid-Market,3576362
CUST0111,INV001630,52894.03,2026-04-19,2026-05-19,,Overdue,107,15,4,12,0,6,26,0,0,SMB,2805063
CUST1014,INV001631,5000.0,2026-01-31,2026-03-02,2026-03-14,Paid,0,3,1,13,3,3,11,0,1,SMB,1445796
CUST0232,INV001632,48777.36,2026-03-22,2026-05-21,,Overdue,105,3,1,13,0,6,11,0,1,Mid-Market,4720817
CUST1715,INV001633,24228.95,2025-08-08,2025-09-22,2025-10-12,Paid,0,2,1,15,1,5,52,0,1,SMB,4192887
CUST1608,INV001634,48098.63,2026-03-18,2026-05-02,,Overdue,124,8,2,21,2,6,30,0,0,Mid-Market,4211603
CUST1746,INV001635,11678.19,2025-01-28,2025-03-29,,Overdue,523,13,1,15,0,5,46,0,0,SMB,4647855
CUST1756,INV001636,41989.86,2026-04-20,2026-05-20,2026-05-22,Paid,0,28,4,1,0,1,1,0,1,Mid-Market,1511312
CUST1616,INV001637,51217.1,2025-11-01,2025-11-16,,Overdue,291,24,7,21,1,6,52,0,0,Mid-Market,3121640
CUST1524,INV001638,15501.08,2026-02-09,2026-03-26,2026-04-19,Paid,0,6,3,23,1,5,15,0,1,SMB,2259853
CUST0595,INV001639,22420.98,2026-05-28,2026-06-27,2026-07-14,Paid,0,5,1,11,1,0,28,0,1,Enterprise,4516951
CUST1578,INV001640,11515.84,2026-05-17,2026-06-16,,Overdue,79,13,3,15,1,0,63,0,0,Mid-Market,154927
CUST1297,INV001641,114879.49,2025-12-14,2026-01-13,,Overdue,233,22,6,7,0,4,58,0,0,SMB,1977716
CUST1727,INV001642,19530.41,2025-08-28,2025-10-27,,Overdue,311,1,0,4,0,5,69,0,0,Mid-Market,1967577
CUST0173,INV001643,8760.21,2026-07-24,2026-08-23,,Overdue,11,18,2,5,1,2,45,0,1,Mid-Market,583634
CUST0973,INV001644,10766.28,2025-12-03,2026-01-17,2026-01-30,Paid,0,7,2,6,1,5,41,0,1,Mid-Market,3894886
CUST1031,INV001645,25003.49,2025-01-26,2025-02-25,,Overdue,555,17,2,26,1,0,72,0,0,SMB,1518919
CUST1179,INV001646,46785.62,2026-02-13,2026-03-15,2026-03-23,Paid,0,8,2,11,1,3,38,0,1,Mid-Market,1448949
CUST1546,INV001647,5791.65,2025-03-18,2025-05-02,,Overdue,489,19,6,4,1,4,86,0,1,SMB,3080555
CUST0546,INV001648,139756.93,2025-08-05,2025-10-04,,Overdue,334,16,0,10,5,0,38,0,0,SMB,1589600
CUST0548,INV001649,29991.68,2025-11-24,2025-12-24,2026-01-20,Paid,0,14,3,19,1,2,52,0,1,Mid-Market,4282939
CUST1945,INV001650,35117.54,2025-01-23,2025-02-22,,Overdue,558,20,6,27,1,0,46,0,0,Mid-Market,2071835
CUST0518,INV001651,19986.46,2025-11-06,2025-12-06,,Overdue,271,23,6,17,1,5,53,0,0,Mid-Market,612060
CUST1944,INV001652,22454.78,2026-08-22,2026-10-06,2026-10-10,Paid,0,10,1,12,1,4,30,0,1,Mid-Market,2572919
CUST0914,INV001653,18990.93,2025-09-24,2025-10-09,,Overdue,329,23,7,29,2,7,4,0,1,SMB,3695525
CUST0215,INV001654,60949.2,2026-02-19,2026-03-21,2026-03-29,Paid,0,2,1,10,1,2,2,0,1,Mid-Market,677220
CUST0134,INV001655,21852.52,2025-09-24,2025-11-08,,Overdue,299,21,4,9,1,1,63,0,0,SMB,2760527
CUST0285,INV001656,47431.9,2025-11-29,2025-12-29,,Overdue,248,24,5,0,2,0,85,1,0,Mid-Market,1173389
CUST1150,INV001657,14273.39,2026-03-26,2026-04-25,,Overdue,131,16,4,6,1,2,61,0,0,Enterprise,4086405
CUST1945,INV001658,26786.16,2026-07-19,2026-09-17,2026-09-26,Paid,0,25,5,0,0,6,33,0,1,Mid-Market,2071835
CUST1463,INV001659,9858.4,2025-09-04,2025-11-03,2025-11-05,Paid,0,13,5,0,1,3,78,0,1,SMB,2049482
CUST1873,INV001660,74349.2,2025-02-05,2025-04-06,2025-04-12,Paid,0,5,2,11,0,4,80,0,1,Mid-Market,525278
CUST0686,INV001661,9568.7,2026-02-05,2026-03-07,2026-03-10,Paid,0,18,4,7,0,2,58,0,1,Mid-Market,3395503
CUST1176,INV001662,15915.05,2025-01-28,2025-03-29,,Overdue,523,20,5,24,1,4,41,1,0,Mid-Market,1563083
CUST0331,INV001663,16075.31,2025-08-08,2025-09-22,,Overdue,346,11,5,15,1,5,9,0,0,SMB,4207137
CUST1562,INV001664,15460.58,2026-02-10,2026-03-12,2026-04-01,Paid,0,5,0,19,2,5,75,0,1,SMB,3798294
CUST1407,INV001665,45364.98,2025-09-28,2025-10-28,,Overdue,310,22,7,17,1,6,19,0,0,Mid-Market,1183183
CUST1139,INV001666,16048.04,2026-05-26,2026-06-10,,Overdue,85,28,6,1,1,1,44,0,0,SMB,4887231
CUST0894,INV001667,88780.7,2025-10-13,2025-11-27,,Overdue,280,22,3,10,1,7,73,0,0,SMB,1399590
CUST1506,INV001668,9715.96,2026-03-30,2026-05-14,,Overdue,112,13,1,16,1,4,7,0,1,SMB,2759236
CUST1308,INV001669,26091.83,2025-11-13,2025-12-28,2025-12-28,Paid,0,28,6,0,1,1,31,0,1,Mid-Market,2302641
CUST0899,INV001670,10139.7,2026-08-13,2026-09-12,2026-09-18,Paid,0,1,0,0,0,5,67,0,1,SMB,2861139
CUST1099,INV001671,33556.06,2025-10-24,2025-11-23,,Overdue,284,6,3,14,0,0,8,1,1,Mid-Market,347675
CUST1190,INV001672,21677.94,2025-12-04,2026-01-03,2026-01-03,Paid,0,11,2,10,0,7,73,0,1,Mid-Market,1331506
CUST1213,INV001673,18862.63,2025-11-03,2026-01-02,2026-01-11,Paid,0,10,1,0,0,0,53,0,1,SMB,3583716
CUST0078,INV001674,72292.45,2026-03-04,2026-04-18,2026-04-19,Paid,0,1,0,0,0,6,15,0,1,SMB,2660469
CUST0947,INV001675,11449.01,2025-12-17,2026-01-01,,Overdue,245,16,2,2,0,0,8,0,0,SMB,1144316
CUST1626,INV001676,39597.26,2026-05-26,2026-06-25,,Overdue,70,13,2,17,2,3,81,0,1,Mid-Market,3049610
CUST0688,INV001677,10209.15,2026-06-09,2026-07-24,,Overdue,41,21,10,7,0,0,87,1,1,SMB,784983
CUST0021,INV001678,24653.77,2026-05-07,2026-06-06,2026-06-21,Paid,0,27,7,23,0,3,65,1,1,Mid-Market,3212801
CUST0566,INV001679,6663.66,2026-08-17,2026-10-01,,Overdue,0,16,5,5,0,3,46,0,1,Mid-Market,3920426
CUST1208,INV001680,11355.79,2025-01-09,2025-02-08,2025-02-17,Paid,0,15,2,6,0,1,7,1,1,SMB,2333785
CUST1895,INV001681,20289.46,2026-05-12,2026-06-26,,Overdue,69,7,2,35,2,0,78,0,0,Mid-Market,3680400
CUST1246,INV001682,135218.76,2026-07-14,2026-08-13,,Overdue,21,14,3,20,1,3,10,0,1,Mid-Market,3683795
CUST0827,INV001683,24362.59,2026-07-15,2026-08-14,,Overdue,20,24,8,23,1,4,85,0,1,SMB,3307945
CUST1352,INV001684,115228.03,2026-03-16,2026-05-15,,Overdue,111,11,0,5,1,1,35,0,1,Mid-Market,111753
CUST0179,INV001685,27455.54,2026-07-06,2026-08-05,,Overdue,29,27,9,10,2,6,48,1,1,Enterprise,1456368
CUST1812,INV001686,14956.72,2025-04-18,2025-05-03,,Overdue,488,13,1,12,0,0,63,0,0,Mid-Market,2417893
CUST1136,INV001687,102678.35,2025-09-02,2025-11-01,,Overdue,306,5,3,10,2,7,61,0,0,SMB,2441098
CUST1760,INV001688,34098.81,2025-09-12,2025-10-12,2025-10-18,Paid,0,18,3,14,0,7,76,0,1,Mid-Market,1502137
CUST1750,INV001689,11582.82,2025-02-02,2025-03-19,2025-03-26,Paid,0,3,1,14,0,5,13,0,1,SMB,4958951
CUST1083,INV001690,35262.36,2025-01-23,2025-02-22,2025-03-02,Paid,0,12,1,10,1,6,53,0,1,SMB,4803267
CUST1351,INV001691,16438.89,2026-07-20,2026-08-19,,Overdue,15,7,2,9,2,3,79,1,0,Enterprise,2082816
CUST0905,INV001692,5000.0,2025-02-18,2025-03-20,2025-04-22,Paid,0,26,5,26,1,6,9,0,1,SMB,1148657
CUST1645,INV001693,56160.74,2026-04-07,2026-05-07,,Overdue,119,20,5,3,0,7,70,1,0,SMB,915256
CUST1921,INV001694,65836.79,2026-08-13,2026-10-12,,Overdue,0,15,4,7,1,3,67,0,1,Mid-Market,4961077
CUST0669,INV001695,138405.36,2025-12-02,2026-01-31,,Overdue,215,1,0,0,0,6,14,0,0,SMB,2792974
CUST0191,INV001696,33595.38,2025-12-24,2026-01-23,2026-01-23,Paid,0,19,1,3,1,7,14,0,1,SMB,344746
CUST1224,INV001697,17176.14,2025-05-02,2025-06-01,2025-06-13,Paid,0,10,4,7,0,6,87,1,1,Enterprise,4497395
CUST1336,INV001698,50766.37,2026-03-20,2026-05-19,,Overdue,107,14,1,13,0,1,49,0,1,Mid-Market,4589170
CUST0708,INV001699,51524.89,2025-12-25,2026-01-24,,Overdue,222,15,7,20,0,6,65,0,0,Mid-Market,3435744
CUST1059,INV001700,113355.16,2025-12-12,2026-01-11,,Overdue,235,2,1,21,0,1,88,0,0,SMB,1608141
CUST0379,INV001701,21065.09,2025-07-12,2025-08-11,,Overdue,388,25,7,26,1,6,10,0,0,Mid-Market,3014932
CUST0387,INV001702,18665.29,2026-02-20,2026-03-22,,Overdue,165,17,3,2,1,1,39,0,0,SMB,3635681
CUST1782,INV001703,10769.31,2026-01-12,2026-02-11,,Overdue,204,25,3,3,1,6,57,0,0,Enterprise,3309819
CUST0237,INV001704,37701.76,2026-04-08,2026-05-08,2026-05-18,Paid,0,10,3,1,1,5,18,0,1,SMB,1071469
CUST0616,INV001705,5000.0,2025-05-26,2025-06-25,,Overdue,435,5,0,30,1,0,74,0,0,Enterprise,3728621
CUST1543,INV001706,47862.49,2026-04-23,2026-06-22,,Overdue,73,28,8,18,1,3,70,1,1,Mid-Market,2173091
CUST0283,INV001707,39649.56,2026-02-12,2026-03-14,,Overdue,173,6,3,21,1,4,69,0,0,SMB,3675654
CUST0001,INV001708,39540.08,2025-10-13,2025-11-12,,Overdue,295,6,4,0,3,5,73,1,0,SMB,1464022
CUST1755,INV001709,25291.54,2025-04-21,2025-05-21,2025-06-03,Paid,0,28,7,12,1,6,67,1,1,Enterprise,1085408
CUST0464,INV001710,102025.52,2025-02-19,2025-04-05,,Overdue,516,6,4,18,4,4,57,0,0,Mid-Market,2930304
CUST1254,INV001711,52680.12,2025-01-14,2025-02-13,2025-02-17,Paid,0,25,4,0,0,4,47,1,1,SMB,54138
CUST0967,INV001712,12003.13,2025-05-14,2025-06-13,,Overdue,447,14,5,7,1,1,48,0,0,Mid-Market,4189289
CUST0172,INV001713,12219.9,2026-08-11,2026-09-25,,Overdue,0,13,3,16,0,1,61,0,0,SMB,3897125
CUST1111,INV001714,9139.18,2026-08-19,2026-09-18,2026-09-18,Paid,0,13,3,0,2,5,8,0,1,Mid-Market,3606210
CUST1577,INV001715,38226.46,2025-12-09,2026-01-08,,Overdue,238,25,5,27,1,5,74,0,0,SMB,2484138
CUST1147,INV001716,8101.96,2025-10-13,2025-12-12,,Overdue,265,27,5,19,0,1,25,1,0,Mid-Market,4158502
CUST0843,INV001717,65081.27,2025-11-10,2025-12-10,2025-12-12,Paid,0,10,2,1,0,0,67,0,1,SMB,3686562
CUST1322,INV001718,82699.87,2025-10-24,2025-11-23,,Overdue,284,16,8,12,1,5,87,1,0,SMB,2515912
CUST1909,INV001719,9145.19,2026-07-23,2026-08-22,,Overdue,12,7,1,17,1,6,68,0,1,SMB,267314
CUST1953,INV001720,18296.25,2025-06-13,2025-07-28,,Overdue,402,3,1,13,0,5,76,1,0,Mid-Market,4874574
CUST0690,INV001721,22395.63,2026-05-12,2026-06-11,,Overdue,84,15,2,11,0,7,47,1,1,SMB,3185812
CUST0575,INV001722,53315.54,2025-01-16,2025-03-02,,Overdue,550,23,5,11,0,3,48,0,1,Enterprise,685719
CUST1508,INV001723,110121.92,2025-12-10,2026-01-24,,Overdue,222,5,0,20,2,7,53,0,0,Mid-Market,1023737
CUST0165,INV001724,5000.0,2025-03-19,2025-04-18,,Overdue,503,25,10,20,1,6,19,1,0,SMB,1077557
CUST1723,INV001725,16023.62,2025-12-12,2026-01-26,,Overdue,220,8,2,19,0,4,61,0,0,SMB,4159404
CUST0383,INV001726,16881.66,2025-03-13,2025-04-12,,Overdue,509,26,8,19,1,3,81,0,0,Mid-Market,4048422
CUST0209,INV001727,5428.02,2025-09-27,2025-10-27,2025-11-19,Paid,0,28,7,17,1,4,26,0,1,SMB,3448147
CUST1763,INV001728,13560.14,2025-10-14,2025-11-28,,Overdue,279,22,7,18,3,3,87,0,0,SMB,2319409
CUST1456,INV001729,33784.89,2025-03-07,2025-04-06,,Overdue,515,5,1,29,2,1,89,0,0,Enterprise,2898883
CUST1413,INV001730,16669.25,2025-03-09,2025-04-08,,Overdue,513,26,8,11,1,0,42,0,0,SMB,1210294
CUST1584,INV001731,5000.0,2025-07-12,2025-08-26,2025-08-28,Paid,0,2,1,0,0,4,6,0,1,SMB,1003122
CUST0224,INV001732,390070.47,2025-02-24,2025-04-10,,Overdue,511,27,7,24,1,2,84,0,0,SMB,4011676
CUST0003,INV001733,28743.81,2026-01-14,2026-02-13,,Overdue,202,28,5,17,0,4,60,0,0,Mid-Market,1002246
CUST0372,INV001734,24629.35,2025-06-17,2025-08-01,,Overdue,398,19,3,17,1,5,69,0,0,SMB,4954948
CUST1711,INV001735,7347.19,2026-02-13,2026-03-15,2026-03-15,Paid,0,11,4,3,0,0,35,0,1,SMB,2559907
CUST1470,INV001736,28586.97,2026-05-23,2026-07-22,2026-07-24,Paid,0,11,1,0,0,3,35,0,1,Mid-Market,1912205
CUST0611,INV001737,18690.79,2026-06-21,2026-08-05,2026-08-18,Paid,0,3,1,15,0,4,12,1,1,SMB,3866126
CUST0116,INV001738,5000.0,2025-04-12,2025-05-12,2025-05-27,Paid,0,13,3,9,1,6,87,0,1,Enterprise,464600
CUST1294,INV001739,7553.34,2026-02-26,2026-03-28,,Overdue,159,20,7,12,0,6,45,0,0,Mid-Market,2045141
CUST0447,INV001740,48772.7,2026-04-23,2026-06-07,,Overdue,88,19,3,7,0,3,68,1,0,Enterprise,1751243
CUST1392,INV001741,153893.74,2025-04-30,2025-06-29,,Overdue,431,23,7,13,1,1,8,0,0,SMB,3502814
CUST1277,INV001742,31798.21,2025-10-18,2025-11-17,,Overdue,290,29,8,5,1,0,27,1,0,SMB,1419391
CUST1341,INV001743,66375.5,2026-05-03,2026-06-02,2026-06-24,Paid,0,15,5,27,1,0,28,0,1,SMB,1757542
CUST0415,INV001744,18849.56,2025-06-10,2025-07-10,2025-07-19,Paid,0,6,2,10,0,6,8,0,1,Mid-Market,4468909
CUST1119,INV001745,20200.32,2025-03-19,2025-04-18,,Overdue,503,13,3,21,1,4,44,0,0,SMB,873759
CUST1809,INV001746,65576.92,2025-02-07,2025-03-24,,Overdue,528,24,9,17,1,3,54,0,0,SMB,2329042
CUST0892,INV001747,116166.21,2026-01-29,2026-02-13,,Overdue,202,18,4,25,1,7,14,1,0,Enterprise,4582669
CUST1048,INV001748,80910.32,2026-03-17,2026-05-01,2026-05-23,Paid,0,18,3,14,0,2,41,0,1,SMB,651891
CUST1652,INV001749,7582.79,2026-06-24,2026-08-23,,Overdue,11,1,1,21,1,7,70,0,0,SMB,1857402
CUST0663,INV001750,20599.89,2026-04-07,2026-06-06,,Overdue,89,21,3,19,1,3,22,0,0,Mid-Market,4611307
CUST1874,INV001751,29071.82,2025-10-21,2025-11-20,,Overdue,287,23,7,28,0,3,25,0,0,Mid-Market,1980440
CUST1074,INV001752,16989.01,2026-02-04,2026-03-21,,Overdue,166,25,6,19,0,5,72,0,0,SMB,387369
CUST1526,INV001753,32463.04,2025-04-02,2025-06-01,2025-06-02,Paid,0,21,0,4,0,6,4,1,1,SMB,257352
CUST0718,INV001754,50039.94,2025-01-06,2025-01-21,2025-02-05,Paid,0,27,5,10,0,3,82,0,1,Enterprise,1446436
CUST1522,INV001755,60042.61,2025-09-28,2025-10-28,2025-10-29,Paid,0,11,3,0,0,7,35,0,1,Enterprise,2196674
CUST1359,INV001756,118880.03,2026-07-13,2026-09-11,,Overdue,0,16,3,9,1,3,81,0,1,SMB,543992
CUST1103,INV001757,15844.2,2025-04-09,2025-05-09,2025-05-14,Paid,0,1,0,0,1,3,20,0,1,Enterprise,313625
CUST1606,INV001758,5630.57,2026-06-10,2026-08-09,,Overdue,25,19,5,20,1,5,48,0,0,Mid-Market,4340697
CUST1051,INV001759,31515.49,2025-07-13,2025-08-12,2025-08-12,Paid,0,8,3,0,0,4,74,0,1,Enterprise,2535670
CUST0271,INV001760,144901.72,2025-06-06,2025-06-21,,Overdue,439,19,3,1,0,4,52,0,0,Mid-Market,1608242
CUST0562,INV001761,13670.89,2025-04-25,2025-05-25,2025-06-06,Paid,0,23,4,15,0,2,38,0,1,SMB,4805185
CUST0804,INV001762,43776.26,2026-01-31,2026-03-02,,Overdue,185,16,5,20,0,5,48,0,0,Mid-Market,1692425
CUST0247,INV001763,44167.56,2026-06-06,2026-07-06,2026-07-06,Paid,0,26,7,0,1,6,45,0,1,SMB,565693
CUST1800,INV001764,26673.93,2025-08-02,2025-09-01,2025-09-20,Paid,0,3,1,16,1,0,82,0,1,SMB,969134
CUST1615,INV001765,22179.52,2026-06-17,2026-07-17,2026-08-01,Paid,0,2,1,18,0,6,33,0,1,SMB,2449146
CUST0387,INV001766,8747.92,2025-01-15,2025-02-14,2025-02-22,Paid,0,12,2,0,1,0,59,0,1,SMB,3635681
CUST0702,INV001767,5000.0,2026-02-23,2026-03-10,,Overdue,177,29,7,0,0,2,15,0,0,SMB,4129441
CUST0559,INV001768,7245.6,2026-01-03,2026-02-17,,Overdue,198,10,4,12,2,5,44,0,1,Mid-Market,3339791
CUST0973,INV001769,14908.63,2025-08-01,2025-08-31,,Overdue,368,22,4,17,0,5,35,1,0,Mid-Market,3894886
CUST1385,INV001770,66000.84,2025-01-05,2025-02-19,,Overdue,561,2,0,7,0,3,58,0,0,Mid-Market,4159545
CUST1890,INV001771,19868.12,2025-08-19,2025-10-03,,Overdue,335,26,9,14,2,1,24,0,0,Enterprise,1187613
CUST0984,INV001772,13107.95,2025-07-20,2025-08-19,,Overdue,380,21,4,12,0,6,31,1,0,SMB,4607220
CUST1512,INV001773,9036.39,2026-02-06,2026-02-21,,Overdue,194,5,1,32,1,4,32,0,0,Mid-Market,2688439
CUST0352,INV001774,42480.73,2025-05-29,2025-07-28,2025-07-31,Paid,0,5,1,0,1,2,33,1,1,Enterprise,4510276
CUST1725,INV001775,85678.5,2026-08-07,2026-09-21,2026-09-26,Paid,0,6,3,7,0,0,11,0,1,Mid-Market,4300167
CUST1952,INV001776,63795.36,2026-05-07,2026-06-06,2026-06-22,Paid,0,3,1,8,0,3,47,0,1,SMB,400679
CUST1280,INV001777,40382.42,2025-08-14,2025-09-28,2025-09-28,Paid,0,10,1,0,0,3,67,0,1,SMB,903329
CUST1246,INV001778,5036.1,2026-08-09,2026-08-24,2026-08-30,Paid,0,5,2,16,2,5,8,1,1,Mid-Market,3683795
CUST1908,INV001779,15495.82,2025-06-18,2025-07-03,,Overdue,427,24,2,6,0,3,33,0,0,SMB,2999311
CUST0753,INV001780,154400.36,2025-06-01,2025-07-01,,Overdue,429,20,4,3,1,7,83,0,0,Mid-Market,4859479
CUST0781,INV001781,67639.71,2025-08-12,2025-08-27,,Overdue,372,5,3,0,2,1,41,1,0,Mid-Market,757173
CUST1025,INV001782,5000.0,2026-05-19,2026-07-18,,Overdue,47,15,5,13,3,2,8,0,1,Enterprise,3745727
CUST0546,INV001783,20835.42,2026-07-04,2026-09-02,,Overdue,1,17,6,17,3,4,26,0,0,SMB,1589600
CUST1470,INV001784,31669.15,2025-02-13,2025-03-15,2025-03-23,Paid,0,17,7,10,1,4,19,0,1,Mid-Market,1912205
CUST0079,INV001785,10278.83,2026-05-19,2026-06-03,2026-06-17,Paid,0,24,8,21,0,4,59,0,1,SMB,2217354
CUST1260,INV001786,5000.0,2025-08-29,2025-09-28,,Overdue,340,18,2,16,0,6,9,0,0,Mid-Market,2270182
CUST0334,INV001787,24314.4,2025-12-17,2026-01-16,,Overdue,230,26,5,30,5,3,7,0,0,SMB,2438229
CUST0889,INV001788,10019.03,2025-01-23,2025-02-22,2025-02-24,Paid,0,10,2,1,0,0,68,0,1,SMB,1871367
CUST1373,INV001789,10058.35,2026-08-21,2026-09-20,2026-09-20,Paid,0,23,2,0,1,7,6,0,1,Enterprise,1612518
CUST1122,INV001790,15449.31,2025-02-12,2025-03-14,,Overdue,538,7,2,18,3,3,61,0,0,Enterprise,181184
CUST1106,INV001791,19270.37,2026-04-11,2026-05-11,2026-05-24,Paid,0,11,3,9,0,3,16,1,1,SMB,175355
CUST0502,INV001792,21827.31,2025-02-09,2025-04-10,,Overdue,511,14,4,0,1,7,74,0,1,Mid-Market,3544708
CUST1991,INV001793,9099.82,2025-10-30,2025-12-29,2025-12-29,Paid,0,9,2,2,2,6,36,0,1,Mid-Market,1677059
CUST1501,INV001794,17672.95,2025-06-24,2025-07-24,,Overdue,406,17,4,19,2,5,14,1,0,Mid-Market,3927590
CUST1951,INV001795,5000.0,2026-06-16,2026-07-16,2026-08-19,Paid,0,2,1,21,0,5,7,0,1,SMB,4981767
CUST1728,INV001796,30062.66,2026-04-06,2026-05-06,,Overdue,120,17,6,20,1,1,66,1,0,Enterprise,2642806
CUST0765,INV001797,5000.0,2025-07-12,2025-08-11,,Overdue,388,17,5,13,1,3,31,0,0,SMB,3705180
CUST0921,INV001798,16490.01,2025-09-01,2025-10-31,,Overdue,307,27,3,10,1,3,29,1,0,Enterprise,710327
CUST0550,INV001799,55225.84,2025-10-07,2025-11-21,,Overdue,286,20,6,10,4,1,59,1,0,Mid-Market,1193647
CUST0014,INV001800,7636.23,2025-02-05,2025-03-07,,Overdue,545,24,6,15,4,7,81,1,1,SMB,616088
CUST0392,INV001801,45090.65,2026-07-11,2026-08-10,,Overdue,24,10,3,14,3,3,80,0,1,SMB,4254955
CUST1371,INV001802,69963.76,2026-06-24,2026-08-23,,Overdue,11,24,5,2,2,2,71,0,1,Enterprise,4699454
CUST0310,INV001803,5000.0,2025-06-03,2025-07-03,,Overdue,427,12,4,22,1,2,79,1,0,SMB,3323523
CUST0386,INV001804,18932.53,2025-01-23,2025-02-22,2025-03-07,Paid,0,12,3,12,1,2,28,0,1,Mid-Market,4529825
CUST1233,INV001805,5000.0,2025-04-01,2025-05-31,2025-06-02,Paid,0,27,10,0,1,1,60,0,1,SMB,1958911
CUST1381,INV001806,19570.75,2026-01-25,2026-02-24,2026-02-27,Paid,0,15,2,0,0,5,6,0,1,SMB,3499330
CUST0974,INV001807,21869.07,2025-12-25,2026-01-24,2026-02-02,Paid,0,9,2,8,1,4,6,0,1,SMB,975779
CUST1625,INV001808,5000.0,2026-07-04,2026-08-03,2026-08-23,Paid,0,18,3,14,3,2,27,0,1,SMB,1167374
CUST1592,INV001809,150970.29,2025-08-16,2025-10-15,,Overdue,323,16,4,12,1,0,53,0,0,Enterprise,243839
CUST1118,INV001810,29319.73,2025-07-21,2025-09-04,2025-09-10,Paid,0,29,6,5,0,5,78,0,1,Enterprise,1931297
CUST1117,INV001811,9423.64,2025-12-16,2026-01-15,2026-02-09,Paid,0,7,3,24,2,0,17,0,1,SMB,4517890
CUST0340,INV001812,95356.66,2025-02-07,2025-02-22,,Overdue,558,28,5,20,0,3,74,0,0,SMB,1403324
CUST0597,INV001813,5000.0,2026-05-15,2026-06-14,2026-06-28,Paid,0,14,4,12,0,7,62,0,1,Mid-Market,1528768
CUST1469,INV001814,6443.51,2025-02-12,2025-03-14,2025-03-19,Paid,0,4,1,0,3,5,66,0,1,Enterprise,1571722
CUST0757,INV001815,5000.0,2026-06-01,2026-07-01,2026-07-07,Paid,0,3,1,9,1,7,78,1,1,Mid-Market,1344315
CUST1046,INV001816,133391.7,2025-03-09,2025-04-08,2025-04-08,Paid,0,12,4,8,1,7,56,0,1,Mid-Market,4680232
CUST0291,INV001817,30710.08,2025-05-03,2025-05-18,,Overdue,473,16,3,0,1,4,21,0,0,SMB,4704548
CUST1509,INV001818,42591.15,2025-12-02,2026-01-31,2026-02-18,Paid,0,4,1,17,0,3,63,1,1,Mid-Market,1183387
CUST1808,INV001819,29762.4,2025-06-02,2025-06-17,,Overdue,443,4,0,14,1,6,36,0,0,SMB,3250450
CUST0306,INV001820,39095.7,2025-06-11,2025-07-11,2025-07-16,Paid,0,3,1,2,1,5,41,0,1,Enterprise,1949054
CUST0634,INV001821,23815.16,2025-08-02,2025-09-01,,Overdue,367,9,2,14,1,2,45,0,0,Mid-Market,2782481
CUST1152,INV001822,28880.48,2026-01-11,2026-02-25,,Overdue,190,24,8,22,3,6,53,0,0,Mid-Market,2236268
CUST0625,INV001823,24528.81,2026-03-19,2026-04-03,,Overdue,153,14,3,17,1,0,64,0,0,Mid-Market,4741066
CUST0939,INV001824,11984.96,2026-02-27,2026-03-29,,Overdue,158,12,6,6,1,7,84,1,0,SMB,1590724
CUST1297,INV001825,21023.06,2026-06-22,2026-08-06,,Overdue,28,10,1,36,1,1,7,0,0,SMB,1977716
CUST0848,INV001826,28957.79,2025-08-18,2025-10-17,2025-10-28,Paid,0,14,2,16,0,4,22,0,1,Enterprise,1084186
CUST0442,INV001827,24601.17,2025-02-28,2025-04-14,2025-04-14,Paid,0,12,3,6,0,3,20,0,1,Enterprise,2588143
CUST0503,INV001828,5025.24,2025-04-06,2025-04-21,,Overdue,500,12,2,28,1,6,32,0,0,SMB,2878630
CUST0130,INV001829,5738.85,2025-09-19,2025-10-04,2025-10-04,Paid,0,2,2,0,0,5,19,1,1,Mid-Market,421616
CUST1156,INV001830,65045.44,2025-12-20,2026-02-03,,Overdue,212,19,5,0,0,0,28,1,0,Mid-Market,2921656
CUST0597,INV001831,16203.88,2025-11-08,2025-12-08,2025-12-08,Paid,0,13,0,7,1,2,89,0,1,Mid-Market,1528768
CUST1959,INV001832,39526.45,2025-05-16,2025-06-15,,Overdue,445,10,3,22,1,2,86,0,0,Mid-Market,320146
CUST1506,INV001833,7389.98,2026-04-18,2026-06-17,2026-06-24,Paid,0,23,7,5,1,4,66,0,1,SMB,2759236
CUST0862,INV001834,5048.54,2026-03-06,2026-04-20,,Overdue,136,21,2,11,1,6,85,0,0,SMB,4926709
CUST1414,INV001835,9474.92,2026-06-21,2026-08-05,,Overdue,29,1,0,3,1,3,70,0,1,SMB,4768784
CUST0593,INV001836,17631.37,2025-05-26,2025-07-25,,Overdue,405,1,0,19,0,2,42,0,1,SMB,4563070
CUST0999,INV001837,11326.04,2026-06-08,2026-07-08,2026-07-30,Paid,0,28,7,17,1,0,54,0,1,Enterprise,187686
CUST0325,INV001838,80332.82,2025-03-28,2025-05-12,2025-05-12,Paid,0,8,1,0,0,3,67,0,1,Enterprise,1084586
CUST1093,INV001839,26357.9,2025-04-19,2025-05-19,,Overdue,472,6,2,12,2,0,64,0,0,Mid-Market,4720432
CUST1684,INV001840,139935.74,2026-02-27,2026-04-28,2026-05-15,Paid,0,20,6,15,1,7,24,1,1,Mid-Market,3181603
CUST0448,INV001841,33004.8,2025-12-11,2026-01-10,,Overdue,236,3,1,10,1,2,12,0,0,Mid-Market,3937008
CUST1552,INV001842,5000.0,2025-09-23,2025-10-23,,Overdue,315,13,6,11,0,0,69,0,0,Mid-Market,514462
CUST0819,INV001843,63325.39,2026-08-09,2026-09-08,,Overdue,0,25,9,5,0,2,86,0,1,SMB,323452
CUST1641,INV001844,5000.0,2026-05-09,2026-06-08,,Overdue,87,25,3,20,0,7,84,0,1,Mid-Market,3006151
CUST1189,INV001845,27737.31,2025-11-29,2025-12-29,,Overdue,248,12,2,4,0,1,68,1,0,SMB,2635171
CUST1512,INV001846,10150.88,2026-02-17,2026-03-19,,Overdue,168,20,4,21,1,3,26,0,0,Mid-Market,2688439
CUST1737,INV001847,187720.8,2025-07-10,2025-08-09,2025-08-22,Paid,0,16,1,12,1,6,16,0,1,SMB,3693327
CUST0709,INV001848,92929.64,2025-05-22,2025-06-21,,Overdue,439,11,3,7,0,0,84,1,0,SMB,805612
CUST1450,INV001849,10490.02,2025-03-14,2025-04-13,2025-04-21,Paid,0,24,2,11,1,3,19,0,1,Mid-Market,3198491
CUST1721,INV001850,19392.51,2025-06-16,2025-07-16,2025-08-03,Paid,0,4,1,13,1,0,31,1,1,SMB,402365
CUST1858,INV001851,28130.17,2025-06-17,2025-07-17,2025-08-07,Paid,0,8,0,9,2,6,3,1,1,SMB,132806
CUST0265,INV001852,52230.09,2026-07-20,2026-09-03,2026-09-04,Paid,0,7,0,8,0,2,79,1,1,Enterprise,127175
CUST1899,INV001853,22678.03,2025-09-16,2025-10-16,,Overdue,322,16,6,2,0,2,55,0,0,SMB,3355610
CUST0612,INV001854,7903.85,2026-03-15,2026-04-14,,Overdue,142,12,2,26,3,7,11,1,0,Mid-Market,3116983
CUST1366,INV001855,10747.64,2025-04-21,2025-05-21,2025-05-25,Paid,0,6,0,4,1,1,16,0,1,SMB,948332
CUST0832,INV001856,21927.97,2026-06-15,2026-08-14,2026-08-14,Paid,0,23,5,0,0,0,47,0,1,SMB,307354
CUST1750,INV001857,75694.21,2025-10-17,2025-12-01,2025-12-17,Paid,0,6,0,16,2,1,39,0,1,SMB,4958951
CUST1302,INV001858,33787.22,2026-07-16,2026-08-15,,Overdue,19,11,4,0,0,0,52,1,1,Enterprise,1496250
CUST0674,INV001859,10163.77,2026-05-25,2026-07-24,2026-08-03,Paid,0,12,3,12,0,1,1,0,1,Mid-Market,2634182
CUST1463,INV001860,42123.99,2025-06-24,2025-08-08,2025-08-12,Paid,0,16,4,1,1,7,32,0,1,SMB,2049482
CUST0157,INV001861,14958.2,2025-10-29,2025-12-13,,Overdue,264,22,7,16,0,3,72,0,0,Mid-Market,3025635
CUST1446,INV001862,53659.19,2025-07-04,2025-08-03,,Overdue,396,16,5,10,0,6,19,1,1,SMB,2486831
CUST0251,INV001863,275683.96,2025-12-05,2026-01-19,2026-01-22,Paid,0,23,3,3,1,5,59,0,1,SMB,991768
CUST0878,INV001864,15385.39,2026-05-25,2026-06-24,2026-06-27,Paid,0,16,3,10,0,7,41,1,1,Mid-Market,4993082
CUST1633,INV001865,49099.55,2025-11-06,2025-12-21,,Overdue,256,4,0,16,0,2,85,0,0,Mid-Market,2105845
CUST0530,INV001866,10452.61,2026-05-22,2026-07-21,,Overdue,44,12,1,8,1,0,86,1,0,Enterprise,1755243
CUST0327,INV001867,19687.44,2025-12-12,2026-02-10,2026-02-17,Paid,0,5,1,8,0,6,11,0,1,Mid-Market,3150581
CUST0961,INV001868,22687.34,2025-03-22,2025-04-21,,Overdue,500,9,1,21,2,4,71,0,0,SMB,1810511
CUST0895,INV001869,18148.01,2026-01-09,2026-03-10,,Overdue,177,18,3,16,0,4,70,0,1,Mid-Market,3554438
CUST0097,INV001870,258593.78,2025-06-05,2025-07-05,,Overdue,425,9,2,7,2,2,25,0,0,Mid-Market,3183211
CUST0513,INV001871,16210.38,2026-03-08,2026-04-07,,Overdue,149,16,5,13,0,7,33,0,0,Enterprise,4637878
CUST0216,INV001872,39610.58,2026-05-15,2026-06-14,,Overdue,81,21,7,9,0,4,16,0,1,SMB,493316
CUST1156,INV001873,5000.0,2025-05-27,2025-07-11,,Overdue,419,26,2,22,0,4,36,0,0,Mid-Market,2921656
CUST1284,INV001874,33928.02,2026-04-26,2026-05-26,2026-05-27,Paid,0,1,0,0,1,4,17,0,1,SMB,4645130
CUST0125,INV001875,69013.31,2026-03-11,2026-04-10,2026-05-03,Paid,0,27,5,17,0,1,45,0,1,SMB,1576534
CUST1106,INV001876,12996.07,2026-06-03,2026-06-18,,Overdue,77,23,11,17,0,1,26,1,1,SMB,175355
CUST1307,INV001877,5000.0,2025-03-10,2025-04-09,2025-04-12,Paid,0,5,0,5,3,0,23,0,1,Mid-Market,3418270
CUST1707,INV001878,21191.35,2025-07-05,2025-09-03,2025-09-06,Paid,0,19,4,3,1,5,45,0,1,Mid-Market,4247079
CUST0059,INV001879,22408.24,2025-07-23,2025-09-06,,Overdue,362,3,2,24,0,1,47,0,0,SMB,256487
CUST1568,INV001880,45436.68,2026-07-08,2026-08-07,,Overdue,27,1,0,10,0,3,56,0,0,SMB,967472
CUST0161,INV001881,164539.02,2025-01-13,2025-03-14,,Overdue,538,23,8,26,2,6,11,1,0,SMB,3490866
CUST0284,INV001882,15062.24,2025-10-01,2025-11-15,2025-11-15,Paid,0,14,2,2,0,6,30,1,1,SMB,335711
CUST0106,INV001883,9355.43,2025-10-25,2025-12-09,2025-12-27,Paid,0,18,2,11,0,7,25,1,1,SMB,2326787
CUST1129,INV001884,6857.39,2025-02-20,2025-04-06,2025-04-12,Paid,0,8,0,6,1,0,21,0,1,SMB,331696
CUST1463,INV001885,26851.54,2026-05-15,2026-07-14,,Overdue,51,14,6,8,1,6,2,0,1,SMB,2049482
CUST0228,INV001886,35573.43,2026-01-04,2026-02-18,,Overdue,197,20,3,15,0,4,67,0,0,SMB,4108848
CUST1724,INV001887,12763.5,2025-12-23,2026-01-22,2026-02-03,Paid,0,20,4,4,1,4,5,1,1,SMB,411309
CUST1606,INV001888,47986.87,2025-01-03,2025-02-02,2025-02-11,Paid,0,13,6,10,0,7,45,1,1,Mid-Market,4340697
CUST0318,INV001889,35079.92,2025-09-11,2025-10-26,2025-10-29,Paid,0,27,8,4,1,2,66,0,1,SMB,2820374
CUST1488,INV001890,22999.59,2026-04-20,2026-05-20,,Overdue,106,21,5,18,0,7,64,0,0,Mid-Market,2599565
CUST0802,INV001891,8933.69,2026-05-21,2026-06-20,,Overdue,75,16,4,31,2,6,23,0,1,SMB,79336
CUST1623,INV001892,13604.22,2025-09-13,2025-10-13,2025-11-08,Paid,0,9,0,25,0,7,78,0,1,Mid-Market,515590
CUST1906,INV001893,5000.0,2025-05-30,2025-06-29,2025-07-03,Paid,0,7,3,2,0,6,18,0,1,SMB,2643157
CUST0874,INV001894,27883.41,2026-05-03,2026-06-02,2026-06-16,Paid,0,3,1,7,0,0,75,0,1,SMB,2971989
CUST0472,INV001895,22614.38,2025-10-06,2025-11-20,2025-12-08,Paid,0,20,2,11,0,4,58,0,1,Enterprise,3870887
CUST1080,INV001896,26595.01,2025-02-28,2025-04-14,2025-04-14,Paid,0,25,5,0,0,7,60,0,1,Enterprise,1433875
CUST0625,INV001897,36472.69,2026-03-22,2026-04-21,2026-04-30,Paid,0,1,1,11,1,1,15,1,1,Mid-Market,4741066
CUST0013,INV001898,32397.01,2025-04-23,2025-05-23,2025-05-27,Paid,0,24,4,17,0,4,85,0,1,Mid-Market,3971451
CUST1464,INV001899,19724.5,2026-07-23,2026-08-07,2026-08-13,Paid,0,8,2,12,0,6,69,0,1,Mid-Market,3699244
CUST1042,INV001900,23124.96,2026-05-04,2026-05-19,,Overdue,107,14,3,11,1,4,67,0,0,Mid-Market,1691232
CUST0694,INV001901,5408.26,2026-02-11,2026-03-13,2026-03-18,Paid,0,13,5,5,1,2,82,0,1,SMB,1466842
CUST0973,INV001902,12286.78,2026-01-02,2026-02-16,2026-03-06,Paid,0,7,0,9,3,6,8,0,1,Mid-Market,3894886
CUST0113,INV001903,23166.7,2025-03-01,2025-04-30,2025-04-30,Paid,0,13,5,7,1,7,38,0,1,Enterprise,172775
CUST0229,INV001904,10552.8,2025-11-25,2025-12-25,,Overdue,252,22,3,2,1,4,26,0,0,Enterprise,3530826
CUST0171,INV001905,52059.93,2026-04-14,2026-05-14,,Overdue,112,7,0,21,2,3,64,1,0,Mid-Market,358449
CUST0295,INV001906,11399.99,2026-07-21,2026-09-04,,Overdue,0,26,7,28,0,6,77,0,1,SMB,451067
CUST0189,INV001907,27345.45,2025-03-04,2025-05-03,2025-05-15,Paid,0,20,4,6,0,3,64,0,1,Mid-Market,2558426
CUST0426,INV001908,24749.63,2025-07-03,2025-09-01,,Overdue,367,20,6,2,0,4,74,0,0,Mid-Market,2944100
CUST0977,INV001909,46456.78,2025-11-07,2025-11-22,,Overdue,285,5,1,4,1,7,1,1,0,Mid-Market,275391
CUST1103,INV001910,54219.24,2026-06-22,2026-07-22,,Overdue,43,4,1,2,0,6,42,0,0,Enterprise,313625
CUST0658,INV001911,44091.95,2025-06-26,2025-07-11,2025-07-17,Paid,0,4,1,7,0,4,11,0,1,SMB,4858163
CUST0919,INV001912,5000.0,2026-07-29,2026-08-28,,Overdue,6,25,9,15,0,3,69,1,0,Mid-Market,331854
CUST1206,INV001913,72703.74,2026-03-05,2026-04-19,2026-05-16,Paid,0,6,2,24,0,1,1,1,1,Mid-Market,1138963
CUST0499,INV001914,101448.67,2025-03-14,2025-04-13,2025-04-13,Paid,0,14,3,0,1,0,65,0,1,Enterprise,3010033
CUST1822,INV001915,13600.69,2025-06-16,2025-08-15,,Overdue,384,3,1,21,0,6,83,0,0,SMB,922834
CUST0762,INV001916,27907.39,2025-08-13,2025-09-12,,Overdue,356,3,1,12,2,3,50,0,0,SMB,1339467
CUST0866,INV001917,9037.78,2026-07-31,2026-09-29,,Overdue,0,26,8,0,2,2,69,1,1,Mid-Market,339220
CUST0826,INV001918,5000.0,2026-08-04,2026-08-19,,Overdue,15,24,4,0,0,3,76,0,0,Enterprise,812371
CUST1732,INV001919,10522.64,2025-01-09,2025-02-08,,Overdue,572,3,0,17,0,7,60,0,0,Mid-Market,328495
CUST1859,INV001920,12834.1,2025-08-24,2025-09-23,2025-09-28,Paid,0,4,1,3,1,0,37,0,1,Mid-Market,4075345
CUST0071,INV001921,15446.68,2025-01-28,2025-02-12,,Overdue,568,22,3,8,2,3,23,1,0,Mid-Market,588645
CUST0248,INV001922,8442.94,2025-01-27,2025-03-13,2025-03-20,Paid,0,9,1,11,1,6,5,0,1,Enterprise,2686722
CUST0146,INV001923,10578.46,2026-07-04,2026-07-19,,Overdue,46,22,6,24,1,5,87,0,1,SMB,4276156
CUST1642,INV001924,21785.36,2025-07-15,2025-08-29,2025-08-29,Paid,0,16,2,0,1,7,88,1,1,Mid-Market,1277222
CUST1799,INV001925,10196.23,2025-07-22,2025-08-06,,Overdue,393,19,1,18,1,0,81,0,0,SMB,2049117
CUST1320,INV001926,37931.01,2025-03-26,2025-04-25,,Overdue,496,16,4,25,0,1,4,0,0,SMB,347986
CUST0582,INV001927,43549.81,2025-01-30,2025-03-16,2025-03-20,Paid,0,12,3,2,2,1,17,0,1,Enterprise,2632814
CUST0470,INV001928,238086.12,2026-04-11,2026-06-10,2026-07-05,Paid,0,6,1,20,4,4,30,1,1,Enterprise,3375315
CUST1530,INV001929,67892.44,2025-04-09,2025-05-09,2025-05-17,Paid,0,20,5,7,1,1,54,0,1,Mid-Market,1907596
CUST0193,INV001930,28088.15,2025-07-09,2025-09-07,,Overdue,361,21,6,5,1,3,89,1,0,Enterprise,1752159
CUST1092,INV001931,11845.88,2025-01-12,2025-02-11,,Overdue,569,21,3,9,2,2,81,0,0,Mid-Market,4839125
CUST0494,INV001932,29547.29,2025-01-30,2025-03-01,,Overdue,551,3,0,14,1,7,78,1,0,SMB,2383679
CUST1841,INV001933,30534.0,2025-02-07,2025-03-24,,Overdue,528,21,7,5,0,3,23,1,0,SMB,1280796
CUST0052,INV001934,13183.05,2026-07-26,2026-08-25,,Overdue,9,28,8,21,1,1,24,0,1,Mid-Market,141006
CUST0882,INV001935,48229.75,2025-10-21,2025-11-20,2025-12-05,Paid,0,28,6,8,0,2,17,0,1,Mid-Market,3660954
CUST0363,INV001936,5442.0,2025-12-26,2026-02-09,2026-02-09,Paid,0,5,1,0,0,1,59,0,1,SMB,2458630
CUST1821,INV001937,17250.56,2025-06-29,2025-07-29,2025-08-12,Paid,0,7,0,11,1,0,52,0,1,SMB,3731890
CUST0917,INV001938,38401.76,2025-04-22,2025-05-22,,Overdue,469,25,5,0,0,3,46,0,0,SMB,1823055
CUST0474,INV001939,16521.47,2026-03-20,2026-04-04,,Overdue,152,5,2,9,0,2,81,0,0,Enterprise,4889498
CUST1870,INV001940,17912.35,2025-01-21,2025-03-07,2025-03-21,Paid,0,9,2,16,1,5,78,0,1,Mid-Market,548512
CUST0521,INV001941,19191.33,2025-05-25,2025-07-09,2025-07-24,Paid,0,15,4,5,0,6,59,0,1,Mid-Market,1242931
CUST1787,INV001942,9550.98,2026-05-14,2026-06-13,,Overdue,82,21,3,0,0,4,79,0,1,Mid-Market,2432865
CUST1455,INV001943,71246.5,2025-05-26,2025-07-25,2025-07-25,Paid,0,20,3,2,0,7,19,0,1,SMB,730667
CUST1868,INV001944,7958.23,2026-03-17,2026-04-16,,Overdue,140,6,3,25,1,6,69,0,0,SMB,2329023
CUST1322,INV001945,30277.48,2026-02-25,2026-04-11,2026-04-26,Paid,0,8,3,14,1,2,17,0,1,SMB,2515912
CUST1459,INV001946,33311.16,2025-11-12,2026-01-11,,Overdue,235,20,7,21,0,2,6,0,0,SMB,4072261
CUST1720,INV001947,8530.29,2025-06-15,2025-07-30,,Overdue,400,5,1,29,2,5,25,0,0,SMB,1088218
CUST0691,INV001948,23697.01,2025-07-22,2025-08-21,,Overdue,378,26,7,33,0,5,47,0,0,SMB,4325115
CUST1222,INV001949,8869.45,2026-05-11,2026-06-25,2026-07-06,Paid,0,17,4,14,1,2,17,0,1,SMB,4982400
CUST1152,INV001950,88525.19,2026-04-13,2026-05-13,,Overdue,113,10,5,9,2,4,33,0,0,Mid-Market,2236268
CUST0532,INV001951,7053.06,2026-01-20,2026-02-19,,Overdue,196,28,5,6,0,2,11,0,0,Enterprise,4072928
CUST1435,INV001952,11454.1,2025-11-10,2025-12-10,2025-12-18,Paid,0,1,1,13,1,3,33,0,1,SMB,1564101
CUST1958,INV001953,6475.46,2025-09-12,2025-10-12,2025-11-04,Paid,0,16,5,17,0,7,28,0,1,SMB,4482787
CUST0840,INV001954,5666.35,2025-01-23,2025-02-22,2025-03-04,Paid,0,24,5,19,1,7,41,0,1,Mid-Market,358617
CUST1089,INV001955,108143.6,2025-12-05,2025-12-20,2025-12-20,Paid,0,23,4,2,0,2,59,0,1,Enterprise,1711655
CUST1718,INV001956,37902.59,2026-05-08,2026-06-07,,Overdue,88,21,7,2,0,1,5,0,1,Mid-Market,3888187
CUST0241,INV001957,25343.9,2026-05-26,2026-07-25,,Overdue,40,25,8,10,3,2,85,0,0,Enterprise,4383848
CUST1393,INV001958,11423.44,2026-01-01,2026-01-16,2026-01-26,Paid,0,1,0,12,1,2,30,0,1,SMB,3822827
CUST0536,INV001959,54590.32,2026-01-07,2026-02-06,,Overdue,209,3,0,28,0,7,46,0,0,Enterprise,838140
CUST1408,INV001960,9660.28,2026-08-22,2026-09-21,,Overdue,0,6,1,0,1,4,56,0,1,Mid-Market,2916457
CUST1455,INV001961,48709.98,2025-08-07,2025-09-21,,Overdue,347,17,4,6,0,0,3,1,0,SMB,730667
CUST1991,INV001962,9204.88,2026-04-20,2026-05-20,2026-06-06,Paid,0,28,8,20,1,7,85,1,1,Mid-Market,1677059
CUST0083,INV001963,11562.15,2026-02-27,2026-03-14,,Overdue,173,22,10,2,1,6,12,1,0,SMB,874255
CUST0982,INV001964,47017.84,2025-12-22,2026-01-21,2026-02-04,Paid,0,2,0,12,1,6,7,0,1,Mid-Market,1424073
CUST1855,INV001965,52251.68,2026-04-05,2026-05-20,,Overdue,106,26,8,22,1,7,26,0,1,Enterprise,4482027
CUST1721,INV001966,40033.54,2026-05-18,2026-06-02,,Overdue,93,5,1,19,0,4,44,0,0,SMB,402365
CUST0951,INV001967,7710.4,2025-01-27,2025-02-26,2025-03-16,Paid,0,11,3,19,0,4,56,0,1,Mid-Market,851849
CUST1852,INV001968,14090.74,2025-08-11,2025-09-25,,Overdue,343,10,1,10,0,7,55,0,0,Mid-Market,1043978
CUST0611,INV001969,25768.26,2025-05-28,2025-06-27,,Overdue,433,15,5,13,3,6,13,1,0,SMB,3866126
CUST0574,INV001970,9421.21,2026-02-28,2026-03-30,,Overdue,157,18,4,14,1,6,78,1,0,Mid-Market,2249391
CUST0286,INV001971,86765.36,2025-12-17,2026-01-16,2026-01-20,Paid,0,17,2,7,0,2,25,0,1,SMB,625919
CUST0989,INV001972,5000.0,2025-07-05,2025-09-03,,Overdue,365,14,8,20,0,5,81,0,0,SMB,736268
CUST1558,INV001973,10109.8,2026-02-19,2026-03-21,2026-03-25,Paid,0,28,10,0,0,0,16,0,1,SMB,3321557
CUST0459,INV001974,13232.53,2026-03-05,2026-04-04,,Overdue,152,28,5,5,0,4,41,0,0,SMB,3705074
CUST1236,INV001975,5000.0,2025-02-10,2025-03-12,,Overdue,540,13,3,20,2,1,82,0,0,SMB,2229441
CUST0126,INV001976,5452.18,2026-01-28,2026-03-29,2026-03-29,Paid,0,20,8,0,0,0,4,0,1,SMB,874143
CUST1437,INV001977,41162.77,2025-03-20,2025-04-04,,Overdue,517,2,1,13,0,7,40,0,0,SMB,1456150
CUST1523,INV001978,22703.71,2026-06-28,2026-07-28,,Overdue,37,25,9,23,0,5,51,0,1,SMB,2032847
CUST0425,INV001979,106206.01,2026-03-26,2026-05-10,2026-05-16,Paid,0,12,3,4,1,4,81,0,1,SMB,4251765
CUST0554,INV001980,103282.83,2026-04-19,2026-06-18,,Overdue,77,27,5,16,1,2,55,0,0,Mid-Market,4172186
CUST0610,INV001981,33963.66,2025-05-22,2025-07-06,2025-07-11,Paid,0,11,2,13,2,7,33,0,1,Mid-Market,1436689
CUST1985,INV001982,30128.84,2025-09-08,2025-10-08,,Overdue,330,19,5,19,0,5,39,0,0,SMB,3640437
CUST1567,INV001983,23527.64,2025-10-21,2025-11-20,2025-11-28,Paid,0,12,5,12,0,1,24,0,1,Mid-Market,4181146
CUST1182,INV001984,5000.0,2025-05-16,2025-06-15,,Overdue,445,25,7,23,1,6,83,0,0,SMB,1061930
CUST0112,INV001985,5461.29,2026-04-29,2026-05-29,,Overdue,97,4,0,16,0,5,63,0,1,SMB,1278807
CUST0402,INV001986,24359.46,2025-11-08,2025-12-23,,Overdue,254,10,3,21,2,0,60,0,1,Enterprise,4500252
CUST1783,INV001987,40783.21,2026-07-09,2026-08-23,,Overdue,11,12,3,20,1,5,52,0,0,SMB,1509410
CUST0122,INV001988,29427.06,2025-02-15,2025-03-17,,Overdue,535,7,2,26,1,6,49,0,0,Enterprise,2569507
CUST0273,INV001989,9023.03,2025-08-24,2025-10-08,,Overdue,330,23,7,2,2,1,66,0,0,Enterprise,4369453
CUST1318,INV001990,56241.28,2025-02-17,2025-04-18,2025-04-18,Paid,0,6,1,0,0,3,41,1,1,Mid-Market,4538155
CUST0398,INV001991,96997.84,2025-07-17,2025-09-15,,Overdue,353,8,1,22,0,7,15,0,0,SMB,2480721
CUST0471,INV001992,56274.1,2025-03-25,2025-05-09,2025-05-29,Paid,0,27,8,14,0,4,57,0,1,SMB,878791
CUST0985,INV001993,59254.64,2026-06-27,2026-07-27,,Overdue,38,11,1,31,1,2,49,0,1,Mid-Market,4422352
CUST1231,INV001994,12591.46,2025-06-10,2025-07-10,2025-07-13,Paid,0,6,0,0,0,5,59,0,1,Enterprise,4890351
CUST1134,INV001995,64597.7,2026-03-04,2026-04-03,2026-04-03,Paid,0,25,5,11,2,5,74,1,1,SMB,204692
CUST1464,INV001996,25482.79,2025-03-12,2025-04-11,2025-04-25,Paid,0,21,7,12,0,3,6,1,1,Mid-Market,3699244
CUST1302,INV001997,36737.58,2026-06-04,2026-07-04,,Overdue,61,27,4,21,2,6,64,0,1,Enterprise,1496250
CUST1987,INV001998,31743.14,2025-02-21,2025-03-23,2025-05-03,Paid,0,3,0,32,0,2,23,1,1,Mid-Market,2764766
CUST1592,INV001999,19506.69,2025-02-14,2025-03-16,2025-03-31,Paid,0,21,5,12,0,7,42,1,1,Enterprise,243839
CUST1911,INV002000,9320.74,2025-10-20,2025-11-19,,Overdue,288,20,4,16,1,4,69,1,0,SMB,3516032
CUST1939,INV002001,20289.59,2026-04-10,2026-05-10,,Overdue,116,19,6,0,1,5,40,0,0,SMB,3423307
CUST0569,INV002002,59086.73,2026-07-04,2026-07-19,2026-07-28,Paid,0,1,0,15,0,3,31,0,1,Enterprise,3726158
CUST1964,INV002003,14164.93,2026-01-15,2026-01-30,,Overdue,216,24,8,15,0,6,14,0,0,SMB,4424798
CUST1506,INV002004,53817.14,2026-04-23,2026-05-23,,Overdue,103,4,0,6,0,0,70,1,1,SMB,2759236
CUST1827,INV002005,46031.01,2025-09-19,2025-10-19,,Overdue,319,28,8,15,2,3,45,0,0,SMB,4364366
CUST1138,INV002006,16334.96,2026-08-03,2026-10-02,2026-10-14,Paid,0,19,6,14,1,6,12,0,1,SMB,2635917
CUST1917,INV002007,88326.91,2025-06-28,2025-07-28,,Overdue,402,28,4,28,2,5,39,1,0,Enterprise,631904
CUST0897,INV002008,15435.93,2025-12-23,2026-01-22,2026-01-28,Paid,0,20,2,4,2,5,22,1,1,SMB,3095529
CUST0820,INV002009,99662.71,2026-02-23,2026-03-10,,Overdue,177,17,4,3,2,0,78,0,0,SMB,828883
CUST0853,INV002010,34000.38,2025-07-20,2025-08-19,,Overdue,380,28,7,3,1,0,35,0,0,SMB,3013944
CUST1501,INV002011,21679.75,2025-01-13,2025-02-27,,Overdue,553,22,5,8,0,2,88,1,0,Mid-Market,3927590
CUST0710,INV002012,9065.2,2026-03-19,2026-04-18,,Overdue,138,19,2,0,0,1,79,0,1,Mid-Market,4044528
CUST1957,INV002013,20165.73,2025-10-13,2025-12-12,2025-12-16,Paid,0,24,5,9,1,1,13,0,1,Mid-Market,2066328
CUST0321,INV002014,17966.07,2025-09-15,2025-10-30,2025-11-11,Paid,0,27,7,12,0,5,40,0,1,Mid-Market,320914
CUST0179,INV002015,6258.55,2026-07-24,2026-08-23,,Overdue,11,14,4,27,0,0,21,0,1,Enterprise,1456368
CUST0897,INV002016,17718.85,2026-07-02,2026-08-01,,Overdue,33,29,7,11,0,4,58,0,1,SMB,3095529
CUST0219,INV002017,9859.56,2026-05-05,2026-06-04,,Overdue,91,10,2,25,0,1,67,1,0,Mid-Market,525595
CUST0789,INV002018,39576.54,2026-05-13,2026-06-12,,Overdue,83,21,6,20,0,1,72,0,0,SMB,2428907
CUST1973,INV002019,81330.83,2025-11-29,2026-01-13,2026-02-01,Paid,0,9,2,13,2,6,14,0,1,SMB,689104
CUST1552,INV002020,6458.06,2026-07-16,2026-08-15,2026-08-28,Paid,0,25,5,11,1,4,63,1,1,Mid-Market,514462
CUST0492,INV002021,122064.85,2025-02-01,2025-03-03,2025-03-17,Paid,0,16,3,17,1,2,10,0,1,Mid-Market,3255228
CUST1915,INV002022,19369.38,2025-02-12,2025-03-14,2025-04-08,Paid,0,15,5,18,1,0,72,1,1,SMB,2126775
CUST0061,INV002023,8308.04,2025-12-17,2026-01-16,,Overdue,230,27,7,7,0,6,56,0,0,SMB,3334321
CUST1078,INV002024,46993.04,2025-11-30,2026-01-29,,Overdue,217,16,4,18,1,6,4,1,0,Mid-Market,2277039
CUST1704,INV002025,14094.58,2026-07-13,2026-08-12,,Overdue,22,18,4,11,0,6,55,0,0,Mid-Market,1584227
CUST0538,INV002026,20297.71,2025-09-27,2025-10-27,,Overdue,311,21,7,17,1,5,9,0,0,SMB,3796037
CUST0848,INV002027,14701.75,2026-02-17,2026-03-19,,Overdue,168,23,6,28,0,3,61,0,0,Enterprise,1084186
CUST0988,INV002028,9732.85,2026-07-29,2026-08-28,,Overdue,6,23,11,8,1,7,65,0,1,SMB,3341070
CUST0065,INV002029,45433.14,2025-01-19,2025-02-03,2025-02-03,Paid,0,10,1,0,2,3,61,0,1,SMB,95232
CUST1636,INV002030,16542.67,2025-12-13,2026-01-12,2026-01-24,Paid,0,3,0,11,0,7,56,0,1,SMB,3488780
CUST0586,INV002031,5236.18,2025-02-06,2025-03-08,2025-03-08,Paid,0,7,1,1,0,7,87,0,1,SMB,267770
CUST1728,INV002032,38217.93,2025-04-02,2025-05-02,2025-05-11,Paid,0,7,3,15,1,6,77,0,1,Enterprise,2642806
CUST0171,INV002033,6597.31,2025-07-04,2025-08-03,,Overdue,396,20,7,2,2,0,53,1,0,Mid-Market,358449
CUST1297,INV002034,6951.69,2025-01-28,2025-02-12,,Overdue,568,11,2,11,1,2,44,0,0,SMB,1977716
CUST1913,INV002035,72591.72,2026-07-02,2026-08-01,,Overdue,33,23,6,28,1,5,56,0,0,Enterprise,2432962
CUST1723,INV002036,6658.57,2026-01-07,2026-01-22,,Overdue,224,24,6,30,2,3,39,0,0,SMB,4159404
CUST0535,INV002037,5000.0,2026-06-14,2026-08-13,2026-08-25,Paid,0,3,0,16,1,5,23,1,1,Mid-Market,4938639
CUST1415,INV002038,41062.95,2025-12-11,2026-01-10,2026-01-16,Paid,0,18,3,3,0,5,21,0,1,Mid-Market,2394688
CUST1964,INV002039,16254.69,2026-02-23,2026-04-09,2026-05-02,Paid,0,25,6,21,0,1,77,0,1,SMB,4424798
CUST0693,INV002040,17718.15,2025-07-15,2025-08-29,2025-09-04,Paid,0,28,9,7,0,6,13,0,1,Mid-Market,2988687
CUST1351,INV002041,16082.7,2025-03-19,2025-04-18,2025-04-23,Paid,0,12,2,0,1,7,59,0,1,Enterprise,2082816
CUST0108,INV002042,27768.84,2025-06-16,2025-07-31,2025-09-01,Paid,0,23,5,32,0,2,26,0,1,Mid-Market,3902666
CUST1871,INV002043,10376.31,2025-03-31,2025-05-15,,Overdue,476,17,4,12,0,4,88,1,0,Mid-Market,3550967
CUST1186,INV002044,96385.87,2025-09-21,2025-10-21,,Overdue,317,26,10,18,0,0,89,1,0,Enterprise,1210117
CUST0814,INV002045,5032.99,2026-04-17,2026-06-16,2026-06-29,Paid,0,26,5,9,1,3,47,0,1,Enterprise,578714
CUST1005,INV002046,34367.78,2025-07-27,2025-08-11,,Overdue,388,9,0,17,1,6,4,1,0,Mid-Market,99976
CUST0452,INV002047,41861.47,2025-09-28,2025-10-28,2025-11-07,Paid,0,5,2,4,1,0,85,0,1,Mid-Market,118803
CUST1230,INV002048,10304.63,2025-09-20,2025-11-04,,Overdue,303,18,6,11,0,4,71,0,0,SMB,4519353
CUST0590,INV002049,7913.03,2026-05-21,2026-06-20,,Overdue,75,23,7,21,1,3,70,0,0,SMB,2752882
CUST1040,INV002050,60911.31,2026-05-27,2026-07-11,,Overdue,54,9,3,10,0,0,70,1,1,SMB,128077
CUST0327,INV002051,8177.48,2026-07-30,2026-09-28,2026-09-28,Paid,0,13,3,4,0,7,43,0,1,Mid-Market,3150581
CUST0608,INV002052,12008.09,2026-06-08,2026-08-07,2026-08-24,Paid,0,3,0,21,0,4,39,0,1,SMB,987635
CUST0659,INV002053,53493.15,2025-11-08,2025-12-08,2025-12-08,Paid,0,4,1,8,1,1,31,0,1,Mid-Market,1648099
CUST0002,INV002054,22805.14,2025-06-23,2025-08-22,,Overdue,377,25,10,8,0,4,73,1,0,Enterprise,3851250
CUST1034,INV002055,5000.0,2026-03-07,2026-04-06,2026-04-06,Paid,0,18,3,1,0,2,2,0,1,SMB,3460580
CUST0434,INV002056,126381.34,2026-04-08,2026-05-08,2026-06-11,Paid,0,20,2,27,0,2,85,0,1,SMB,723218
CUST0125,INV002057,12964.75,2025-04-11,2025-05-11,,Overdue,480,21,4,23,1,7,7,0,0,SMB,1576534
CUST1105,INV002058,14724.13,2025-01-16,2025-02-15,,Overdue,565,15,5,9,2,4,1,0,0,Enterprise,4444643
CUST0485,INV002059,28446.61,2025-09-15,2025-10-15,2025-10-20,Paid,0,20,3,3,0,7,7,0,1,Mid-Market,3349973
CUST0652,INV002060,41154.02,2025-09-01,2025-10-01,,Overdue,337,23,7,19,0,5,9,0,0,Mid-Market,504418
CUST1862,INV002061,156545.86,2025-12-14,2026-01-13,,Overdue,233,6,0,16,4,5,89,0,0,Mid-Market,4165741
CUST1174,INV002062,5000.0,2025-09-06,2025-10-06,,Overdue,332,9,0,8,2,1,48,0,0,SMB,2703528
CUST0800,INV002063,50309.65,2025-04-15,2025-06-14,,Overdue,446,11,5,11,1,0,55,0,0,Enterprise,342575
CUST0873,INV002064,46305.21,2025-10-14,2025-11-13,,Overdue,294,29,9,18,0,6,77,1,0,Mid-Market,1456978
CUST1364,INV002065,19203.26,2025-06-18,2025-07-18,,Overdue,412,29,8,14,0,0,60,0,0,Mid-Market,1998061
CUST0129,INV002066,48400.9,2026-02-24,2026-04-10,2026-04-27,Paid,0,13,2,16,1,7,70,0,1,SMB,4772727
CUST0438,INV002067,56065.39,2025-02-16,2025-03-18,,Overdue,534,4,0,15,1,6,78,0,0,Mid-Market,2711198
CUST0751,INV002068,5530.52,2025-02-12,2025-03-29,,Overdue,523,27,3,19,1,6,58,1,0,SMB,1680369
CUST0501,INV002069,126723.97,2025-11-17,2025-12-02,2025-12-13,Paid,0,15,4,6,2,1,49,1,1,Mid-Market,836261
CUST1082,INV002070,5000.0,2025-08-09,2025-09-08,,Overdue,360,25,7,14,1,3,30,0,0,SMB,4006778
CUST1222,INV002071,7077.55,2026-05-28,2026-06-12,2026-06-24,Paid,0,17,3,5,3,4,22,0,1,SMB,4982400
CUST0211,INV002072,16953.21,2026-03-17,2026-04-01,,Overdue,155,12,2,6,1,2,4,0,0,Mid-Market,4070120
CUST1938,INV002073,150985.72,2025-05-24,2025-07-08,2025-08-10,Paid,0,6,2,31,2,6,66,1,1,Mid-Market,470539
CUST0902,INV002074,16183.43,2025-01-28,2025-02-27,,Overdue,553,7,4,0,2,6,30,0,0,SMB,4994490
CUST0045,INV002075,21334.19,2026-07-07,2026-09-05,,Overdue,0,25,6,19,1,2,24,0,1,SMB,500930
CUST1121,INV002076,92233.49,2025-06-16,2025-07-16,,Overdue,414,17,4,39,1,2,80,0,0,Enterprise,4579275
CUST1303,INV002077,16312.42,2026-08-09,2026-09-08,,Overdue,0,11,3,30,1,5,25,0,1,SMB,1693707
CUST0535,INV002078,6778.85,2025-09-06,2025-10-21,2025-11-11,Paid,0,12,2,18,0,5,65,0,1,Mid-Market,4938639
CUST1434,INV002079,14512.49,2025-12-23,2026-01-22,,Overdue,224,28,10,31,0,6,76,1,0,Mid-Market,1910971
CUST0461,INV002080,86750.53,2025-04-21,2025-06-05,2025-06-20,Paid,0,13,5,16,0,0,16,0,1,SMB,4812606
CUST0391,INV002081,23644.01,2025-08-22,2025-09-21,2025-10-01,Paid,0,1,0,9,1,6,55,1,1,Enterprise,2705982
CUST1871,INV002082,151851.49,2025-01-24,2025-02-23,2025-03-11,Paid,0,18,5,12,1,0,27,0,1,Mid-Market,3550967
CUST1068,INV002083,46070.81,2025-01-26,2025-03-12,,Overdue,540,22,10,21,0,7,68,1,0,SMB,4639058
CUST0027,INV002084,11558.67,2026-01-16,2026-02-15,,Overdue,200,19,6,33,1,6,60,0,0,SMB,165359
CUST0794,INV002085,23180.72,2025-12-12,2026-01-11,,Overdue,235,11,3,23,2,1,58,0,0,Mid-Market,965113
CUST1121,INV002086,9384.19,2026-01-13,2026-03-14,2026-03-22,Paid,0,22,8,11,0,3,57,0,1,Enterprise,4579275
CUST0975,INV002087,11288.81,2026-06-06,2026-07-06,,Overdue,59,18,5,6,0,5,48,0,0,SMB,2579832
CUST0548,INV002088,1941719.06,2025-01-17,2025-02-16,2025-02-16,Paid,0,29,6,0,1,4,41,0,1,Mid-Market,4282939
CUST0621,INV002089,60999.72,2025-09-02,2025-10-02,2025-10-09,Paid,0,10,1,11,0,6,68,1,1,SMB,2157359
CUST0567,INV002090,52109.26,2026-06-23,2026-07-08,,Overdue,57,6,1,2,1,2,34,0,0,SMB,464299
CUST0704,INV002091,11811.39,2026-08-06,2026-09-05,,Overdue,0,23,6,21,0,1,34,0,1,SMB,2238370
CUST1243,INV002092,105829.44,2025-07-21,2025-08-20,2025-09-01,Paid,0,22,7,9,0,7,2,0,1,Mid-Market,2406632
CUST0185,INV002093,66132.5,2025-09-05,2025-10-05,2025-10-26,Paid,0,2,0,22,0,3,1,0,1,SMB,2181018
CUST1093,INV002094,144584.77,2025-04-28,2025-05-28,,Overdue,463,5,2,37,1,7,87,0,0,Mid-Market,4720432
CUST1853,INV002095,137738.76,2025-01-09,2025-02-23,2025-03-07,Paid,0,10,2,11,0,0,37,1,1,Enterprise,497244
CUST1154,INV002096,5018.62,2026-08-21,2026-09-05,,Overdue,0,15,6,14,2,2,83,0,1,Mid-Market,4037793
CUST1591,INV002097,7260.18,2025-01-23,2025-02-22,,Overdue,558,29,7,16,1,4,59,0,0,Mid-Market,669003
CUST1914,INV002098,8072.45,2025-08-28,2025-10-12,,Overdue,326,14,4,9,1,5,43,0,0,SMB,3516689
CUST1633,INV002099,8570.31,2026-08-08,2026-10-07,2026-10-10,Paid,0,6,2,13,0,2,59,0,1,Mid-Market,2105845
CUST0848,INV002100,30438.16,2025-01-27,2025-02-26,,Overdue,554,14,1,8,0,2,76,0,0,Enterprise,1084186
CUST0599,INV002101,12496.41,2025-03-22,2025-05-21,,Overdue,470,24,8,26,0,7,65,0,0,SMB,2813398
CUST0806,INV002102,175010.03,2026-08-19,2026-09-18,,Overdue,0,25,4,10,2,4,13,0,1,Mid-Market,1936963
CUST1655,INV002103,147957.43,2025-07-18,2025-08-17,2025-08-17,Paid,0,21,5,0,2,5,1,0,1,SMB,378821
CUST1744,INV002104,21884.6,2026-07-09,2026-08-23,2026-08-27,Paid,0,14,4,0,3,1,45,1,1,SMB,3951403
CUST1358,INV002105,155643.94,2025-04-02,2025-06-01,2025-06-01,Paid,0,12,1,4,0,4,74,1,1,SMB,2213349
CUST1949,INV002106,97551.39,2025-03-25,2025-04-24,,Overdue,497,23,6,8,1,7,14,0,0,SMB,2470872
CUST1178,INV002107,14034.77,2025-10-27,2025-11-11,,Overdue,296,4,1,21,0,5,40,0,0,SMB,2223513
CUST1571,INV002108,5000.0,2025-10-23,2025-11-07,2025-11-22,Paid,0,26,3,20,2,5,22,1,1,Mid-Market,2054517
CUST0079,INV002109,17712.6,2026-03-30,2026-04-29,,Overdue,127,12,4,21,1,4,46,0,1,SMB,2217354
CUST0579,INV002110,11560.83,2025-10-08,2025-11-22,,Overdue,285,21,5,12,1,0,84,0,0,SMB,2914140
CUST1879,INV002111,27078.78,2025-02-28,2025-03-30,,Overdue,522,17,3,22,2,6,47,0,0,SMB,1676528
CUST0413,INV002112,24082.2,2025-12-08,2026-01-07,,Overdue,239,29,4,10,1,1,59,0,0,Enterprise,3884242
CUST0546,INV002113,23459.19,2026-04-10,2026-05-10,2026-05-10,Paid,0,19,5,0,0,1,12,0,1,SMB,1589600
CUST1633,INV002114,37185.89,2025-12-08,2026-02-06,,Overdue,209,16,3,21,3,6,57,1,0,Mid-Market,2105845
CUST0169,INV002115,6551.69,2025-03-03,2025-03-18,,Overdue,534,18,8,5,0,3,80,0,0,SMB,1666596
CUST0681,INV002116,33235.05,2026-03-05,2026-04-19,,Overdue,137,6,2,10,1,3,65,0,0,Mid-Market,319160
CUST1687,INV002117,14191.29,2025-09-13,2025-11-12,2025-11-21,Paid,0,9,1,8,0,0,18,0,1,Enterprise,761943
CUST0583,INV002118,26902.71,2025-12-13,2026-01-12,,Overdue,234,26,7,17,1,5,68,1,0,SMB,3819457
CUST0515,INV002119,57377.63,2026-06-10,2026-07-25,,Overdue,40,19,5,14,0,7,70,0,1,SMB,4143886
CUST1338,INV002120,6474.33,2025-10-31,2025-12-15,,Overdue,262,12,4,10,0,0,58,0,0,Mid-Market,702416
CUST0032,INV002121,16625.72,2025-09-02,2025-09-17,2025-10-12,Paid,0,11,5,28,2,3,51,1,1,SMB,2642631
CUST0287,INV002122,19564.38,2026-02-16,2026-03-18,,Overdue,169,28,11,11,1,3,62,0,0,SMB,3381106
CUST0594,INV002123,13170.45,2025-08-05,2025-09-04,2025-09-11,Paid,0,16,5,10,0,1,62,0,1,SMB,1388530
CUST1067,INV002124,54167.13,2026-05-31,2026-06-30,,Overdue,65,2,0,20,1,3,35,0,1,SMB,4672580
CUST1927,INV002125,10717.27,2026-04-19,2026-05-19,,Overdue,107,18,3,24,0,4,76,0,0,Mid-Market,2072643
CUST0617,INV002126,12639.72,2025-02-05,2025-03-07,2025-03-24,Paid,0,6,1,21,0,6,27,0,1,SMB,4606766
CUST1025,INV002127,10830.06,2025-06-27,2025-08-11,,Overdue,388,26,6,6,1,5,56,0,0,Enterprise,3745727
CUST1597,INV002128,65647.54,2026-01-22,2026-02-21,,Overdue,194,22,3,16,0,2,29,0,0,SMB,3040193
CUST0270,INV002129,13461.05,2025-01-17,2025-02-16,,Overdue,564,5,1,13,0,4,43,0,0,SMB,145028
CUST1204,INV002130,34893.14,2025-02-17,2025-03-19,2025-04-01,Paid,0,9,5,10,1,7,17,0,1,SMB,330833
CUST1760,INV002131,158848.33,2025-03-03,2025-04-17,2025-04-17,Paid,0,13,4,3,0,5,37,1,1,Mid-Market,1502137
CUST0518,INV002132,20438.62,2025-03-10,2025-03-25,2025-04-06,Paid,0,7,2,14,1,3,40,0,1,Mid-Market,612060
CUST1127,INV002133,66974.06,2026-01-01,2026-01-31,,Overdue,215,23,4,23,1,7,57,1,1,SMB,142036
CUST1034,INV002134,117166.83,2025-06-11,2025-07-11,,Overdue,419,27,7,28,1,2,6,0,0,SMB,3460580
CUST0583,INV002135,61524.55,2026-05-03,2026-06-02,,Overdue,93,1,0,24,0,0,59,0,0,SMB,3819457
CUST1114,INV002136,21659.48,2026-03-07,2026-04-06,,Overdue,150,10,1,8,2,6,59,0,0,Mid-Market,1609757
CUST0226,INV002137,41860.91,2026-05-04,2026-06-03,,Overdue,92,26,4,3,3,3,71,1,0,SMB,2288673
CUST0670,INV002138,6079.16,2025-08-18,2025-10-02,2025-10-02,Paid,0,18,4,0,0,3,43,0,1,SMB,3542099
CUST1764,INV002139,10096.63,2026-01-05,2026-02-19,,Overdue,196,12,3,23,3,0,84,0,0,SMB,1753820
CUST0917,INV002140,12032.0,2025-06-27,2025-07-27,,Overdue,403,3,0,20,0,3,74,0,0,SMB,1823055
CUST0126,INV002141,207028.58,2026-02-14,2026-03-01,2026-03-09,Paid,0,5,0,6,0,2,15,0,1,SMB,874143
CUST0956,INV002142,9773.36,2026-07-22,2026-09-20,2026-10-02,Paid,0,14,3,4,2,0,15,0,1,SMB,473177
CUST1233,INV002143,9628.89,2026-08-13,2026-09-12,,Overdue,0,27,7,25,0,0,87,0,1,SMB,1958911
CUST1121,INV002144,7754.89,2025-09-27,2025-11-11,,Overdue,296,15,5,22,1,1,10,0,0,Enterprise,4579275
CUST0074,INV002145,38553.87,2025-07-25,2025-09-23,,Overdue,345,12,3,25,1,6,68,0,0,Mid-Market,2879455
CUST1651,INV002146,25402.97,2025-03-23,2025-05-07,,Overdue,484,4,1,18,2,3,33,0,0,SMB,1434822
CUST1215,INV002147,65300.76,2025-07-12,2025-08-11,,Overdue,388,24,7,18,1,1,76,0,0,Mid-Market,929459
CUST1706,INV002148,43099.2,2025-07-08,2025-08-07,2025-08-10,Paid,0,16,4,0,1,2,9,0,1,SMB,4276405
CUST1843,INV002149,5539.23,2025-10-03,2025-10-18,2025-10-29,Paid,0,11,2,8,0,5,27,0,1,SMB,4260583
CUST1984,INV002150,9825.36,2025-03-15,2025-04-14,,Overdue,507,4,2,32,0,2,62,0,0,SMB,930096
CUST1740,INV002151,86277.9,2025-01-10,2025-02-09,,Overdue,571,6,2,6,0,0,11,0,0,SMB,2749134
CUST0056,INV002152,17974.36,2025-08-04,2025-09-18,2025-10-06,Paid,0,25,4,14,0,1,15,1,1,Enterprise,738725
CUST0720,INV002153,72228.63,2025-10-17,2025-11-01,,Overdue,306,16,7,28,1,3,71,0,0,Mid-Market,2245690
CUST0553,INV002154,18964.4,2026-03-21,2026-05-05,,Overdue,121,2,1,21,0,6,8,0,1,Mid-Market,2744245
CUST0032,INV002155,8369.45,2026-07-06,2026-08-20,,Overdue,14,13,5,2,2,2,69,1,1,SMB,2642631
CUST1551,INV002156,16264.49,2025-07-12,2025-08-11,2025-08-11,Paid,0,8,2,0,1,1,66,0,1,Enterprise,1250532
CUST0574,INV002157,8366.16,2025-10-16,2025-11-15,,Overdue,292,12,4,28,1,0,2,0,0,Mid-Market,2249391
CUST0667,INV002158,12512.05,2026-08-06,2026-09-05,,Overdue,0,21,6,19,3,6,74,0,1,SMB,3948190
CUST0284,INV002159,26928.1,2025-05-24,2025-06-23,2025-07-08,Paid,0,26,5,16,0,6,17,1,1,SMB,335711
CUST1745,INV002160,36739.4,2026-01-24,2026-02-23,,Overdue,192,6,2,17,0,4,77,0,0,SMB,184445
CUST1856,INV002161,5000.0,2026-02-11,2026-02-26,,Overdue,189,3,0,8,1,0,9,0,0,SMB,3529000
CUST1518,INV002162,21647.21,2026-01-05,2026-02-19,,Overdue,196,15,3,3,2,7,80,0,0,Enterprise,3485088
CUST0187,INV002163,12251.26,2026-03-17,2026-04-16,2026-04-22,Paid,0,8,3,16,0,5,71,1,1,Mid-Market,4679375
CUST0498,INV002164,11517.07,2026-07-18,2026-08-17,2026-08-25,Paid,0,2,1,6,2,0,76,0,1,SMB,4377308
CUST1466,INV002165,25151.8,2026-06-13,2026-07-28,,Overdue,37,16,6,6,1,1,4,0,1,SMB,3963397
CUST0130,INV002166,12702.42,2025-01-13,2025-02-12,2025-02-19,Paid,0,13,5,8,0,4,31,0,1,Mid-Market,421616
CUST0639,INV002167,87740.42,2025-12-06,2026-01-05,,Overdue,241,1,0,20,0,7,3,0,0,SMB,801518
CUST1316,INV002168,72262.59,2025-11-08,2025-12-08,,Overdue,269,11,3,5,2,3,41,0,0,Mid-Market,3749509
CUST0114,INV002169,71813.54,2025-04-14,2025-05-14,,Overdue,477,28,11,4,0,6,7,0,0,Mid-Market,4564276
CUST1223,INV002170,13427.9,2025-12-05,2026-01-04,2026-01-04,Paid,0,1,0,3,0,0,66,1,1,SMB,4235224
CUST0013,INV002171,8412.73,2025-07-17,2025-09-15,2025-09-25,Paid,0,8,3,10,1,0,75,0,1,Mid-Market,3971451
CUST1295,INV002172,23909.47,2025-10-27,2025-11-26,2025-12-27,Paid,0,2,0,22,0,4,50,1,1,Mid-Market,3875258
CUST1625,INV002173,18951.75,2026-03-20,2026-04-19,2026-04-30,Paid,0,13,7,11,0,7,60,0,1,SMB,1167374
CUST1239,INV002174,11982.19,2025-12-25,2026-01-09,,Overdue,237,29,8,12,2,3,71,0,0,Enterprise,3608818
CUST0444,INV002175,6797.2,2026-01-03,2026-02-17,,Overdue,198,21,3,14,1,0,47,0,0,SMB,3965770
CUST1814,INV002176,21130.7,2025-06-18,2025-07-18,,Overdue,412,2,1,9,0,0,57,0,0,SMB,1948917
CUST1536,INV002177,14704.82,2025-05-29,2025-06-28,,Overdue,432,27,8,3,0,1,84,0,0,SMB,2800025
CUST0447,INV002178,43841.98,2025-02-11,2025-03-13,2025-03-21,Paid,0,4,0,8,0,5,22,0,1,Enterprise,1751243
CUST0986,INV002179,42834.8,2025-07-21,2025-08-20,,Overdue,379,25,2,6,1,7,22,1,0,SMB,1474663
CUST0993,INV002180,66224.11,2025-09-01,2025-10-01,,Overdue,337,2,0,11,0,1,89,0,0,SMB,4517223
CUST0715,INV002181,6252.3,2026-04-09,2026-06-08,,Overdue,87,13,2,7,0,2,18,0,1,SMB,2012889
CUST0074,INV002182,32894.42,2026-03-25,2026-05-09,2026-06-01,Paid,0,4,2,14,1,1,74,0,1,Mid-Market,2879455
CUST0537,INV002183,10641.69,2026-03-13,2026-03-28,,Overdue,159,29,6,11,1,6,62,0,0,Mid-Market,3608539
CUST0101,INV002184,6500.18,2026-06-15,2026-07-15,,Overdue,50,26,7,6,4,6,12,0,0,SMB,4520013
CUST0176,INV002185,14348.46,2026-07-19,2026-08-03,2026-09-04,Paid,0,21,4,27,0,3,29,1,1,SMB,906047
CUST0427,INV002186,64132.4,2026-08-20,2026-10-04,,Overdue,0,26,6,17,2,2,3,0,0,SMB,4716805
CUST1141,INV002187,15179.2,2025-09-30,2025-10-30,,Overdue,308,15,2,10,0,1,53,1,0,Mid-Market,1438509
CUST1190,INV002188,105393.33,2026-03-06,2026-05-05,,Overdue,121,29,7,7,2,4,26,0,0,Mid-Market,1331506
CUST0041,INV002189,38134.65,2025-08-01,2025-09-15,,Overdue,353,26,7,21,0,1,81,0,0,SMB,3623465
CUST0429,INV002190,14852.29,2025-04-14,2025-05-14,,Overdue,477,21,6,3,3,5,84,0,0,SMB,1096161
CUST0344,INV002191,70266.36,2025-07-11,2025-08-25,,Overdue,374,12,5,26,0,1,52,1,0,SMB,4446720
CUST1448,INV002192,34385.72,2026-01-15,2026-03-01,2026-03-05,Paid,0,12,4,0,0,7,84,1,1,Mid-Market,1756517
CUST0366,INV002193,8668.41,2025-03-22,2025-04-21,,Overdue,500,5,2,40,1,5,78,0,0,SMB,2752994
CUST1144,INV002194,141322.9,2026-07-03,2026-08-02,,Overdue,32,29,6,8,1,1,41,1,1,Mid-Market,4728083
CUST0609,INV002195,28551.9,2026-01-12,2026-02-11,,Overdue,204,10,2,0,1,7,13,1,0,Mid-Market,3552626
CUST0657,INV002196,22444.39,2025-06-03,2025-07-03,2025-07-17,Paid,0,26,2,5,1,5,40,0,1,SMB,3579801
CUST0728,INV002197,9362.5,2026-07-25,2026-08-24,,Overdue,10,2,0,9,0,7,51,0,1,Mid-Market,2951092
CUST0229,INV002198,71649.27,2025-08-28,2025-09-27,2025-09-28,Paid,0,8,2,6,2,0,2,0,1,Enterprise,3530826
CUST0825,INV002199,36948.32,2026-01-09,2026-02-08,,Overdue,207,27,5,16,1,5,36,1,0,Mid-Market,4872139
CUST1154,INV002200,41325.63,2025-07-23,2025-08-07,,Overdue,392,5,2,15,0,4,14,0,0,Mid-Market,4037793
CUST1376,INV002201,13259.49,2025-12-16,2026-02-14,,Overdue,201,22,6,44,1,2,26,0,0,Enterprise,2794804
CUST0889,INV002202,50721.27,2025-05-23,2025-07-07,2025-07-30,Paid,0,8,4,13,0,6,66,0,1,SMB,1871367
CUST1342,INV002203,54820.18,2025-07-08,2025-08-22,,Overdue,377,24,9,0,1,0,11,0,0,SMB,4241896
CUST0984,INV002204,11284.91,2025-09-29,2025-10-29,2025-11-13,Paid,0,13,7,10,0,7,73,0,1,SMB,4607220
CUST1673,INV002205,5340.15,2026-06-16,2026-07-31,2026-08-19,Paid,0,29,6,13,1,4,50,1,1,Enterprise,4689059
CUST0836,INV002206,39394.17,2025-10-27,2025-12-26,,Overdue,251,13,3,7,0,2,71,0,0,SMB,4421545
CUST1361,INV002207,5000.0,2026-03-02,2026-04-01,,Overdue,155,26,6,18,0,5,35,1,1,Enterprise,4479899
CUST1297,INV002208,25642.74,2025-02-15,2025-04-01,,Overdue,520,23,10,20,2,1,81,0,0,SMB,1977716
CUST0117,INV002209,14083.44,2025-04-05,2025-05-05,2025-05-14,Paid,0,15,3,6,2,0,29,1,1,Mid-Market,2319070
CUST0818,INV002210,74508.26,2025-03-05,2025-05-04,,Overdue,487,15,2,8,0,2,38,0,0,SMB,4192535
CUST0368,INV002211,14870.82,2026-02-17,2026-04-18,,Overdue,138,24,5,0,0,1,33,1,0,Enterprise,4952444
CUST1118,INV002212,66654.18,2025-01-09,2025-03-10,2025-03-10,Paid,0,26,6,3,0,0,75,0,1,Enterprise,1931297
CUST0168,INV002213,13171.23,2026-04-04,2026-04-19,,Overdue,137,11,3,9,2,2,6,0,0,SMB,1256123
CUST0954,INV002214,59873.6,2026-02-13,2026-03-15,,Overdue,172,23,6,13,1,7,18,1,0,Enterprise,1085891
CUST1739,INV002215,172878.02,2026-04-15,2026-05-15,,Overdue,111,10,3,11,2,7,31,0,1,SMB,1772199
CUST1365,INV002216,7570.03,2026-05-21,2026-06-20,2026-06-20,Paid,0,6,2,4,1,7,79,0,1,Mid-Market,4435224
CUST0661,INV002217,29496.76,2025-03-14,2025-04-13,,Overdue,508,5,1,23,2,2,77,0,0,SMB,3863233
CUST1938,INV002218,344132.63,2025-03-25,2025-04-24,,Overdue,497,5,0,22,1,0,5,0,0,Mid-Market,470539
CUST0695,INV002219,23543.12,2025-02-28,2025-04-14,,Overdue,507,8,3,23,0,0,84,1,0,SMB,2381256
CUST0925,INV002220,23430.37,2025-01-21,2025-02-20,,Overdue,560,1,0,28,1,6,40,0,0,SMB,4206004
CUST0152,INV002221,48460.24,2026-04-03,2026-06-02,2026-06-05,Paid,0,2,0,2,0,5,47,1,1,SMB,4002255
CUST0586,INV002222,22950.18,2025-06-06,2025-07-06,2025-07-19,Paid,0,17,7,16,0,6,63,1,1,SMB,267770
CUST1901,INV002223,5000.0,2025-11-25,2025-12-25,,Overdue,252,29,8,21,1,5,82,1,0,Mid-Market,2138618
CUST0913,INV002224,68342.52,2026-07-27,2026-08-26,,Overdue,8,26,5,35,1,2,43,0,1,Mid-Market,662181
CUST0274,INV002225,5000.0,2026-07-30,2026-08-29,,Overdue,5,7,3,27,0,3,2,0,0,Enterprise,4998008
CUST1578,INV002226,14518.93,2025-07-22,2025-08-06,2025-08-11,Paid,0,29,6,9,1,1,76,0,1,Mid-Market,154927
CUST0496,INV002227,73675.51,2025-04-16,2025-05-31,2025-05-31,Paid,0,25,7,0,0,2,20,0,1,SMB,1733523
CUST1748,INV002228,15420.57,2025-05-02,2025-06-01,2025-06-01,Paid,0,23,6,0,0,0,24,0,1,SMB,2716981
CUST0101,INV002229,11007.18,2025-11-14,2026-01-13,,Overdue,233,9,3,19,2,2,73,0,0,SMB,4520013
CUST0557,INV002230,53064.53,2025-07-01,2025-08-30,2025-09-06,Paid,0,4,0,13,0,0,35,0,1,SMB,391207
CUST1106,INV002231,9403.95,2025-11-12,2025-12-12,2025-12-12,Paid,0,7,3,5,1,1,55,1,1,SMB,175355
CUST1553,INV002232,6488.42,2026-02-10,2026-04-11,2026-04-11,Paid,0,28,4,0,1,5,52,0,1,Mid-Market,3041620
CUST0073,INV002233,28984.43,2025-03-11,2025-04-25,2025-05-11,Paid,0,10,1,21,1,7,45,0,1,SMB,4575121
CUST1038,INV002234,18344.35,2025-06-09,2025-08-08,,Overdue,391,16,4,0,2,6,47,0,0,Mid-Market,1495065
CUST1457,INV002235,6350.74,2025-08-28,2025-10-27,2025-11-21,Paid,0,10,2,26,0,0,51,0,1,Mid-Market,2064017
CUST0157,INV002236,41645.66,2026-06-07,2026-07-22,2026-07-26,Paid,0,7,0,2,1,0,29,0,1,Mid-Market,3025635
CUST0735,INV002237,35048.48,2025-05-18,2025-06-17,,Overdue,443,26,4,8,1,3,68,0,0,SMB,2938939
CUST0132,INV002238,15371.11,2026-05-10,2026-06-09,2026-06-23,Paid,0,26,6,5,1,5,50,0,1,SMB,3674064
CUST1362,INV002239,16459.66,2025-09-04,2025-11-03,,Overdue,304,2,1,18,1,6,14,1,1,SMB,3941151
CUST1019,INV002240,35256.06,2026-06-27,2026-08-11,2026-08-11,Paid,0,2,0,5,0,0,28,0,1,Enterprise,95475
CUST1428,INV002241,72428.95,2026-06-08,2026-07-08,2026-07-23,Paid,0,8,1,10,0,4,58,0,1,Enterprise,823952
CUST1400,INV002242,16600.81,2025-08-31,2025-09-30,2025-10-07,Paid,0,14,5,9,1,6,33,1,1,Mid-Market,2378476
CUST1912,INV002243,42390.88,2025-12-02,2026-01-16,,Overdue,230,18,4,3,0,4,72,0,0,Enterprise,798692
CUST0559,INV002244,38762.18,2026-02-26,2026-03-28,2026-03-29,Paid,0,1,0,12,1,3,51,0,1,Mid-Market,3339791
CUST0107,INV002245,53066.83,2025-07-13,2025-07-28,2025-08-07,Paid,0,17,4,15,1,1,1,0,1,SMB,2304614
CUST1644,INV002246,22909.55,2025-11-04,2025-12-04,,Overdue,273,17,4,19,0,1,68,1,0,Mid-Market,1593812
CUST0265,INV002247,8845.59,2026-05-21,2026-07-05,,Overdue,60,22,7,18,0,7,29,0,0,Enterprise,127175
CUST1229,INV002248,13870.24,2025-10-08,2025-11-07,2025-11-29,Paid,0,5,0,19,0,6,35,0,1,Enterprise,314237
CUST1103,INV002249,31034.46,2026-03-15,2026-04-14,,Overdue,142,16,4,0,0,0,18,0,0,Enterprise,313625
CUST0155,INV002250,135735.63,2026-04-28,2026-06-12,2026-06-24,Paid,0,7,1,12,3,3,44,1,1,Enterprise,338963
CUST1807,INV002251,13574.94,2025-08-11,2025-09-25,2025-09-25,Paid,0,15,3,3,0,5,55,0,1,Mid-Market,2476277
CUST0988,INV002252,49256.05,2025-04-27,2025-05-27,2025-06-09,Paid,0,19,3,12,0,3,36,1,1,SMB,3341070
CUST0997,INV002253,15866.16,2025-07-11,2025-07-26,2025-08-02,Paid,0,21,5,13,2,3,19,0,1,Enterprise,3842824
CUST0247,INV002254,24599.19,2026-05-31,2026-06-30,2026-07-11,Paid,0,2,1,14,0,4,49,0,1,SMB,565693
CUST0531,INV002255,100247.43,2026-06-14,2026-07-29,,Overdue,36,27,8,0,0,5,21,1,0,Mid-Market,4324692
CUST0858,INV002256,47301.28,2025-11-03,2025-12-03,,Overdue,274,16,5,36,1,1,53,0,0,SMB,174932
CUST1972,INV002257,6365.84,2026-06-16,2026-07-16,,Overdue,49,25,8,35,1,5,80,0,0,Mid-Market,174591
CUST0538,INV002258,12425.73,2025-05-02,2025-07-01,2025-07-05,Paid,0,9,2,6,0,4,70,0,1,SMB,3796037
CUST0729,INV002259,77359.71,2026-08-15,2026-10-14,2026-10-15,Paid,0,20,4,1,1,1,1,0,1,SMB,2300229
CUST1178,INV002260,25384.09,2025-06-03,2025-07-03,,Overdue,427,18,2,40,1,2,82,1,0,SMB,2223513
CUST0154,INV002261,6982.48,2026-06-21,2026-07-06,,Overdue,59,10,0,23,2,6,1,0,0,SMB,289968
CUST1710,INV002262,9711.32,2026-03-28,2026-04-27,,Overdue,129,24,3,19,0,0,27,0,0,Mid-Market,3448116
CUST0092,INV002263,44511.08,2025-06-18,2025-07-18,2025-07-21,Paid,0,20,9,0,0,5,19,0,1,Mid-Market,3816484
CUST1457,INV002264,59540.4,2025-02-28,2025-03-30,,Overdue,522,21,7,28,1,2,52,1,0,Mid-Market,2064017
CUST0338,INV002265,22423.29,2025-10-28,2025-11-27,2025-12-01,Paid,0,4,1,3,0,6,79,0,1,Mid-Market,3880121
CUST1504,INV002266,261794.15,2026-07-07,2026-08-06,,Overdue,28,2,0,10,1,5,70,0,1,SMB,4441401
CUST1717,INV002267,50219.18,2026-07-04,2026-08-03,,Overdue,31,14,4,26,1,0,63,0,0,SMB,1284215
CUST1155,INV002268,17266.42,2025-04-27,2025-06-26,2025-07-08,Paid,0,22,5,8,1,7,81,0,1,Mid-Market,1674777
CUST0450,INV002269,9742.9,2025-05-07,2025-06-06,2025-06-22,Paid,0,1,0,14,1,0,67,0,1,SMB,3677447
CUST0810,INV002270,8309.18,2026-02-09,2026-03-11,,Overdue,176,28,6,24,0,3,84,1,1,SMB,3906756
CUST0787,INV002271,30804.66,2026-02-03,2026-04-04,,Overdue,152,8,1,0,0,4,2,0,0,Mid-Market,2803913
CUST0273,INV002272,13510.51,2026-05-30,2026-06-29,,Overdue,66,11,5,24,0,7,37,0,0,Enterprise,4369453
CUST1953,INV002273,117447.15,2026-05-13,2026-07-12,,Overdue,53,1,0,28,1,4,53,0,1,Mid-Market,4874574
CUST0588,INV002274,95445.61,2026-06-12,2026-07-12,,Overdue,53,5,2,11,0,1,73,0,1,SMB,4886917
CUST0177,INV002275,41484.14,2026-02-02,2026-03-04,,Overdue,183,25,7,24,1,3,87,0,0,Mid-Market,4673636
CUST1720,INV002276,6775.06,2025-09-22,2025-10-22,2025-10-27,Paid,0,13,4,4,0,4,39,1,1,SMB,1088218
CUST0831,INV002277,11246.15,2025-09-20,2025-10-20,2025-10-20,Paid,0,17,3,0,0,1,31,0,1,SMB,2484003
CUST0643,INV002278,77317.65,2026-02-02,2026-03-04,2026-03-04,Paid,0,10,3,0,0,1,19,1,1,SMB,3510989
CUST1899,INV002279,12543.2,2026-06-11,2026-07-26,,Overdue,39,23,7,17,1,1,42,0,0,SMB,3355610
CUST1073,INV002280,67652.65,2026-03-12,2026-03-27,2026-04-19,Paid,0,7,0,17,1,4,51,0,1,SMB,758672
CUST0567,INV002281,35404.84,2025-12-26,2026-02-09,2026-02-12,Paid,0,13,1,6,1,0,68,0,1,SMB,464299
CUST0666,INV002282,23195.6,2025-05-09,2025-06-08,,Overdue,452,21,10,24,0,3,34,1,0,SMB,2024324
CUST1379,INV002283,10907.08,2025-08-29,2025-10-13,2025-10-27,Paid,0,4,0,6,1,3,54,1,1,SMB,644557
CUST1736,INV002284,20045.42,2025-08-10,2025-09-09,,Overdue,359,25,7,0,1,1,58,0,0,Enterprise,1929262
CUST1332,INV002285,26626.12,2025-08-02,2025-10-01,2025-10-08,Paid,0,21,7,3,0,7,15,1,1,Mid-Market,2982977
CUST0868,INV002286,61854.42,2026-08-15,2026-09-14,,Overdue,0,13,1,26,0,1,29,1,1,SMB,1445285
CUST1909,INV002287,9083.95,2025-05-15,2025-07-14,,Overdue,416,1,0,20,2,1,57,1,0,SMB,267314
CUST1654,INV002288,16935.77,2026-01-21,2026-02-05,2026-02-20,Paid,0,25,6,10,0,1,6,1,1,SMB,1185371
CUST1799,INV002289,23036.22,2025-10-30,2025-12-14,,Overdue,263,11,2,9,3,1,46,0,0,SMB,2049117
CUST1070,INV002290,42730.93,2025-10-14,2025-11-13,,Overdue,294,28,8,6,0,6,71,0,0,SMB,2172827
CUST0302,INV002291,8879.81,2026-07-16,2026-08-30,2026-08-30,Paid,0,21,7,0,0,1,27,0,1,Mid-Market,805111
CUST0868,INV002292,5904.26,2025-07-08,2025-08-22,2025-08-26,Paid,0,9,2,0,0,5,89,0,1,SMB,1445285
CUST0912,INV002293,43215.96,2025-10-24,2025-12-08,,Overdue,269,13,5,11,0,6,1,0,0,SMB,2765223
CUST0408,INV002294,5000.0,2026-06-10,2026-06-25,2026-07-22,Paid,0,11,0,18,1,6,73,1,1,SMB,2849131
CUST1213,INV002295,79616.75,2026-01-24,2026-03-10,,Overdue,177,27,8,9,0,3,22,0,0,SMB,3583716
CUST0822,INV002296,18846.34,2026-04-04,2026-05-04,2026-05-09,Paid,0,8,1,0,1,7,22,0,1,SMB,4993772
CUST1854,INV002297,5000.0,2025-09-18,2025-10-03,2025-11-11,Paid,0,29,6,28,0,5,53,0,1,Mid-Market,2523188
CUST1153,INV002298,13623.88,2025-04-23,2025-05-23,,Overdue,468,28,7,0,0,1,66,1,0,Mid-Market,4495975
CUST0561,INV002299,32180.75,2025-02-05,2025-03-07,2025-03-21,Paid,0,26,5,12,0,0,70,1,1,Mid-Market,4087106
CUST1561,INV002300,12929.92,2025-03-20,2025-05-04,2025-05-24,Paid,0,7,1,14,0,2,65,0,1,SMB,2499308
CUST1290,INV002301,22472.1,2025-10-02,2025-11-01,,Overdue,306,29,10,35,2,5,55,0,0,SMB,476674
CUST1142,INV002302,46169.67,2025-10-05,2025-11-04,2025-11-09,Paid,0,27,10,3,1,6,81,0,1,SMB,3804542
CUST0464,INV002303,17994.29,2025-11-08,2025-12-08,2025-12-13,Paid,0,28,3,12,2,5,44,0,1,Mid-Market,2930304
CUST0144,INV002304,8629.5,2026-06-13,2026-08-12,2026-09-01,Paid,0,22,5,14,1,7,37,0,1,SMB,1466207
CUST0442,INV002305,16334.19,2025-07-23,2025-08-22,,Overdue,377,25,4,1,3,4,38,0,0,Enterprise,2588143
CUST1224,INV002306,90657.15,2025-01-17,2025-03-03,,Overdue,549,28,10,15,2,6,68,0,0,Enterprise,4497395
CUST1181,INV002307,118784.28,2026-04-21,2026-05-21,2026-05-25,Paid,0,20,5,8,0,4,5,0,1,Enterprise,3518582
CUST0487,INV002308,5000.0,2026-05-26,2026-07-10,,Overdue,55,15,4,9,0,5,23,0,1,SMB,2349899
CUST0860,INV002309,65580.12,2025-07-29,2025-09-27,,Overdue,341,15,4,5,3,6,60,1,0,SMB,1801498
CUST1158,INV002310,28286.72,2026-05-14,2026-06-13,,Overdue,82,21,2,24,1,3,42,0,0,Enterprise,3905933
CUST1936,INV002311,55491.36,2026-02-06,2026-03-08,,Overdue,179,12,1,11,0,4,81,1,1,Mid-Market,1679753
CUST0148,INV002312,12701.96,2026-03-05,2026-05-04,2026-05-04,Paid,0,17,4,4,0,1,24,1,1,Mid-Market,3252209
CUST1360,INV002313,5000.0,2025-03-19,2025-05-18,,Overdue,473,23,10,0,2,7,42,0,0,Mid-Market,126240
CUST1095,INV002314,39517.1,2026-07-22,2026-08-21,2026-09-19,Paid,0,6,3,31,0,0,48,0,1,SMB,3861666
CUST1257,INV002315,8595.75,2025-03-21,2025-04-20,2025-05-05,Paid,0,13,5,13,1,3,6,1,1,SMB,3914044
CUST1358,INV002316,5495.62,2025-11-02,2025-12-17,2026-01-08,Paid,0,16,2,25,0,3,67,0,1,SMB,2213349
CUST0811,INV002317,5893.46,2025-02-27,2025-03-29,,Overdue,523,27,11,24,0,0,16,0,0,Enterprise,1548339
CUST0666,INV002318,40171.53,2026-06-14,2026-07-14,,Overdue,51,23,7,16,1,7,29,0,0,SMB,2024324
CUST0090,INV002319,25322.6,2025-07-27,2025-09-10,,Overdue,358,1,0,21,0,5,74,0,0,SMB,915139
CUST1358,INV002320,48168.76,2026-05-26,2026-06-25,2026-07-25,Paid,0,13,5,25,1,1,58,0,1,SMB,2213349
CUST0199,INV002321,43005.15,2025-05-15,2025-06-14,2025-06-14,Paid,0,7,2,2,3,3,3,1,1,Enterprise,4573942
CUST1185,INV002322,14458.91,2026-06-06,2026-08-05,,Overdue,29,13,4,21,1,6,22,0,0,SMB,3001720
CUST0538,INV002323,20527.62,2026-08-04,2026-09-03,,Overdue,0,7,2,15,0,0,65,0,1,SMB,3796037
CUST1145,INV002324,13207.8,2025-03-24,2025-05-23,2025-05-28,Paid,0,8,3,3,1,6,31,0,1,SMB,4814812
CUST0301,INV002325,17848.45,2025-02-13,2025-03-30,,Overdue,522,18,8,21,0,1,5,0,0,SMB,3227902
CUST0724,INV002326,8372.81,2026-04-28,2026-06-12,2026-06-13,Paid,0,17,2,2,1,5,38,0,1,Mid-Market,1454355
CUST1599,INV002327,32548.43,2026-05-08,2026-06-22,,Overdue,73,16,10,18,3,0,20,0,0,SMB,2557743
CUST0963,INV002328,64545.18,2026-05-14,2026-06-13,2026-06-27,Paid,0,28,10,15,1,1,65,0,1,SMB,3591815
CUST1460,INV002329,9734.07,2025-01-18,2025-02-17,,Overdue,563,17,4,6,1,4,87,0,0,Mid-Market,4687203
CUST0068,INV002330,79321.91,2025-10-21,2025-11-20,,Overdue,287,8,1,31,0,6,64,0,0,Mid-Market,3899033
CUST1789,INV002331,24674.4,2025-05-28,2025-06-27,2025-07-20,Paid,0,7,2,21,0,0,68,0,1,SMB,514310
CUST1946,INV002332,28031.35,2026-04-17,2026-05-17,,Overdue,109,25,8,4,1,1,30,0,1,Mid-Market,849687
CUST0459,INV002333,5000.0,2025-06-21,2025-07-21,,Overdue,409,18,5,25,0,2,68,0,0,SMB,3705074
CUST1538,INV002334,5000.0,2026-07-17,2026-08-16,2026-08-29,Paid,0,4,0,9,2,6,7,1,1,Mid-Market,2976979
CUST0398,INV002335,25440.98,2026-06-15,2026-07-15,,Overdue,50,24,5,8,1,4,61,0,0,SMB,2480721
CUST0620,INV002336,48520.04,2025-04-30,2025-06-29,,Overdue,431,22,9,22,1,6,52,0,0,Mid-Market,1864188
CUST1310,INV002337,11255.58,2025-03-07,2025-05-06,,Overdue,485,2,1,19,0,3,31,0,0,Mid-Market,2455514
CUST1585,INV002338,117019.27,2025-05-21,2025-06-20,2025-07-01,Paid,0,16,2,10,2,0,17,0,1,Enterprise,4093763
CUST1164,INV002339,45932.86,2026-03-22,2026-04-21,2026-05-23,Paid,0,26,7,28,0,6,78,0,1,Mid-Market,3519992
CUST0730,INV002340,8880.91,2026-05-21,2026-06-05,,Overdue,90,18,7,4,1,1,19,0,0,SMB,1572534
CUST0556,INV002341,22716.54,2025-07-08,2025-08-07,,Overdue,392,23,2,26,0,3,7,1,0,SMB,959245
CUST1953,INV002342,262217.38,2025-06-07,2025-07-22,2025-07-28,Paid,0,25,3,4,0,3,23,1,1,Mid-Market,4874574
CUST0781,INV002343,6357.79,2025-09-03,2025-11-02,2025-11-28,Paid,0,8,3,16,0,7,66,0,1,Mid-Market,757173
CUST1614,INV002344,37356.79,2025-02-02,2025-03-04,2025-03-04,Paid,0,14,4,8,2,5,54,1,1,SMB,1620889
CUST1752,INV002345,15950.66,2025-12-27,2026-01-26,2026-01-27,Paid,0,18,2,20,1,7,76,1,1,SMB,921535
CUST0894,INV002346,44662.8,2025-11-26,2025-12-26,,Overdue,251,19,10,0,0,3,43,0,0,SMB,1399590
CUST0610,INV002347,78219.45,2026-05-27,2026-06-26,2026-06-30,Paid,0,24,6,2,0,3,11,0,1,Mid-Market,1436689
CUST0748,INV002348,14969.39,2025-03-12,2025-04-26,,Overdue,495,4,1,18,2,1,29,0,0,Mid-Market,551590
CUST0282,INV002349,67434.52,2025-11-09,2025-12-09,,Overdue,268,22,5,21,1,6,35,0,0,SMB,3258823
CUST0661,INV002350,203049.16,2025-03-20,2025-05-04,,Overdue,487,28,8,6,1,5,61,0,0,SMB,3863233
CUST0924,INV002351,23535.72,2025-06-18,2025-07-18,2025-08-02,Paid,0,14,3,23,1,1,28,0,1,Mid-Market,1535255
CUST1840,INV002352,48285.6,2025-06-29,2025-07-29,2025-08-03,Paid,0,2,1,5,1,5,58,0,1,SMB,1191452
CUST0996,INV002353,12204.49,2025-09-17,2025-10-17,,Overdue,321,17,4,17,2,2,7,0,0,SMB,197745
CUST1960,INV002354,22454.79,2026-05-01,2026-05-16,,Overdue,110,6,2,11,2,2,17,0,0,Mid-Market,4351828
CUST1602,INV002355,18459.32,2025-01-05,2025-02-19,,Overdue,561,8,3,0,1,1,66,0,0,SMB,3895474
CUST0746,INV002356,48870.83,2025-10-24,2025-12-08,,Overdue,269,29,9,30,0,5,22,0,0,Enterprise,3902256
CUST1481,INV002357,73473.2,2025-12-26,2026-02-09,,Overdue,206,16,6,6,2,1,28,1,0,Mid-Market,4900334
CUST0087,INV002358,19738.87,2025-04-27,2025-05-12,2025-05-18,Paid,0,21,4,5,1,2,57,0,1,Mid-Market,638158
CUST1103,INV002359,102091.31,2025-12-23,2026-02-06,2026-02-06,Paid,0,1,0,8,2,1,2,0,1,Enterprise,313625
CUST1229,INV002360,101726.94,2026-03-15,2026-03-30,,Overdue,157,26,9,8,1,0,84,0,0,Enterprise,314237
CUST0791,INV002361,51372.27,2025-11-27,2025-12-27,2026-01-12,Paid,0,18,2,14,0,7,61,0,1,SMB,2879915
CUST1361,INV002362,13147.32,2026-06-09,2026-07-09,2026-07-19,Paid,0,3,0,7,1,5,75,0,1,Enterprise,4479899
CUST1278,INV002363,11946.23,2025-07-07,2025-08-06,2025-08-10,Paid,0,29,7,7,0,0,45,0,1,Enterprise,4360518
CUST0304,INV002364,9775.34,2025-10-08,2025-11-22,,Overdue,285,29,10,17,2,6,21,1,0,Mid-Market,2284805
CUST1404,INV002365,56906.57,2026-05-26,2026-07-10,2026-07-28,Paid,0,28,10,12,0,6,82,0,1,Mid-Market,738332
CUST0130,INV002366,6556.63,2026-04-11,2026-05-11,,Overdue,115,18,5,17,1,0,56,0,0,Mid-Market,421616
CUST0596,INV002367,43340.28,2025-04-25,2025-05-25,,Overdue,466,25,10,9,2,6,60,0,1,SMB,2231913
CUST1300,INV002368,7471.8,2025-08-24,2025-09-23,,Overdue,345,10,3,15,2,0,67,1,0,Mid-Market,1183754
CUST1723,INV002369,50188.75,2025-12-04,2026-01-03,2026-01-03,Paid,0,2,0,0,1,3,36,1,1,SMB,4159404
CUST0558,INV002370,22409.04,2026-06-06,2026-07-06,,Overdue,59,19,3,23,1,0,41,0,1,SMB,1280746
CUST0899,INV002371,83586.61,2025-07-18,2025-09-01,,Overdue,367,25,6,8,1,5,19,0,0,SMB,2861139
CUST1207,INV002372,68971.91,2025-02-19,2025-03-21,,Overdue,531,11,4,10,2,5,48,0,0,Mid-Market,1927145
CUST1292,INV002373,92509.39,2025-05-22,2025-07-06,2025-07-21,Paid,0,19,4,17,1,7,7,1,1,SMB,3678104
CUST1832,INV002374,94922.75,2026-06-12,2026-07-12,,Overdue,53,24,6,14,0,2,75,1,0,Mid-Market,4451913
CUST1346,INV002375,25428.63,2026-05-29,2026-06-28,,Overdue,67,24,11,18,1,5,11,0,0,SMB,1899395
CUST1536,INV002376,6913.33,2025-01-30,2025-03-01,,Overdue,551,27,5,26,3,6,81,0,0,SMB,2800025
CUST1636,INV002377,7688.47,2025-03-23,2025-05-07,2025-05-21,Paid,0,3,0,10,1,3,61,0,1,SMB,3488780
CUST0078,INV002378,5000.0,2025-01-31,2025-03-02,2025-03-18,Paid,0,10,4,12,0,6,4,0,1,SMB,2660469
CUST0784,INV002379,7452.72,2025-11-29,2025-12-14,,Overdue,263,16,1,39,0,7,56,1,0,SMB,1111404
CUST1363,INV002380,23595.79,2025-06-26,2025-08-25,,Overdue,374,28,8,7,1,6,6,0,0,Mid-Market,1377042
CUST0674,INV002381,12586.07,2026-01-05,2026-01-20,2026-01-28,Paid,0,26,5,5,1,2,62,0,1,Mid-Market,2634182
CUST1580,INV002382,18395.56,2026-07-01,2026-08-30,2026-09-17,Paid,0,3,1,20,1,4,30,1,1,Mid-Market,2632985
CUST1533,INV002383,36051.92,2026-06-19,2026-07-04,,Overdue,61,24,4,21,0,4,59,1,0,Mid-Market,4833725
CUST0238,INV002384,16251.41,2025-04-16,2025-05-31,2025-06-07,Paid,0,19,4,20,0,1,43,1,1,SMB,2431306
CUST1158,INV002385,7173.66,2025-04-07,2025-05-07,2025-05-07,Paid,0,20,1,5,0,3,61,0,1,Enterprise,3905933
CUST1997,INV002386,20884.58,2025-08-18,2025-09-17,,Overdue,351,21,4,11,0,7,56,0,0,Enterprise,4825275
CUST1216,INV002387,8968.82,2025-08-15,2025-08-30,,Overdue,369,7,2,12,0,7,58,0,0,SMB,2231533
CUST1380,INV002388,16801.33,2026-01-06,2026-02-05,,Overdue,210,17,3,9,0,6,59,0,1,Mid-Market,1040121
CUST0278,INV002389,84353.95,2025-04-10,2025-05-25,,Overdue,466,8,2,14,2,0,77,0,1,Mid-Market,3062359
CUST1042,INV002390,16806.06,2026-03-21,2026-05-20,2026-06-01,Paid,0,3,0,9,1,4,65,0,1,Mid-Market,1691232
CUST0524,INV002391,129438.04,2026-04-13,2026-05-13,,Overdue,113,7,2,27,1,3,60,0,1,Mid-Market,1592247
CUST0180,INV002392,92192.68,2025-02-24,2025-03-26,,Overdue,526,27,10,2,2,0,53,0,0,SMB,895474
CUST0123,INV002393,12341.15,2025-07-14,2025-07-29,2025-09-02,Paid,0,10,2,29,0,6,11,0,1,SMB,1306715
CUST1270,INV002394,7250.87,2026-06-04,2026-07-19,,Overdue,46,27,7,0,1,4,80,0,1,SMB,4101889
CUST1758,INV002395,20898.78,2026-02-28,2026-03-30,,Overdue,157,19,5,32,1,1,49,0,0,SMB,546440
CUST1397,INV002396,69795.71,2025-11-11,2025-11-26,,Overdue,281,25,8,21,0,7,42,0,0,SMB,1659184
CUST1075,INV002397,13491.42,2025-05-08,2025-06-22,,Overdue,438,15,8,5,0,7,89,0,0,Enterprise,4026974
CUST1095,INV002398,54616.44,2025-02-01,2025-03-03,,Overdue,549,26,8,12,0,2,62,1,0,SMB,3861666
CUST0480,INV002399,73750.27,2025-04-03,2025-04-18,2025-05-12,Paid,0,15,2,19,0,1,66,0,1,Mid-Market,2530252
CUST1584,INV002400,10157.57,2026-06-03,2026-07-03,2026-07-29,Paid,0,5,2,19,0,4,20,1,1,SMB,1003122
CUST1043,INV002401,11203.13,2025-09-15,2025-10-30,2025-11-20,Paid,0,3,1,11,1,2,17,0,1,SMB,4495818
CUST1798,INV002402,44921.06,2025-08-08,2025-08-23,2025-08-25,Paid,0,3,0,2,0,4,89,0,1,SMB,1693909
CUST0084,INV002403,25638.43,2025-04-16,2025-06-15,,Overdue,445,29,6,23,0,4,44,0,0,SMB,3521750
CUST1179,INV002404,11091.55,2026-07-02,2026-08-01,2026-08-17,Paid,0,4,1,15,0,0,16,0,1,Mid-Market,1448949
CUST0565,INV002405,15487.98,2026-02-20,2026-03-07,2026-03-30,Paid,0,15,5,26,0,3,58,0,1,SMB,1212189
CUST0619,INV002406,20526.67,2026-07-11,2026-08-25,,Overdue,9,16,5,11,2,7,21,0,1,Mid-Market,3781404
CUST0357,INV002407,5000.0,2025-11-05,2025-12-05,,Overdue,272,5,1,14,3,5,53,0,0,SMB,2104376
CUST0816,INV002408,47365.2,2026-01-01,2026-01-31,,Overdue,215,21,8,26,1,6,82,0,0,Mid-Market,4685352
CUST0647,INV002409,13647.45,2026-06-05,2026-07-05,2026-07-15,Paid,0,8,3,14,0,7,10,0,1,Mid-Market,704224
CUST0443,INV002410,5000.0,2026-04-04,2026-04-19,2026-04-19,Paid,0,10,3,0,0,2,6,0,1,SMB,387913
CUST1093,INV002411,21506.9,2026-08-22,2026-10-06,,Overdue,0,22,7,0,1,6,17,0,1,Mid-Market,4720432
CUST0523,INV002412,10492.63,2026-01-05,2026-02-04,2026-02-04,Paid,0,21,4,0,0,6,12,0,1,Enterprise,921522
CUST0143,INV002413,119231.49,2025-11-27,2026-01-11,2026-01-14,Paid,0,2,0,3,2,5,42,0,1,SMB,3783003
CUST0192,INV002414,12265.61,2025-01-11,2025-02-10,,Overdue,570,14,7,8,1,6,60,0,0,Enterprise,4402892
CUST1411,INV002415,7349.27,2026-05-22,2026-07-06,,Overdue,59,5,3,21,1,1,33,0,1,SMB,4899433
CUST0378,INV002416,36604.73,2026-02-23,2026-04-09,,Overdue,147,7,3,22,0,2,36,0,0,SMB,3854409
CUST0581,INV002417,11379.32,2025-05-02,2025-06-01,2025-06-06,Paid,0,11,2,0,0,3,23,1,1,SMB,231948
CUST0535,INV002418,10102.56,2025-08-23,2025-09-22,2025-10-11,Paid,0,3,1,18,0,5,3,0,1,Mid-Market,4938639
CUST1717,INV002419,36662.19,2025-11-27,2025-12-27,,Overdue,250,12,3,8,0,3,73,0,0,SMB,1284215
CUST1317,INV002420,7781.72,2026-06-27,2026-07-27,2026-08-10,Paid,0,14,2,15,2,3,67,0,1,Mid-Market,4205479
CUST1033,INV002421,5129.31,2025-12-14,2026-01-28,,Overdue,218,23,5,31,2,0,62,0,0,SMB,2700324
CUST1295,INV002422,123747.44,2026-02-16,2026-04-02,,Overdue,154,29,7,4,1,4,46,1,0,Mid-Market,3875258
CUST1411,INV002423,39320.4,2025-08-12,2025-09-11,2025-09-27,Paid,0,1,0,17,2,7,9,1,1,SMB,4899433
CUST0093,INV002424,16912.2,2025-06-02,2025-08-01,2025-08-21,Paid,0,29,11,23,0,1,83,1,1,Mid-Market,2951717
CUST1990,INV002425,21950.01,2025-07-31,2025-08-30,2025-09-10,Paid,0,22,5,13,1,5,22,1,1,Mid-Market,1642173
CUST0529,INV002426,36529.1,2025-04-02,2025-05-02,,Overdue,489,16,4,6,1,1,78,0,0,SMB,2654884
CUST1178,INV002427,58298.84,2025-11-27,2025-12-12,2025-12-12,Paid,0,15,4,6,2,1,50,0,1,SMB,2223513
CUST0405,INV002428,10342.58,2026-04-12,2026-05-12,,Overdue,114,1,1,7,2,7,54,0,0,SMB,906626
CUST0840,INV002429,31765.83,2026-07-08,2026-08-07,,Overdue,27,23,6,14,0,6,53,0,0,Mid-Market,358617
CUST1173,INV002430,13270.46,2025-08-16,2025-08-31,2025-09-04,Paid,0,22,6,5,3,2,87,0,1,Mid-Market,1144409
CUST0889,INV002431,18233.55,2025-07-13,2025-08-12,,Overdue,387,13,2,18,3,7,33,0,0,SMB,1871367
CUST1291,INV002432,25866.21,2026-06-14,2026-08-13,2026-08-28,Paid,0,26,7,16,0,0,41,0,1,SMB,132409
CUST0422,INV002433,21879.85,2025-08-31,2025-10-15,2025-10-15,Paid,0,27,6,0,0,0,21,0,1,Mid-Market,258944
CUST1864,INV002434,45961.85,2026-01-24,2026-02-23,,Overdue,192,15,4,23,2,6,26,0,0,Mid-Market,4734013
CUST1642,INV002435,35849.56,2025-10-03,2025-11-02,,Overdue,305,17,3,34,1,1,10,0,1,Mid-Market,1277222
CUST0472,INV002436,5000.0,2026-03-26,2026-04-10,2026-04-15,Paid,0,9,3,7,0,1,64,0,1,Enterprise,3870887
CUST0893,INV002437,5665.65,2026-08-10,2026-10-09,2026-11-06,Paid,0,5,1,21,1,5,23,1,1,Mid-Market,1628315
CUST0547,INV002438,15218.75,2026-07-28,2026-09-26,,Overdue,0,27,7,25,1,3,67,0,0,SMB,2277503
CUST0631,INV002439,137121.86,2026-04-23,2026-06-07,2026-06-25,Paid,0,23,3,19,0,2,10,0,1,Mid-Market,237771
CUST1550,INV002440,9399.47,2026-04-25,2026-05-10,2026-05-18,Paid,0,12,3,18,0,7,1,1,1,Mid-Market,2082709
CUST1527,INV002441,17886.07,2025-10-15,2025-11-14,2025-11-16,Paid,0,17,6,0,0,6,28,1,1,SMB,1725502
CUST1038,INV002442,12882.87,2026-06-24,2026-07-24,2026-08-07,Paid,0,11,1,9,1,3,77,1,1,Mid-Market,1495065
CUST0778,INV002443,12656.87,2025-11-26,2025-12-26,2026-01-13,Paid,0,11,1,10,0,4,39,0,1,Mid-Market,1761952
CUST1676,INV002444,26324.09,2026-04-15,2026-05-15,2026-05-31,Paid,0,24,2,25,3,3,78,0,1,SMB,489439
CUST1830,INV002445,89391.18,2026-06-18,2026-08-02,2026-08-07,Paid,0,8,0,0,0,4,58,0,1,SMB,3026030
CUST0364,INV002446,34751.17,2026-04-12,2026-05-12,,Overdue,114,15,5,31,0,7,38,1,0,Mid-Market,1644918
CUST0119,INV002447,9862.24,2026-02-24,2026-03-11,,Overdue,176,25,8,28,0,4,65,0,0,Enterprise,2083901
CUST1262,INV002448,345666.43,2025-05-02,2025-06-16,2025-06-18,Paid,0,2,0,2,0,3,2,0,1,Mid-Market,366462
CUST0546,INV002449,23826.97,2025-11-04,2025-12-04,,Overdue,273,22,8,0,3,6,70,0,0,SMB,1589600
CUST1193,INV002450,12366.9,2025-11-30,2026-01-14,,Overdue,232,10,1,23,0,6,18,0,0,SMB,4374660
CUST0522,INV002451,90408.75,2026-02-24,2026-03-26,,Overdue,161,21,5,9,0,6,52,0,0,SMB,4939084
CUST0634,INV002452,13779.39,2025-11-22,2025-12-22,2026-01-06,Paid,0,22,5,10,0,1,54,0,1,Mid-Market,2782481
CUST1937,INV002453,116182.05,2026-07-27,2026-08-11,2026-08-26,Paid,0,14,1,22,1,3,18,0,1,SMB,276256
CUST1681,INV002454,9222.09,2025-09-07,2025-11-06,2025-11-15,Paid,0,5,1,0,1,4,22,0,1,SMB,4765700
CUST0963,INV002455,92044.77,2025-04-05,2025-05-05,,Overdue,486,27,4,22,2,0,47,1,0,SMB,3591815
CUST0958,INV002456,26931.39,2025-10-23,2025-11-22,,Overdue,285,17,6,0,2,4,76,0,0,SMB,817876
CUST1759,INV002457,80101.69,2025-07-03,2025-07-18,,Overdue,412,18,2,0,0,5,75,1,0,SMB,1521926
CUST0883,INV002458,147526.88,2025-09-17,2025-11-01,,Overdue,306,19,1,21,0,2,73,0,0,SMB,797852
CUST1793,INV002459,7096.75,2025-07-05,2025-08-04,,Overdue,395,7,2,19,1,0,28,0,0,Mid-Market,818223
CUST0780,INV002460,78887.01,2026-02-13,2026-04-14,2026-04-14,Paid,0,26,8,0,1,7,42,0,1,Mid-Market,2958056
CUST0871,INV002461,5383.51,2025-03-10,2025-05-09,,Overdue,482,25,6,21,2,3,39,1,0,SMB,2714749
CUST0516,INV002462,7729.63,2025-01-08,2025-02-22,2025-03-21,Paid,0,18,4,31,1,4,19,1,1,SMB,2304103
CUST0938,INV002463,9863.44,2025-09-22,2025-11-21,2025-12-03,Paid,0,12,2,13,1,5,20,0,1,Enterprise,3820771
CUST1421,INV002464,36447.81,2026-04-29,2026-05-29,,Overdue,97,15,2,25,0,0,68,0,1,SMB,3074015
CUST0866,INV002465,22765.83,2026-01-06,2026-02-05,,Overdue,210,29,7,10,1,1,27,0,0,Mid-Market,339220
CUST0106,INV002466,18636.25,2025-03-24,2025-04-23,,Overdue,498,14,3,23,2,3,65,1,0,SMB,2326787
CUST1109,INV002467,25494.94,2025-07-30,2025-08-14,2025-08-17,Paid,0,10,2,0,1,4,46,0,1,Mid-Market,1425607
CUST0214,INV002468,39786.76,2025-11-09,2026-01-08,,Overdue,238,17,6,6,2,5,64,0,0,SMB,4357086
CUST1145,INV002469,42969.6,2025-12-03,2025-12-18,,Overdue,259,1,0,40,1,2,64,1,0,SMB,4814812
CUST1156,INV002470,65786.3,2026-05-05,2026-07-04,,Overdue,61,4,1,27,1,1,57,1,0,Mid-Market,2921656
CUST0850,INV002471,135948.96,2026-02-07,2026-03-24,,Overdue,163,9,2,9,1,2,50,1,1,Mid-Market,606718
CUST0197,INV002472,21560.92,2025-07-10,2025-08-09,2025-08-19,Paid,0,4,0,12,0,0,1,0,1,Mid-Market,3401463
CUST0019,INV002473,13080.93,2025-12-01,2025-12-16,2025-12-22,Paid,0,19,6,1,0,2,3,0,1,SMB,2513160
CUST0642,INV002474,40681.8,2026-06-06,2026-06-21,,Overdue,74,26,5,12,1,4,4,0,1,SMB,3264215
CUST1036,INV002475,7014.57,2025-03-28,2025-04-27,,Overdue,494,24,4,0,1,4,27,0,0,Mid-Market,1470858
CUST1105,INV002476,11173.45,2026-08-02,2026-09-01,2026-09-16,Paid,0,25,13,17,0,2,37,0,1,Enterprise,4444643
CUST0330,INV002477,59837.09,2025-03-03,2025-04-02,2025-04-07,Paid,0,5,2,6,0,0,23,0,1,SMB,2134504
CUST0866,INV002478,19455.24,2026-01-22,2026-02-21,,Overdue,194,18,5,19,1,4,27,0,0,Mid-Market,339220
CUST0774,INV002479,6580.12,2025-05-26,2025-07-10,,Overdue,420,15,3,6,0,6,89,0,0,SMB,4437373
CUST0392,INV002480,5000.0,2025-06-02,2025-07-02,2025-07-02,Paid,0,20,5,6,1,4,82,0,1,SMB,4254955
CUST0637,INV002481,23126.09,2025-12-15,2026-01-14,,Overdue,232,26,4,21,1,2,2,0,0,Mid-Market,3652615
CUST0307,INV002482,69002.4,2025-06-27,2025-08-11,2025-08-18,Paid,0,8,1,8,0,2,10,0,1,Mid-Market,3507550
CUST1291,INV002483,68087.29,2026-05-02,2026-06-01,2026-06-20,Paid,0,2,0,8,0,0,44,0,1,SMB,132409
CUST1471,INV002484,24609.32,2025-09-04,2025-10-04,,Overdue,334,25,7,27,0,1,27,0,0,Mid-Market,1515915
CUST1465,INV002485,164211.32,2025-09-11,2025-10-26,2025-11-25,Paid,0,13,5,27,1,3,37,0,1,Enterprise,4664466
CUST0895,INV002486,19834.53,2026-05-15,2026-07-14,,Overdue,51,27,9,21,0,3,75,0,1,Mid-Market,3554438
CUST0652,INV002487,19176.34,2026-06-25,2026-08-24,2026-09-21,Paid,0,13,5,12,1,3,49,0,1,Mid-Market,504418
CUST0841,INV002488,5000.0,2025-12-18,2026-01-17,,Overdue,229,28,5,37,2,2,29,1,0,SMB,3030346
CUST1026,INV002489,14081.78,2026-05-27,2026-06-26,,Overdue,69,14,4,26,5,4,77,1,1,SMB,1652970
CUST0520,INV002490,51638.1,2025-01-13,2025-01-28,2025-02-10,Paid,0,15,7,6,0,4,8,1,1,SMB,2698202
CUST1786,INV002491,105236.06,2026-07-13,2026-09-11,,Overdue,0,29,9,19,1,5,88,0,1,Enterprise,3871615
CUST1675,INV002492,9602.37,2025-05-31,2025-06-30,2025-07-03,Paid,0,21,1,2,1,6,60,0,1,Mid-Market,875782
CUST0636,INV002493,34970.23,2025-02-19,2025-03-21,2025-04-01,Paid,0,12,5,17,1,1,65,0,1,SMB,2324316
CUST1333,INV002494,62747.81,2025-08-03,2025-10-02,2025-10-18,Paid,0,23,7,10,1,6,77,0,1,SMB,3620118
CUST0740,INV002495,22274.73,2026-01-07,2026-03-08,,Overdue,179,5,0,7,2,4,54,1,0,SMB,3931857
CUST1546,INV002496,5000.0,2025-04-23,2025-06-07,2025-06-19,Paid,0,3,0,17,0,2,25,0,1,SMB,3080555
CUST0469,INV002497,28206.0,2025-09-09,2025-10-09,2025-10-09,Paid,0,18,2,4,2,0,7,1,1,SMB,3815056
CUST0212,INV002498,47166.1,2025-12-07,2026-01-06,,Overdue,240,3,1,10,0,7,22,0,0,Mid-Market,2996862
CUST1136,INV002499,8540.52,2025-02-22,2025-04-08,2025-04-24,Paid,0,14,0,17,2,0,15,0,1,SMB,2441098
CUST1032,INV002500,17083.11,2025-05-10,2025-06-09,2025-06-17,Paid,0,2,0,13,2,5,3,0,1,Mid-Market,3331941
CUST0804,INV002501,6936.16,2025-07-12,2025-08-11,,Overdue,388,18,12,10,0,3,55,0,0,Mid-Market,1692425
CUST0477,INV002502,5000.0,2026-08-14,2026-09-13,,Overdue,0,13,5,9,1,3,8,0,0,SMB,3928450
CUST0874,INV002503,61513.04,2025-02-26,2025-04-27,2025-05-12,Paid,0,2,1,9,2,0,48,0,1,SMB,2971989
CUST0460,INV002504,21944.05,2025-04-07,2025-05-07,,Overdue,484,12,4,28,0,3,65,1,0,SMB,3315962
CUST0253,INV002505,108844.44,2025-07-17,2025-08-31,,Overdue,368,27,7,22,0,3,76,0,1,Enterprise,1126941
CUST1550,INV002506,51912.88,2025-05-27,2025-06-26,2025-06-26,Paid,0,2,1,0,1,1,83,0,1,Mid-Market,2082709
CUST0752,INV002507,15456.58,2026-07-29,2026-08-28,2026-09-05,Paid,0,8,3,2,0,7,82,0,1,Enterprise,922328
CUST1462,INV002508,20268.42,2026-07-31,2026-09-29,,Overdue,0,29,9,0,0,6,52,0,1,Mid-Market,4944940
CUST1778,INV002509,38800.07,2025-10-22,2025-11-21,2025-11-30,Paid,0,5,0,8,0,6,77,0,1,SMB,4822945
CUST0981,INV002510,57923.79,2025-01-12,2025-02-26,,Overdue,554,29,6,24,0,7,38,0,0,SMB,2834067
CUST0854,INV002511,30414.37,2025-11-29,2025-12-29,2025-12-31,Paid,0,25,8,4,1,0,22,0,1,Enterprise,2397693
CUST1685,INV002512,66542.3,2025-08-08,2025-09-07,,Overdue,361,11,4,17,1,1,57,0,0,SMB,3835961
CUST0236,INV002513,16372.06,2026-02-02,2026-03-19,,Overdue,168,13,4,23,1,5,13,0,1,Mid-Market,2849250
CUST1330,INV002514,8126.26,2025-12-08,2026-01-22,,Overdue,224,28,8,0,1,3,36,0,0,SMB,4882091
CUST0478,INV002515,20644.22,2026-05-27,2026-07-11,2026-07-17,Paid,0,21,3,7,0,4,54,1,1,Mid-Market,3083349
CUST0679,INV002516,27043.04,2025-06-21,2025-07-21,,Overdue,409,17,4,0,1,5,47,0,0,Enterprise,2847921
CUST1044,INV002517,6624.07,2026-04-13,2026-05-13,,Overdue,113,24,6,6,0,6,47,0,1,Mid-Market,4145077
CUST0216,INV002518,5786.47,2025-06-15,2025-08-14,,Overdue,385,16,8,17,1,3,70,0,0,SMB,493316
CUST0855,INV002519,34454.2,2025-06-19,2025-07-19,,Overdue,411,19,6,0,0,7,72,0,0,SMB,2813545
CUST0135,INV002520,14671.22,2026-07-18,2026-09-01,2026-09-10,Paid,0,26,5,12,0,3,88,0,1,Enterprise,1818967
CUST0905,INV002521,18660.4,2026-05-27,2026-06-26,2026-06-29,Paid,0,27,6,0,1,1,80,0,1,SMB,1148657
CUST1153,INV002522,15372.07,2025-07-08,2025-09-06,,Overdue,362,26,5,0,1,7,83,0,0,Mid-Market,4495975
CUST0410,INV002523,100770.5,2025-04-30,2025-06-29,,Overdue,431,15,2,24,1,2,38,0,0,SMB,520529
CUST1446,INV002524,77789.45,2025-04-15,2025-04-30,,Overdue,491,18,2,19,1,5,48,0,0,SMB,2486831
CUST1318,INV002525,6391.0,2025-02-10,2025-03-27,,Overdue,525,29,12,0,1,2,67,1,0,Mid-Market,4538155
CUST1270,INV002526,12928.72,2025-11-17,2025-12-17,,Overdue,260,6,3,12,1,4,22,0,0,SMB,4101889
CUST1725,INV002527,51534.37,2025-12-01,2025-12-31,2026-01-11,Paid,0,4,1,10,1,6,22,0,1,Mid-Market,4300167
CUST1580,INV002528,40212.62,2025-06-09,2025-07-09,2025-07-18,Paid,0,4,1,15,1,3,62,1,1,Mid-Market,2632985
CUST0086,INV002529,21131.96,2025-09-21,2025-10-21,,Overdue,317,13,5,21,0,7,87,0,0,SMB,2815331
CUST0556,INV002530,7061.41,2026-06-14,2026-07-14,,Overdue,51,9,3,37,0,6,1,0,0,SMB,959245
CUST1866,INV002531,11130.67,2026-04-22,2026-05-22,,Overdue,104,10,3,9,3,2,86,0,1,Enterprise,3427932
CUST1399,INV002532,13137.58,2025-12-18,2026-01-17,,Overdue,229,14,5,32,0,4,63,0,0,Mid-Market,4234238
CUST1470,INV002533,29056.41,2026-06-29,2026-07-14,,Overdue,51,28,7,3,0,3,80,0,0,Mid-Market,1912205
CUST0378,INV002534,121021.94,2025-07-29,2025-08-28,2025-09-03,Paid,0,8,5,11,1,0,42,0,1,SMB,3854409
CUST1414,INV002535,11082.47,2026-05-11,2026-06-10,,Overdue,85,3,1,7,0,5,67,1,0,SMB,4768784
CUST1681,INV002536,7894.84,2026-01-17,2026-03-03,,Overdue,184,9,3,8,0,4,2,0,0,SMB,4765700
CUST1075,INV002537,19759.97,2026-04-26,2026-05-26,,Overdue,100,29,5,14,2,6,61,1,1,Enterprise,4026974
CUST0242,INV002538,61804.97,2025-01-05,2025-03-06,,Overdue,546,1,1,20,1,7,61,1,0,Enterprise,513001
CUST1318,INV002539,5182.88,2025-02-03,2025-03-05,,Overdue,547,15,1,16,0,7,10,1,0,Mid-Market,4538155
CUST0920,INV002540,94243.22,2025-05-25,2025-06-09,2025-06-23,Paid,0,15,8,20,2,2,36,0,1,SMB,4924196
CUST1587,INV002541,18545.24,2025-12-17,2026-01-16,2026-02-07,Paid,0,28,10,19,0,3,57,0,1,Mid-Market,4567562
CUST0266,INV002542,10569.0,2026-08-06,2026-09-20,,Overdue,0,7,3,15,0,4,16,0,1,Mid-Market,2735747
CUST1144,INV002543,5000.0,2026-04-10,2026-05-10,,Overdue,116,15,4,11,1,7,13,0,0,Mid-Market,4728083
CUST0712,INV002544,44646.03,2025-12-14,2026-01-28,,Overdue,218,7,2,6,1,1,34,0,0,Mid-Market,2191912
CUST1941,INV002545,18561.2,2025-05-05,2025-06-04,,Overdue,456,13,8,7,1,6,22,1,0,SMB,3547831
CUST1272,INV002546,26126.5,2025-09-28,2025-10-28,,Overdue,310,12,6,26,1,6,19,0,0,Enterprise,2200205
CUST0070,INV002547,8948.03,2025-12-23,2026-02-06,,Overdue,209,18,6,7,0,6,18,0,0,Enterprise,1706321
CUST1877,INV002548,16008.96,2026-06-11,2026-07-11,2026-08-05,Paid,0,7,0,18,1,5,48,0,1,Mid-Market,1570180
CUST0057,INV002549,13540.21,2026-05-13,2026-06-12,2026-07-14,Paid,0,7,1,27,0,7,10,0,1,SMB,2953030
CUST1406,INV002550,19918.55,2025-06-02,2025-07-02,,Overdue,428,15,6,17,1,4,83,0,0,SMB,120463
CUST0039,INV002551,11276.18,2025-02-22,2025-03-24,,Overdue,528,9,3,15,0,2,27,1,0,Mid-Market,1913236
CUST0801,INV002552,5000.0,2025-05-29,2025-06-28,,Overdue,432,6,0,29,1,6,14,0,0,Mid-Market,1509700
CUST1467,INV002553,337223.01,2026-05-18,2026-06-02,2026-06-18,Paid,0,26,6,14,0,3,12,0,1,Enterprise,3138589
CUST1042,INV002554,5634.12,2026-03-26,2026-05-25,,Overdue,101,27,2,8,0,0,76,0,0,Mid-Market,1691232
CUST1976,INV002555,26408.97,2025-08-07,2025-09-21,,Overdue,347,26,9,29,0,5,86,0,0,Enterprise,3347154
CUST0732,INV002556,5000.0,2025-10-04,2025-11-03,2025-11-17,Paid,0,9,3,8,1,0,9,0,1,Mid-Market,2565967
CUST0825,INV002557,5000.0,2026-03-28,2026-04-27,,Overdue,129,19,4,13,2,4,35,0,0,Mid-Market,4872139
CUST0756,INV002558,24290.16,2026-03-04,2026-03-19,,Overdue,168,24,7,7,1,1,14,1,0,Mid-Market,3350354
CUST0352,INV002559,26222.36,2025-03-24,2025-05-08,2025-05-09,Paid,0,20,8,0,1,0,24,0,1,Enterprise,4510276
CUST1996,INV002560,77769.06,2025-08-06,2025-09-05,2025-09-07,Paid,0,16,3,0,1,1,67,0,1,Mid-Market,942015
CUST1840,INV002561,32844.74,2026-06-11,2026-07-11,2026-07-11,Paid,0,16,3,1,1,4,46,0,1,SMB,1191452
CUST1322,INV002562,18961.94,2026-02-08,2026-03-10,2026-03-19,Paid,0,27,7,12,0,3,26,0,1,SMB,2515912
CUST0283,INV002563,8521.94,2025-10-17,2025-11-16,2025-11-30,Paid,0,1,0,14,0,5,46,0,1,SMB,3675654
CUST1610,INV002564,98618.29,2026-02-24,2026-04-10,,Overdue,146,23,11,16,4,3,71,0,0,Mid-Market,3790030
CUST0110,INV002565,55762.19,2025-12-05,2026-01-04,2026-01-17,Paid,0,13,2,5,2,0,29,1,1,SMB,1324634
CUST1017,INV002566,6333.89,2026-02-23,2026-04-24,,Overdue,132,19,4,5,0,0,5,0,0,SMB,258859
CUST1204,INV002567,22878.75,2025-07-26,2025-08-25,2025-10-15,Paid,0,4,1,44,0,0,30,0,1,SMB,330833
CUST1962,INV002568,25439.34,2025-09-22,2025-10-22,2025-10-29,Paid,0,19,6,5,0,7,12,0,1,SMB,3992863
CUST0544,INV002569,15589.4,2025-02-05,2025-03-07,,Overdue,545,22,8,17,0,7,89,0,1,Mid-Market,2982235
CUST1770,INV002570,47660.13,2026-01-08,2026-02-07,,Overdue,208,10,1,23,1,0,61,1,0,SMB,219934
CUST1818,INV002571,50601.33,2026-05-03,2026-06-02,2026-06-17,Paid,0,13,4,17,1,4,14,1,1,Mid-Market,1866760
CUST0025,INV002572,18206.14,2025-09-16,2025-10-16,2025-10-20,Paid,0,1,1,9,1,1,31,0,1,SMB,2009310
CUST0843,INV002573,16632.78,2026-06-15,2026-07-15,2026-07-18,Paid,0,13,1,1,1,6,43,0,1,SMB,3686562
CUST0791,INV002574,98613.01,2025-01-23,2025-03-09,2025-03-23,Paid,0,10,3,0,0,5,76,1,1,SMB,2879915
CUST0738,INV002575,55984.99,2025-04-14,2025-05-14,,Overdue,477,15,2,8,1,6,62,0,0,Mid-Market,2149409
CUST0057,INV002576,23679.39,2025-08-29,2025-09-28,,Overdue,340,29,7,11,2,2,52,0,0,SMB,2953030
CUST0180,INV002577,5000.0,2025-09-10,2025-11-09,2025-11-17,Paid,0,15,2,12,1,4,67,0,1,SMB,895474
CUST0232,INV002578,31070.07,2025-05-22,2025-06-21,,Overdue,439,7,2,5,1,7,89,1,0,Mid-Market,4720817
CUST1918,INV002579,44270.93,2026-03-27,2026-05-11,,Overdue,115,26,6,7,2,0,45,0,0,Mid-Market,4515669
CUST0343,INV002580,5000.0,2025-11-03,2025-12-18,2026-01-11,Paid,0,14,4,26,0,0,23,0,1,SMB,919807
CUST0477,INV002581,28335.46,2026-05-15,2026-06-14,2026-06-20,Paid,0,8,2,2,1,5,5,1,1,SMB,3928450
CUST1823,INV002582,14520.37,2025-01-08,2025-02-07,,Overdue,573,19,6,5,0,6,58,1,0,Mid-Market,4687370
CUST0576,INV002583,17661.56,2025-03-10,2025-04-24,2025-05-02,Paid,0,25,9,0,1,5,40,0,1,Enterprise,2851445
CUST0455,INV002584,8889.44,2026-07-29,2026-09-12,,Overdue,0,18,3,41,0,0,12,0,1,SMB,749539
CUST1256,INV002585,18992.71,2025-03-09,2025-03-24,2025-03-27,Paid,0,15,4,0,0,2,17,0,1,SMB,3286904
CUST0289,INV002586,88609.25,2026-02-12,2026-03-14,2026-03-21,Paid,0,26,7,8,2,5,15,1,1,SMB,472381
CUST1237,INV002587,14095.37,2026-06-02,2026-07-02,,Overdue,63,27,6,30,0,5,43,1,0,Enterprise,2787946
CUST0258,INV002588,57847.97,2025-04-29,2025-06-13,,Overdue,447,26,6,26,0,1,67,0,0,Mid-Market,1439330
CUST0530,INV002589,9834.67,2025-01-31,2025-03-02,,Overdue,550,9,0,15,1,0,75,0,0,Enterprise,1755243
CUST0687,INV002590,47040.12,2026-06-02,2026-08-01,2026-08-14,Paid,0,12,3,17,3,3,14,0,1,Mid-Market,864422
CUST0929,INV002591,22062.97,2026-04-28,2026-06-27,,Overdue,68,21,4,1,0,7,59,1,1,Mid-Market,1444316
CUST0229,INV002592,31320.4,2025-07-26,2025-09-09,2025-09-15,Paid,0,22,8,0,0,0,81,1,1,Enterprise,3530826
CUST1250,INV002593,22184.59,2026-08-02,2026-09-16,,Overdue,0,14,3,5,0,2,35,0,1,Mid-Market,3850986
CUST0596,INV002594,41840.72,2026-01-22,2026-02-21,2026-02-22,Paid,0,2,0,7,1,2,30,0,1,SMB,2231913
CUST1827,INV002595,5000.0,2026-02-16,2026-03-03,,Overdue,184,5,1,17,1,2,69,0,0,SMB,4364366
CUST0435,INV002596,5325.04,2026-01-05,2026-02-04,,Overdue,211,22,7,11,1,5,13,0,0,SMB,3935250
CUST0882,INV002597,33425.71,2025-12-19,2026-01-18,2026-02-03,Paid,0,5,1,29,3,2,21,0,1,Mid-Market,3660954
CUST1021,INV002598,5000.0,2025-12-02,2026-01-01,,Overdue,245,14,5,15,2,4,38,0,0,Mid-Market,3289254
CUST1782,INV002599,12957.37,2025-10-16,2025-11-30,2025-12-08,Paid,0,4,1,0,4,7,56,0,1,Enterprise,3309819
CUST0402,INV002600,20861.47,2025-05-20,2025-06-19,,Overdue,441,24,7,0,0,0,70,0,0,Enterprise,4500252
CUST0622,INV002601,9622.5,2025-10-27,2025-12-11,2025-12-23,Paid,0,2,0,8,0,3,68,0,1,SMB,268401
CUST1790,INV002602,11030.71,2025-01-13,2025-02-12,2025-02-12,Paid,0,1,0,5,1,4,82,0,1,Mid-Market,3764755
CUST0088,INV002603,28899.58,2026-03-04,2026-04-03,,Overdue,153,2,1,12,1,5,24,0,0,Mid-Market,2680723
CUST0584,INV002604,60433.26,2026-02-04,2026-03-06,,Overdue,181,13,3,20,2,7,73,1,0,SMB,1256751
CUST1917,INV002605,8446.86,2025-04-19,2025-06-18,,Overdue,442,27,6,18,1,7,27,1,0,Enterprise,631904
CUST1566,INV002606,12393.68,2026-04-30,2026-06-14,2026-06-18,Paid,0,20,5,1,1,5,8,0,1,SMB,4866129
CUST1708,INV002607,10601.38,2025-12-22,2026-01-21,,Overdue,225,17,8,24,0,1,77,0,0,SMB,2637551
CUST0309,INV002608,5000.0,2025-05-29,2025-06-28,,Overdue,432,25,4,9,0,4,64,1,0,Mid-Market,4224482
CUST0906,INV002609,25379.87,2025-11-03,2026-01-02,,Overdue,244,13,2,12,0,0,57,0,0,Enterprise,976215
CUST0343,INV002610,56090.28,2026-06-17,2026-07-17,2026-07-17,Paid,0,17,5,3,2,4,5,0,1,SMB,919807
CUST0436,INV002611,60878.98,2025-03-01,2025-03-31,2025-04-09,Paid,0,5,2,16,1,2,19,0,1,Mid-Market,653291
CUST0177,INV002612,9220.95,2026-03-11,2026-04-10,,Overdue,146,24,7,16,2,7,52,0,0,Mid-Market,4673636
CUST0139,INV002613,6299.98,2025-01-21,2025-02-20,,Overdue,560,25,7,27,0,6,78,0,0,SMB,3787859
CUST0194,INV002614,22507.54,2026-01-17,2026-02-16,2026-02-23,Paid,0,25,7,6,1,4,45,1,1,Mid-Market,3807985
CUST1210,INV002615,50477.03,2025-09-02,2025-09-17,,Overdue,351,8,1,13,1,5,37,0,1,Enterprise,884874
CUST1242,INV002616,25715.53,2025-03-14,2025-04-13,,Overdue,508,22,7,16,0,7,15,1,0,Mid-Market,2138062
CUST1188,INV002617,29416.31,2026-03-25,2026-04-09,,Overdue,147,22,1,15,0,6,58,0,0,SMB,4306146
CUST1185,INV002618,68997.87,2025-03-17,2025-04-16,2025-05-06,Paid,0,29,7,25,1,2,27,0,1,SMB,3001720
CUST0943,INV002619,10518.21,2026-08-13,2026-09-12,,Overdue,0,12,2,4,2,4,81,0,0,Mid-Market,4133290
CUST0525,INV002620,17677.18,2026-01-25,2026-02-24,,Overdue,191,9,1,17,1,1,8,1,0,Mid-Market,4422216
CUST1832,INV002621,112939.27,2026-07-31,2026-08-15,,Overdue,19,18,4,18,0,0,48,0,0,Mid-Market,4451913
CUST1625,INV002622,18091.34,2025-12-08,2026-01-07,,Overdue,239,16,5,8,0,0,26,0,0,SMB,1167374
CUST1860,INV002623,6202.22,2025-10-17,2025-11-16,,Overdue,291,19,5,14,0,5,78,1,0,Mid-Market,2879045
CUST1066,INV002624,11278.39,2026-07-22,2026-08-21,,Overdue,13,22,8,14,0,4,9,0,0,Mid-Market,92291
CUST0915,INV002625,8619.83,2025-11-27,2025-12-27,,Overdue,250,8,2,17,0,2,76,0,0,Mid-Market,1700824
CUST0210,INV002626,31481.73,2025-09-16,2025-10-16,2025-10-21,Paid,0,7,1,9,2,1,15,1,1,SMB,4998409
CUST0741,INV002627,8991.66,2026-03-02,2026-03-17,,Overdue,170,24,6,4,0,2,86,0,0,SMB,4587871
CUST0862,INV002628,28883.74,2025-01-06,2025-02-05,,Overdue,575,21,4,14,0,0,12,0,0,SMB,4926709
CUST1299,INV002629,10550.57,2025-01-06,2025-02-05,,Overdue,575,9,1,19,1,5,89,0,0,Mid-Market,1242503
CUST0954,INV002630,5000.0,2025-07-10,2025-08-24,,Overdue,375,22,9,2,0,6,33,0,0,Enterprise,1085891
CUST1303,INV002631,29930.1,2025-05-28,2025-06-27,,Overdue,433,12,3,21,2,2,4,0,0,SMB,1693707
CUST1275,INV002632,25551.82,2026-02-09,2026-03-26,2026-04-03,Paid,0,14,4,14,1,6,5,0,1,SMB,4650145
CUST1334,INV002633,36966.15,2025-09-15,2025-10-30,,Overdue,308,10,4,11,3,1,16,0,0,Enterprise,1408126
CUST1744,INV002634,11237.51,2026-04-24,2026-06-23,2026-07-05,Paid,0,16,3,11,2,6,53,0,1,SMB,3951403
CUST0833,INV002635,10101.66,2025-03-31,2025-04-30,,Overdue,491,29,9,1,1,7,45,0,0,SMB,3256943
CUST0140,INV002636,32907.86,2025-01-10,2025-02-09,,Overdue,571,2,1,14,1,1,68,0,0,Enterprise,323349
CUST0792,INV002637,100611.27,2025-03-28,2025-05-12,2025-05-27,Paid,0,6,2,10,1,2,19,0,1,Mid-Market,2413162
CUST0546,INV002638,22273.84,2025-05-31,2025-06-30,,Overdue,430,11,1,15,0,3,13,0,0,SMB,1589600
CUST1845,INV002639,33677.5,2025-01-30,2025-03-01,,Overdue,551,4,3,11,1,1,3,0,0,Enterprise,3562305
CUST1017,INV002640,15969.12,2025-05-08,2025-06-07,,Overdue,453,5,1,7,1,6,5,0,0,SMB,258859
CUST1928,INV002641,5000.0,2025-03-19,2025-05-18,2025-05-18,Paid,0,5,2,1,2,1,15,0,1,SMB,3424659
CUST1554,INV002642,57955.42,2026-02-25,2026-03-27,2026-03-29,Paid,0,17,2,0,0,3,33,0,1,Enterprise,4918923
CUST0057,INV002643,54634.14,2025-02-24,2025-03-26,2025-04-05,Paid,0,26,10,8,0,7,84,1,1,SMB,2953030
CUST0112,INV002644,44836.33,2026-04-25,2026-06-09,2026-06-09,Paid,0,5,1,0,0,0,41,0,1,SMB,1278807
CUST0005,INV002645,18362.29,2025-11-01,2025-12-01,,Overdue,276,26,7,0,1,5,34,0,1,SMB,123997
CUST1434,INV002646,40016.86,2026-06-30,2026-08-29,,Overdue,5,11,4,21,1,5,17,1,0,Mid-Market,1910971
CUST1438,INV002647,53839.45,2025-04-15,2025-05-15,2025-05-18,Paid,0,9,1,3,1,6,41,0,1,Mid-Market,575005
CUST1206,INV002648,111319.38,2025-06-21,2025-08-05,,Overdue,394,15,3,19,0,7,58,0,0,Mid-Market,1138963
CUST1037,INV002649,59191.08,2026-05-14,2026-06-13,,Overdue,82,24,5,18,3,6,7,0,0,SMB,1798982
CUST1363,INV002650,23478.05,2025-01-22,2025-03-08,,Overdue,544,24,5,4,1,4,44,0,0,Mid-Market,1377042
CUST1821,INV002651,5953.57,2025-10-14,2025-12-13,2026-01-08,Paid,0,3,1,22,0,4,37,0,1,SMB,3731890
CUST1283,INV002652,25736.31,2026-01-26,2026-03-12,,Overdue,175,16,4,25,1,6,44,0,0,Mid-Market,3134562
CUST0090,INV002653,28469.18,2025-05-29,2025-07-13,2025-07-18,Paid,0,9,1,0,1,4,37,0,1,SMB,915139
CUST0616,INV002654,44758.19,2025-09-29,2025-10-29,,Overdue,309,25,7,21,0,4,15,0,0,Enterprise,3728621
CUST0891,INV002655,85296.77,2025-10-26,2025-12-25,2025-12-30,Paid,0,26,6,6,1,0,3,0,1,Mid-Market,2949033
CUST0698,INV002656,20027.26,2025-06-21,2025-07-21,2025-07-21,Paid,0,23,8,0,0,3,66,1,1,Mid-Market,3752418
CUST1274,INV002657,180049.52,2025-02-16,2025-04-17,,Overdue,504,6,3,14,0,1,60,1,0,SMB,4573535
CUST1279,INV002658,5000.0,2025-07-26,2025-09-09,,Overdue,359,9,3,18,2,5,63,0,0,SMB,2632153
CUST1612,INV002659,33501.38,2026-03-29,2026-04-28,,Overdue,128,27,9,11,0,0,84,0,0,Mid-Market,3862010
CUST0898,INV002660,9911.78,2026-01-30,2026-03-01,,Overdue,186,22,8,30,1,4,17,0,0,Enterprise,2275541
CUST0971,INV002661,5000.0,2025-10-28,2025-11-12,2025-12-01,Paid,0,19,5,19,0,2,81,0,1,Mid-Market,2417108
CUST1132,INV002662,18001.77,2025-06-25,2025-08-09,2025-08-21,Paid,0,6,4,11,1,7,74,1,1,SMB,4479723
CUST0668,INV002663,5129.83,2025-04-20,2025-05-20,,Overdue,471,11,5,14,3,4,87,0,0,SMB,3438445
CUST0594,INV002664,18742.93,2025-07-21,2025-08-20,,Overdue,379,2,0,42,1,0,30,1,0,SMB,1388530
CUST0589,INV002665,22805.78,2025-06-17,2025-08-16,,Overdue,383,18,5,17,0,0,37,0,0,SMB,2487245
CUST0485,INV002666,67409.51,2025-03-27,2025-05-26,,Overdue,465,28,4,26,1,1,44,0,0,Mid-Market,3349973
CUST0982,INV002667,5000.0,2025-02-20,2025-04-21,,Overdue,500,7,2,22,0,2,66,0,0,Mid-Market,1424073
CUST0972,INV002668,54635.83,2025-04-22,2025-06-06,2025-06-06,Paid,0,24,7,1,0,4,41,1,1,Enterprise,4639699
CUST1282,INV002669,24296.33,2026-04-08,2026-05-23,2026-05-23,Paid,0,23,8,1,0,2,60,0,1,Mid-Market,2076110
CUST0639,INV002670,61626.62,2026-03-18,2026-05-02,,Overdue,124,21,6,12,1,3,70,1,0,SMB,801518
CUST0997,INV002671,14303.35,2025-09-28,2025-10-28,2025-11-12,Paid,0,4,1,11,0,3,13,0,1,Enterprise,3842824
CUST1927,INV002672,5812.44,2026-07-31,2026-09-29,2026-10-15,Paid,0,24,4,15,1,5,56,0,1,Mid-Market,2072643
CUST0282,INV002673,6519.16,2025-12-10,2026-02-08,,Overdue,207,28,4,25,1,6,24,0,0,SMB,3258823
CUST0986,INV002674,6052.29,2025-07-02,2025-08-16,2025-08-30,Paid,0,25,6,20,1,6,3,0,1,SMB,1474663
CUST1112,INV002675,35518.68,2026-05-18,2026-07-17,2026-07-25,Paid,0,7,3,0,1,6,64,1,1,SMB,2537111
CUST1228,INV002676,96463.7,2025-01-10,2025-02-09,,Overdue,571,17,5,6,4,1,29,0,0,SMB,4845464
CUST0016,INV002677,12519.57,2026-05-09,2026-06-08,,Overdue,87,4,2,28,1,2,16,0,0,SMB,708003
CUST1175,INV002678,41321.38,2025-08-22,2025-10-21,2025-11-09,Paid,0,13,5,18,0,0,88,1,1,Mid-Market,4154399
CUST0936,INV002679,5000.0,2025-10-25,2025-11-24,,Overdue,283,20,3,0,0,4,4,1,0,SMB,2757184
CUST0254,INV002680,26378.94,2025-09-01,2025-10-01,,Overdue,337,26,5,10,1,7,71,0,0,SMB,515982
CUST1212,INV002681,42983.11,2026-05-24,2026-06-23,2026-06-23,Paid,0,19,4,0,1,0,54,0,1,SMB,828799
CUST0329,INV002682,5176.45,2025-12-17,2026-01-16,,Overdue,230,4,0,23,4,5,20,0,0,SMB,3722277
CUST0544,INV002683,17963.85,2025-09-24,2025-11-08,,Overdue,299,25,4,17,0,3,79,0,0,Mid-Market,2982235
CUST0783,INV002684,45067.52,2025-07-20,2025-08-19,,Overdue,380,13,2,10,2,6,73,0,0,SMB,729447
CUST0997,INV002685,5000.0,2025-08-27,2025-09-26,,Overdue,342,1,0,11,1,2,57,0,0,Enterprise,3842824
CUST1421,INV002686,83738.41,2025-11-30,2025-12-30,,Overdue,247,2,1,18,2,1,67,1,0,SMB,3074015
CUST1541,INV002687,31372.26,2026-02-19,2026-03-21,2026-04-16,Paid,0,7,1,24,1,7,56,0,1,Mid-Market,3845830
CUST1483,INV002688,45104.06,2026-04-29,2026-06-28,,Overdue,67,25,5,16,1,2,89,0,1,Mid-Market,295144
CUST1354,INV002689,14578.17,2026-03-13,2026-03-28,2026-04-22,Paid,0,23,3,19,0,3,64,1,1,Mid-Market,4368420
CUST1844,INV002690,5000.0,2025-09-03,2025-10-03,,Overdue,335,17,4,16,1,0,67,1,0,Mid-Market,3299479
CUST0845,INV002691,37573.83,2025-01-08,2025-02-07,2025-03-03,Paid,0,29,8,26,0,7,15,0,1,SMB,2527748
CUST1193,INV002692,20280.39,2025-06-01,2025-07-31,,Overdue,399,7,4,30,0,2,75,0,1,SMB,4374660
CUST1717,INV002693,22745.34,2026-01-27,2026-03-13,2026-03-27,Paid,0,22,4,5,2,2,88,0,1,SMB,1284215
CUST0366,INV002694,65356.16,2025-07-30,2025-09-28,2025-10-07,Paid,0,13,1,10,2,7,70,0,1,SMB,2752994
CUST1202,INV002695,47195.97,2026-01-02,2026-02-01,,Overdue,214,17,5,13,0,6,21,0,0,SMB,1620234
CUST0655,INV002696,150427.64,2026-07-24,2026-08-23,,Overdue,11,1,0,5,0,6,78,0,1,SMB,4906854
CUST1386,INV002697,25689.93,2025-03-27,2025-05-11,,Overdue,480,28,7,8,2,6,27,0,0,SMB,1470827
CUST0760,INV002698,11034.56,2025-02-24,2025-03-26,2025-04-11,Paid,0,2,1,11,0,7,77,0,1,Mid-Market,1408311
CUST0639,INV002699,18243.85,2026-03-22,2026-04-21,2026-04-21,Paid,0,6,0,12,1,6,87,0,1,SMB,801518
CUST1799,INV002700,33378.37,2025-10-31,2025-11-30,,Overdue,277,12,1,8,0,5,66,1,0,SMB,2049117
CUST1064,INV002701,60831.1,2025-05-12,2025-06-11,2025-06-17,Paid,0,13,1,7,1,4,77,1,1,SMB,2209173
CUST0924,INV002702,5079.49,2026-02-25,2026-03-27,2026-04-15,Paid,0,20,4,13,1,1,16,0,1,Mid-Market,1535255
CUST0416,INV002703,22215.32,2026-01-20,2026-02-04,2026-02-04,Paid,0,20,3,4,0,1,1,1,1,SMB,734029
CUST1379,INV002704,110143.76,2025-07-17,2025-08-16,,Overdue,383,22,4,16,0,4,66,0,0,SMB,644557
CUST0255,INV002705,17323.01,2025-02-16,2025-03-18,,Overdue,534,9,3,0,0,5,66,1,0,SMB,2588568
CUST1167,INV002706,55882.8,2025-07-22,2025-09-05,2025-09-24,Paid,0,17,1,12,2,4,4,0,1,Mid-Market,3716344
CUST1776,INV002707,36066.42,2025-09-18,2025-10-18,,Overdue,320,18,2,29,0,3,66,0,0,SMB,1654243
CUST1764,INV002708,57288.81,2025-01-24,2025-02-23,2025-03-09,Paid,0,8,2,10,0,0,4,0,1,SMB,1753820
CUST1877,INV002709,9801.0,2025-12-06,2025-12-21,,Overdue,256,8,2,21,1,4,77,1,0,Mid-Market,1570180
CUST0710,INV002710,9843.81,2026-02-16,2026-03-18,2026-03-23,Paid,0,27,7,1,1,3,45,0,1,Mid-Market,4044528
CUST0577,INV002711,22477.54,2025-09-18,2025-10-18,,Overdue,320,11,3,8,2,0,1,1,0,SMB,858258
CUST0900,INV002712,5000.0,2025-10-13,2025-12-12,,Overdue,265,22,7,19,1,2,57,0,0,SMB,1519793
CUST0011,INV002713,16818.91,2026-05-28,2026-07-12,2026-07-14,Paid,0,22,6,0,1,4,67,0,1,SMB,4514344
CUST1644,INV002714,28364.02,2025-03-27,2025-04-26,,Overdue,495,28,7,18,2,1,15,1,1,Mid-Market,1593812
CUST0026,INV002715,131220.66,2026-03-06,2026-04-05,,Overdue,151,8,0,11,1,1,67,0,0,Mid-Market,1506081
CUST0957,INV002716,32949.07,2026-08-04,2026-09-03,,Overdue,0,18,8,9,0,6,14,0,1,Mid-Market,692762
CUST0421,INV002717,41160.26,2025-01-31,2025-04-01,,Overdue,520,18,3,27,0,2,10,1,0,Mid-Market,3358505
CUST1687,INV002718,70578.15,2026-03-16,2026-04-30,2026-04-30,Paid,0,13,5,0,0,2,87,0,1,Enterprise,761943
CUST1245,INV002719,8394.59,2025-12-15,2025-12-30,,Overdue,247,1,0,16,1,5,43,0,0,Mid-Market,3911774
CUST1877,INV002720,18674.56,2026-02-16,2026-03-18,2026-04-07,Paid,0,15,4,20,0,2,8,0,1,Mid-Market,1570180
CUST0496,INV002721,249050.9,2026-06-12,2026-07-12,,Overdue,53,22,5,5,1,3,1,0,1,SMB,1733523
CUST1261,INV002722,20350.85,2025-11-06,2025-12-06,2025-12-07,Paid,0,6,1,0,0,5,45,1,1,SMB,1947951
CUST0237,INV002723,67267.38,2026-01-31,2026-03-17,2026-03-21,Paid,0,6,2,15,2,6,75,0,1,SMB,1071469
CUST1009,INV002724,57741.87,2025-12-04,2026-01-03,,Overdue,243,13,3,20,1,2,73,0,0,SMB,4455813
CUST0219,INV002725,5023.52,2026-03-13,2026-04-12,,Overdue,144,27,5,27,1,3,43,0,0,Mid-Market,525595
CUST1511,INV002726,30045.83,2025-12-31,2026-01-30,2026-01-30,Paid,0,2,0,0,1,7,11,1,1,Mid-Market,4698455
CUST1960,INV002727,25508.0,2025-04-23,2025-05-23,,Overdue,468,23,2,9,0,4,41,1,0,Mid-Market,4351828
CUST0461,INV002728,30636.85,2025-06-25,2025-07-25,,Overdue,405,19,3,34,1,7,65,0,0,SMB,4812606
CUST0663,INV002729,10361.87,2025-05-29,2025-07-13,,Overdue,417,17,3,15,4,4,40,0,0,Mid-Market,4611307
CUST0635,INV002730,7208.96,2025-06-27,2025-07-27,,Overdue,403,1,1,15,3,3,52,0,0,SMB,4884777
CUST1168,INV002731,13684.1,2026-01-17,2026-02-16,,Overdue,199,14,4,18,0,7,67,0,0,Mid-Market,3576362
CUST0990,INV002732,19974.37,2025-08-11,2025-09-25,2025-10-06,Paid,0,16,5,12,0,5,87,0,1,Mid-Market,851955
CUST0189,INV002733,72040.55,2025-09-16,2025-10-16,2025-10-27,Paid,0,15,4,9,0,0,83,0,1,Mid-Market,2558426
CUST0255,INV002734,135579.14,2025-07-08,2025-08-07,,Overdue,392,9,5,10,0,0,45,0,0,SMB,2588568
CUST0068,INV002735,89018.35,2025-11-02,2025-12-02,,Overdue,275,19,5,26,0,4,9,1,0,Mid-Market,3899033
CUST0616,INV002736,52061.72,2026-01-13,2026-02-27,,Overdue,188,8,2,20,0,7,70,1,1,Enterprise,3728621
CUST0336,INV002737,8067.99,2025-12-09,2025-12-24,2026-01-06,Paid,0,15,3,16,1,4,80,0,1,SMB,4904042
CUST0671,INV002738,14634.01,2025-06-05,2025-07-20,,Overdue,410,10,3,0,0,0,45,1,0,SMB,1329180
CUST0821,INV002739,27171.56,2025-02-24,2025-03-26,,Overdue,526,23,7,7,1,0,83,1,0,Mid-Market,4421047
CUST0874,INV002740,11702.54,2026-03-18,2026-04-02,,Overdue,154,29,4,33,1,3,19,0,0,SMB,2971989
CUST1433,INV002741,39230.34,2025-07-19,2025-09-02,,Overdue,366,2,0,4,0,0,3,0,0,SMB,3140930
CUST0300,INV002742,45273.91,2026-02-07,2026-03-09,2026-03-19,Paid,0,18,4,13,1,1,44,0,1,SMB,4736166
CUST1932,INV002743,37657.6,2025-06-26,2025-08-25,2025-08-31,Paid,0,20,3,11,0,0,13,1,1,Mid-Market,1622138
CUST1626,INV002744,61398.13,2026-03-25,2026-04-24,2026-05-05,Paid,0,2,0,0,2,0,26,0,1,Mid-Market,3049610
CUST0357,INV002745,8914.27,2026-06-25,2026-07-25,2026-07-25,Paid,0,21,5,3,1,6,20,0,1,SMB,2104376
CUST0256,INV002746,55984.42,2025-10-28,2025-12-12,,Overdue,265,12,4,0,2,7,64,0,0,Mid-Market,323146
CUST1008,INV002747,10985.75,2025-11-03,2025-12-03,2025-12-03,Paid,0,10,2,0,0,1,23,0,1,Mid-Market,3417611
CUST0353,INV002748,8596.1,2025-09-24,2025-10-09,,Overdue,329,12,3,17,1,5,83,0,0,Mid-Market,4125837
CUST1756,INV002749,37500.75,2025-08-02,2025-09-01,2025-09-08,Paid,0,7,2,4,1,2,31,0,1,Mid-Market,1511312
CUST1545,INV002750,74300.54,2026-08-17,2026-09-16,,Overdue,0,2,0,31,0,5,70,0,1,Enterprise,984048
CUST0524,INV002751,35882.8,2026-04-28,2026-05-28,,Overdue,98,25,10,20,2,1,51,1,0,Mid-Market,1592247
CUST1861,INV002752,22489.5,2025-09-19,2025-11-18,2025-11-26,Paid,0,1,0,12,0,5,6,0,1,Mid-Market,1328673
CUST0950,INV002753,30036.06,2025-03-08,2025-04-22,2025-05-05,Paid,0,2,0,20,2,4,17,0,1,Mid-Market,756673
CUST0756,INV002754,25246.1,2026-07-28,2026-09-26,,Overdue,0,23,3,0,2,4,65,0,1,Mid-Market,3350354
CUST1718,INV002755,7144.15,2025-05-13,2025-07-12,,Overdue,418,28,7,11,0,4,44,0,0,Mid-Market,3888187
CUST0284,INV002756,6357.43,2026-06-24,2026-07-24,,Overdue,41,21,3,23,1,2,61,1,0,SMB,335711
CUST1336,INV002757,20356.88,2026-05-27,2026-06-26,2026-06-26,Paid,0,17,5,0,1,2,16,1,1,Mid-Market,4589170
CUST0099,INV002758,23857.57,2025-07-30,2025-08-29,,Overdue,370,20,8,19,0,4,68,0,0,SMB,3277544
CUST0197,INV002759,22277.5,2025-09-10,2025-11-09,2025-11-23,Paid,0,8,1,15,0,7,67,0,1,Mid-Market,3401463
CUST0482,INV002760,43308.39,2025-02-07,2025-03-09,2025-03-11,Paid,0,21,8,0,2,0,7,0,1,Mid-Market,4952825
CUST0878,INV002761,17756.79,2025-02-12,2025-03-14,,Overdue,538,12,3,28,1,3,60,0,0,Mid-Market,4993082
CUST1250,INV002762,38676.18,2026-02-09,2026-03-11,,Overdue,176,2,0,23,0,5,23,0,0,Mid-Market,3850986
CUST1869,INV002763,19061.26,2025-02-15,2025-03-17,2025-04-05,Paid,0,9,3,18,1,3,68,0,1,SMB,2488710
CUST0615,INV002764,136401.63,2026-03-30,2026-04-29,2026-04-29,Paid,0,17,2,0,0,6,20,0,1,Enterprise,4506397
CUST0618,INV002765,23878.02,2025-11-01,2025-12-01,2025-12-06,Paid,0,17,5,3,0,2,77,1,1,SMB,1347991
CUST1389,INV002766,228827.25,2025-08-21,2025-10-20,,Overdue,318,10,4,11,1,5,72,0,0,Enterprise,4738118
CUST0368,INV002767,31319.98,2025-09-02,2025-09-17,,Overdue,351,13,6,26,0,2,36,0,0,Enterprise,4952444
CUST0570,INV002768,17788.77,2025-10-22,2025-12-21,,Overdue,256,5,0,10,2,3,68,0,0,SMB,4211900
CUST0590,INV002769,8960.24,2026-01-18,2026-02-02,2026-02-20,Paid,0,14,1,14,2,0,26,1,1,SMB,2752882
CUST1099,INV002770,5203.63,2025-06-07,2025-08-06,2025-08-08,Paid,0,14,6,5,0,0,35,0,1,Mid-Market,347675
CUST1066,INV002771,8172.73,2026-02-09,2026-03-11,,Overdue,176,15,5,30,0,6,53,1,0,Mid-Market,92291
CUST0422,INV002772,9139.8,2025-01-01,2025-02-15,2025-02-15,Paid,0,25,8,2,1,2,20,0,1,Mid-Market,258944
CUST0836,INV002773,32689.85,2025-08-05,2025-09-04,,Overdue,364,22,7,14,0,7,10,0,0,SMB,4421545
CUST1205,INV002774,13014.7,2026-05-22,2026-07-06,2026-08-03,Paid,0,5,2,25,0,0,70,1,1,SMB,3749100
CUST0545,INV002775,26553.77,2026-08-04,2026-10-03,,Overdue,0,22,6,6,0,3,3,0,0,Mid-Market,3733909
CUST0071,INV002776,79378.15,2025-01-30,2025-03-01,,Overdue,551,6,2,9,0,6,84,0,0,Mid-Market,588645
CUST1592,INV002777,20174.84,2026-06-04,2026-07-04,2026-07-05,Paid,0,9,0,3,1,2,46,0,1,Enterprise,243839
CUST1129,INV002778,176161.54,2025-10-02,2025-11-01,,Overdue,306,29,9,0,2,1,67,0,0,SMB,331696
CUST1224,INV002779,6796.68,2026-05-07,2026-06-06,2026-06-06,Paid,0,9,2,0,2,2,80,1,1,Enterprise,4497395
CUST1125,INV002780,18947.29,2025-02-05,2025-03-07,,Overdue,545,21,8,28,2,4,4,0,0,Mid-Market,295300
CUST0768,INV002781,12844.71,2025-11-07,2025-12-22,2025-12-22,Paid,0,4,2,0,1,6,40,0,1,Enterprise,3337093
CUST0307,INV002782,56190.7,2025-02-13,2025-03-15,2025-03-15,Paid,0,1,0,5,1,7,39,1,1,Mid-Market,3507550
CUST1610,INV002783,5000.0,2025-06-04,2025-07-19,2025-07-21,Paid,0,22,7,0,0,6,17,0,1,Mid-Market,3790030
CUST1707,INV002784,5202.45,2025-03-18,2025-05-17,2025-05-30,Paid,0,23,9,4,1,0,29,0,1,Mid-Market,4247079
CUST0377,INV002785,19784.48,2026-08-13,2026-09-27,,Overdue,0,23,4,9,1,0,4,1,1,Mid-Market,3950379
CUST0655,INV002786,103920.11,2026-03-14,2026-04-13,,Overdue,143,15,5,14,0,6,74,1,0,SMB,4906854
CUST0678,INV002787,27607.47,2026-03-08,2026-04-07,,Overdue,149,14,4,26,1,7,73,0,0,SMB,4413089
CUST0399,INV002788,5701.32,2026-06-26,2026-07-26,,Overdue,39,1,0,21,0,3,75,0,1,Mid-Market,2643726
CUST1797,INV002789,6653.07,2025-02-08,2025-03-10,,Overdue,542,6,2,19,2,6,65,0,0,Mid-Market,1222304
CUST0221,INV002790,117358.63,2025-08-27,2025-09-26,,Overdue,342,8,3,20,2,2,17,0,0,Mid-Market,1938806
CUST1619,INV002791,11835.58,2025-01-13,2025-03-14,2025-03-18,Paid,0,3,0,0,1,7,64,1,1,Mid-Market,4983842
CUST0182,INV002792,8578.69,2025-05-02,2025-06-16,,Overdue,444,17,6,13,0,7,47,0,0,SMB,1274744
CUST0307,INV002793,96507.17,2025-05-24,2025-06-23,2025-07-14,Paid,0,29,4,25,0,3,18,0,1,Mid-Market,3507550
CUST0522,INV002794,60542.27,2026-03-31,2026-04-30,,Overdue,126,23,5,31,0,6,71,1,1,SMB,4939084
CUST1420,INV002795,78752.05,2026-01-03,2026-02-02,,Overdue,213,20,2,24,3,2,26,0,0,Enterprise,4910319
CUST1014,INV002796,8518.18,2025-09-04,2025-11-03,,Overdue,304,28,6,7,1,2,24,0,0,SMB,1445796
CUST0004,INV002797,5000.0,2025-02-14,2025-04-15,,Overdue,506,5,3,19,1,1,33,0,1,Mid-Market,69675
CUST0863,INV002798,25163.92,2026-01-10,2026-02-09,2026-02-09,Paid,0,18,6,4,0,7,29,0,1,Mid-Market,1608426
CUST1938,INV002799,30795.57,2025-10-18,2025-11-17,,Overdue,290,7,2,26,2,0,88,1,0,Mid-Market,470539
CUST0848,INV002800,31716.8,2025-07-26,2025-08-25,2025-08-25,Paid,0,17,2,3,1,6,46,0,1,Enterprise,1084186
CUST0804,INV002801,96585.5,2026-06-03,2026-07-03,,Overdue,62,15,4,2,2,7,76,0,0,Mid-Market,1692425
CUST1305,INV002802,5000.0,2025-08-30,2025-09-29,,Overdue,339,20,4,23,1,7,26,0,0,Mid-Market,3850315
CUST0215,INV002803,52036.21,2025-04-24,2025-06-08,,Overdue,452,24,7,12,0,4,41,0,1,Mid-Market,677220
CUST0972,INV002804,7356.76,2025-10-29,2025-11-28,2025-12-17,Paid,0,16,2,20,0,5,25,0,1,Enterprise,4639699
CUST1634,INV002805,51830.57,2025-10-03,2025-11-17,2025-12-10,Paid,0,13,2,20,1,4,15,0,1,Mid-Market,468829
CUST1444,INV002806,13698.52,2025-04-06,2025-05-06,2025-05-09,Paid,0,28,10,0,0,0,34,0,1,SMB,1543551
CUST0101,INV002807,9759.81,2025-10-21,2025-12-05,,Overdue,272,7,1,13,1,3,51,0,0,SMB,4520013
CUST0963,INV002808,11969.26,2025-12-26,2026-02-09,,Overdue,206,15,4,4,1,4,72,1,1,SMB,3591815
CUST1545,INV002809,5189.49,2025-10-15,2025-11-14,2025-11-14,Paid,0,23,5,0,0,1,27,0,1,Enterprise,984048
CUST0573,INV002810,22935.22,2025-06-03,2025-07-18,,Overdue,412,23,3,11,2,7,4,0,0,SMB,1967043
CUST1333,INV002811,10171.31,2026-07-24,2026-08-23,,Overdue,11,28,5,5,1,6,76,0,1,SMB,3620118
CUST0658,INV002812,48353.71,2026-02-27,2026-03-29,2026-04-15,Paid,0,5,2,18,1,7,85,1,1,SMB,4858163
CUST0939,INV002813,41775.11,2025-02-19,2025-03-21,,Overdue,531,27,10,23,0,1,20,1,0,SMB,1590724
CUST1955,INV002814,119152.21,2025-07-26,2025-08-25,,Overdue,374,12,3,5,0,5,48,1,0,Enterprise,4861671
CUST1534,INV002815,31771.58,2026-07-18,2026-08-02,,Overdue,32,28,8,1,1,1,53,0,1,SMB,1820394
CUST1087,INV002816,37074.24,2026-07-19,2026-09-02,,Overdue,1,10,2,11,1,4,63,0,0,Mid-Market,742924
CUST1657,INV002817,89330.64,2025-08-01,2025-08-31,,Overdue,368,19,4,15,2,1,17,0,0,Mid-Market,293877
CUST0226,INV002818,11758.57,2025-03-07,2025-03-22,2025-04-04,Paid,0,10,2,17,0,1,79,0,1,SMB,2288673
CUST0105,INV002819,5000.0,2025-08-20,2025-10-04,,Overdue,334,29,7,32,1,7,32,1,0,Enterprise,3653110
CUST1998,INV002820,26905.72,2025-11-16,2025-12-31,,Overdue,246,7,2,24,0,3,66,0,0,SMB,2533502
CUST0772,INV002821,5310.1,2025-05-17,2025-06-16,,Overdue,444,24,5,12,0,7,85,0,0,Mid-Market,1155710
CUST1885,INV002822,256257.65,2026-07-20,2026-08-19,,Overdue,15,23,7,35,0,7,50,0,0,SMB,2871839
CUST1449,INV002823,94419.07,2025-03-06,2025-04-05,,Overdue,516,22,9,21,1,0,13,1,0,Enterprise,3247445
CUST1279,INV002824,191755.49,2026-05-29,2026-06-28,2026-07-17,Paid,0,15,1,22,0,4,27,1,1,SMB,2632153
CUST0429,INV002825,23445.81,2025-05-12,2025-07-11,2025-08-13,Paid,0,9,1,32,0,0,26,1,1,SMB,1096161
CUST0434,INV002826,38199.34,2025-11-30,2025-12-30,,Overdue,247,29,11,17,2,1,53,0,0,SMB,723218
CUST1231,INV002827,13912.24,2025-02-01,2025-03-03,,Overdue,549,27,4,14,0,3,34,0,0,Enterprise,4890351
CUST1052,INV002828,53259.14,2026-05-13,2026-07-12,,Overdue,53,6,2,15,0,0,82,0,0,Mid-Market,3394250
CUST0682,INV002829,6531.92,2025-08-31,2025-09-30,2025-10-09,Paid,0,21,6,12,0,6,74,1,1,SMB,2619931
CUST1360,INV002830,5000.0,2025-07-11,2025-08-10,2025-08-10,Paid,0,11,1,7,2,2,83,0,1,Mid-Market,126240
CUST0588,INV002831,9989.5,2025-05-22,2025-07-06,,Overdue,424,6,0,0,2,4,57,1,0,SMB,4886917
CUST1652,INV002832,5138.55,2026-07-15,2026-08-29,2026-09-21,Paid,0,26,6,23,0,1,12,0,1,SMB,1857402
CUST1093,INV002833,96560.66,2025-07-10,2025-08-09,,Overdue,390,20,3,24,1,1,88,0,0,Mid-Market,4720432
CUST0866,INV002834,135357.87,2025-05-29,2025-07-28,,Overdue,402,29,10,7,1,2,65,0,0,Mid-Market,339220
CUST0746,INV002835,5415.77,2026-08-22,2026-09-21,,Overdue,0,15,4,13,0,7,9,0,1,Enterprise,3902256
CUST1537,INV002836,80154.85,2026-02-20,2026-04-06,,Overdue,150,13,2,6,2,1,45,0,0,SMB,2139934
CUST1191,INV002837,57032.98,2026-06-04,2026-08-03,,Overdue,31,6,0,18,0,6,82,0,0,SMB,339134
CUST0864,INV002838,5000.0,2025-01-16,2025-02-15,,Overdue,565,20,7,18,0,7,44,0,0,SMB,3280431
CUST1754,INV002839,14909.18,2025-04-16,2025-05-16,,Overdue,475,21,6,9,1,7,48,1,0,SMB,1792166
CUST1809,INV002840,12330.56,2025-10-10,2025-11-09,,Overdue,298,15,5,9,0,0,19,1,0,SMB,2329042
CUST0368,INV002841,46536.65,2025-04-14,2025-05-29,,Overdue,462,29,4,10,2,6,86,0,0,Enterprise,4952444
CUST0251,INV002842,6446.04,2025-12-27,2026-02-10,2026-02-19,Paid,0,6,2,6,0,1,82,1,1,SMB,991768
CUST0859,INV002843,19952.85,2025-02-04,2025-02-19,,Overdue,561,16,6,16,1,6,54,0,0,Mid-Market,318083
CUST0856,INV002844,11092.95,2025-04-23,2025-06-07,,Overdue,453,1,1,0,1,5,76,0,0,SMB,3566144
CUST1955,INV002845,35360.17,2025-11-04,2025-12-19,2025-12-29,Paid,0,6,0,13,0,6,73,1,1,Enterprise,4861671
CUST1710,INV002846,17733.45,2025-02-22,2025-04-08,,Overdue,513,16,7,29,1,0,36,1,1,Mid-Market,3448116
CUST1194,INV002847,12897.06,2025-03-22,2025-05-06,2025-06-06,Paid,0,22,3,19,0,6,15,0,1,Mid-Market,2916069
CUST1782,INV002848,17795.55,2026-01-04,2026-01-19,2026-01-20,Paid,0,1,0,2,0,0,9,0,1,Enterprise,3309819
CUST1959,INV002849,168727.93,2025-08-30,2025-09-29,2025-09-29,Paid,0,7,4,3,1,4,9,0,1,Mid-Market,320146
CUST1114,INV002850,14517.36,2025-01-31,2025-03-17,,Overdue,535,28,9,7,3,4,46,0,0,Mid-Market,1609757
CUST0561,INV002851,7777.54,2025-12-27,2026-02-25,2026-03-12,Paid,0,10,3,6,0,5,31,0,1,Mid-Market,4087106
CUST1470,INV002852,39475.42,2025-08-21,2025-09-20,,Overdue,348,21,7,19,1,4,55,1,0,Mid-Market,1912205
CUST0294,INV002853,19081.51,2025-02-03,2025-03-05,,Overdue,547,8,2,4,1,5,70,0,0,SMB,1570943
CUST0919,INV002854,5349.54,2025-08-31,2025-10-15,2025-11-10,Paid,0,21,2,19,0,7,58,1,1,Mid-Market,331854
CUST1174,INV002855,205149.93,2025-02-28,2025-04-14,,Overdue,507,26,6,11,0,4,15,0,0,SMB,2703528
CUST1156,INV002856,15483.36,2026-06-13,2026-07-13,2026-08-09,Paid,0,5,1,15,1,2,40,0,1,Mid-Market,2921656
CUST0433,INV002857,15095.18,2025-03-19,2025-04-03,,Overdue,518,18,5,19,0,2,10,1,0,Mid-Market,4804619
CUST0059,INV002858,25844.04,2025-10-29,2025-12-13,,Overdue,264,4,0,17,2,3,1,0,0,SMB,256487
CUST0969,INV002859,124258.18,2025-04-22,2025-06-06,,Overdue,454,20,7,29,0,0,72,1,0,Mid-Market,4963478
CUST0836,INV002860,5000.0,2026-02-17,2026-04-03,,Overdue,153,16,3,26,1,3,24,0,1,SMB,4421545
CUST0199,INV002861,29027.12,2025-11-13,2025-12-28,2025-12-31,Paid,0,10,3,4,0,2,85,0,1,Enterprise,4573942
CUST0215,INV002862,177596.99,2025-05-25,2025-06-24,,Overdue,436,26,9,34,0,6,64,1,0,Mid-Market,677220
CUST0898,INV002863,25052.49,2025-01-18,2025-03-19,,Overdue,533,16,5,14,1,5,48,1,0,Enterprise,2275541
CUST1585,INV002864,6403.92,2025-12-17,2026-01-31,2026-02-14,Paid,0,8,1,16,2,5,50,0,1,Enterprise,4093763
CUST0472,INV002865,11868.03,2025-06-04,2025-07-04,,Overdue,426,19,8,22,3,3,3,0,0,Enterprise,3870887
CUST1768,INV002866,27088.99,2026-05-21,2026-07-20,2026-07-21,Paid,0,1,0,2,1,6,70,0,1,SMB,3807454
CUST0247,INV002867,83350.0,2025-12-26,2026-02-24,,Overdue,191,23,4,30,1,0,64,0,0,SMB,565693
CUST0382,INV002868,15688.2,2025-11-28,2026-01-12,2026-01-30,Paid,0,9,1,15,0,4,25,0,1,Mid-Market,3379693
CUST0991,INV002869,50344.86,2026-06-12,2026-07-12,,Overdue,53,6,2,26,0,1,56,0,1,Mid-Market,1161009
CUST1263,INV002870,5242.91,2025-01-12,2025-02-11,,Overdue,569,13,5,12,0,2,41,0,0,SMB,939855
CUST0927,INV002871,5199.31,2025-03-16,2025-04-15,2025-04-25,Paid,0,13,2,4,0,5,59,0,1,SMB,1859858
CUST1391,INV002872,13591.49,2025-07-31,2025-08-30,,Overdue,369,18,8,19,1,0,33,0,0,SMB,147406
CUST1192,INV002873,92783.93,2025-10-10,2025-11-09,2025-11-17,Paid,0,14,2,3,0,1,75,1,1,Mid-Market,2818705
CUST0560,INV002874,23596.99,2025-07-14,2025-08-13,2025-08-22,Paid,0,2,0,9,0,2,12,0,1,Mid-Market,642632
CUST1075,INV002875,29431.22,2025-01-30,2025-03-01,2025-03-04,Paid,0,16,4,0,0,0,1,0,1,Enterprise,4026974
CUST1835,INV002876,29087.96,2025-01-09,2025-03-10,,Overdue,542,17,6,27,0,2,68,0,0,Mid-Market,2856284
CUST1634,INV002877,66783.28,2025-11-05,2025-12-05,2025-12-08,Paid,0,22,5,8,1,0,69,0,1,Mid-Market,468829
CUST1975,INV002878,11965.46,2026-03-21,2026-04-20,2026-04-25,Paid,0,16,2,10,0,2,59,1,1,SMB,4511213
CUST1752,INV002879,43839.26,2025-11-06,2025-12-06,,Overdue,271,14,3,14,1,2,75,0,0,SMB,921535
CUST0689,INV002880,9596.15,2026-03-02,2026-03-17,2026-04-05,Paid,0,13,3,19,2,5,30,1,1,Mid-Market,2313429
CUST0380,INV002881,160054.98,2026-08-14,2026-10-13,2026-10-13,Paid,0,16,1,0,0,4,33,0,1,SMB,697341
CUST0474,INV002882,9893.26,2025-04-01,2025-05-01,,Overdue,490,24,2,0,1,7,40,1,0,Enterprise,4889498
CUST1104,INV002883,9114.4,2026-04-01,2026-05-01,,Overdue,125,1,0,24,0,6,85,0,1,Enterprise,892840
CUST0697,INV002884,38164.83,2026-03-20,2026-04-19,,Overdue,137,28,8,8,0,0,22,1,0,SMB,4446650
CUST1391,INV002885,23855.94,2025-03-20,2025-04-19,,Overdue,502,17,4,17,2,3,25,0,0,SMB,147406
CUST1485,INV002886,30541.83,2026-04-20,2026-05-20,2026-05-28,Paid,0,1,0,8,1,1,4,1,1,SMB,3872727
CUST0911,INV002887,27648.14,2025-04-13,2025-05-13,2025-06-06,Paid,0,10,1,20,1,7,12,0,1,Mid-Market,2585610
CUST1563,INV002888,7402.76,2026-04-01,2026-05-01,,Overdue,125,5,1,8,1,7,4,0,0,Mid-Market,324535
CUST1476,INV002889,110565.01,2025-11-10,2025-12-10,,Overdue,267,7,2,15,1,2,23,0,1,Mid-Market,2417322
CUST1488,INV002890,53827.63,2025-09-04,2025-10-19,,Overdue,319,4,0,18,0,4,70,0,0,Mid-Market,2599565
CUST0960,INV002891,85729.3,2025-08-22,2025-09-21,2025-10-07,Paid,0,1,0,15,0,5,58,0,1,Mid-Market,1256184
CUST0478,INV002892,12986.55,2026-08-17,2026-09-16,,Overdue,0,1,0,17,1,3,35,0,1,Mid-Market,3083349
CUST1004,INV002893,33407.09,2025-08-23,2025-09-07,2025-09-26,Paid,0,10,3,12,0,2,58,1,1,Mid-Market,3364344
CUST0926,INV002894,26832.48,2026-01-22,2026-03-08,2026-03-08,Paid,0,3,1,0,5,0,6,1,1,SMB,1856684
CUST1444,INV002895,68050.31,2025-02-07,2025-03-09,,Overdue,543,5,1,0,2,1,7,0,0,SMB,1543551
CUST0707,INV002896,70280.39,2025-06-10,2025-07-10,2025-07-10,Paid,0,13,0,0,2,3,21,0,1,SMB,3375495
CUST1238,INV002897,26716.88,2026-04-07,2026-05-22,2026-05-23,Paid,0,21,6,5,1,7,15,1,1,SMB,3798529
CUST1393,INV002898,5000.0,2026-03-25,2026-04-24,,Overdue,132,25,4,22,1,7,66,1,0,SMB,3822827
CUST0854,INV002899,130569.62,2025-04-27,2025-05-27,2025-05-27,Paid,0,9,1,0,0,1,87,1,1,Enterprise,2397693
CUST1138,INV002900,38406.71,2025-08-29,2025-09-28,,Overdue,340,25,8,17,1,6,67,1,1,SMB,2635917
CUST1017,INV002901,11986.82,2025-01-26,2025-03-27,,Overdue,525,8,2,6,2,6,12,1,0,SMB,258859
CUST0754,INV002902,33075.3,2026-07-16,2026-08-15,2026-09-09,Paid,0,11,4,17,0,2,49,0,1,SMB,3160691
CUST0503,INV002903,5000.0,2025-10-25,2025-11-24,,Overdue,283,25,8,28,2,4,79,0,1,SMB,2878630
CUST1660,INV002904,63281.8,2025-06-03,2025-08-02,,Overdue,397,24,10,14,1,5,62,0,0,SMB,970759
CUST0817,INV002905,5058.31,2026-04-13,2026-05-13,2026-06-12,Paid,0,29,8,21,0,5,33,1,1,Mid-Market,602439
CUST0588,INV002906,17661.91,2025-02-18,2025-03-20,2025-03-20,Paid,0,14,1,5,0,3,61,0,1,SMB,4886917
CUST1335,INV002907,28126.13,2025-02-15,2025-03-17,,Overdue,535,8,2,6,4,2,13,0,0,Enterprise,3867042
CUST1493,INV002908,62245.39,2025-10-12,2025-11-11,,Overdue,296,24,6,23,0,7,13,1,0,SMB,956450
CUST1848,INV002909,24502.85,2025-03-23,2025-04-22,,Overdue,499,24,3,33,0,7,59,0,1,SMB,2483351
CUST0708,INV002910,41562.89,2025-02-13,2025-04-14,,Overdue,507,21,4,20,0,5,28,1,0,Mid-Market,3435744
CUST1887,INV002911,21414.7,2025-09-30,2025-10-30,,Overdue,308,10,2,0,0,2,77,1,0,SMB,348783
CUST1068,INV002912,21328.81,2026-01-29,2026-02-28,2026-02-28,Paid,0,3,0,1,0,6,24,0,1,SMB,4639058
CUST1439,INV002913,23992.04,2026-08-18,2026-09-17,2026-09-21,Paid,0,4,0,8,0,5,30,1,1,SMB,3469548
CUST1722,INV002914,18232.16,2025-02-27,2025-03-29,,Overdue,523,25,8,16,0,1,4,0,0,SMB,2434775
CUST1879,INV002915,5000.0,2026-07-19,2026-08-18,2026-08-20,Paid,0,23,8,6,0,4,13,0,1,SMB,1676528
CUST1270,INV002916,10215.65,2025-01-01,2025-01-31,,Overdue,580,12,2,18,0,7,76,0,0,SMB,4101889
CUST1973,INV002917,28135.15,2025-08-04,2025-09-03,2025-09-03,Paid,0,9,0,1,0,3,1,0,1,SMB,689104
CUST1108,INV002918,17169.31,2025-11-13,2025-12-13,,Overdue,264,11,5,22,2,6,44,0,0,Mid-Market,665937
CUST0207,INV002919,18848.54,2025-08-16,2025-10-15,,Overdue,323,11,1,14,0,1,49,1,0,SMB,1354766
CUST0151,INV002920,15940.95,2026-04-18,2026-05-18,2026-06-02,Paid,0,16,3,19,2,6,81,0,1,Enterprise,582726
CUST0668,INV002921,9287.29,2026-04-29,2026-05-29,2026-05-31,Paid,0,13,3,0,1,1,24,0,1,SMB,3438445
CUST0528,INV002922,13452.23,2025-10-14,2025-11-13,,Overdue,294,27,5,15,1,6,34,1,0,SMB,1550134
CUST0165,INV002923,16206.51,2026-05-26,2026-06-25,,Overdue,70,14,4,4,1,2,39,0,0,SMB,1077557
CUST0917,INV002924,22140.04,2026-08-01,2026-08-31,2026-09-20,Paid,0,7,3,12,1,2,42,0,1,SMB,1823055
CUST1999,INV002925,32642.76,2026-04-03,2026-05-18,2026-06-02,Paid,0,12,3,8,0,2,7,1,1,SMB,2018067
CUST1169,INV002926,18387.93,2025-04-05,2025-05-05,2025-05-05,Paid,0,24,10,4,0,6,23,0,1,SMB,793088
CUST1010,INV002927,7866.31,2026-05-08,2026-06-07,2026-06-18,Paid,0,28,5,12,1,0,21,0,1,SMB,3692693
CUST0037,INV002928,5442.09,2025-05-30,2025-07-29,,Overdue,401,19,7,18,0,7,43,0,0,SMB,4496228
CUST0333,INV002929,295799.52,2025-01-23,2025-02-22,2025-03-27,Paid,0,8,1,26,0,3,60,0,1,SMB,3071372
CUST0403,INV002930,7116.6,2025-08-03,2025-09-17,2025-09-26,Paid,0,4,0,7,0,3,24,0,1,Mid-Market,1620057
CUST0414,INV002931,13113.2,2026-02-03,2026-03-20,,Overdue,167,22,3,23,0,5,67,0,1,Mid-Market,3332831
CUST0045,INV002932,36938.15,2026-02-14,2026-03-31,,Overdue,156,17,6,25,0,5,28,0,0,SMB,500930
CUST1426,INV002933,31598.36,2025-05-11,2025-07-10,,Overdue,420,2,1,2,1,4,66,1,0,Enterprise,2198983
CUST0206,INV002934,37081.21,2025-05-28,2025-07-12,2025-08-02,Paid,0,23,5,15,1,0,4,1,1,SMB,3941839
CUST0062,INV002935,14147.35,2026-01-16,2026-02-15,,Overdue,200,22,5,20,0,4,81,0,0,SMB,728841
CUST0420,INV002936,27960.78,2025-04-19,2025-05-19,,Overdue,472,13,5,10,0,4,84,0,0,Mid-Market,4049694
CUST0868,INV002937,23419.95,2026-07-06,2026-08-05,,Overdue,29,26,10,11,0,6,36,0,0,SMB,1445285
CUST1492,INV002938,16120.85,2025-05-01,2025-05-16,2025-06-05,Paid,0,28,8,17,1,0,57,0,1,SMB,4157618
CUST0820,INV002939,28153.02,2025-10-22,2025-12-21,2026-01-07,Paid,0,21,5,12,1,0,57,0,1,SMB,828883
CUST0019,INV002940,63282.59,2025-04-30,2025-05-15,2025-05-23,Paid,0,7,0,11,3,0,86,1,1,SMB,2513160
CUST0365,INV002941,21542.86,2026-04-01,2026-05-16,,Overdue,110,18,2,5,0,4,19,0,0,Enterprise,4718170
CUST1324,INV002942,21686.67,2026-06-14,2026-07-29,,Overdue,36,10,1,6,3,3,31,0,0,SMB,903605
CUST1031,INV002943,64097.53,2025-06-18,2025-08-02,2025-08-04,Paid,0,4,0,6,0,6,42,1,1,SMB,1518919
CUST1785,INV002944,57604.75,2025-05-23,2025-06-22,,Overdue,438,21,4,8,1,4,60,0,0,Mid-Market,1852466
CUST0428,INV002945,107359.3,2025-02-06,2025-03-23,2025-03-24,Paid,0,8,2,11,1,1,89,0,1,Enterprise,1247162
CUST1141,INV002946,5000.0,2025-09-18,2025-10-18,,Overdue,320,22,9,6,1,7,30,1,0,Mid-Market,1438509
CUST0580,INV002947,54454.41,2025-08-19,2025-10-03,,Overdue,335,22,8,3,2,7,48,0,0,SMB,3614462
CUST1531,INV002948,40198.3,2025-09-11,2025-10-11,,Overdue,327,21,5,3,1,5,73,0,0,SMB,1308624
CUST0546,INV002949,9084.71,2025-11-25,2026-01-24,,Overdue,222,26,2,12,0,2,30,1,1,SMB,1589600
CUST1730,INV002950,28327.49,2025-10-24,2025-11-23,2025-11-23,Paid,0,13,1,0,0,6,41,0,1,Mid-Market,827635
CUST0325,INV002951,63014.6,2025-01-10,2025-02-09,2025-02-27,Paid,0,14,5,20,2,3,32,0,1,Enterprise,1084586
CUST0055,INV002952,9612.71,2026-03-22,2026-04-21,,Overdue,135,21,4,25,0,1,59,0,0,Mid-Market,4373654
CUST0778,INV002953,34288.4,2025-08-18,2025-10-02,,Overdue,336,17,3,25,0,6,48,0,0,Mid-Market,1761952
CUST0992,INV002954,52646.43,2026-06-20,2026-08-04,2026-08-04,Paid,0,12,1,9,0,3,79,0,1,Mid-Market,2063148
CUST0042,INV002955,7547.57,2025-03-19,2025-04-18,,Overdue,503,4,0,7,1,1,65,0,0,SMB,3817255
CUST1321,INV002956,19105.17,2026-03-01,2026-03-31,2026-04-10,Paid,0,9,1,6,0,2,21,0,1,SMB,3816001
CUST1997,INV002957,29761.43,2025-07-12,2025-08-11,2025-08-13,Paid,0,15,3,2,1,2,36,0,1,Enterprise,4825275
CUST0231,INV002958,9935.49,2026-02-05,2026-03-07,,Overdue,180,15,4,19,0,3,67,1,0,Mid-Market,4827402
CUST0453,INV002959,9143.94,2025-04-19,2025-05-19,,Overdue,472,18,4,0,2,4,79,0,0,SMB,857744
CUST1914,INV002960,19244.02,2025-09-20,2025-10-20,,Overdue,318,27,6,7,1,7,88,0,0,SMB,3516689
CUST0394,INV002961,49101.25,2025-11-25,2026-01-09,2026-01-13,Paid,0,6,1,6,1,7,16,1,1,Mid-Market,3035696
CUST1546,INV002962,41929.04,2025-12-29,2026-01-28,,Overdue,218,2,0,8,1,7,58,0,0,SMB,3080555
CUST1382,INV002963,9307.61,2026-01-13,2026-03-14,2026-03-19,Paid,0,9,2,6,2,1,7,0,1,SMB,1775049
CUST1468,INV002964,42284.16,2025-12-07,2026-01-06,,Overdue,240,5,0,13,2,6,80,0,0,SMB,4289399
CUST1152,INV002965,9547.74,2025-09-16,2025-10-16,,Overdue,322,25,5,18,0,5,28,0,0,Mid-Market,2236268
CUST0691,INV002966,5000.0,2025-12-01,2025-12-31,,Overdue,246,12,4,15,1,2,50,0,0,SMB,4325115
CUST1429,INV002967,15257.96,2025-03-26,2025-04-25,2025-05-02,Paid,0,29,6,2,0,1,12,0,1,Mid-Market,958380
CUST0392,INV002968,67708.66,2026-06-06,2026-07-06,,Overdue,59,26,5,0,0,0,25,0,0,SMB,4254955
CUST1217,INV002969,42444.84,2026-07-25,2026-08-24,,Overdue,10,5,3,29,2,4,30,0,1,SMB,1872744
CUST0604,INV002970,21991.87,2025-11-04,2025-12-04,,Overdue,273,12,3,21,1,4,72,0,0,SMB,1218932
CUST0881,INV002971,14520.18,2025-09-19,2025-10-19,2025-11-14,Paid,0,25,11,31,0,3,11,1,1,SMB,3158591
CUST1767,INV002972,14916.72,2026-03-28,2026-04-27,,Overdue,129,15,3,16,2,1,60,0,0,Mid-Market,647904
CUST1102,INV002973,24557.8,2025-09-08,2025-10-08,,Overdue,330,2,0,26,3,1,42,1,0,Enterprise,1917306
CUST0085,INV002974,7567.08,2025-11-20,2025-12-20,,Overdue,257,11,2,0,1,2,55,1,0,SMB,4525156
CUST1054,INV002975,15551.19,2025-08-17,2025-09-16,,Overdue,352,23,8,0,3,0,36,0,0,Mid-Market,4656976
CUST1749,INV002976,17755.14,2026-08-19,2026-09-18,,Overdue,0,24,4,6,1,5,49,0,1,Mid-Market,3870671
CUST0049,INV002977,5704.01,2025-10-24,2025-11-23,,Overdue,284,19,3,13,0,5,46,1,0,Mid-Market,2415600
CUST1801,INV002978,9523.82,2025-08-25,2025-09-24,,Overdue,344,17,5,5,2,0,70,1,0,Enterprise,1905797
CUST1169,INV002979,33206.7,2025-08-05,2025-09-19,,Overdue,349,18,6,22,2,7,35,0,0,SMB,793088
CUST0069,INV002980,22236.98,2025-09-03,2025-11-02,,Overdue,305,10,5,21,0,1,14,1,0,SMB,1487188
CUST1082,INV002981,16175.26,2026-03-24,2026-04-08,2026-04-23,Paid,0,5,3,22,1,2,37,0,1,SMB,4006778
CUST0697,INV002982,8853.54,2025-11-15,2025-12-15,,Overdue,262,25,7,19,3,4,40,0,0,SMB,4446650
CUST1598,INV002983,106601.18,2026-03-08,2026-03-23,,Overdue,164,21,4,15,0,3,52,0,0,SMB,4690176
CUST0479,INV002984,9528.29,2026-02-08,2026-03-10,,Overdue,177,17,4,28,1,4,41,1,0,Enterprise,1571466
CUST0820,INV002985,28327.63,2025-02-06,2025-03-08,,Overdue,544,28,7,30,1,0,5,0,0,SMB,828883
CUST1469,INV002986,13522.78,2026-07-30,2026-08-29,2026-09-05,Paid,0,1,0,10,1,0,21,0,1,Enterprise,1571722
CUST1320,INV002987,22840.24,2025-12-08,2026-01-22,,Overdue,224,13,3,3,1,1,55,0,0,SMB,347986
CUST1702,INV002988,34808.25,2026-01-24,2026-03-10,,Overdue,177,2,0,24,0,0,49,0,1,SMB,3701361
CUST1195,INV002989,5595.64,2025-02-03,2025-04-04,,Overdue,517,17,4,31,0,2,61,0,0,SMB,787090
CUST1599,INV002990,21881.21,2025-02-08,2025-03-10,,Overdue,542,15,7,37,4,7,6,0,0,SMB,2557743
CUST0147,INV002991,72455.56,2026-08-02,2026-08-17,,Overdue,17,8,3,18,0,7,51,0,1,Mid-Market,2524653
CUST1508,INV002992,128219.88,2025-07-28,2025-08-27,2025-09-13,Paid,0,2,1,10,0,4,61,0,1,Mid-Market,1023737
CUST1330,INV002993,19341.07,2025-06-01,2025-06-16,,Overdue,444,28,5,1,1,1,62,0,0,SMB,4882091
CUST1697,INV002994,22963.96,2025-12-31,2026-03-01,,Overdue,186,27,9,11,2,2,24,1,0,SMB,3623258
CUST1677,INV002995,201054.85,2025-07-18,2025-08-17,2025-08-17,Paid,0,8,1,3,0,2,52,0,1,SMB,3667597
CUST1870,INV002996,68522.97,2025-03-20,2025-04-19,2025-04-21,Paid,0,27,7,1,0,6,16,0,1,Mid-Market,548512
CUST1016,INV002997,11881.23,2026-04-22,2026-05-22,,Overdue,104,5,3,22,0,3,7,0,1,Enterprise,3611262
CUST0609,INV002998,11861.07,2026-03-10,2026-04-09,,Overdue,147,17,3,7,1,6,42,1,1,Mid-Market,3552626
CUST0446,INV002999,57328.29,2025-02-01,2025-03-03,2025-03-12,Paid,0,4,2,12,1,0,21,0,1,Enterprise,2230707
CUST0221,INV003000,8014.14,2025-03-28,2025-04-27,,Overdue,494,12,2,28,0,7,48,0,0,Mid-Market,1938806
CUST1579,INV003001,65363.99,2026-07-05,2026-08-04,,Overdue,30,18,7,0,0,0,60,0,1,Mid-Market,1899916
CUST1969,INV003002,30770.14,2026-01-28,2026-03-29,2026-03-29,Paid,0,6,1,2,0,2,82,0,1,SMB,4480675
CUST1828,INV003003,36964.78,2025-09-01,2025-10-01,2025-10-15,Paid,0,5,1,20,1,5,17,1,1,Enterprise,1082499
CUST1402,INV003004,17039.1,2025-08-20,2025-09-19,2025-09-20,Paid,0,28,7,7,2,1,21,1,1,SMB,2453233
CUST1644,INV003005,11733.17,2026-08-03,2026-08-18,2026-08-26,Paid,0,25,5,7,0,6,52,1,1,Mid-Market,1593812
CUST1290,INV003006,95034.27,2025-07-11,2025-08-25,2025-09-12,Paid,0,28,7,15,0,7,6,0,1,SMB,476674
CUST0095,INV003007,17210.29,2026-06-24,2026-07-09,,Overdue,56,19,5,10,0,7,19,0,1,Mid-Market,339768
CUST0262,INV003008,14604.21,2025-09-27,2025-11-26,,Overdue,281,5,1,0,1,5,66,1,0,Enterprise,3620599
CUST1849,INV003009,20330.2,2025-03-18,2025-04-17,,Overdue,504,10,5,6,2,2,19,0,0,Enterprise,2239063
CUST0897,INV003010,26716.11,2025-06-16,2025-07-16,2025-07-16,Paid,0,23,4,0,0,2,22,0,1,SMB,3095529
CUST1095,INV003011,7857.12,2025-10-11,2025-11-10,,Overdue,297,25,5,21,0,0,80,0,0,SMB,3861666
CUST1978,INV003012,12520.57,2025-03-30,2025-05-29,2025-05-29,Paid,0,19,7,0,1,4,25,0,1,SMB,1258468
CUST0219,INV003013,11872.36,2026-06-28,2026-07-28,2026-07-28,Paid,0,4,1,0,0,6,44,0,1,Mid-Market,525595
CUST1557,INV003014,51291.5,2025-06-05,2025-07-05,2025-07-15,Paid,0,13,1,0,0,7,11,0,1,Mid-Market,2494975
CUST0092,INV003015,9081.89,2025-09-07,2025-10-07,,Overdue,331,13,3,20,0,0,76,0,0,Mid-Market,3816484
CUST0127,INV003016,5000.0,2025-04-05,2025-05-05,2025-05-10,Paid,0,17,4,6,0,3,28,0,1,Mid-Market,3064938
CUST0080,INV003017,5000.0,2025-01-17,2025-02-01,,Overdue,579,18,5,25,0,3,66,1,0,SMB,1147353
CUST1848,INV003018,5062.52,2025-04-27,2025-06-11,2025-07-06,Paid,0,19,3,21,0,1,38,1,1,SMB,2483351
CUST1262,INV003019,85951.48,2025-11-29,2026-01-28,,Overdue,218,26,11,23,0,4,76,0,0,Mid-Market,366462
CUST0983,INV003020,22386.35,2026-06-06,2026-08-05,,Overdue,29,23,7,9,2,7,25,0,0,SMB,2585394
CUST1396,INV003021,36360.89,2025-03-21,2025-04-20,2025-04-20,Paid,0,23,7,0,0,7,2,0,1,Mid-Market,2941912
CUST0916,INV003022,37665.04,2026-03-08,2026-04-07,2026-04-13,Paid,0,17,6,9,1,2,33,0,1,SMB,189227
CUST0486,INV003023,23299.42,2025-07-22,2025-08-06,2025-08-06,Paid,0,25,2,0,2,6,13,0,1,Enterprise,3130977
CUST0694,INV003024,20439.38,2025-04-26,2025-05-26,2025-06-10,Paid,0,3,1,18,1,6,56,0,1,SMB,1466842
CUST0025,INV003025,62600.37,2025-08-08,2025-09-22,,Overdue,346,13,5,15,1,7,52,1,0,SMB,2009310
CUST0156,INV003026,25488.84,2025-09-10,2025-10-10,2025-10-14,Paid,0,13,1,5,0,7,45,1,1,SMB,2642536
CUST1541,INV003027,89241.15,2025-06-18,2025-08-17,,Overdue,382,3,1,7,0,7,50,0,0,Mid-Market,3845830
CUST0632,INV003028,40979.61,2025-11-12,2025-12-27,2026-01-10,Paid,0,2,2,23,1,5,59,0,1,Enterprise,287199
CUST1813,INV003029,11875.16,2026-01-07,2026-02-06,,Overdue,209,15,4,17,2,4,64,0,0,SMB,1490351
CUST1554,INV003030,13398.07,2026-08-06,2026-09-05,,Overdue,0,3,1,27,1,0,88,0,1,Enterprise,4918923
CUST1967,INV003031,10641.7,2025-06-05,2025-06-20,,Overdue,440,22,5,3,2,0,84,0,0,SMB,318449
CUST1734,INV003032,74425.06,2025-01-13,2025-02-12,2025-02-16,Paid,0,16,5,0,0,2,84,0,1,SMB,881257
CUST1081,INV003033,14690.39,2026-05-23,2026-06-22,2026-07-10,Paid,0,29,8,16,2,5,47,0,1,Mid-Market,1926336
CUST1629,INV003034,9912.26,2026-04-10,2026-06-09,2026-07-03,Paid,0,10,4,20,1,2,12,0,1,SMB,80257
CUST0019,INV003035,30326.53,2025-08-08,2025-09-07,,Overdue,361,20,5,15,0,3,45,0,1,SMB,2513160
CUST1408,INV003036,19986.91,2025-01-15,2025-03-01,2025-03-09,Paid,0,2,0,8,0,0,37,0,1,Mid-Market,2916457
CUST1889,INV003037,29571.56,2025-04-27,2025-06-11,,Overdue,449,15,5,41,0,5,8,0,0,Mid-Market,3652571
CUST1217,INV003038,145774.17,2025-11-27,2026-01-11,2026-02-06,Paid,0,8,2,32,0,0,31,0,1,SMB,1872744
CUST0237,INV003039,54889.14,2025-02-25,2025-04-11,2025-04-20,Paid,0,13,4,5,0,6,29,0,1,SMB,1071469
CUST1411,INV003040,22629.52,2025-12-17,2026-01-16,,Overdue,230,1,1,6,2,3,18,1,0,SMB,4899433
CUST1450,INV003041,5386.1,2025-05-12,2025-06-26,,Overdue,434,26,5,4,1,6,56,1,0,Mid-Market,3198491
CUST0277,INV003042,13360.23,2025-08-14,2025-09-13,,Overdue,355,24,5,26,2,1,20,1,1,Mid-Market,1279787
CUST1251,INV003043,44848.53,2025-11-04,2025-12-04,2025-12-20,Paid,0,2,0,21,1,5,72,1,1,Mid-Market,773858
CUST0745,INV003044,6829.17,2026-04-20,2026-05-05,,Overdue,121,9,4,19,0,1,46,0,1,SMB,168581
CUST0552,INV003045,187394.31,2025-08-10,2025-09-09,,Overdue,359,29,10,10,2,3,88,0,0,Enterprise,1466953
CUST1347,INV003046,22346.31,2025-06-22,2025-08-21,,Overdue,378,20,5,21,1,0,1,0,0,SMB,1039336
CUST1177,INV003047,23129.14,2025-12-06,2026-01-05,,Overdue,241,20,5,16,1,0,58,0,0,Mid-Market,3392103
CUST0639,INV003048,11309.01,2026-05-21,2026-06-20,,Overdue,75,23,7,10,2,5,67,0,1,SMB,801518
CUST0237,INV003049,36197.23,2025-06-06,2025-07-06,,Overdue,424,19,5,16,0,6,75,0,0,SMB,1071469
CUST0998,INV003050,6918.8,2025-05-31,2025-06-30,2025-07-20,Paid,0,12,1,28,1,6,42,0,1,SMB,1780992
CUST0055,INV003051,191931.26,2025-06-27,2025-07-27,,Overdue,403,12,2,20,0,1,43,0,0,Mid-Market,4373654
CUST1460,INV003052,82236.24,2026-06-17,2026-07-17,2026-07-17,Paid,0,10,0,2,0,2,3,0,1,Mid-Market,4687203
CUST0684,INV003053,58941.25,2025-04-22,2025-06-21,,Overdue,439,19,6,4,2,2,21,1,0,Mid-Market,628526
CUST0109,INV003054,5483.9,2025-05-18,2025-06-17,2025-07-05,Paid,0,20,4,20,0,3,69,0,1,SMB,1000162
CUST1890,INV003055,27049.22,2025-08-21,2025-09-20,2025-09-25,Paid,0,10,3,5,0,2,65,0,1,Enterprise,1187613
CUST1208,INV003056,73797.96,2025-11-28,2025-12-28,,Overdue,249,19,4,16,0,1,78,1,0,SMB,2333785
CUST1975,INV003057,39859.08,2026-06-26,2026-07-26,2026-07-27,Paid,0,26,3,6,0,4,68,1,1,SMB,4511213
CUST1392,INV003058,8086.01,2025-11-03,2026-01-02,,Overdue,244,24,5,20,2,3,19,0,0,SMB,3502814
CUST1222,INV003059,11497.75,2025-06-10,2025-07-10,,Overdue,420,9,1,1,1,0,47,1,0,SMB,4982400
CUST1395,INV003060,14017.53,2026-02-06,2026-03-08,,Overdue,179,29,5,15,1,7,20,0,0,SMB,1071436
CUST0373,INV003061,12046.89,2026-08-13,2026-09-12,2026-09-27,Paid,0,29,6,8,3,7,7,1,1,SMB,1599420
CUST0973,INV003062,101597.97,2025-10-05,2025-11-19,2025-12-02,Paid,0,5,3,11,0,7,60,0,1,Mid-Market,3894886
CUST1521,INV003063,5000.0,2025-11-16,2025-12-16,,Overdue,261,28,11,13,0,4,48,0,0,SMB,3649537
CUST1623,INV003064,42443.08,2026-06-17,2026-07-17,,Overdue,48,29,9,23,1,1,9,0,0,Mid-Market,515590
CUST0201,INV003065,6049.29,2026-05-12,2026-06-11,,Overdue,84,29,6,11,0,6,34,0,0,Mid-Market,1203224
CUST0849,INV003066,8423.23,2025-12-29,2026-02-27,2026-03-24,Paid,0,3,1,22,0,0,42,0,1,Mid-Market,648506
CUST0509,INV003067,5000.0,2026-01-07,2026-02-21,2026-03-01,Paid,0,23,2,3,0,2,13,0,1,Enterprise,2846461
CUST1346,INV003068,12720.19,2025-02-05,2025-02-20,,Overdue,560,19,2,0,0,7,68,0,0,SMB,1899395
CUST0275,INV003069,99780.86,2025-10-30,2025-12-14,,Overdue,263,22,7,17,1,7,36,0,0,Mid-Market,213834
CUST0211,INV003070,28704.93,2026-03-14,2026-04-13,2026-04-23,Paid,0,27,7,9,0,3,19,0,1,Mid-Market,4070120
CUST0504,INV003071,6645.12,2025-02-01,2025-03-03,2025-03-06,Paid,0,4,1,2,1,2,81,0,1,Mid-Market,4294402
CUST1927,INV003072,60909.7,2025-07-05,2025-07-20,2025-07-21,Paid,0,23,7,2,2,3,60,0,1,Mid-Market,2072643
CUST1142,INV003073,75455.95,2025-06-23,2025-08-07,2025-08-09,Paid,0,14,2,3,2,1,89,1,1,SMB,3804542
CUST0703,INV003074,24441.71,2026-07-20,2026-08-19,2026-09-06,Paid,0,6,1,15,1,5,14,0,1,SMB,1010652
CUST1578,INV003075,168509.8,2025-09-07,2025-10-22,2025-10-23,Paid,0,13,4,8,0,7,5,0,1,Mid-Market,154927
CUST0042,INV003076,50089.37,2025-10-06,2025-10-21,,Overdue,317,28,5,0,2,5,7,0,1,SMB,3817255
CUST0315,INV003077,43593.03,2025-01-02,2025-02-16,,Overdue,564,7,2,6,2,1,78,0,0,Mid-Market,4060162
CUST0788,INV003078,9863.75,2025-07-13,2025-07-28,,Overdue,402,12,3,4,0,0,76,0,0,SMB,2585232
CUST0329,INV003079,41249.67,2025-06-15,2025-07-15,2025-07-15,Paid,0,28,5,1,1,6,52,0,1,SMB,3722277
CUST1041,INV003080,27358.74,2025-04-20,2025-05-20,,Overdue,471,20,7,22,0,3,4,1,0,Mid-Market,4559322
CUST0283,INV003081,37042.79,2026-01-15,2026-02-14,2026-03-07,Paid,0,28,7,11,1,4,52,0,1,SMB,3675654
CUST0943,INV003082,11107.93,2026-08-06,2026-09-05,,Overdue,0,28,7,35,0,2,56,0,0,Mid-Market,4133290
CUST0258,INV003083,25036.72,2025-10-12,2025-11-11,2025-11-29,Paid,0,14,2,20,2,3,6,1,1,Mid-Market,1439330
CUST0575,INV003084,9731.65,2026-02-25,2026-04-26,,Overdue,130,13,3,20,1,4,65,1,0,Enterprise,685719
CUST0574,INV003085,5000.0,2025-04-23,2025-05-23,2025-06-22,Paid,0,11,1,14,0,2,84,0,1,Mid-Market,2249391
CUST0612,INV003086,59772.72,2025-08-16,2025-09-15,,Overdue,353,6,1,26,0,7,87,0,1,Mid-Market,3116983
CUST1043,INV003087,5000.0,2026-04-16,2026-05-16,,Overdue,110,26,6,24,2,1,76,0,0,SMB,4495818
CUST1553,INV003088,24518.58,2026-06-12,2026-07-12,2026-07-30,Paid,0,7,1,14,1,1,13,0,1,Mid-Market,3041620
CUST0837,INV003089,30730.23,2026-05-11,2026-06-10,2026-06-12,Paid,0,10,4,0,1,6,59,0,1,Enterprise,2285883
CUST0423,INV003090,30532.99,2025-01-31,2025-03-17,,Overdue,535,24,7,0,0,0,57,0,0,SMB,2875494
CUST1490,INV003091,16596.07,2025-06-11,2025-07-11,,Overdue,419,26,6,5,2,6,82,1,0,SMB,1896585
CUST1397,INV003092,28888.86,2026-01-13,2026-02-27,,Overdue,188,15,2,14,1,7,46,0,0,SMB,1659184
CUST0758,INV003093,35276.32,2026-03-22,2026-04-21,,Overdue,135,9,5,0,1,1,53,0,1,Mid-Market,2625508
CUST0763,INV003094,45934.18,2026-03-03,2026-05-02,2026-05-13,Paid,0,3,0,16,1,1,28,0,1,SMB,214074
CUST1991,INV003095,124671.97,2026-05-19,2026-06-18,,Overdue,77,5,0,13,2,1,69,0,1,Mid-Market,1677059
CUST1105,INV003096,27839.03,2026-06-11,2026-06-26,2026-07-05,Paid,0,28,6,11,0,3,39,0,1,Enterprise,4444643
CUST1575,INV003097,23483.39,2026-06-16,2026-07-16,2026-07-19,Paid,0,10,5,13,0,0,20,0,1,SMB,2057338
CUST1572,INV003098,8895.24,2026-08-05,2026-10-04,,Overdue,0,15,3,0,1,3,20,0,0,SMB,2112362
CUST0424,INV003099,34062.29,2026-06-04,2026-07-04,2026-08-01,Paid,0,3,1,28,0,6,50,0,1,SMB,1411303
CUST0429,INV003100,42932.44,2025-02-03,2025-02-18,,Overdue,562,21,7,8,2,4,14,1,0,SMB,1096161
CUST1412,INV003101,18173.08,2026-05-05,2026-06-04,2026-06-13,Paid,0,18,7,14,0,5,15,0,1,SMB,4961408
CUST1945,INV003102,37972.31,2026-02-27,2026-04-28,2026-05-08,Paid,0,3,1,13,0,1,36,0,1,Mid-Market,2071835
CUST1733,INV003103,16440.18,2026-04-13,2026-04-28,2026-05-01,Paid,0,7,1,6,1,4,30,0,1,Mid-Market,3330931
CUST1694,INV003104,43087.69,2025-01-24,2025-02-23,,Overdue,557,24,11,13,1,6,18,0,0,SMB,2048173
CUST0204,INV003105,54863.43,2025-08-04,2025-09-18,2025-09-18,Paid,0,21,2,2,2,4,26,0,1,Enterprise,4790039
CUST0196,INV003106,54102.08,2025-02-24,2025-04-25,2025-04-25,Paid,0,14,5,11,1,3,83,0,1,SMB,2053426
CUST0728,INV003107,24781.29,2025-01-26,2025-03-12,,Overdue,540,16,3,13,0,7,64,1,0,Mid-Market,2951092
CUST0285,INV003108,7785.61,2025-10-08,2025-12-07,,Overdue,270,19,6,9,0,1,68,0,0,Mid-Market,1173389
CUST1993,INV003109,11945.23,2025-11-23,2025-12-08,2025-12-20,Paid,0,4,0,13,0,6,55,0,1,Mid-Market,1523300
CUST0196,INV003110,39940.95,2025-07-05,2025-08-04,2025-08-21,Paid,0,3,0,18,2,3,67,0,1,SMB,2053426
CUST0307,INV003111,254947.34,2026-05-10,2026-06-24,2026-07-09,Paid,0,3,0,24,3,2,44,0,1,Mid-Market,3507550
CUST1688,INV003112,15666.49,2025-01-12,2025-02-26,,Overdue,554,9,1,32,1,2,59,1,0,SMB,2287300
CUST0014,INV003113,34746.62,2026-03-10,2026-04-24,2026-05-09,Paid,0,4,1,18,0,5,12,0,1,SMB,616088
CUST1861,INV003114,12631.48,2025-07-27,2025-09-25,,Overdue,343,22,7,9,1,1,36,1,0,Mid-Market,1328673
CUST1170,INV003115,8316.8,2025-05-13,2025-06-12,2025-06-12,Paid,0,19,7,1,0,7,2,0,1,SMB,4894747
CUST1962,INV003116,11200.17,2025-12-05,2025-12-20,2025-12-28,Paid,0,24,4,7,0,5,42,0,1,SMB,3992863
CUST1081,INV003117,5000.0,2025-07-15,2025-08-14,2025-08-14,Paid,0,28,5,0,3,7,34,0,1,Mid-Market,1926336
CUST0723,INV003118,85257.82,2025-09-19,2025-11-03,2025-11-13,Paid,0,11,5,9,0,5,31,0,1,SMB,3032410
CUST0780,INV003119,5000.0,2025-10-09,2025-11-08,2025-11-27,Paid,0,15,5,15,1,4,69,0,1,Mid-Market,2958056
CUST1234,INV003120,16918.65,2026-01-04,2026-02-18,,Overdue,197,4,1,16,0,7,20,0,0,SMB,4052981
CUST0529,INV003121,6780.95,2025-04-13,2025-05-13,,Overdue,478,29,7,14,1,6,38,1,0,SMB,2654884
CUST0798,INV003122,9096.27,2025-07-02,2025-07-17,,Overdue,413,8,1,14,1,3,75,0,0,Mid-Market,4631025
CUST0344,INV003123,87249.11,2026-02-27,2026-03-29,,Overdue,158,2,0,15,0,4,89,0,1,SMB,4446720
CUST1739,INV003124,26931.91,2025-01-09,2025-02-23,,Overdue,557,25,5,24,0,5,4,1,0,SMB,1772199
CUST1635,INV003125,8388.39,2026-07-11,2026-08-10,,Overdue,24,18,5,3,1,5,85,0,0,Enterprise,2685466
CUST1303,INV003126,12215.77,2025-09-01,2025-10-16,2025-10-16,Paid,0,3,1,5,1,2,62,0,1,SMB,1693707
CUST0209,INV003127,10244.73,2026-07-21,2026-08-20,,Overdue,14,3,0,28,0,7,1,0,1,SMB,3448147
CUST0641,INV003128,21087.89,2026-01-28,2026-02-27,2026-02-27,Paid,0,21,7,5,0,3,42,0,1,SMB,3981586
CUST1359,INV003129,26183.68,2026-06-11,2026-06-26,,Overdue,69,19,8,25,1,3,51,0,1,SMB,543992
CUST1312,INV003130,146616.38,2025-02-06,2025-03-23,,Overdue,529,12,4,25,0,3,37,0,0,Enterprise,1187411
CUST0252,INV003131,5000.0,2025-06-27,2025-07-27,2025-07-27,Paid,0,24,4,6,1,6,43,0,1,SMB,1890083
CUST1289,INV003132,21272.87,2025-03-13,2025-05-12,,Overdue,479,14,2,15,0,1,62,0,0,SMB,2112087
CUST0271,INV003133,16065.55,2025-12-18,2026-01-17,,Overdue,229,26,8,18,0,1,51,1,0,Mid-Market,1608242
CUST1948,INV003134,56757.81,2025-05-29,2025-06-28,,Overdue,432,23,5,31,0,6,53,0,0,SMB,3581674
CUST0920,INV003135,31408.01,2025-04-15,2025-05-15,2025-05-29,Paid,0,27,8,12,0,1,1,0,1,SMB,4924196
CUST1724,INV003136,39749.88,2025-08-09,2025-09-08,,Overdue,360,13,1,11,0,3,64,0,0,SMB,411309
CUST0419,INV003137,31103.83,2026-01-09,2026-02-08,,Overdue,207,16,5,20,2,4,16,0,0,Mid-Market,4465276
CUST1750,INV003138,8673.34,2026-06-02,2026-07-02,2026-07-05,Paid,0,17,4,5,0,0,2,1,1,SMB,4958951
CUST0795,INV003139,73958.95,2025-09-17,2025-11-01,,Overdue,306,22,2,12,1,6,2,0,0,SMB,2742794
CUST1235,INV003140,48947.57,2025-10-26,2025-11-25,2025-11-25,Paid,0,18,5,0,0,4,58,1,1,Mid-Market,1469920
CUST1389,INV003141,55024.28,2025-02-11,2025-03-13,,Overdue,539,13,4,35,0,5,17,0,0,Enterprise,4738118
CUST1100,INV003142,77967.72,2026-05-07,2026-05-22,,Overdue,104,29,7,28,1,7,86,0,0,SMB,758175
CUST1684,INV003143,33445.59,2026-03-15,2026-04-14,,Overdue,142,24,4,12,2,2,80,0,0,Mid-Market,3181603
CUST1345,INV003144,96857.14,2025-02-16,2025-03-18,,Overdue,534,26,8,3,2,7,77,0,0,Mid-Market,2042569
CUST0725,INV003145,32133.02,2025-03-26,2025-05-25,2025-05-27,Paid,0,13,2,2,0,5,7,1,1,Mid-Market,2725480
CUST0433,INV003146,17693.3,2025-02-27,2025-04-13,,Overdue,508,8,4,18,0,5,62,0,0,Mid-Market,4804619
CUST0109,INV003147,21881.48,2025-07-28,2025-09-11,,Overdue,357,7,3,3,0,2,17,0,0,SMB,1000162
CUST0641,INV003148,21507.48,2025-09-05,2025-10-05,2025-10-05,Paid,0,8,1,0,0,1,21,0,1,SMB,3981586
CUST1546,INV003149,13103.16,2025-07-30,2025-08-29,2025-08-31,Paid,0,17,4,0,0,0,79,0,1,SMB,3080555
CUST1071,INV003150,112632.87,2025-02-08,2025-03-10,,Overdue,542,24,4,13,1,7,64,0,0,SMB,4917951
CUST0379,INV003151,29622.67,2025-09-09,2025-10-09,2025-10-20,Paid,0,1,0,14,3,7,43,0,1,Mid-Market,3014932
CUST1851,INV003152,24215.26,2026-02-17,2026-03-19,2026-04-16,Paid,0,3,2,32,0,1,87,1,1,SMB,2869182
CUST1120,INV003153,32476.57,2026-03-22,2026-04-21,,Overdue,135,4,1,5,2,4,53,1,1,SMB,3080855
CUST0958,INV003154,433589.94,2025-02-21,2025-04-22,,Overdue,499,19,3,18,3,7,41,1,0,SMB,817876
CUST0103,INV003155,7103.02,2026-01-09,2026-03-10,2026-03-13,Paid,0,28,4,5,0,1,26,1,1,SMB,493945
CUST0892,INV003156,9461.27,2026-06-10,2026-07-10,2026-07-14,Paid,0,2,0,3,0,2,75,1,1,Enterprise,4582669
CUST0854,INV003157,5538.22,2025-06-05,2025-07-20,,Overdue,410,29,8,17,2,5,26,1,0,Enterprise,2397693
CUST1170,INV003158,17455.34,2026-06-26,2026-08-10,,Overdue,24,11,5,22,0,6,70,1,1,SMB,4894747
CUST1904,INV003159,28156.08,2025-03-31,2025-04-30,2025-05-07,Paid,0,29,8,10,0,2,67,0,1,SMB,4450852
CUST1966,INV003160,13831.13,2025-12-17,2026-02-15,2026-02-15,Paid,0,11,4,0,1,1,89,0,1,Mid-Market,1440254
CUST1952,INV003161,12839.39,2025-03-10,2025-04-09,2025-05-04,Paid,0,19,4,20,0,4,79,0,1,SMB,400679
CUST1051,INV003162,25397.47,2025-06-12,2025-07-27,,Overdue,403,25,7,17,1,5,59,0,0,Enterprise,2535670
CUST1756,INV003163,13331.6,2025-08-30,2025-09-29,,Overdue,339,28,6,18,1,3,21,0,0,Mid-Market,1511312
CUST0530,INV003164,30036.72,2026-05-10,2026-06-09,2026-07-04,Paid,0,2,1,30,1,4,42,0,1,Enterprise,1755243
CUST0679,INV003165,67119.8,2026-01-18,2026-02-17,2026-02-17,Paid,0,5,0,3,1,1,70,0,1,Enterprise,2847921
CUST1969,INV003166,43348.63,2025-02-21,2025-04-22,,Overdue,499,19,5,20,1,4,23,0,0,SMB,4480675
CUST0989,INV003167,53157.44,2025-03-04,2025-04-03,,Overdue,518,29,9,18,1,2,57,0,0,SMB,736268
CUST1106,INV003168,65245.9,2026-05-24,2026-06-08,2026-06-17,Paid,0,9,3,12,1,0,53,0,1,SMB,175355
CUST0428,INV003169,29226.41,2025-10-19,2025-11-18,2025-11-30,Paid,0,7,1,13,2,2,76,1,1,Enterprise,1247162
CUST1608,INV003170,18795.24,2025-04-01,2025-04-16,2025-04-26,Paid,0,26,6,16,0,2,27,1,1,Mid-Market,4211603
CUST0822,INV003171,10175.59,2026-02-28,2026-04-14,,Overdue,142,12,4,18,0,3,62,0,0,SMB,4993772
CUST1503,INV003172,14895.61,2025-12-31,2026-02-14,2026-02-17,Paid,0,28,10,4,0,1,79,0,1,SMB,2008691
CUST1790,INV003173,13047.01,2025-05-30,2025-07-29,,Overdue,401,19,5,22,1,3,72,0,0,Mid-Market,3764755
CUST1186,INV003174,45783.19,2025-09-28,2025-11-12,,Overdue,295,18,3,18,3,3,25,0,0,Enterprise,1210117
CUST1863,INV003175,31156.64,2026-08-04,2026-10-03,,Overdue,0,28,6,6,0,6,43,1,1,SMB,3507521
CUST0932,INV003176,44212.28,2025-04-26,2025-06-10,,Overdue,450,18,5,16,0,7,48,0,0,Mid-Market,4634946
CUST1426,INV003177,6902.67,2026-05-31,2026-07-30,,Overdue,35,21,9,17,0,6,61,1,1,Enterprise,2198983
CUST1532,INV003178,92203.14,2026-08-10,2026-09-09,,Overdue,0,9,3,17,1,1,19,0,0,Mid-Market,1012452
CUST1062,INV003179,14371.75,2025-08-29,2025-09-28,2025-10-12,Paid,0,2,0,12,1,4,35,0,1,Enterprise,1898058
CUST1979,INV003180,7331.85,2025-01-30,2025-03-31,,Overdue,521,2,1,3,2,5,21,1,0,Enterprise,1210152
CUST0511,INV003181,14196.95,2025-05-23,2025-07-07,2025-07-16,Paid,0,15,2,4,0,0,18,0,1,Mid-Market,2894180
CUST0393,INV003182,264016.27,2025-11-22,2026-01-21,,Overdue,225,24,2,29,2,3,40,0,0,SMB,3294967
CUST0713,INV003183,14947.26,2025-01-16,2025-01-31,,Overdue,580,16,2,13,1,3,74,1,0,SMB,3194311
CUST0494,INV003184,15913.19,2025-04-21,2025-06-20,,Overdue,440,28,9,22,0,4,53,0,0,SMB,2383679
CUST1224,INV003185,18176.69,2025-04-17,2025-06-01,2025-06-06,Paid,0,14,6,13,0,7,5,0,1,Enterprise,4497395
CUST1279,INV003186,18984.53,2026-01-14,2026-02-13,,Overdue,202,19,4,2,0,1,22,0,0,SMB,2632153
CUST1203,INV003187,10082.17,2025-06-11,2025-06-26,,Overdue,434,15,4,18,2,2,56,1,0,SMB,101707
CUST0547,INV003188,25418.01,2025-10-10,2025-11-09,2025-11-24,Paid,0,3,1,13,2,4,14,1,1,SMB,2277503
CUST0594,INV003189,64575.79,2025-09-26,2025-11-25,,Overdue,282,6,1,21,0,2,40,1,0,SMB,1388530
CUST0389,INV003190,30160.53,2026-04-29,2026-06-13,2026-06-20,Paid,0,6,0,10,4,0,1,0,1,Mid-Market,2434291
CUST1422,INV003191,7250.57,2025-03-14,2025-05-13,2025-05-20,Paid,0,22,2,7,1,5,77,0,1,Mid-Market,965480
CUST1756,INV003192,15609.8,2025-07-16,2025-08-15,2025-08-15,Paid,0,21,5,0,1,7,27,0,1,Mid-Market,1511312
CUST0158,INV003193,12688.77,2025-08-31,2025-10-30,,Overdue,308,20,7,19,1,3,49,0,0,Mid-Market,3351017
CUST1028,INV003194,23223.95,2026-08-21,2026-09-20,,Overdue,0,28,4,15,0,0,58,0,1,Mid-Market,4461887
CUST0167,INV003195,83320.65,2025-09-16,2025-10-16,,Overdue,322,9,1,6,1,7,81,0,0,SMB,3938577
CUST1492,INV003196,18979.55,2025-05-29,2025-06-28,,Overdue,432,11,2,16,0,2,72,1,0,SMB,4157618
CUST0960,INV003197,20167.85,2026-01-25,2026-03-26,2026-03-26,Paid,0,4,1,2,0,2,26,0,1,Mid-Market,1256184
CUST0409,INV003198,130306.52,2026-02-20,2026-03-22,,Overdue,165,14,1,33,0,2,20,1,0,Enterprise,3257796
CUST1436,INV003199,52902.51,2026-03-02,2026-04-01,2026-04-01,Paid,0,13,5,0,0,3,83,0,1,SMB,2380344
CUST1228,INV003200,39107.96,2025-08-05,2025-08-20,2025-08-23,Paid,0,15,4,7,0,1,14,0,1,SMB,4845464
CUST0194,INV003201,156081.19,2025-03-27,2025-04-26,2025-04-30,Paid,0,17,4,9,0,1,25,0,1,Mid-Market,3807985
CUST0235,INV003202,35947.37,2025-08-04,2025-10-03,2025-10-06,Paid,0,8,1,9,0,6,36,1,1,SMB,3282244
CUST0718,INV003203,5000.0,2026-02-27,2026-03-29,,Overdue,158,11,2,11,3,5,28,1,1,Enterprise,1446436
CUST1174,INV003204,50648.54,2025-11-16,2025-12-16,,Overdue,261,24,5,12,1,7,8,0,0,SMB,2703528
CUST1183,INV003205,5000.0,2025-04-28,2025-06-27,2025-07-11,Paid,0,11,5,14,1,5,49,0,1,Mid-Market,1129525
CUST1303,INV003206,34613.72,2026-02-19,2026-03-21,,Overdue,166,16,2,9,0,3,6,0,0,SMB,1693707
CUST0816,INV003207,5000.0,2026-08-22,2026-10-06,,Overdue,0,3,0,4,2,1,89,0,1,Mid-Market,4685352
CUST0404,INV003208,13809.95,2025-02-09,2025-03-11,2025-03-23,Paid,0,25,4,15,1,7,1,0,1,Mid-Market,911069
CUST0893,INV003209,15309.3,2025-06-10,2025-08-09,,Overdue,390,23,7,32,3,7,5,0,0,Mid-Market,1628315
CUST0678,INV003210,10197.33,2026-06-21,2026-07-06,2026-07-06,Paid,0,15,1,0,1,1,73,1,1,SMB,4413089
CUST1335,INV003211,15539.62,2026-02-24,2026-04-10,2026-04-13,Paid,0,13,3,8,0,7,8,0,1,Enterprise,3867042
CUST0068,INV003212,61855.84,2025-04-05,2025-05-20,2025-06-11,Paid,0,7,1,18,1,5,88,0,1,Mid-Market,3899033
CUST1487,INV003213,10786.46,2026-03-18,2026-04-17,,Overdue,139,5,1,25,0,3,89,0,1,SMB,3099316
CUST0088,INV003214,37992.38,2026-07-12,2026-08-11,,Overdue,23,28,1,45,1,1,41,0,1,Mid-Market,2680723
CUST0217,INV003215,8386.26,2026-04-11,2026-05-11,,Overdue,115,12,3,24,0,5,72,0,1,SMB,3567741
CUST0001,INV003216,18224.1,2025-10-15,2025-10-30,2025-10-30,Paid,0,3,0,5,0,5,85,0,1,SMB,1464022
CUST1159,INV003217,30449.94,2026-02-16,2026-03-18,2026-04-12,Paid,0,26,4,21,0,1,19,0,1,Enterprise,4872684
CUST1721,INV003218,8131.26,2026-02-04,2026-04-05,2026-04-18,Paid,0,12,3,16,1,4,3,0,1,SMB,402365
CUST1375,INV003219,5932.97,2026-06-12,2026-07-12,,Overdue,53,5,2,2,3,6,39,1,1,SMB,217527
CUST0140,INV003220,36021.75,2025-01-18,2025-02-17,2025-03-01,Paid,0,19,8,8,2,5,16,0,1,Enterprise,323349
CUST0618,INV003221,67716.18,2025-05-16,2025-05-31,,Overdue,460,29,10,0,1,0,65,0,0,SMB,1347991
CUST0133,INV003222,20352.01,2026-04-09,2026-05-09,2026-05-09,Paid,0,19,4,0,0,7,74,0,1,SMB,825158
CUST1644,INV003223,13942.36,2025-09-05,2025-10-05,2025-10-14,Paid,0,1,0,5,0,0,70,0,1,Mid-Market,1593812
CUST0178,INV003224,25736.75,2025-01-01,2025-03-02,,Overdue,550,20,6,13,2,0,69,0,0,SMB,4465677
CUST0810,INV003225,23283.03,2026-01-16,2026-03-17,,Overdue,170,25,6,22,1,4,17,1,0,SMB,3906756
CUST1382,INV003226,28082.52,2026-05-24,2026-06-23,2026-07-09,Paid,0,12,1,9,0,0,21,0,1,SMB,1775049
CUST0380,INV003227,5000.0,2026-04-05,2026-05-05,2026-05-09,Paid,0,22,5,3,2,2,62,0,1,SMB,697341
CUST0908,INV003228,7562.04,2026-05-20,2026-06-19,,Overdue,76,22,11,32,1,0,31,0,0,SMB,1499991
CUST1895,INV003229,9459.45,2026-04-21,2026-06-05,2026-06-06,Paid,0,6,2,1,1,6,3,0,1,Mid-Market,3680400
CUST0658,INV003230,25613.32,2026-07-11,2026-08-25,2026-08-31,Paid,0,29,6,2,1,7,38,0,1,SMB,4858163
CUST0450,INV003231,26525.93,2025-02-01,2025-03-18,2025-03-25,Paid,0,21,7,8,1,3,60,0,1,SMB,3677447
CUST0586,INV003232,41613.52,2025-04-28,2025-05-13,,Overdue,478,18,5,28,1,0,65,1,0,SMB,267770
CUST0463,INV003233,28497.79,2025-07-03,2025-09-01,,Overdue,367,21,6,19,2,7,76,0,0,Mid-Market,1277146
CUST0990,INV003234,5998.5,2025-07-10,2025-07-25,,Overdue,405,16,5,6,2,6,16,1,0,Mid-Market,851955
CUST1132,INV003235,93620.5,2025-03-15,2025-04-14,,Overdue,507,11,3,10,0,2,89,0,0,SMB,4479723
CUST0122,INV003236,78583.6,2025-04-13,2025-06-12,,Overdue,448,10,5,11,2,0,82,1,0,Enterprise,2569507
CUST0017,INV003237,6259.17,2026-08-09,2026-09-08,,Overdue,0,3,1,0,1,1,8,0,1,SMB,2450081
CUST1220,INV003238,30721.11,2026-02-24,2026-03-11,,Overdue,176,26,7,16,1,2,70,0,1,SMB,3893139
CUST0327,INV003239,12143.82,2026-04-18,2026-05-18,,Overdue,108,27,7,12,0,3,51,1,0,Mid-Market,3150581
CUST0318,INV003240,25307.7,2025-04-24,2025-05-24,,Overdue,467,18,5,10,1,1,50,0,0,SMB,2820374
CUST0809,INV003241,63152.66,2026-01-14,2026-01-29,,Overdue,217,12,5,15,2,1,73,0,0,SMB,4226426
CUST1503,INV003242,185369.1,2025-11-09,2025-12-09,2025-12-24,Paid,0,14,3,20,1,4,18,0,1,SMB,2008691
CUST1276,INV003243,46689.65,2025-11-26,2025-12-26,,Overdue,251,4,1,12,0,7,84,0,0,SMB,4802989
CUST0503,INV003244,29582.4,2025-12-05,2026-01-19,,Overdue,227,10,2,10,1,1,82,0,0,SMB,2878630
CUST0119,INV003245,15680.59,2025-08-26,2025-09-25,2025-10-09,Paid,0,25,6,20,0,6,29,0,1,Enterprise,2083901
CUST1698,INV003246,26426.82,2025-06-22,2025-08-06,,Overdue,393,7,3,0,0,0,75,0,0,SMB,1540017
CUST0710,INV003247,85799.79,2025-03-20,2025-04-19,2025-04-20,Paid,0,16,3,0,2,1,82,0,1,Mid-Market,4044528
CUST1522,INV003248,21063.38,2026-04-09,2026-05-09,2026-05-16,Paid,0,26,6,10,1,1,33,0,1,Enterprise,2196674
CUST1510,INV003249,9080.53,2026-05-16,2026-06-15,,Overdue,80,9,4,20,0,4,3,1,1,Mid-Market,3952908
CUST0045,INV003250,5000.0,2026-07-16,2026-08-15,,Overdue,19,3,0,11,0,7,5,0,1,SMB,500930
CUST0314,INV003251,36792.45,2025-10-12,2025-11-26,,Overdue,281,2,0,22,2,0,80,0,0,Enterprise,1974914
CUST1203,INV003252,28205.95,2025-08-11,2025-08-26,2025-09-06,Paid,0,25,5,10,0,0,59,0,1,SMB,101707
CUST1918,INV003253,11545.97,2026-08-16,2026-09-30,,Overdue,0,6,3,28,0,1,4,0,1,Mid-Market,4515669
CUST0418,INV003254,61452.15,2025-09-23,2025-11-22,2025-12-02,Paid,0,10,1,10,1,3,18,1,1,SMB,1802374
CUST0556,INV003255,14446.73,2026-01-08,2026-01-23,,Overdue,223,4,0,19,0,3,27,0,0,SMB,959245
CUST1807,INV003256,19251.72,2025-08-21,2025-09-20,,Overdue,348,4,1,19,2,0,18,1,0,Mid-Market,2476277
CUST1102,INV003257,21662.46,2025-08-24,2025-09-23,,Overdue,345,10,3,16,1,3,66,1,0,Enterprise,1917306
CUST0326,INV003258,15507.01,2025-11-10,2025-11-25,2025-12-03,Paid,0,10,3,13,1,0,6,0,1,Mid-Market,1796688
CUST1714,INV003259,27885.58,2026-01-15,2026-02-14,2026-02-25,Paid,0,13,1,10,0,0,83,1,1,SMB,76616
CUST1381,INV003260,69669.31,2026-07-17,2026-09-15,2026-10-06,Paid,0,6,3,16,0,2,11,0,1,SMB,3499330
CUST1440,INV003261,7027.02,2026-02-24,2026-03-26,,Overdue,161,7,1,23,1,6,38,1,0,Mid-Market,1279458
CUST1987,INV003262,35900.99,2025-02-21,2025-04-22,2025-05-16,Paid,0,28,6,25,1,0,65,0,1,Mid-Market,2764766
CUST0515,INV003263,26164.5,2026-05-24,2026-07-08,2026-07-11,Paid,0,27,6,6,1,2,59,0,1,SMB,4143886
CUST0214,INV003264,25687.6,2025-07-24,2025-08-08,2025-08-08,Paid,0,26,7,4,0,1,54,0,1,SMB,4357086
CUST1878,INV003265,52672.28,2025-09-14,2025-09-29,2025-10-04,Paid,0,5,1,1,0,4,21,0,1,Mid-Market,4890349
CUST0074,INV003266,23139.52,2025-07-04,2025-08-18,,Overdue,381,15,6,0,1,5,8,0,0,Mid-Market,2879455
CUST1587,INV003267,35604.57,2025-05-25,2025-06-24,,Overdue,436,8,2,16,1,0,67,0,0,Mid-Market,4567562
CUST1603,INV003268,45065.16,2025-01-14,2025-02-13,2025-02-26,Paid,0,10,4,18,0,1,15,1,1,SMB,3974482
CUST0509,INV003269,13301.54,2025-09-03,2025-10-03,2025-11-04,Paid,0,12,1,25,0,6,81,1,1,Enterprise,2846461
CUST0332,INV003270,29708.35,2025-07-06,2025-08-20,,Overdue,379,17,6,13,0,0,61,0,0,Mid-Market,2304736
CUST1117,INV003271,17140.72,2025-12-03,2026-01-17,2026-01-25,Paid,0,16,3,9,0,0,51,0,1,SMB,4517890
CUST0688,INV003272,19289.54,2025-09-16,2025-10-16,,Overdue,322,1,0,31,1,6,41,0,0,SMB,784983
CUST0657,INV003273,15961.56,2025-02-09,2025-03-11,,Overdue,541,4,1,9,2,5,78,0,0,SMB,3579801
CUST1543,INV003274,35280.31,2026-02-22,2026-04-23,2026-04-25,Paid,0,8,1,0,1,4,17,1,1,Mid-Market,2173091
CUST1293,INV003275,23900.26,2025-12-17,2026-02-15,,Overdue,200,27,10,5,1,2,39,1,0,Mid-Market,4943180
CUST1400,INV003276,32680.83,2025-01-09,2025-02-08,2025-02-08,Paid,0,24,6,3,1,6,20,0,1,Mid-Market,2378476
CUST1858,INV003277,21643.98,2025-12-16,2026-01-30,,Overdue,216,6,1,22,1,7,39,1,0,SMB,132806
CUST1028,INV003278,5000.0,2025-03-25,2025-04-24,2025-05-02,Paid,0,21,4,4,0,6,70,0,1,Mid-Market,4461887
CUST1162,INV003279,22728.35,2026-06-17,2026-07-17,,Overdue,48,10,4,27,0,6,70,0,0,SMB,145556
CUST1255,INV003280,23471.4,2025-12-24,2026-01-23,,Overdue,223,26,7,12,1,5,77,0,0,Mid-Market,4213960
CUST0600,INV003281,28073.91,2026-01-13,2026-01-28,,Overdue,218,18,4,15,0,0,35,0,0,SMB,738152
CUST1553,INV003282,12164.42,2025-06-21,2025-08-20,,Overdue,379,13,6,21,2,0,27,0,0,Mid-Market,3041620
CUST1076,INV003283,6664.37,2025-01-25,2025-02-24,,Overdue,556,5,3,23,1,6,32,0,0,SMB,3542963
CUST1670,INV003284,41134.67,2026-01-28,2026-02-27,2026-03-03,Paid,0,12,4,9,1,2,3,0,1,Mid-Market,571244
CUST1747,INV003285,16754.02,2025-04-13,2025-05-28,2025-06-25,Paid,0,21,5,23,0,3,32,0,1,SMB,1895700
CUST0325,INV003286,26140.58,2025-08-24,2025-10-08,2025-10-17,Paid,0,18,2,14,1,6,71,0,1,Enterprise,1084586
CUST0992,INV003287,16622.96,2026-02-14,2026-03-16,,Overdue,171,8,3,17,0,4,34,0,0,Mid-Market,2063148
CUST1994,INV003288,21893.35,2026-07-03,2026-08-02,2026-08-02,Paid,0,14,5,0,0,4,21,1,1,SMB,347584
CUST1929,INV003289,14054.74,2025-11-28,2026-01-12,,Overdue,234,15,6,19,2,7,29,1,0,Mid-Market,3502629
CUST1755,INV003290,8365.88,2026-06-16,2026-07-31,2026-07-31,Paid,0,26,7,2,1,0,4,1,1,Enterprise,1085408
CUST0717,INV003291,35373.98,2025-01-29,2025-03-15,,Overdue,537,5,1,26,3,7,68,0,1,Mid-Market,4076390
CUST0723,INV003292,12050.72,2026-06-27,2026-07-27,2026-09-09,Paid,0,5,2,33,0,6,1,0,1,SMB,3032410
CUST0277,INV003293,25950.64,2025-01-19,2025-02-18,,Overdue,562,28,10,0,1,5,31,0,0,Mid-Market,1279787
CUST0536,INV003294,33205.15,2025-05-28,2025-07-12,,Overdue,418,17,1,27,0,7,45,1,0,Enterprise,838140
CUST1510,INV003295,12248.85,2026-04-16,2026-06-15,,Overdue,80,13,3,17,2,4,81,0,1,Mid-Market,3952908
CUST1540,INV003296,6608.52,2026-05-06,2026-06-05,,Overdue,90,17,4,7,0,7,71,0,1,Mid-Market,4713062
CUST0152,INV003297,249218.58,2025-10-10,2025-10-25,2025-10-25,Paid,0,11,4,0,1,5,52,0,1,SMB,4002255
CUST0955,INV003298,12993.81,2025-04-23,2025-06-22,2025-06-22,Paid,0,1,0,0,1,7,44,0,1,SMB,803494
CUST1507,INV003299,41085.77,2026-03-31,2026-04-30,,Overdue,126,24,9,24,1,7,50,0,0,Mid-Market,2003341
CUST0259,INV003300,153194.49,2025-11-26,2025-12-26,2026-01-25,Paid,0,13,1,24,0,3,36,0,1,Mid-Market,2727747
CUST0324,INV003301,48528.56,2025-09-12,2025-10-12,,Overdue,326,26,4,6,0,0,21,0,0,SMB,4524017
CUST1017,INV003302,16310.38,2026-08-22,2026-09-21,2026-09-30,Paid,0,18,4,4,0,2,23,0,1,SMB,258859
CUST0869,INV003303,20596.65,2026-02-03,2026-03-05,,Overdue,182,24,12,12,0,2,77,0,0,Enterprise,4726029
CUST1192,INV003304,9579.62,2026-05-23,2026-06-22,,Overdue,73,29,8,11,1,0,34,0,1,Mid-Market,2818705
CUST0688,INV003305,53193.76,2026-04-11,2026-04-26,,Overdue,130,28,3,22,0,2,69,0,0,SMB,784983
CUST0310,INV003306,38803.69,2026-02-11,2026-04-12,,Overdue,144,6,1,12,2,2,31,0,0,SMB,3323523
CUST0803,INV003307,13168.39,2025-04-08,2025-06-07,2025-07-04,Paid,0,13,2,22,0,0,12,1,1,Mid-Market,3251078
CUST1503,INV003308,7768.44,2025-10-17,2025-12-16,2025-12-16,Paid,0,21,0,5,2,1,28,1,1,SMB,2008691
CUST1080,INV003309,5876.79,2025-06-05,2025-08-04,,Overdue,395,22,5,14,1,5,48,1,0,Enterprise,1433875
CUST0620,INV003310,59072.1,2025-06-11,2025-07-26,2025-08-12,Paid,0,20,4,19,1,6,28,0,1,Mid-Market,1864188
CUST0473,INV003311,24844.04,2025-04-07,2025-05-07,,Overdue,484,28,8,9,3,6,7,1,0,SMB,2896274
CUST1320,INV003312,27309.35,2026-01-12,2026-01-27,2026-02-11,Paid,0,11,2,11,2,7,34,0,1,SMB,347986
CUST0461,INV003313,9672.59,2026-07-21,2026-08-05,,Overdue,29,19,7,32,0,5,86,1,1,SMB,4812606
CUST1348,INV003314,5097.46,2026-03-26,2026-04-25,,Overdue,131,27,6,26,0,4,51,0,0,SMB,3188102
CUST0814,INV003315,57676.99,2025-04-27,2025-05-27,2025-05-30,Paid,0,20,5,0,2,4,88,0,1,Enterprise,578714
CUST0846,INV003316,22972.18,2026-05-21,2026-07-20,,Overdue,45,9,3,15,1,1,78,0,1,SMB,784275
CUST1165,INV003317,54569.73,2025-07-08,2025-08-07,2025-08-09,Paid,0,13,2,0,1,2,80,0,1,SMB,1605537
CUST0667,INV003318,14973.94,2026-04-21,2026-05-21,2026-06-01,Paid,0,15,3,17,0,4,11,1,1,SMB,3948190
CUST0262,INV003319,17381.86,2025-11-19,2026-01-03,,Overdue,243,24,4,3,1,3,38,0,0,Enterprise,3620599
CUST1809,INV003320,44949.65,2026-08-19,2026-09-18,,Overdue,0,11,4,10,0,5,42,0,1,SMB,2329042
CUST1444,INV003321,45814.14,2025-06-29,2025-08-28,,Overdue,371,24,3,18,0,1,7,0,0,SMB,1543551
CUST1768,INV003322,48901.61,2025-06-30,2025-07-30,,Overdue,400,16,4,15,1,2,46,0,0,SMB,3807454
CUST1265,INV003323,16396.1,2025-10-14,2025-11-13,2025-11-15,Paid,0,17,5,4,2,3,45,0,1,SMB,2207280
CUST0355,INV003324,40722.96,2026-04-20,2026-06-19,2026-06-19,Paid,0,5,1,0,2,5,3,0,1,SMB,2283706
CUST1873,INV003325,66776.03,2025-09-19,2025-10-19,,Overdue,319,22,5,16,1,1,79,0,0,Mid-Market,525278
CUST0770,INV003326,19835.49,2026-06-07,2026-07-07,2026-07-12,Paid,0,14,1,5,1,2,57,1,1,Mid-Market,3644804
CUST1785,INV003327,13180.74,2025-06-11,2025-07-11,,Overdue,419,15,5,9,0,0,30,0,0,Mid-Market,1852466
CUST1613,INV003328,84351.48,2026-05-02,2026-06-16,2026-06-16,Paid,0,9,3,0,0,5,52,0,1,Mid-Market,1528081
CUST0180,INV003329,11447.82,2025-06-30,2025-07-30,2025-07-30,Paid,0,14,4,0,0,2,81,0,1,SMB,895474
CUST0066,INV003330,41335.48,2026-04-14,2026-06-13,,Overdue,82,10,3,18,2,6,54,0,1,Mid-Market,2495840
CUST0820,INV003331,20776.5,2025-01-21,2025-03-22,,Overdue,530,26,7,7,1,7,48,0,0,SMB,828883
CUST1372,INV003332,5000.0,2025-10-02,2025-11-01,2025-11-07,Paid,0,22,5,4,1,3,84,0,1,SMB,4753855
CUST0171,INV003333,68090.57,2025-09-17,2025-11-01,2025-11-26,Paid,0,13,4,26,0,4,33,0,1,Mid-Market,358449
CUST0474,INV003334,5000.0,2025-11-29,2026-01-28,2026-02-15,Paid,0,17,7,20,0,5,20,0,1,Enterprise,4889498
CUST0534,INV003335,5000.0,2026-04-11,2026-05-11,,Overdue,115,1,0,16,1,7,5,0,0,Mid-Market,3025605
CUST1391,INV003336,37321.7,2025-04-26,2025-06-25,,Overdue,435,14,5,13,2,1,82,0,0,SMB,147406
CUST1131,INV003337,37312.03,2026-02-17,2026-04-03,,Overdue,153,12,3,0,0,5,83,0,0,Mid-Market,1240456
CUST0439,INV003338,11642.53,2026-06-21,2026-07-21,,Overdue,44,7,2,18,3,5,17,0,1,Mid-Market,2229431
CUST0835,INV003339,25535.43,2025-09-14,2025-10-29,,Overdue,309,3,0,25,0,5,87,1,0,SMB,3365258
CUST0227,INV003340,5000.0,2025-06-17,2025-07-17,,Overdue,413,23,6,12,0,0,2,1,0,Enterprise,1673154
CUST1468,INV003341,44666.34,2026-06-17,2026-07-17,,Overdue,48,21,3,24,1,1,24,0,0,SMB,4289399
CUST0442,INV003342,28274.78,2026-08-21,2026-10-05,,Overdue,0,1,0,3,2,2,51,0,0,Enterprise,2588143
CUST0396,INV003343,21043.71,2025-01-15,2025-02-14,2025-02-14,Paid,0,27,3,0,0,5,48,0,1,Enterprise,3351106
CUST0728,INV003344,22490.35,2025-02-19,2025-04-05,,Overdue,516,24,6,6,0,0,44,0,0,Mid-Market,2951092
CUST1605,INV003345,36071.35,2025-10-31,2025-11-30,2025-12-16,Paid,0,13,2,14,1,4,1,0,1,SMB,4997796
CUST0084,INV003346,21398.98,2026-05-02,2026-06-01,,Overdue,94,25,8,12,1,1,52,0,1,SMB,3521750
CUST1639,INV003347,5000.0,2026-02-20,2026-04-06,2026-04-17,Paid,0,22,5,9,2,7,22,0,1,Enterprise,1596933
CUST1575,INV003348,198061.37,2025-11-01,2025-12-31,2026-01-13,Paid,0,2,1,17,1,7,14,1,1,SMB,2057338
CUST1037,INV003349,73189.03,2025-07-15,2025-09-13,,Overdue,355,9,2,11,0,1,77,0,0,SMB,1798982
CUST1833,INV003350,6093.97,2026-01-23,2026-03-24,2026-03-24,Paid,0,18,6,0,0,3,76,0,1,Mid-Market,2062755
CUST1849,INV003351,15597.45,2026-03-31,2026-04-30,,Overdue,126,22,4,17,3,6,71,0,1,Enterprise,2239063
CUST0693,INV003352,17395.48,2025-11-06,2025-12-21,,Overdue,256,26,6,5,2,2,66,1,0,Mid-Market,2988687
CUST0493,INV003353,64786.31,2025-05-07,2025-06-06,2025-06-20,Paid,0,4,1,13,0,5,67,0,1,SMB,217647
CUST1292,INV003354,5000.0,2025-06-24,2025-07-24,,Overdue,406,16,3,8,1,3,40,0,0,SMB,3678104
CUST1549,INV003355,13372.98,2025-05-14,2025-06-13,2025-06-16,Paid,0,6,2,0,0,0,36,0,1,SMB,1477989
CUST1144,INV003356,5000.0,2025-03-07,2025-05-06,2025-05-22,Paid,0,20,4,15,0,6,77,0,1,Mid-Market,4728083
CUST0970,INV003357,16562.63,2026-01-28,2026-02-27,,Overdue,188,27,7,5,2,1,58,0,0,SMB,678889
CUST0353,INV003358,13732.21,2025-12-31,2026-01-30,2026-02-03,Paid,0,29,3,3,0,0,39,1,1,Mid-Market,4125837
CUST1081,INV003359,23853.69,2025-10-06,2025-11-05,,Overdue,302,3,0,8,0,4,37,0,0,Mid-Market,1926336
CUST0040,INV003360,12029.6,2025-12-29,2026-01-28,,Overdue,218,28,5,16,2,6,14,1,0,SMB,2396582
CUST1910,INV003361,10393.92,2025-06-20,2025-08-19,,Overdue,380,11,4,12,0,7,64,1,0,SMB,2685122
CUST1360,INV003362,40931.56,2025-02-20,2025-03-22,,Overdue,530,24,7,1,1,4,26,0,0,Mid-Market,126240
CUST0640,INV003363,34706.17,2025-11-24,2025-12-24,2025-12-28,Paid,0,29,10,8,1,5,40,0,1,SMB,563313
CUST0173,INV003364,38230.86,2026-08-15,2026-09-14,,Overdue,0,5,3,17,1,5,7,0,1,Mid-Market,583634
CUST1571,INV003365,18455.17,2025-05-25,2025-06-24,2025-07-06,Paid,0,1,0,12,0,3,8,1,1,Mid-Market,2054517
CUST0259,INV003366,12434.89,2025-10-01,2025-10-31,2025-10-31,Paid,0,8,2,2,3,7,79,0,1,Mid-Market,2727747
CUST1912,INV003367,19558.15,2025-06-04,2025-07-04,,Overdue,426,19,7,19,0,3,5,0,0,Enterprise,798692
CUST0517,INV003368,36357.73,2026-05-23,2026-06-22,,Overdue,73,4,1,26,0,3,43,1,1,SMB,2989362
CUST0730,INV003369,5000.0,2025-12-29,2026-01-28,,Overdue,218,9,4,7,1,5,36,1,1,SMB,1572534
CUST0523,INV003370,32666.71,2025-11-21,2026-01-05,,Overdue,241,3,1,11,0,1,59,1,0,Enterprise,921522
CUST1918,INV003371,30005.57,2025-10-25,2025-12-24,,Overdue,253,5,1,17,0,4,3,0,0,Mid-Market,4515669
CUST0839,INV003372,23438.87,2026-05-09,2026-06-08,,Overdue,87,28,6,10,1,4,62,0,1,Mid-Market,814265
CUST0117,INV003373,18971.38,2026-06-30,2026-07-15,2026-08-01,Paid,0,16,2,17,0,5,22,1,1,Mid-Market,2319070
CUST0184,INV003374,5000.0,2025-10-31,2025-12-15,2025-12-15,Paid,0,8,2,0,1,3,22,0,1,Enterprise,3397769
CUST1930,INV003375,14187.93,2026-04-12,2026-05-12,2026-05-22,Paid,0,6,1,12,1,4,38,0,1,SMB,569385
CUST1898,INV003376,131852.44,2025-08-27,2025-09-26,,Overdue,342,3,0,21,1,5,50,0,0,SMB,3647170
CUST1140,INV003377,22312.48,2026-06-01,2026-07-01,2026-07-01,Paid,0,16,2,1,1,1,87,0,1,Mid-Market,1874964
CUST0162,INV003378,16199.09,2025-06-25,2025-08-24,2025-09-02,Paid,0,8,2,10,0,2,53,0,1,Mid-Market,3928363
CUST1603,INV003379,22402.02,2026-02-14,2026-03-31,,Overdue,156,13,3,0,0,1,85,0,0,SMB,3974482
CUST1736,INV003380,31406.59,2025-12-30,2026-01-14,,Overdue,232,5,2,11,1,0,4,0,0,Enterprise,1929262
CUST0543,INV003381,42566.39,2025-01-23,2025-02-07,,Overdue,573,6,2,20,1,7,79,0,0,SMB,640381
CUST1611,INV003382,17520.38,2025-11-14,2025-12-14,,Overdue,263,27,9,9,0,7,21,0,0,Enterprise,2548578
CUST1261,INV003383,33688.76,2026-06-09,2026-07-09,2026-07-26,Paid,0,3,1,20,1,0,20,0,1,SMB,1947951
CUST0839,INV003384,117789.07,2025-10-03,2025-11-02,,Overdue,305,8,2,22,0,3,84,0,0,Mid-Market,814265
CUST1090,INV003385,60249.58,2025-08-17,2025-10-01,2025-10-01,Paid,0,4,2,0,0,0,25,1,1,SMB,4722412
CUST1094,INV003386,228730.61,2025-04-18,2025-05-18,,Overdue,473,25,5,5,1,3,45,0,0,Mid-Market,1073920
CUST1833,INV003387,11421.24,2025-06-25,2025-07-25,,Overdue,405,21,3,0,2,5,64,1,0,Mid-Market,2062755
CUST0447,INV003388,117734.75,2025-11-16,2025-12-16,,Overdue,261,17,2,13,0,2,61,0,0,Enterprise,1751243
CUST0416,INV003389,9989.87,2025-10-13,2025-10-28,,Overdue,310,25,9,23,1,6,53,0,0,SMB,734029
CUST0532,INV003390,31368.71,2025-11-25,2026-01-24,,Overdue,222,8,2,15,0,1,68,0,0,Enterprise,4072928
CUST0441,INV003391,45820.03,2025-12-22,2026-01-21,,Overdue,225,21,5,16,1,6,56,0,0,SMB,769407
CUST0738,INV003392,13216.52,2025-01-14,2025-02-13,,Overdue,567,19,6,8,2,5,58,0,0,Mid-Market,2149409
CUST1970,INV003393,24051.78,2025-10-02,2025-11-01,2025-11-15,Paid,0,29,6,19,0,5,73,0,1,SMB,4225318
CUST0464,INV003394,54746.08,2025-03-12,2025-04-11,,Overdue,510,14,5,14,2,4,37,1,0,Mid-Market,2930304
CUST1945,INV003395,10826.25,2025-07-14,2025-09-12,2025-09-27,Paid,0,9,2,24,0,7,5,1,1,Mid-Market,2071835
CUST0396,INV003396,116936.16,2026-06-07,2026-07-07,,Overdue,58,12,4,14,2,0,18,0,1,Enterprise,3351106
CUST0711,INV003397,5515.97,2025-04-16,2025-05-16,,Overdue,475,13,4,0,1,2,33,1,0,Mid-Market,2126475
CUST1575,INV003398,153229.4,2025-07-15,2025-07-30,2025-08-03,Paid,0,23,4,0,0,1,13,0,1,SMB,2057338
CUST1681,INV003399,59953.6,2025-05-25,2025-07-09,,Overdue,421,28,4,1,0,5,33,0,0,SMB,4765700
CUST1581,INV003400,20136.2,2025-12-16,2026-01-15,2026-01-15,Paid,0,27,4,6,1,2,40,0,1,SMB,4267690
CUST0395,INV003401,14725.44,2026-02-28,2026-04-14,,Overdue,142,8,2,27,3,7,66,0,0,SMB,487625
CUST0326,INV003402,13266.16,2026-04-16,2026-05-16,2026-06-13,Paid,0,3,0,24,2,5,12,1,1,Mid-Market,1796688
CUST1917,INV003403,19229.57,2025-08-04,2025-10-03,,Overdue,335,22,6,16,0,7,47,0,0,Enterprise,631904
CUST1943,INV003404,20983.76,2025-04-03,2025-05-03,,Overdue,488,28,9,20,0,5,48,1,0,Mid-Market,4770553
CUST1115,INV003405,77282.76,2025-09-17,2025-10-17,,Overdue,321,15,3,19,0,1,23,1,0,Mid-Market,4649409
CUST0750,INV003406,157732.23,2026-07-29,2026-09-12,,Overdue,0,20,6,22,1,0,40,0,1,Mid-Market,3410492
CUST1094,INV003407,26886.51,2026-06-25,2026-07-25,,Overdue,40,29,5,2,1,3,5,0,0,Mid-Market,1073920
CUST1190,INV003408,9455.69,2025-10-12,2025-11-11,,Overdue,296,19,8,25,2,5,36,0,0,Mid-Market,1331506
CUST0642,INV003409,12762.6,2026-04-29,2026-05-29,,Overdue,97,4,0,13,1,6,31,0,0,SMB,3264215
CUST0214,INV003410,18341.27,2026-01-07,2026-01-22,2026-02-02,Paid,0,2,0,15,2,1,23,1,1,SMB,4357086
CUST1876,INV003411,7862.64,2025-03-11,2025-04-10,,Overdue,511,5,3,23,0,7,16,0,0,Mid-Market,544955
CUST1625,INV003412,6775.43,2026-01-14,2026-02-13,,Overdue,202,24,9,15,0,1,72,0,0,SMB,1167374
CUST1359,INV003413,179355.87,2025-10-06,2025-11-05,2025-11-13,Paid,0,21,6,3,0,7,9,0,1,SMB,543992
CUST1788,INV003414,29810.43,2025-10-29,2025-11-28,,Overdue,279,2,0,10,4,2,54,1,0,Mid-Market,847583
CUST0369,INV003415,9574.58,2025-09-12,2025-11-11,,Overdue,296,7,2,19,0,0,66,1,0,SMB,242512
CUST1885,INV003416,49841.52,2025-09-21,2025-10-21,2025-10-30,Paid,0,24,6,6,0,2,18,1,1,SMB,2871839
CUST1608,INV003417,6779.47,2026-02-28,2026-03-30,2026-04-02,Paid,0,11,1,6,1,6,47,0,1,Mid-Market,4211603
CUST1701,INV003418,7361.27,2025-08-01,2025-09-30,,Overdue,338,12,4,15,1,5,83,1,0,Enterprise,691593
CUST0049,INV003419,9867.06,2025-04-10,2025-05-25,2025-06-02,Paid,0,4,2,14,2,3,37,0,1,Mid-Market,2415600
CUST1076,INV003420,115210.17,2025-04-22,2025-05-22,2025-05-31,Paid,0,3,0,6,0,6,40,0,1,SMB,3542963
CUST1313,INV003421,17104.89,2025-11-04,2025-12-04,,Overdue,273,8,2,25,0,4,72,0,0,Mid-Market,1720357
CUST1814,INV003422,5000.0,2026-04-20,2026-06-04,2026-06-13,Paid,0,26,3,14,0,2,81,0,1,SMB,1948917
CUST1650,INV003423,73870.29,2026-07-02,2026-08-01,2026-08-01,Paid,0,18,3,0,1,5,69,0,1,Mid-Market,299265
CUST1263,INV003424,16213.81,2025-04-22,2025-05-22,,Overdue,469,23,6,16,1,5,72,0,0,SMB,939855
CUST0133,INV003425,5000.0,2025-03-28,2025-04-27,2025-05-17,Paid,0,26,5,19,0,6,74,0,1,SMB,825158
CUST0999,INV003426,16047.63,2025-07-02,2025-08-16,2025-09-10,Paid,0,24,9,19,1,4,3,0,1,Enterprise,187686
CUST0786,INV003427,37086.34,2026-08-20,2026-09-19,,Overdue,0,5,2,8,0,2,67,0,1,Enterprise,2663987
CUST1190,INV003428,32992.95,2025-06-14,2025-07-29,2025-07-29,Paid,0,16,5,3,0,1,38,0,1,Mid-Market,1331506
CUST1398,INV003429,133041.31,2025-03-31,2025-05-30,,Overdue,461,23,13,12,1,3,27,1,0,SMB,4848793
CUST0373,INV003430,9388.42,2026-03-31,2026-04-30,2026-05-12,Paid,0,12,2,14,0,6,16,0,1,SMB,1599420
CUST1829,INV003431,23079.96,2025-08-26,2025-10-10,,Overdue,328,9,4,20,1,7,15,0,0,Mid-Market,3870888
CUST1502,INV003432,10942.73,2026-06-18,2026-07-18,,Overdue,47,29,6,15,0,7,72,0,0,SMB,3765929
CUST1779,INV003433,5000.0,2025-02-27,2025-03-29,,Overdue,523,8,2,23,0,4,49,1,0,SMB,755356
CUST0479,INV003434,53397.94,2026-06-26,2026-08-25,,Overdue,9,5,1,24,0,4,28,0,1,Enterprise,1571466
CUST0832,INV003435,35005.82,2026-02-06,2026-02-21,,Overdue,194,20,5,12,1,2,79,0,0,SMB,307354
CUST0650,INV003436,29251.28,2026-06-03,2026-07-03,,Overdue,62,19,6,2,2,3,60,0,0,SMB,2051676
CUST1615,INV003437,33751.84,2025-07-16,2025-08-15,,Overdue,384,15,3,22,0,2,24,0,0,SMB,2449146
CUST0682,INV003438,11098.08,2025-02-15,2025-03-17,,Overdue,535,22,5,18,0,4,69,0,0,SMB,2619931
CUST1659,INV003439,8057.07,2026-06-14,2026-07-14,2026-07-14,Paid,0,20,3,2,0,3,70,0,1,SMB,1597419
CUST0688,INV003440,22871.51,2026-02-01,2026-03-03,,Overdue,184,11,4,10,1,7,60,0,1,SMB,784983
CUST1324,INV003441,70348.12,2025-03-15,2025-03-30,,Overdue,522,20,5,2,0,2,55,0,0,SMB,903605
CUST0082,INV003442,109982.57,2026-02-20,2026-03-22,,Overdue,165,13,2,0,3,1,5,0,0,Mid-Market,4868750
CUST0087,INV003443,48797.42,2025-12-01,2025-12-31,2025-12-31,Paid,0,23,4,2,1,5,25,1,1,Mid-Market,638158
CUST0225,INV003444,22678.54,2026-07-29,2026-08-28,2026-08-28,Paid,0,26,5,0,1,7,40,0,1,SMB,1810462
CUST0016,INV003445,28847.65,2025-10-23,2025-11-22,2025-12-11,Paid,0,13,4,17,2,3,7,0,1,SMB,708003
CUST0822,INV003446,22283.32,2025-03-25,2025-04-24,,Overdue,497,21,6,13,1,6,31,0,0,SMB,4993772
CUST1382,INV003447,7895.57,2025-01-15,2025-02-14,2025-02-20,Paid,0,17,6,4,0,1,61,1,1,SMB,1775049
CUST0163,INV003448,22576.11,2025-05-14,2025-06-28,2025-07-15,Paid,0,29,8,19,1,7,3,1,1,Mid-Market,3293484
CUST1634,INV003449,5797.45,2026-04-23,2026-05-08,2026-05-19,Paid,0,21,4,0,1,7,52,0,1,Mid-Market,468829
CUST1692,INV003450,19456.23,2025-11-15,2025-12-15,,Overdue,262,29,12,24,1,7,82,0,1,Mid-Market,2488064
CUST0514,INV003451,113108.76,2026-01-27,2026-03-13,2026-03-21,Paid,0,16,6,7,2,5,64,1,1,Enterprise,1722795
CUST0350,INV003452,50154.28,2026-04-24,2026-05-24,,Overdue,102,22,4,16,2,3,65,0,1,Mid-Market,2643659
CUST1933,INV003453,8750.63,2026-01-03,2026-02-02,,Overdue,213,17,7,2,0,5,56,0,0,Mid-Market,2067337
CUST0681,INV003454,20487.51,2026-01-02,2026-02-01,2026-02-17,Paid,0,19,6,13,0,6,29,1,1,Mid-Market,319160
CUST1488,INV003455,9562.68,2025-10-15,2025-11-14,,Overdue,293,22,5,11,1,5,59,0,0,Mid-Market,2599565
CUST1851,INV003456,20691.66,2026-01-13,2026-02-12,2026-02-20,Paid,0,14,3,9,1,5,40,0,1,SMB,2869182
CUST1861,INV003457,62386.73,2026-04-08,2026-06-07,2026-06-23,Paid,0,23,5,7,0,4,33,0,1,Mid-Market,1328673
CUST1399,INV003458,42319.7,2026-08-17,2026-09-16,2026-10-03,Paid,0,7,3,16,1,3,88,0,1,Mid-Market,4234238
CUST1116,INV003459,264116.11,2025-01-13,2025-02-12,,Overdue,568,23,4,3,0,1,35,0,1,Mid-Market,3482207
CUST0181,INV003460,72582.37,2026-06-20,2026-08-19,2026-08-19,Paid,0,9,0,0,1,5,71,1,1,SMB,4615537
CUST0743,INV003461,27011.02,2025-06-17,2025-07-17,,Overdue,413,2,0,11,0,2,68,0,0,Mid-Market,4789400
CUST1325,INV003462,43353.81,2025-09-27,2025-10-27,2025-11-17,Paid,0,19,4,23,0,5,35,0,1,Enterprise,2422948
CUST0660,INV003463,17989.74,2025-03-11,2025-04-10,,Overdue,511,23,6,0,2,6,34,0,0,Mid-Market,4244463
CUST1816,INV003464,7133.06,2025-11-14,2025-12-14,,Overdue,263,6,4,13,0,4,74,0,0,Enterprise,4121495
CUST1213,INV003465,81289.86,2026-01-11,2026-02-25,,Overdue,190,1,0,12,4,1,74,0,0,SMB,3583716
CUST1883,INV003466,60414.93,2025-03-30,2025-04-14,,Overdue,507,26,10,17,2,0,20,0,0,Mid-Market,2297680
CUST1886,INV003467,17308.38,2025-09-14,2025-11-13,2025-11-20,Paid,0,7,2,13,2,3,44,0,1,SMB,4991064
CUST1338,INV003468,28967.67,2025-08-05,2025-09-04,2025-09-13,Paid,0,16,2,5,2,0,81,1,1,Mid-Market,702416
CUST0493,INV003469,76186.47,2026-03-26,2026-05-10,2026-05-10,Paid,0,2,1,0,0,1,41,0,1,SMB,217647
CUST0923,INV003470,51346.47,2026-06-28,2026-07-13,2026-07-29,Paid,0,4,0,13,1,0,77,0,1,Enterprise,4395398
CUST1946,INV003471,5099.5,2025-05-21,2025-07-20,2025-07-28,Paid,0,23,8,5,1,1,7,0,1,Mid-Market,849687
CUST0128,INV003472,28102.67,2025-06-10,2025-07-10,2025-07-10,Paid,0,20,6,3,0,4,22,0,1,Enterprise,3852986
CUST1543,INV003473,18627.02,2025-02-01,2025-03-18,,Overdue,534,22,8,13,0,2,11,1,0,Mid-Market,2173091
CUST1450,INV003474,67037.05,2025-06-01,2025-07-01,2025-07-04,Paid,0,14,2,1,0,7,13,0,1,Mid-Market,3198491
CUST1583,INV003475,61761.95,2025-09-17,2025-11-01,,Overdue,306,29,9,13,1,2,23,0,0,Mid-Market,4496460
CUST0565,INV003476,82339.63,2025-10-06,2025-11-05,,Overdue,302,11,3,17,2,6,74,0,0,SMB,1212189
CUST1211,INV003477,7201.94,2025-10-12,2025-11-11,2025-11-11,Paid,0,9,1,0,1,3,28,0,1,SMB,939493
CUST0550,INV003478,10055.64,2026-06-26,2026-07-26,,Overdue,39,5,2,22,2,6,17,0,1,Mid-Market,1193647
CUST0453,INV003479,67109.6,2025-05-28,2025-06-27,,Overdue,433,3,2,12,3,4,47,0,0,SMB,857744
CUST0471,INV003480,12189.79,2025-03-08,2025-04-07,,Overdue,514,22,6,22,0,0,22,0,0,SMB,878791
CUST0988,INV003481,5000.0,2026-07-24,2026-09-07,,Overdue,0,20,5,9,2,4,49,1,1,SMB,3341070
CUST0738,INV003482,37518.77,2025-10-06,2025-10-21,2025-11-18,Paid,0,25,6,30,1,0,40,0,1,Mid-Market,2149409
CUST1589,INV003483,12743.56,2026-03-19,2026-04-18,,Overdue,138,2,1,27,2,4,84,0,0,SMB,164589
CUST1935,INV003484,131898.87,2026-02-03,2026-03-05,,Overdue,182,10,4,12,0,5,6,0,1,Mid-Market,2278531
CUST0224,INV003485,29619.39,2025-05-08,2025-06-07,,Overdue,453,21,5,10,0,2,82,0,1,SMB,4011676
CUST0154,INV003486,25855.0,2025-12-03,2026-02-01,2026-02-03,Paid,0,29,5,0,1,6,26,0,1,SMB,289968
CUST0560,INV003487,15225.94,2026-04-27,2026-05-27,,Overdue,99,25,5,10,2,5,47,0,1,Mid-Market,642632
CUST0351,INV003488,108102.52,2025-07-05,2025-08-04,2025-08-18,Paid,0,10,3,15,0,6,66,0,1,Mid-Market,4216233
CUST1171,INV003489,31525.58,2025-06-18,2025-07-18,,Overdue,412,7,2,12,0,3,45,0,0,Mid-Market,2645834
CUST1929,INV003490,14639.82,2025-09-17,2025-10-17,2025-11-04,Paid,0,15,4,14,1,2,31,1,1,Mid-Market,3502629
CUST1600,INV003491,9955.86,2026-07-12,2026-08-11,2026-08-29,Paid,0,5,1,17,0,2,50,0,1,Enterprise,1605811
CUST0349,INV003492,20466.14,2026-05-22,2026-06-21,,Overdue,74,8,1,9,0,5,13,0,1,SMB,799971
CUST0182,INV003493,8286.25,2026-06-05,2026-06-20,2026-07-01,Paid,0,18,4,14,2,4,38,0,1,SMB,1274744
CUST0637,INV003494,61628.36,2026-04-16,2026-05-16,2026-05-16,Paid,0,20,4,6,0,0,25,0,1,Mid-Market,3652615
CUST1018,INV003495,5000.0,2025-06-10,2025-07-10,,Overdue,420,29,6,0,0,4,29,0,0,Mid-Market,4077902
CUST0179,INV003496,19158.2,2025-10-16,2025-11-15,,Overdue,292,6,2,29,0,7,35,0,0,Enterprise,1456368
CUST1063,INV003497,40543.61,2025-12-06,2026-01-05,,Overdue,241,23,6,0,1,0,28,1,0,Mid-Market,4834808
CUST0772,INV003498,31011.69,2026-05-17,2026-07-16,,Overdue,49,11,3,9,0,6,83,0,1,Mid-Market,1155710
CUST0894,INV003499,10750.6,2025-04-16,2025-06-15,,Overdue,445,8,2,19,0,1,19,0,0,SMB,1399590
CUST1027,INV003500,42627.66,2026-04-20,2026-06-19,2026-06-26,Paid,0,29,8,9,0,3,7,0,1,Enterprise,1581064
CUST1016,INV003501,9081.19,2026-08-23,2026-10-07,2026-10-25,Paid,0,4,0,18,0,0,49,0,1,Enterprise,3611262
CUST0064,INV003502,21538.89,2026-04-08,2026-05-08,,Overdue,118,25,10,23,3,1,83,0,0,SMB,3502501
CUST0029,INV003503,42270.37,2026-04-28,2026-05-28,,Overdue,98,7,0,13,2,3,72,0,1,Mid-Market,4495655
CUST0372,INV003504,34993.33,2025-06-02,2025-07-02,,Overdue,428,2,1,17,1,6,14,0,0,SMB,4954948
CUST1547,INV003505,11214.48,2025-05-29,2025-06-28,2025-07-18,Paid,0,15,5,18,0,0,8,0,1,Mid-Market,1914071
CUST0097,INV003506,72947.44,2025-07-07,2025-09-05,,Overdue,363,9,1,4,0,2,66,1,0,Mid-Market,3183211
CUST1894,INV003507,24021.26,2025-05-11,2025-06-10,,Overdue,450,23,11,0,1,3,64,0,0,SMB,1390683
CUST1466,INV003508,46304.55,2026-03-28,2026-04-27,,Overdue,129,21,2,32,0,6,24,1,1,SMB,3963397
CUST1227,INV003509,101630.71,2026-05-31,2026-06-30,2026-07-07,Paid,0,19,4,16,1,3,15,0,1,SMB,2617587
CUST1435,INV003510,67340.73,2026-05-06,2026-06-05,,Overdue,90,25,6,3,0,4,72,0,1,SMB,1564101
CUST0993,INV003511,67516.64,2026-04-21,2026-05-21,,Overdue,105,23,7,33,0,5,3,0,0,SMB,4517223
CUST0021,INV003512,26706.97,2025-09-20,2025-10-20,2025-10-20,Paid,0,19,1,0,0,3,11,0,1,Mid-Market,3212801
CUST1575,INV003513,48724.4,2026-06-22,2026-08-21,2026-09-01,Paid,0,5,1,3,0,4,71,0,1,SMB,2057338
CUST0735,INV003514,27271.48,2026-04-04,2026-05-04,,Overdue,122,19,3,7,2,6,39,0,0,SMB,2938939
CUST1126,INV003515,6572.67,2026-06-20,2026-07-20,2026-08-12,Paid,0,3,1,22,1,1,5,1,1,Mid-Market,634010
CUST1070,INV003516,29814.31,2025-10-22,2025-11-21,2025-12-04,Paid,0,12,3,8,0,5,21,0,1,SMB,2172827
CUST0066,INV003517,28463.02,2026-03-11,2026-04-10,2026-04-14,Paid,0,7,0,11,1,3,22,0,1,Mid-Market,2495840
CUST0603,INV003518,39487.1,2025-10-02,2025-11-01,,Overdue,306,25,3,0,2,0,38,1,0,SMB,2928350
CUST1188,INV003519,19380.12,2026-08-11,2026-09-10,2026-09-24,Paid,0,5,0,10,0,7,7,0,1,SMB,4306146
CUST1995,INV003520,10286.06,2025-11-04,2025-12-04,,Overdue,273,12,5,9,1,3,53,0,0,Mid-Market,1455802
CUST1135,INV003521,42468.0,2026-01-11,2026-01-26,2026-01-26,Paid,0,27,10,0,0,3,53,1,1,Mid-Market,4507335
CUST0338,INV003522,5923.77,2025-06-07,2025-07-07,2025-07-15,Paid,0,4,1,9,1,0,43,0,1,Mid-Market,3880121
CUST0123,INV003523,94733.14,2025-07-23,2025-08-22,2025-08-22,Paid,0,20,7,3,0,3,51,0,1,SMB,1306715
CUST1729,INV003524,17475.97,2025-03-16,2025-05-15,,Overdue,476,19,5,26,0,4,4,0,0,Mid-Market,1601899
CUST0447,INV003525,28156.35,2026-01-15,2026-01-30,2026-02-14,Paid,0,13,3,15,1,5,18,0,1,Enterprise,1751243
CUST0611,INV003526,38505.57,2025-10-31,2025-11-15,,Overdue,292,15,4,27,0,5,2,0,0,SMB,3866126
CUST1315,INV003527,39762.84,2025-03-03,2025-05-02,,Overdue,489,24,8,0,1,0,58,0,0,SMB,3380922
CUST0671,INV003528,5383.08,2026-07-24,2026-08-23,2026-08-30,Paid,0,10,1,2,1,2,33,1,1,SMB,1329180
CUST1436,INV003529,50215.88,2025-04-18,2025-05-03,2025-05-03,Paid,0,28,6,5,0,3,65,0,1,SMB,2380344
CUST0615,INV003530,29826.54,2025-07-06,2025-08-05,,Overdue,394,1,1,4,2,5,63,0,0,Enterprise,4506397
CUST0897,INV003531,11669.56,2025-08-17,2025-10-01,,Overdue,337,3,2,15,0,7,89,1,0,SMB,3095529
CUST0281,INV003532,10408.03,2025-02-17,2025-04-03,2025-04-08,Paid,0,18,2,9,0,3,31,1,1,Enterprise,2464165
CUST1067,INV003533,15771.3,2025-09-25,2025-10-25,,Overdue,313,16,5,2,0,6,80,0,0,SMB,4672580
CUST1510,INV003534,6010.47,2025-09-11,2025-10-26,,Overdue,312,12,0,40,1,4,68,0,0,Mid-Market,3952908
CUST0596,INV003535,123286.65,2025-03-28,2025-04-27,2025-05-10,Paid,0,16,3,14,1,0,13,0,1,SMB,2231913
CUST1987,INV003536,97358.11,2025-06-30,2025-08-29,2025-09-06,Paid,0,11,1,0,1,7,27,0,1,Mid-Market,2764766
CUST0703,INV003537,34603.16,2025-01-25,2025-02-09,,Overdue,571,11,3,19,2,6,57,0,0,SMB,1010652
CUST1075,INV003538,17616.68,2026-01-23,2026-03-09,,Overdue,178,28,6,36,1,3,14,0,0,Enterprise,4026974
CUST1922,INV003539,18085.97,2025-08-10,2025-09-09,2025-09-26,Paid,0,23,4,19,2,4,52,0,1,SMB,3196779
CUST0210,INV003540,47007.65,2026-02-01,2026-03-03,2026-03-03,Paid,0,22,0,2,1,6,63,0,1,SMB,4998409
CUST0126,INV003541,127749.54,2026-05-26,2026-06-25,2026-07-07,Paid,0,14,3,8,1,2,80,0,1,SMB,874143
CUST0492,INV003542,12451.59,2026-07-15,2026-08-29,2026-09-19,Paid,0,17,3,20,3,5,73,0,1,Mid-Market,3255228
CUST1533,INV003543,7204.16,2026-03-16,2026-04-30,,Overdue,126,19,2,3,1,2,9,0,1,Mid-Market,4833725
CUST0960,INV003544,103532.49,2025-06-24,2025-07-24,2025-07-29,Paid,0,11,4,10,0,4,39,1,1,Mid-Market,1256184
CUST0970,INV003545,5000.0,2025-11-07,2025-12-22,2025-12-29,Paid,0,4,1,3,0,0,7,1,1,SMB,678889
CUST0581,INV003546,8034.25,2025-10-01,2025-10-31,,Overdue,307,10,3,18,1,3,57,1,0,SMB,231948
CUST0777,INV003547,17208.21,2025-02-04,2025-03-21,,Overdue,531,27,6,20,0,4,55,1,0,SMB,1659473
CUST0258,INV003548,5000.0,2025-08-05,2025-09-04,2025-10-02,Paid,0,23,3,25,1,4,7,0,1,Mid-Market,1439330
CUST1954,INV003549,66979.98,2026-02-12,2026-03-14,,Overdue,173,19,4,22,2,4,83,1,0,Mid-Market,2476105
CUST1212,INV003550,51891.24,2026-06-03,2026-07-03,,Overdue,62,4,2,26,1,7,80,0,1,SMB,828799
CUST0230,INV003551,12396.96,2025-09-26,2025-10-26,,Overdue,312,11,0,28,1,5,16,0,0,Mid-Market,859178
CUST0189,INV003552,79190.7,2026-04-20,2026-06-04,2026-06-04,Paid,0,7,3,0,1,1,47,0,1,Mid-Market,2558426
CUST1439,INV003553,93834.93,2025-11-21,2026-01-05,2026-01-17,Paid,0,20,6,4,0,5,63,0,1,SMB,3469548
CUST0010,INV003554,19669.6,2025-12-22,2026-02-05,2026-02-08,Paid,0,9,6,3,1,2,79,0,1,Mid-Market,2288057
CUST1138,INV003555,14035.31,2025-03-31,2025-04-30,,Overdue,491,28,10,14,0,5,33,0,0,SMB,2635917
CUST1100,INV003556,210997.6,2025-02-11,2025-03-28,2025-03-29,Paid,0,22,8,6,2,6,21,1,1,SMB,758175
CUST0676,INV003557,45304.51,2025-12-31,2026-01-30,2026-02-15,Paid,0,2,0,8,1,6,39,1,1,Enterprise,4649757
CUST0502,INV003558,28461.99,2025-07-21,2025-09-19,2025-10-17,Paid,0,27,5,23,1,1,29,1,1,Mid-Market,3544708
CUST0085,INV003559,86124.22,2026-01-01,2026-01-31,,Overdue,215,1,0,18,1,4,16,0,0,SMB,4525156
CUST0049,INV003560,29790.08,2025-10-15,2025-11-14,,Overdue,293,8,3,7,1,5,45,1,0,Mid-Market,2415600
CUST1519,INV003561,13284.85,2026-04-26,2026-06-10,,Overdue,85,27,8,20,1,6,87,0,0,SMB,2986537
CUST0838,INV003562,23864.8,2026-05-16,2026-07-15,,Overdue,50,19,3,15,1,6,71,1,0,SMB,2600982
CUST1008,INV003563,62233.85,2025-02-21,2025-03-23,,Overdue,529,23,7,15,0,2,32,1,0,Mid-Market,3417611
CUST0689,INV003564,5000.0,2025-04-13,2025-05-13,2025-05-31,Paid,0,16,2,19,0,3,43,0,1,Mid-Market,2313429
CUST0387,INV003565,16514.09,2025-12-27,2026-01-26,2026-01-29,Paid,0,14,3,0,0,3,30,0,1,SMB,3635681
CUST0970,INV003566,87821.13,2026-02-28,2026-03-30,2026-03-30,Paid,0,4,1,3,0,5,10,0,1,SMB,678889
CUST1413,INV003567,13202.11,2025-07-24,2025-09-07,,Overdue,361,19,7,2,4,1,15,1,1,SMB,1210294
CUST1006,INV003568,103373.98,2025-01-14,2025-03-15,,Overdue,537,25,7,12,0,6,13,0,0,Mid-Market,2572620
CUST0218,INV003569,90648.42,2026-04-15,2026-05-15,,Overdue,111,22,9,20,2,1,58,1,0,Mid-Market,3506653
CUST1725,INV003570,20629.37,2026-04-11,2026-05-11,,Overdue,115,22,11,7,2,5,86,0,0,Mid-Market,4300167
CUST1005,INV003571,12474.74,2025-10-31,2025-12-30,,Overdue,247,6,1,3,1,2,23,1,0,Mid-Market,99976
CUST1370,INV003572,16525.19,2026-03-03,2026-04-02,2026-04-02,Paid,0,15,1,0,0,3,53,0,1,SMB,213187
CUST1254,INV003573,316353.17,2025-04-20,2025-05-20,2025-06-04,Paid,0,13,1,16,1,1,34,0,1,SMB,54138
CUST0255,INV003574,143547.96,2026-07-19,2026-09-17,,Overdue,0,19,7,0,0,5,70,0,0,SMB,2588568
CUST0236,INV003575,24969.02,2026-05-30,2026-07-29,2026-08-09,Paid,0,22,5,15,0,4,45,1,1,Mid-Market,2849250
CUST1050,INV003576,11990.22,2025-03-09,2025-04-08,2025-04-08,Paid,0,4,1,3,1,4,32,0,1,SMB,2232926
CUST1608,INV003577,24761.39,2025-09-03,2025-09-18,,Overdue,350,2,0,18,3,7,53,0,0,Mid-Market,4211603
CUST1285,INV003578,28108.49,2026-01-24,2026-02-23,,Overdue,192,3,0,16,0,5,76,0,0,SMB,486542
CUST1790,INV003579,6352.74,2025-11-04,2025-12-04,2025-12-12,Paid,0,14,1,0,1,1,31,1,1,Mid-Market,3764755
CUST0271,INV003580,23861.97,2025-12-18,2026-01-17,,Overdue,229,4,0,21,0,5,44,0,1,Mid-Market,1608242
CUST0123,INV003581,82652.83,2025-03-07,2025-04-06,2025-04-10,Paid,0,16,5,15,1,6,79,0,1,SMB,1306715
CUST0656,INV003582,5000.0,2026-04-05,2026-05-20,,Overdue,106,11,2,23,2,5,76,1,1,SMB,612621
CUST1281,INV003583,50341.44,2025-12-13,2026-01-27,,Overdue,219,29,11,0,1,5,65,0,0,Mid-Market,1780085
CUST1680,INV003584,87098.76,2025-11-21,2026-01-05,2026-01-11,Paid,0,13,4,1,1,0,25,0,1,Mid-Market,1944554
CUST1445,INV003585,12574.71,2026-08-22,2026-09-21,2026-10-02,Paid,0,1,1,8,0,1,10,0,1,Enterprise,4023313
CUST0259,INV003586,119871.52,2025-02-02,2025-03-04,,Overdue,548,13,1,10,1,0,33,0,0,Mid-Market,2727747
CUST0948,INV003587,11044.22,2025-03-09,2025-04-23,,Overdue,498,15,3,9,1,3,57,0,0,Enterprise,4350915
CUST0047,INV003588,34237.7,2025-07-06,2025-08-20,2025-08-20,Paid,0,7,0,0,1,1,42,0,1,SMB,2452187
CUST0863,INV003589,16207.47,2025-07-11,2025-08-25,,Overdue,374,28,10,15,0,6,52,0,0,Mid-Market,1608426
CUST0525,INV003590,16203.84,2025-08-01,2025-09-30,2025-10-07,Paid,0,5,0,9,2,3,63,1,1,Mid-Market,4422216
CUST0888,INV003591,11881.06,2026-08-23,2026-10-22,,Overdue,0,28,9,8,0,7,15,0,1,SMB,2964863
CUST0208,INV003592,44292.71,2026-03-04,2026-04-03,,Overdue,153,27,10,12,1,1,8,0,0,Mid-Market,2353554
CUST1335,INV003593,51472.63,2025-12-17,2026-01-16,,Overdue,230,25,6,14,0,1,38,0,0,Enterprise,3867042
CUST0747,INV003594,20652.21,2025-04-18,2025-05-18,2025-05-30,Paid,0,6,1,11,1,4,28,0,1,SMB,388540
CUST0149,INV003595,5653.51,2025-08-28,2025-09-27,,Overdue,341,24,6,2,0,7,72,0,0,SMB,4277995
CUST1858,INV003596,32963.96,2025-08-04,2025-09-03,2025-09-06,Paid,0,9,3,0,0,4,88,0,1,SMB,132806
CUST0438,INV003597,33591.03,2025-06-26,2025-08-10,2025-08-26,Paid,0,6,2,21,0,0,2,1,1,Mid-Market,2711198
CUST0155,INV003598,17734.82,2026-07-19,2026-08-03,2026-08-04,Paid,0,29,1,2,0,5,3,0,1,Enterprise,338963
CUST1702,INV003599,142519.1,2025-11-26,2026-01-10,2026-01-11,Paid,0,23,7,0,0,3,25,0,1,SMB,3701361
CUST1114,INV003600,5000.0,2026-07-15,2026-07-30,2026-08-05,Paid,0,6,0,12,0,2,34,0,1,Mid-Market,1609757
CUST1722,INV003601,5000.0,2026-03-26,2026-04-25,2026-05-04,Paid,0,22,5,17,1,0,36,1,1,SMB,2434775
CUST1854,INV003602,10605.89,2026-03-23,2026-05-22,,Overdue,104,2,0,25,2,7,81,0,0,Mid-Market,2523188
CUST0358,INV003603,44820.66,2026-06-21,2026-07-06,,Overdue,59,21,8,3,0,7,52,0,1,Mid-Market,2329176
CUST1198,INV003604,7662.97,2025-06-28,2025-07-28,2025-08-01,Paid,0,6,1,5,0,7,19,0,1,Enterprise,1102425
CUST1241,INV003605,8258.75,2026-01-30,2026-03-01,,Overdue,186,10,2,14,2,5,62,0,0,Enterprise,1411236
CUST1931,INV003606,57012.24,2025-05-25,2025-07-24,,Overdue,406,5,0,18,1,1,52,1,0,Mid-Market,3578880
CUST0456,INV003607,34980.57,2025-07-17,2025-08-31,,Overdue,368,20,7,6,3,1,83,0,0,SMB,295404
CUST0776,INV003608,32114.44,2025-03-25,2025-05-24,2025-06-05,Paid,0,12,2,19,1,4,30,0,1,SMB,3968949
CUST1633,INV003609,48118.83,2025-03-26,2025-05-25,2025-05-25,Paid,0,6,1,6,1,5,11,0,1,Mid-Market,2105845
CUST0629,INV003610,14397.46,2026-04-02,2026-05-17,,Overdue,109,6,4,13,2,7,9,0,1,SMB,2731206
CUST1223,INV003611,15078.36,2026-04-21,2026-05-21,2026-05-21,Paid,0,8,1,0,0,7,20,0,1,SMB,4235224
CUST0832,INV003612,49502.54,2025-09-10,2025-10-10,2025-10-22,Paid,0,24,7,16,1,5,4,1,1,SMB,307354
CUST0486,INV003613,5739.42,2025-03-13,2025-04-12,,Overdue,509,26,5,17,1,0,69,0,0,Enterprise,3130977
CUST0533,INV003614,5000.0,2025-08-11,2025-09-10,,Overdue,358,17,4,14,1,1,53,0,0,Enterprise,289779
CUST0200,INV003615,14281.44,2025-10-03,2025-11-17,2025-11-17,Paid,0,18,4,0,1,5,77,0,1,Mid-Market,4844821
CUST0371,INV003616,55875.05,2025-09-03,2025-10-03,2025-10-18,Paid,0,11,5,8,0,7,68,0,1,SMB,4435724
CUST1014,INV003617,28440.22,2025-12-07,2026-01-06,,Overdue,240,1,0,16,0,3,10,0,0,SMB,1445796
CUST1983,INV003618,51911.29,2026-07-27,2026-08-26,2026-09-02,Paid,0,26,6,4,0,2,66,0,1,SMB,2415885
CUST0853,INV003619,5000.0,2026-04-16,2026-05-16,2026-06-14,Paid,0,7,3,24,0,5,55,0,1,SMB,3013944
CUST1472,INV003620,30196.97,2026-03-30,2026-05-14,,Overdue,112,8,4,35,2,2,10,1,0,Mid-Market,400067
CUST0248,INV003621,42355.96,2025-01-07,2025-02-06,2025-02-06,Paid,0,3,0,3,1,3,47,0,1,Enterprise,2686722
CUST0788,INV003622,5705.6,2025-07-07,2025-08-21,,Overdue,378,19,3,18,3,0,66,0,0,SMB,2585232
CUST0264,INV003623,52159.29,2025-01-04,2025-01-19,2025-01-29,Paid,0,16,4,10,0,0,80,0,1,Mid-Market,3333616
CUST1082,INV003624,19702.11,2025-05-05,2025-07-04,,Overdue,426,23,7,16,1,6,71,1,0,SMB,4006778
CUST1326,INV003625,475126.66,2025-01-15,2025-01-30,2025-02-14,Paid,0,8,1,11,0,7,73,0,1,SMB,1365823
CUST0031,INV003626,5000.0,2026-06-09,2026-07-09,2026-07-20,Paid,0,29,9,10,0,2,24,0,1,Mid-Market,3591483
CUST1522,INV003627,86605.13,2025-08-28,2025-10-12,,Overdue,326,6,1,7,1,6,73,0,0,Enterprise,2196674
CUST1273,INV003628,14851.29,2025-12-26,2026-01-10,,Overdue,236,24,4,17,1,7,46,0,0,Mid-Market,4330650
CUST0605,INV003629,5000.0,2026-06-02,2026-06-17,2026-06-20,Paid,0,2,1,0,0,5,8,0,1,SMB,1499087
CUST1801,INV003630,13004.42,2025-11-16,2025-12-01,,Overdue,276,23,6,5,1,5,12,0,0,Enterprise,1905797
CUST1295,INV003631,29070.5,2025-08-19,2025-09-18,2025-09-27,Paid,0,12,3,13,0,7,2,0,1,Mid-Market,3875258
CUST1630,INV003632,62159.98,2025-01-30,2025-03-31,2025-04-02,Paid,0,21,7,6,0,2,9,0,1,SMB,4651731
CUST1690,INV003633,123249.28,2026-06-18,2026-07-18,,Overdue,47,6,1,24,0,3,71,1,0,Mid-Market,2671158
CUST1418,INV003634,91298.82,2025-06-05,2025-07-05,2025-07-14,Paid,0,14,4,17,0,6,29,0,1,SMB,614430
CUST1821,INV003635,8388.51,2026-02-03,2026-03-05,2026-03-08,Paid,0,7,3,1,0,7,84,0,1,SMB,3731890
CUST0502,INV003636,68197.6,2025-12-12,2025-12-27,,Overdue,250,9,2,9,0,2,23,0,0,Mid-Market,3544708
CUST1616,INV003637,32574.5,2025-07-14,2025-07-29,2025-08-21,Paid,0,7,2,20,0,7,89,0,1,Mid-Market,3121640
CUST1828,INV003638,11446.02,2025-06-17,2025-08-16,,Overdue,383,15,5,15,2,3,79,1,0,Enterprise,1082499
CUST1108,INV003639,17820.23,2026-01-12,2026-02-11,,Overdue,204,12,1,11,0,7,33,1,0,Mid-Market,665937
CUST1389,INV003640,10830.89,2026-05-04,2026-07-03,2026-07-16,Paid,0,27,6,10,0,3,16,0,1,Enterprise,4738118
CUST0886,INV003641,22858.82,2025-12-28,2026-01-27,,Overdue,219,17,6,24,1,4,9,1,0,SMB,1157810
CUST0549,INV003642,10618.38,2026-04-27,2026-06-11,2026-06-11,Paid,0,15,4,0,0,7,74,0,1,Mid-Market,3120771
CUST1366,INV003643,7879.39,2025-09-01,2025-10-31,,Overdue,307,15,5,30,2,5,36,0,0,SMB,948332
CUST0839,INV003644,35565.07,2026-08-04,2026-09-03,,Overdue,0,21,4,14,1,5,55,0,1,Mid-Market,814265
CUST1431,INV003645,41304.66,2026-08-12,2026-09-26,,Overdue,0,27,6,29,0,4,32,0,0,SMB,4876709
CUST1449,INV003646,18258.81,2025-06-20,2025-07-20,2025-08-03,Paid,0,14,5,12,2,7,47,1,1,Enterprise,3247445
CUST1768,INV003647,86478.52,2026-05-28,2026-06-27,,Overdue,68,11,1,37,1,1,14,0,1,SMB,3807454
CUST1117,INV003648,16976.23,2026-02-10,2026-03-12,2026-03-24,Paid,0,11,5,6,2,3,35,0,1,SMB,4517890
CUST0848,INV003649,16272.4,2026-07-28,2026-09-11,2026-09-29,Paid,0,20,4,13,0,3,14,1,1,Enterprise,1084186
CUST0614,INV003650,42637.48,2025-07-26,2025-08-25,,Overdue,374,13,6,20,0,6,1,0,0,SMB,2168433
CUST0412,INV003651,19294.48,2025-06-03,2025-07-03,,Overdue,427,13,5,20,0,1,51,0,0,Enterprise,211445
CUST0432,INV003652,23975.74,2025-02-17,2025-04-18,,Overdue,503,8,2,3,1,6,88,0,1,Mid-Market,1947501
CUST0678,INV003653,5000.0,2025-01-01,2025-01-31,2025-02-05,Paid,0,7,2,0,0,4,76,0,1,SMB,4413089
CUST0159,INV003654,22397.56,2026-02-11,2026-03-13,2026-03-13,Paid,0,20,5,4,0,3,48,0,1,SMB,569165
CUST0014,INV003655,5000.0,2025-04-17,2025-06-16,2025-07-02,Paid,0,13,5,10,0,0,58,0,1,SMB,616088
CUST0373,INV003656,6496.7,2025-06-22,2025-07-22,,Overdue,408,11,3,11,1,5,41,0,0,SMB,1599420
CUST0225,INV003657,5794.58,2026-05-21,2026-06-20,,Overdue,75,19,9,13,0,2,73,0,0,SMB,1810462
CUST1529,INV003658,7765.27,2025-05-10,2025-06-24,2025-07-08,Paid,0,6,0,19,0,2,13,0,1,Mid-Market,848658
CUST1097,INV003659,12722.74,2026-02-02,2026-03-04,2026-03-16,Paid,0,8,2,11,1,1,57,0,1,SMB,1083668
CUST1273,INV003660,13541.41,2025-10-21,2025-11-20,2025-11-20,Paid,0,19,3,0,1,4,26,0,1,Mid-Market,4330650
CUST0511,INV003661,42799.22,2026-07-06,2026-08-05,2026-08-22,Paid,0,5,0,22,0,2,15,0,1,Mid-Market,2894180
CUST0603,INV003662,27512.28,2026-03-23,2026-05-07,,Overdue,119,10,2,24,1,1,80,1,0,SMB,2928350
CUST0216,INV003663,5000.0,2025-01-16,2025-01-31,2025-02-10,Paid,0,1,0,15,1,7,10,1,1,SMB,493316
CUST1997,INV003664,23939.73,2025-12-15,2026-01-14,2026-01-26,Paid,0,26,3,9,0,6,17,1,1,Enterprise,4825275
CUST1626,INV003665,30280.38,2025-07-22,2025-08-21,2025-09-06,Paid,0,12,3,15,2,6,10,0,1,Mid-Market,3049610
CUST1565,INV003666,15858.07,2025-05-14,2025-06-13,,Overdue,447,26,10,24,1,6,47,0,0,Mid-Market,2530017
CUST1971,INV003667,20725.37,2026-06-10,2026-07-25,,Overdue,40,24,6,1,1,1,10,0,1,SMB,696275
CUST1841,INV003668,26643.76,2026-05-23,2026-06-22,2026-06-24,Paid,0,7,1,6,0,4,61,1,1,SMB,1280796
CUST1963,INV003669,47315.8,2025-03-07,2025-04-06,2025-04-06,Paid,0,8,4,6,0,4,35,0,1,Mid-Market,4358080
CUST0988,INV003670,5000.0,2026-04-25,2026-05-25,,Overdue,101,18,4,1,2,0,8,0,1,SMB,3341070
CUST1244,INV003671,17251.99,2026-04-04,2026-05-04,,Overdue,122,7,1,39,0,1,10,0,1,Mid-Market,1884907
CUST0840,INV003672,99542.11,2025-12-08,2026-01-07,,Overdue,239,14,5,13,0,1,71,0,0,Mid-Market,358617
CUST0727,INV003673,90822.41,2025-06-08,2025-07-08,2025-07-08,Paid,0,20,3,1,0,0,65,0,1,SMB,2514722
CUST1245,INV003674,51582.46,2025-06-10,2025-06-25,2025-06-25,Paid,0,18,3,0,0,3,69,0,1,Mid-Market,3911774
CUST1413,INV003675,37677.74,2025-09-11,2025-10-11,,Overdue,327,25,5,20,0,5,81,0,0,SMB,1210294
CUST0554,INV003676,115224.16,2026-06-11,2026-07-26,,Overdue,39,21,5,23,2,4,48,0,0,Mid-Market,4172186
CUST1671,INV003677,149918.64,2026-07-03,2026-08-02,,Overdue,32,23,6,22,2,0,20,0,1,SMB,1449769
CUST1066,INV003678,19359.14,2025-06-04,2025-07-04,,Overdue,426,4,1,31,0,7,68,0,0,Mid-Market,92291
CUST0676,INV003679,8354.6,2026-05-01,2026-06-30,2026-07-17,Paid,0,10,3,8,1,5,46,0,1,Enterprise,4649757
CUST0873,INV003680,16809.64,2026-03-08,2026-03-23,2026-03-26,Paid,0,11,4,0,0,6,36,0,1,Mid-Market,1456978
CUST0283,INV003681,487329.38,2025-01-27,2025-02-26,,Overdue,554,11,1,38,2,2,1,0,0,SMB,3675654
CUST1082,INV003682,5000.0,2025-01-12,2025-02-26,2025-03-09,Paid,0,20,3,5,1,1,50,0,1,SMB,4006778
CUST1838,INV003683,13759.17,2025-03-08,2025-03-23,2025-04-07,Paid,0,19,3,18,0,1,60,1,1,SMB,3400448
CUST0834,INV003684,5363.16,2026-06-26,2026-08-10,2026-08-10,Paid,0,1,0,4,0,7,29,1,1,SMB,1967160
CUST0537,INV003685,24953.36,2025-04-06,2025-06-05,,Overdue,455,2,1,23,2,4,20,0,0,Mid-Market,3608539
CUST1097,INV003686,6616.42,2025-08-03,2025-08-18,2025-08-21,Paid,0,9,2,0,2,6,29,1,1,SMB,1083668
CUST1909,INV003687,19756.72,2025-07-13,2025-08-27,,Overdue,372,17,8,38,0,3,16,0,0,SMB,267314
CUST0923,INV003688,5000.0,2025-10-17,2025-11-16,,Overdue,291,5,0,16,1,3,80,0,0,Enterprise,4395398
CUST1153,INV003689,40848.31,2026-06-28,2026-07-28,2026-07-29,Paid,0,2,1,0,0,7,40,0,1,Mid-Market,4495975
CUST1623,INV003690,74782.95,2025-02-08,2025-03-10,,Overdue,542,4,2,0,1,6,88,0,0,Mid-Market,515590
CUST0842,INV003691,15003.76,2025-07-25,2025-08-09,2025-08-19,Paid,0,27,6,11,1,4,17,0,1,Mid-Market,794748
CUST1450,INV003692,19242.37,2026-07-09,2026-08-08,2026-08-31,Paid,0,7,1,23,0,4,73,0,1,Mid-Market,3198491
CUST0948,INV003693,18705.87,2026-04-29,2026-05-14,,Overdue,112,21,5,7,2,6,20,1,0,Enterprise,4350915
CUST0665,INV003694,26394.49,2025-12-03,2026-01-17,,Overdue,229,17,3,25,0,3,46,1,0,SMB,1206083
CUST1718,INV003695,21201.57,2026-05-11,2026-06-10,,Overdue,85,3,1,2,0,4,24,1,1,Mid-Market,3888187
CUST1149,INV003696,47482.52,2025-09-06,2025-10-06,,Overdue,332,26,7,20,1,6,42,0,0,Enterprise,533455
CUST0067,INV003697,75586.97,2025-03-15,2025-04-14,,Overdue,507,9,3,9,0,5,85,0,0,SMB,1429904
CUST0006,INV003698,9758.84,2026-01-08,2026-02-07,,Overdue,208,1,0,19,0,3,81,0,0,SMB,1017561
CUST0637,INV003699,16166.1,2025-05-18,2025-06-17,,Overdue,443,26,6,4,3,5,50,0,0,Mid-Market,3652615
CUST0314,INV003700,54264.17,2026-04-02,2026-05-17,,Overdue,109,20,8,6,1,6,31,1,0,Enterprise,1974914
CUST1350,INV003701,5315.23,2026-03-20,2026-04-19,2026-05-01,Paid,0,21,3,0,1,6,14,0,1,SMB,3955513
CUST0565,INV003702,5000.0,2025-12-19,2026-01-18,2026-02-12,Paid,0,16,5,24,2,0,37,0,1,SMB,1212189
CUST1602,INV003703,27620.57,2026-02-15,2026-03-17,2026-03-17,Paid,0,26,6,7,1,1,13,0,1,SMB,3895474
CUST0826,INV003704,36183.06,2026-06-22,2026-08-06,2026-08-12,Paid,0,3,0,7,3,6,85,0,1,Enterprise,812371
CUST0506,INV003705,10696.8,2026-03-29,2026-04-28,,Overdue,128,19,3,7,0,4,43,0,1,SMB,2812081
CUST1106,INV003706,12349.23,2026-02-23,2026-03-25,2026-04-07,Paid,0,16,3,17,0,2,6,0,1,SMB,175355
CUST1623,INV003707,10299.06,2026-03-26,2026-05-10,2026-05-10,Paid,0,1,0,0,0,5,79,0,1,Mid-Market,515590
CUST1026,INV003708,9256.44,2026-08-08,2026-09-07,2026-09-12,Paid,0,22,5,0,0,6,14,0,1,SMB,1652970
CUST0204,INV003709,44068.29,2025-04-25,2025-06-09,2025-07-07,Paid,0,29,6,26,1,6,32,0,1,Enterprise,4790039
CUST0662,INV003710,6764.89,2025-02-20,2025-04-06,,Overdue,515,12,2,14,1,7,63,0,0,Enterprise,1261569
CUST0805,INV003711,16890.0,2026-01-04,2026-02-03,2026-02-05,Paid,0,20,3,6,0,2,9,1,1,SMB,2657622
CUST0404,INV003712,8907.63,2026-05-30,2026-07-29,,Overdue,36,24,7,21,0,6,46,0,0,Mid-Market,911069
CUST1127,INV003713,5139.5,2025-07-29,2025-09-12,,Overdue,356,6,2,14,2,2,74,0,0,SMB,142036
CUST0536,INV003714,52584.58,2026-03-11,2026-04-10,2026-05-09,Paid,0,3,2,26,0,7,83,0,1,Enterprise,838140
CUST1392,INV003715,13097.48,2025-08-15,2025-08-30,2025-09-11,Paid,0,28,5,6,0,5,67,0,1,SMB,3502814
CUST1236,INV003716,26593.98,2025-09-25,2025-10-25,,Overdue,313,7,3,4,3,3,32,0,0,SMB,2229441
CUST0577,INV003717,5000.0,2025-04-26,2025-05-26,,Overdue,465,3,0,0,1,0,1,0,0,SMB,858258
CUST1985,INV003718,10488.77,2026-08-23,2026-09-22,,Overdue,0,13,1,23,0,5,16,0,1,SMB,3640437
CUST1233,INV003719,46914.77,2025-12-26,2026-01-25,2026-02-17,Paid,0,16,5,23,0,0,32,1,1,SMB,1958911
CUST0763,INV003720,292807.73,2025-11-25,2025-12-25,,Overdue,252,14,3,19,0,4,66,0,0,SMB,214074
CUST1921,INV003721,5000.0,2025-02-09,2025-03-26,,Overdue,526,9,1,2,1,5,83,1,0,Mid-Market,4961077
CUST0117,INV003722,18013.78,2025-07-01,2025-08-15,,Overdue,384,8,0,0,1,6,47,1,0,Mid-Market,2319070
CUST0628,INV003723,33265.65,2026-05-05,2026-06-04,,Overdue,91,15,4,21,0,0,79,0,0,Mid-Market,3014391
CUST0749,INV003724,11895.31,2025-07-28,2025-08-27,2025-09-14,Paid,0,19,4,14,0,2,5,0,1,Enterprise,1468412
CUST1502,INV003725,51509.52,2025-09-30,2025-10-30,,Overdue,308,13,2,3,1,5,14,0,0,SMB,3765929
CUST0105,INV003726,9258.22,2025-04-29,2025-05-29,,Overdue,462,14,7,18,2,0,69,1,0,Enterprise,3653110
CUST0495,INV003727,25689.76,2026-01-17,2026-03-03,,Overdue,184,11,2,31,1,4,11,0,0,SMB,485477
CUST1795,INV003728,13068.08,2026-06-20,2026-07-20,2026-07-24,Paid,0,18,3,9,0,1,27,0,1,SMB,4148535
CUST0046,INV003729,74565.34,2025-09-15,2025-10-15,,Overdue,323,3,1,11,0,5,39,1,0,Mid-Market,4797647
CUST0823,INV003730,11199.62,2026-04-28,2026-05-28,,Overdue,98,29,6,21,0,2,7,0,1,SMB,2239921
CUST1355,INV003731,15492.73,2026-05-24,2026-06-23,,Overdue,72,4,0,24,0,5,2,0,0,SMB,705496
CUST1240,INV003732,56709.05,2025-04-02,2025-05-02,2025-05-19,Paid,0,3,2,13,0,3,49,0,1,SMB,1499466
CUST0982,INV003733,7879.04,2025-06-10,2025-07-10,,Overdue,420,25,5,0,0,7,42,0,0,Mid-Market,1424073
CUST0960,INV003734,23594.06,2025-05-29,2025-06-13,,Overdue,447,13,4,23,2,2,23,0,0,Mid-Market,1256184
CUST1516,INV003735,5000.0,2025-04-27,2025-05-12,2025-05-23,Paid,0,16,1,5,1,4,21,0,1,SMB,4442541
CUST1837,INV003736,7420.98,2026-04-03,2026-04-18,,Overdue,138,28,5,16,0,2,87,1,0,SMB,2936569
CUST1946,INV003737,32277.68,2026-07-19,2026-08-18,,Overdue,16,13,0,23,2,0,1,0,0,Mid-Market,849687
CUST0845,INV003738,8178.81,2025-02-14,2025-04-15,,Overdue,506,27,7,19,1,4,29,0,0,SMB,2527748
CUST0449,INV003739,12777.32,2025-08-22,2025-09-21,,Overdue,347,10,2,13,3,4,51,0,0,SMB,1862375
CUST0536,INV003740,36065.3,2026-01-10,2026-01-25,2026-02-08,Paid,0,18,4,12,2,1,35,1,1,Enterprise,838140
CUST0511,INV003741,12342.62,2026-07-01,2026-08-15,2026-08-24,Paid,0,8,3,5,2,2,35,0,1,Mid-Market,2894180
CUST1482,INV003742,50153.42,2025-07-16,2025-09-14,,Overdue,354,7,2,15,1,6,37,0,0,SMB,749895
CUST1571,INV003743,27327.88,2025-01-25,2025-02-24,2025-02-28,Paid,0,17,5,1,0,2,47,0,1,Mid-Market,2054517
CUST1560,INV003744,34053.33,2026-01-30,2026-03-01,,Overdue,186,22,5,20,2,2,18,1,0,Enterprise,4653623
CUST0540,INV003745,76188.48,2025-02-05,2025-03-07,,Overdue,545,6,1,21,1,7,6,0,0,SMB,4776276
CUST1508,INV003746,30327.89,2026-04-19,2026-05-19,,Overdue,107,15,6,11,0,4,74,0,1,Mid-Market,1023737
CUST2000,INV003747,102626.07,2025-08-11,2025-09-10,,Overdue,358,9,2,5,2,0,28,0,0,SMB,1701348
CUST0016,INV003748,54789.96,2026-06-14,2026-08-13,2026-08-13,Paid,0,28,6,0,0,6,58,0,1,SMB,708003
CUST1595,INV003749,13050.05,2025-07-07,2025-08-21,2025-08-21,Paid,0,10,3,4,0,1,76,1,1,Mid-Market,2977053
CUST0243,INV003750,80269.75,2026-02-06,2026-04-07,2026-04-16,Paid,0,27,5,5,0,1,68,0,1,Enterprise,3230246
CUST1974,INV003751,28677.44,2025-09-14,2025-10-14,2025-10-23,Paid,0,8,1,13,0,3,25,0,1,Mid-Market,2648133
CUST1231,INV003752,14843.54,2025-05-16,2025-07-15,,Overdue,415,7,1,3,1,1,71,0,0,Enterprise,4890351
CUST0912,INV003753,29096.86,2026-08-14,2026-09-13,,Overdue,0,29,8,21,0,2,38,0,1,SMB,2765223
CUST1295,INV003754,66991.89,2026-03-20,2026-04-19,2026-05-13,Paid,0,23,6,26,0,3,84,0,1,Mid-Market,3875258
CUST0761,INV003755,34719.09,2026-02-22,2026-04-08,2026-04-23,Paid,0,5,0,13,1,3,55,0,1,SMB,4560784
CUST1803,INV003756,136269.91,2025-10-19,2025-11-18,2025-11-21,Paid,0,18,7,0,0,0,44,0,1,SMB,4686440
CUST0705,INV003757,65285.85,2026-07-28,2026-08-27,2026-08-27,Paid,0,16,4,0,1,1,23,0,1,SMB,1598485
CUST1871,INV003758,37166.39,2025-05-09,2025-06-23,,Overdue,437,15,5,13,2,5,59,1,0,Mid-Market,3550967
CUST1754,INV003759,7894.58,2025-12-07,2026-01-06,,Overdue,240,10,2,8,2,1,72,0,0,SMB,1792166
CUST0115,INV003760,18402.97,2025-09-14,2025-10-14,,Overdue,324,29,11,2,0,2,81,0,0,Mid-Market,4513158
CUST1604,INV003761,23662.91,2026-07-20,2026-08-19,,Overdue,15,28,9,9,1,0,29,0,1,SMB,3282452
CUST1323,INV003762,44206.69,2025-04-10,2025-05-25,,Overdue,466,21,5,36,0,4,48,0,0,Enterprise,2072784
CUST1861,INV003763,41661.51,2025-02-08,2025-03-10,,Overdue,542,1,1,30,1,6,54,0,0,Mid-Market,1328673
CUST1507,INV003764,26096.08,2025-09-20,2025-10-20,,Overdue,318,27,8,30,1,7,26,1,0,Mid-Market,2003341
CUST0397,INV003765,24843.46,2025-05-30,2025-06-14,2025-06-16,Paid,0,26,6,8,0,4,10,1,1,Enterprise,1422070
CUST0394,INV003766,45272.58,2025-11-26,2026-01-10,,Overdue,236,6,4,9,2,4,75,0,0,Mid-Market,3035696
CUST1099,INV003767,9333.95,2025-04-30,2025-05-30,2025-06-22,Paid,0,15,3,22,2,3,79,0,1,Mid-Market,347675
CUST0978,INV003768,120032.26,2026-08-07,2026-09-06,,Overdue,0,2,0,13,1,5,82,0,1,SMB,241387
CUST1506,INV003769,5000.0,2025-08-07,2025-09-06,,Overdue,362,12,5,18,1,4,68,0,0,SMB,2759236
CUST1127,INV003770,94410.68,2025-05-03,2025-06-02,,Overdue,458,1,0,0,1,2,69,0,0,SMB,142036
CUST0297,INV003771,21053.34,2025-09-01,2025-10-01,2025-10-11,Paid,0,15,3,16,0,4,70,0,1,Mid-Market,1054001
CUST1002,INV003772,60028.81,2026-08-10,2026-09-09,2026-09-14,Paid,0,13,2,0,0,5,10,1,1,Mid-Market,2033044
CUST0178,INV003773,31692.66,2026-06-02,2026-07-02,2026-07-03,Paid,0,1,0,0,0,1,19,0,1,SMB,4465677
CUST1239,INV003774,31133.34,2025-01-21,2025-03-07,,Overdue,545,1,0,8,1,6,76,1,0,Enterprise,3608818
CUST0967,INV003775,38340.21,2025-07-09,2025-09-07,,Overdue,361,4,0,22,0,0,59,0,0,Mid-Market,4189289
CUST0315,INV003776,49466.67,2025-08-13,2025-08-28,,Overdue,371,28,5,16,1,0,24,0,0,Mid-Market,4060162
CUST1063,INV003777,15853.87,2026-04-11,2026-05-11,,Overdue,115,21,7,10,1,1,80,0,1,Mid-Market,4834808
CUST0259,INV003778,61994.39,2025-04-09,2025-05-09,2025-05-14,Paid,0,14,1,0,1,0,73,1,1,Mid-Market,2727747
CUST1740,INV003779,7446.72,2025-12-29,2026-01-28,,Overdue,218,21,5,0,0,5,77,0,1,SMB,2749134
CUST0007,INV003780,21909.36,2025-03-24,2025-04-08,,Overdue,513,27,6,9,0,6,18,0,0,SMB,2048671
CUST0049,INV003781,50816.17,2025-02-25,2025-03-27,,Overdue,525,17,8,9,0,0,32,0,1,Mid-Market,2415600
CUST1562,INV003782,59576.57,2025-01-22,2025-02-06,2025-02-16,Paid,0,13,3,11,1,1,19,0,1,SMB,3798294
CUST0161,INV003783,34919.09,2026-08-03,2026-09-02,,Overdue,1,12,2,30,1,2,38,0,1,SMB,3490866
CUST1893,INV003784,14862.66,2025-07-04,2025-08-03,2025-08-16,Paid,0,27,4,13,2,3,21,0,1,Mid-Market,2165226
CUST0176,INV003785,53998.3,2026-06-06,2026-07-06,,Overdue,59,6,2,25,0,4,56,0,1,SMB,906047
CUST1615,INV003786,11278.28,2026-08-01,2026-08-31,,Overdue,3,19,3,5,1,1,85,0,1,SMB,2449146
CUST1026,INV003787,126932.29,2025-09-21,2025-10-21,,Overdue,317,20,8,0,2,1,57,0,0,SMB,1652970
CUST1001,INV003788,20238.24,2025-08-13,2025-09-27,,Overdue,341,16,4,23,0,7,49,0,0,SMB,4201923
CUST1919,INV003789,5000.0,2025-02-07,2025-03-09,,Overdue,543,21,5,25,1,0,6,0,0,SMB,3338210
CUST0455,INV003790,6669.61,2025-05-03,2025-06-02,,Overdue,458,16,5,27,0,6,55,0,0,SMB,749539
CUST1952,INV003791,23009.07,2025-06-05,2025-07-20,2025-07-20,Paid,0,12,2,3,1,4,2,0,1,SMB,400679
CUST1668,INV003792,25332.04,2025-10-28,2025-12-12,2025-12-12,Paid,0,29,6,6,1,3,6,1,1,Enterprise,1479290
CUST0276,INV003793,157890.44,2025-03-08,2025-04-22,,Overdue,499,20,2,6,2,3,81,0,0,Mid-Market,2417555
CUST0498,INV003794,7797.05,2026-01-29,2026-02-28,2026-03-12,Paid,0,20,7,17,0,1,30,0,1,SMB,4377308
CUST1653,INV003795,22913.06,2026-08-17,2026-10-01,2026-10-01,Paid,0,26,6,3,1,5,55,1,1,SMB,1999902
CUST0676,INV003796,7635.61,2026-07-24,2026-09-07,,Overdue,0,13,4,15,0,6,11,1,1,Enterprise,4649757
CUST1824,INV003797,13458.22,2026-02-09,2026-03-26,,Overdue,161,1,1,21,1,6,25,0,0,Mid-Market,669696
CUST1052,INV003798,118654.6,2026-03-25,2026-04-09,,Overdue,147,18,5,19,1,7,35,0,0,Mid-Market,3394250
CUST1357,INV003799,7070.34,2025-05-11,2025-05-26,2025-05-26,Paid,0,2,0,2,2,6,73,0,1,Enterprise,3255228
CUST1025,INV003800,39618.14,2025-03-10,2025-04-24,,Overdue,497,2,1,22,2,2,89,1,1,Enterprise,3745727
CUST1212,INV003801,32627.39,2025-12-11,2026-02-09,2026-02-21,Paid,0,26,6,13,0,2,8,1,1,SMB,828799
CUST0056,INV003802,21500.44,2025-11-16,2025-12-31,2026-01-06,Paid,0,1,0,6,2,1,67,0,1,Enterprise,738725
CUST0547,INV003803,37028.26,2025-06-26,2025-08-10,,Overdue,389,10,2,22,0,7,86,0,0,SMB,2277503
CUST1136,INV003804,6904.85,2026-08-07,2026-09-06,,Overdue,0,24,4,13,0,5,24,1,1,SMB,2441098
CUST1822,INV003805,115418.8,2026-06-13,2026-07-13,,Overdue,52,1,1,26,1,2,21,0,0,SMB,922834
CUST1334,INV003806,150971.37,2025-06-09,2025-07-24,,Overdue,406,14,3,23,0,5,16,0,0,Enterprise,1408126
CUST0036,INV003807,23088.84,2026-08-05,2026-09-19,2026-10-07,Paid,0,8,1,19,1,7,46,1,1,Mid-Market,3607689
CUST0439,INV003808,248477.14,2026-06-17,2026-08-01,,Overdue,33,1,1,12,2,4,36,1,0,Mid-Market,2229431
CUST1753,INV003809,14779.14,2025-05-15,2025-07-14,,Overdue,416,14,5,0,1,2,10,1,0,SMB,1833611
CUST1616,INV003810,32873.82,2025-04-21,2025-05-21,2025-05-21,Paid,0,10,3,0,1,4,66,0,1,Mid-Market,3121640
CUST1850,INV003811,92216.01,2025-10-10,2025-10-25,,Overdue,313,19,8,38,2,6,17,0,0,Mid-Market,3032202
CUST0595,INV003812,13918.8,2026-06-04,2026-08-03,,Overdue,31,25,9,17,0,5,75,0,0,Enterprise,4516951
CUST1601,INV003813,5532.81,2025-07-13,2025-08-12,,Overdue,387,8,4,25,0,2,73,1,0,SMB,1706042
CUST1349,INV003814,5000.0,2025-02-16,2025-04-02,,Overdue,519,2,0,14,2,5,57,0,0,Enterprise,2500979
CUST1664,INV003815,172961.89,2025-12-08,2026-02-06,2026-02-22,Paid,0,4,0,11,1,7,10,0,1,SMB,1517172
CUST0307,INV003816,12977.54,2025-08-30,2025-09-29,,Overdue,339,24,5,13,0,3,75,0,1,Mid-Market,3507550
CUST1558,INV003817,18292.81,2026-06-06,2026-07-21,,Overdue,44,12,4,14,0,1,79,0,1,SMB,3321557
CUST1752,INV003818,7238.98,2026-01-05,2026-02-04,2026-02-17,Paid,0,29,10,12,1,7,66,0,1,SMB,921535
CUST0619,INV003819,56859.54,2025-05-11,2025-06-25,,Overdue,435,9,3,28,1,5,17,0,0,Mid-Market,3781404
CUST1133,INV003820,10081.33,2025-09-27,2025-10-12,2025-10-22,Paid,0,23,6,21,1,5,75,0,1,SMB,1040029
CUST1396,INV003821,13476.96,2025-03-02,2025-04-16,,Overdue,505,1,0,16,0,7,32,0,0,Mid-Market,2941912
CUST0357,INV003822,29718.36,2025-06-13,2025-07-28,2025-08-15,Paid,0,8,0,21,1,6,69,1,1,SMB,2104376
CUST0181,INV003823,7600.38,2026-06-09,2026-07-09,2026-07-28,Paid,0,28,8,22,1,4,18,0,1,SMB,4615537
CUST1380,INV003824,18424.15,2025-09-29,2025-11-13,,Overdue,294,17,9,16,2,6,46,0,0,Mid-Market,1040121
CUST1700,INV003825,89519.31,2025-05-13,2025-07-12,,Overdue,418,16,3,18,1,3,46,0,0,Mid-Market,919446
CUST0068,INV003826,33801.3,2025-09-01,2025-10-16,2025-11-07,Paid,0,15,4,19,0,1,2,0,1,Mid-Market,3899033
CUST0292,INV003827,25097.97,2026-03-10,2026-05-09,,Overdue,117,9,3,19,1,6,27,0,0,SMB,2721252
CUST0692,INV003828,27306.08,2025-02-07,2025-03-09,2025-03-15,Paid,0,8,1,12,3,3,8,1,1,SMB,2926280
CUST0181,INV003829,14926.07,2026-07-22,2026-08-21,,Overdue,13,20,7,20,2,4,28,0,1,SMB,4615537
CUST1490,INV003830,162129.77,2025-11-15,2025-12-15,,Overdue,262,26,7,1,0,2,56,1,0,SMB,1896585
CUST0434,INV003831,9777.54,2026-05-25,2026-07-24,2026-07-27,Paid,0,14,4,14,0,1,49,0,1,SMB,723218
CUST1488,INV003832,27198.75,2026-01-11,2026-01-26,2026-02-10,Paid,0,12,4,12,0,5,69,0,1,Mid-Market,2599565
CUST1705,INV003833,24711.54,2026-07-14,2026-08-13,2026-09-02,Paid,0,27,5,20,0,5,27,0,1,SMB,2347905
CUST0914,INV003834,60401.09,2026-04-19,2026-05-19,,Overdue,107,15,4,5,4,7,89,0,1,SMB,3695525
CUST1558,INV003835,66381.52,2025-02-28,2025-03-30,2025-04-03,Paid,0,4,0,7,0,6,27,0,1,SMB,3321557
CUST0066,INV003836,21332.38,2026-08-12,2026-10-11,,Overdue,0,4,0,4,1,3,12,0,1,Mid-Market,2495840
CUST1045,INV003837,29456.4,2026-05-14,2026-06-13,,Overdue,82,22,6,18,1,2,4,0,0,Enterprise,834192
CUST1636,INV003838,30593.25,2025-08-06,2025-10-05,,Overdue,333,2,0,0,1,0,52,0,0,SMB,3488780
CUST0384,INV003839,5000.0,2026-07-21,2026-08-20,2026-08-28,Paid,0,4,1,3,1,4,57,1,1,Enterprise,1251838
CUST1836,INV003840,5000.0,2026-07-21,2026-09-19,2026-09-19,Paid,0,20,5,0,0,4,34,1,1,Mid-Market,1900924
CUST1639,INV003841,12027.32,2025-05-09,2025-06-08,,Overdue,452,24,7,5,0,5,50,0,0,Enterprise,1596933
CUST1583,INV003842,12561.62,2026-01-18,2026-02-17,,Overdue,198,18,7,12,1,2,24,0,0,Mid-Market,4496460
CUST0039,INV003843,6639.01,2026-01-23,2026-02-22,2026-03-23,Paid,0,15,2,24,1,2,36,0,1,Mid-Market,1913236
CUST1309,INV003844,46610.57,2025-03-26,2025-04-25,,Overdue,496,8,0,25,1,7,53,0,0,SMB,394126
CUST0822,INV003845,22073.18,2026-05-25,2026-06-24,2026-06-30,Paid,0,28,6,0,1,1,17,1,1,SMB,4993772
CUST0602,INV003846,17770.68,2026-03-13,2026-04-12,2026-04-27,Paid,0,10,3,8,0,5,32,0,1,SMB,1088336
CUST1621,INV003847,6271.96,2025-10-20,2025-11-19,,Overdue,288,27,9,16,0,3,54,0,1,SMB,1000922
CUST0785,INV003848,21066.83,2025-02-18,2025-03-20,2025-04-01,Paid,0,2,0,9,1,0,60,0,1,SMB,3030248
CUST1360,INV003849,5000.0,2025-03-08,2025-04-07,,Overdue,514,25,8,4,0,5,55,0,0,Mid-Market,126240
CUST1212,INV003850,18714.31,2025-05-09,2025-06-08,2025-06-08,Paid,0,9,1,0,1,1,62,1,1,SMB,828799
CUST0671,INV003851,23463.09,2025-01-29,2025-03-15,,Overdue,537,16,4,1,1,1,59,0,0,SMB,1329180
CUST1267,INV003852,28054.8,2025-12-09,2026-02-07,,Overdue,208,22,5,25,0,0,76,0,0,SMB,4230266
CUST1097,INV003853,5000.0,2026-06-29,2026-07-29,,Overdue,36,26,2,23,0,5,6,0,1,SMB,1083668
CUST0479,INV003854,27579.19,2025-04-29,2025-05-29,,Overdue,462,12,1,39,2,4,32,1,0,Enterprise,1571466
CUST1998,INV003855,7774.22,2025-05-13,2025-06-12,,Overdue,448,5,1,21,0,6,2,0,0,SMB,2533502
CUST0561,INV003856,9774.48,2025-11-23,2025-12-23,2025-12-23,Paid,0,7,4,2,0,1,16,0,1,Mid-Market,4087106
CUST0101,INV003857,45158.39,2025-07-04,2025-08-18,,Overdue,381,15,2,17,3,7,55,1,0,SMB,4520013
CUST0514,INV003858,165068.15,2026-05-21,2026-06-20,,Overdue,75,13,2,18,1,5,68,0,1,Enterprise,1722795
CUST1780,INV003859,23187.27,2026-06-18,2026-07-18,,Overdue,47,8,5,19,3,4,28,0,0,Mid-Market,1688846
CUST0176,INV003860,9729.37,2025-08-29,2025-09-28,2025-10-09,Paid,0,24,6,10,2,3,80,1,1,SMB,906047
CUST0238,INV003861,26600.11,2026-08-12,2026-09-26,,Overdue,0,19,3,9,1,2,23,1,1,SMB,2431306
CUST0910,INV003862,56332.63,2026-05-31,2026-06-30,,Overdue,65,19,5,17,0,3,47,1,1,SMB,474528
CUST1083,INV003863,40986.48,2025-06-14,2025-08-13,2025-08-23,Paid,0,5,1,4,0,2,10,1,1,SMB,4803267
CUST1889,INV003864,342187.08,2026-07-11,2026-09-09,,Overdue,0,21,7,23,0,1,61,1,1,Mid-Market,3652571
CUST1123,INV003865,10771.54,2025-08-06,2025-09-05,2025-09-05,Paid,0,18,1,1,0,2,82,0,1,Enterprise,1185627
CUST1978,INV003866,28345.72,2025-01-05,2025-01-20,2025-01-20,Paid,0,21,11,0,0,7,53,0,1,SMB,1258468
CUST0871,INV003867,103664.81,2025-03-22,2025-04-21,,Overdue,500,17,2,8,2,0,68,0,0,SMB,2714749
CUST1978,INV003868,97358.88,2025-09-04,2025-10-04,,Overdue,334,27,7,18,0,0,85,1,0,SMB,1258468
CUST0495,INV003869,5000.0,2026-05-08,2026-06-07,,Overdue,88,7,2,22,1,3,59,1,1,SMB,485477
CUST0947,INV003870,21952.63,2026-01-21,2026-02-20,,Overdue,195,14,4,17,0,0,16,0,1,SMB,1144316
CUST1538,INV003871,97199.49,2026-07-29,2026-08-28,2026-09-05,Paid,0,15,3,6,1,3,36,1,1,Mid-Market,2976979
CUST0755,INV003872,396583.94,2025-11-03,2025-11-18,2025-11-29,Paid,0,27,9,10,0,4,19,0,1,SMB,1408097
CUST1321,INV003873,44524.54,2026-06-27,2026-08-26,2026-09-04,Paid,0,23,5,8,1,4,21,0,1,SMB,3816001
CUST0211,INV003874,15246.98,2025-01-07,2025-03-08,,Overdue,544,17,3,23,0,3,39,0,0,Mid-Market,4070120
CUST1147,INV003875,8028.85,2026-05-30,2026-06-29,,Overdue,66,3,1,14,1,3,37,0,1,Mid-Market,4158502
CUST1253,INV003876,202550.27,2026-07-22,2026-08-21,2026-09-20,Paid,0,24,4,26,1,6,57,1,1,SMB,94816
CUST1618,INV003877,45649.21,2025-03-14,2025-03-29,,Overdue,523,13,2,20,3,7,21,1,0,Mid-Market,4882303
CUST1680,INV003878,9432.66,2025-01-10,2025-03-11,2025-03-22,Paid,0,11,2,9,0,3,85,1,1,Mid-Market,1944554
CUST1412,INV003879,17976.91,2026-07-27,2026-09-25,,Overdue,0,25,6,11,1,6,13,0,1,SMB,4961408
CUST0140,INV003880,30037.04,2026-07-16,2026-08-15,,Overdue,19,3,0,13,3,5,1,1,0,Enterprise,323349
CUST0541,INV003881,37941.72,2025-05-02,2025-06-01,2025-06-10,Paid,0,6,4,11,0,5,35,1,1,Enterprise,4638727
CUST1415,INV003882,8958.71,2026-05-28,2026-06-27,,Overdue,68,6,2,20,0,6,50,1,1,Mid-Market,2394688
CUST0270,INV003883,11918.05,2026-03-17,2026-04-16,,Overdue,140,22,10,16,0,2,53,0,1,SMB,145028
CUST1783,INV003884,5000.0,2025-02-07,2025-03-24,,Overdue,528,21,7,7,0,5,9,0,1,SMB,1509410
CUST1036,INV003885,62302.84,2026-08-14,2026-09-13,,Overdue,0,6,0,32,0,5,86,1,1,Mid-Market,1470858
CUST1891,INV003886,15652.43,2025-12-11,2026-02-09,,Overdue,206,6,1,14,3,0,57,0,0,SMB,3929928
CUST1413,INV003887,35112.82,2025-12-04,2025-12-19,2025-12-26,Paid,0,26,3,2,1,2,6,1,1,SMB,1210294
CUST1361,INV003888,91332.18,2025-07-03,2025-08-17,,Overdue,382,6,3,18,2,2,48,0,0,Enterprise,4479899
CUST0506,INV003889,27443.1,2025-03-08,2025-04-07,2025-04-08,Paid,0,29,8,1,0,6,59,0,1,SMB,2812081
CUST1130,INV003890,19673.53,2025-01-17,2025-02-16,,Overdue,564,24,4,15,0,2,87,1,0,SMB,3712340
CUST0032,INV003891,26740.15,2026-01-18,2026-03-04,2026-03-17,Paid,0,14,7,11,0,4,67,0,1,SMB,2642631
CUST1098,INV003892,23463.32,2026-01-03,2026-03-04,2026-03-23,Paid,0,11,4,13,0,7,84,0,1,SMB,2523199
CUST1195,INV003893,76585.65,2025-11-12,2025-12-27,,Overdue,250,16,5,4,2,6,22,0,1,SMB,787090
CUST1873,INV003894,30056.63,2026-05-12,2026-06-26,2026-07-05,Paid,0,22,4,11,1,4,21,0,1,Mid-Market,525278
CUST1093,INV003895,12779.52,2025-12-11,2026-01-25,2026-02-05,Paid,0,28,6,11,0,2,15,0,1,Mid-Market,4720432
CUST0813,INV003896,62808.71,2026-07-07,2026-08-06,,Overdue,28,19,6,12,2,1,49,0,0,SMB,429039
CUST0362,INV003897,75394.1,2026-04-18,2026-06-02,,Overdue,93,7,2,31,0,2,79,0,0,Mid-Market,4157834
CUST1673,INV003898,5777.17,2025-04-25,2025-06-09,,Overdue,451,6,2,6,1,1,50,1,0,Enterprise,4689059
CUST1457,INV003899,102005.69,2025-04-10,2025-05-10,,Overdue,481,11,4,14,0,1,47,0,0,Mid-Market,2064017
CUST0929,INV003900,31720.29,2026-03-14,2026-04-13,2026-04-19,Paid,0,25,4,0,0,6,79,0,1,Mid-Market,1444316
CUST0100,INV003901,29239.33,2025-12-11,2026-01-25,2026-01-25,Paid,0,4,0,0,2,0,69,1,1,SMB,1776199
CUST1682,INV003902,60272.1,2025-12-15,2026-01-29,,Overdue,217,1,0,9,0,3,41,0,0,Enterprise,997272
CUST0009,INV003903,12494.25,2025-05-19,2025-06-18,,Overdue,442,22,5,26,0,6,84,0,1,Mid-Market,4999982
CUST1598,INV003904,57191.73,2025-11-20,2026-01-04,2026-01-07,Paid,0,9,2,0,1,2,22,0,1,SMB,4690176
CUST0697,INV003905,15111.7,2025-10-29,2025-12-13,,Overdue,264,13,5,19,0,2,77,0,0,SMB,4446650
CUST1053,INV003906,5039.44,2025-10-21,2025-11-20,2025-12-09,Paid,0,8,2,24,0,2,62,0,1,Enterprise,3416085
CUST1917,INV003907,8121.29,2026-06-13,2026-07-28,,Overdue,37,2,1,26,1,3,78,1,0,Enterprise,631904
CUST1138,INV003908,38832.85,2025-10-19,2025-11-18,2025-12-10,Paid,0,16,3,19,0,7,10,1,1,SMB,2635917
CUST0462,INV003909,8557.23,2025-03-15,2025-03-30,,Overdue,522,19,4,4,2,6,74,1,0,Mid-Market,3076394
CUST0921,INV003910,110202.64,2026-04-29,2026-05-29,2026-06-04,Paid,0,8,5,0,1,1,19,0,1,Enterprise,710327
CUST1167,INV003911,72350.92,2025-01-16,2025-03-17,,Overdue,535,12,3,0,1,6,88,0,0,Mid-Market,3716344
CUST0390,INV003912,83569.94,2026-06-10,2026-06-25,,Overdue,70,11,4,31,0,2,43,0,0,Mid-Market,2145588
CUST0632,INV003913,24953.73,2025-12-02,2026-01-16,,Overdue,230,9,2,21,0,2,65,0,0,Enterprise,287199
CUST0682,INV003914,28505.76,2026-05-31,2026-06-30,2026-07-17,Paid,0,24,4,18,0,3,27,1,1,SMB,2619931
CUST0157,INV003915,6676.09,2025-05-07,2025-07-06,,Overdue,424,10,2,0,0,4,8,0,0,Mid-Market,3025635
CUST0335,INV003916,59622.21,2026-06-02,2026-07-17,2026-08-08,Paid,0,1,0,18,0,3,54,0,1,SMB,3171881
CUST1885,INV003917,32203.6,2025-05-09,2025-07-08,,Overdue,422,19,5,14,0,5,81,0,0,SMB,2871839
CUST0260,INV003918,38843.87,2026-05-26,2026-07-10,2026-07-27,Paid,0,29,5,15,0,3,28,0,1,SMB,2459381
CUST0082,INV003919,119170.65,2026-02-27,2026-04-13,,Overdue,143,27,6,8,0,4,44,0,0,Mid-Market,4868750
CUST0754,INV003920,12016.51,2026-01-20,2026-02-19,2026-02-27,Paid,0,24,3,14,1,7,24,0,1,SMB,3160691
CUST1465,INV003921,19416.11,2025-08-20,2025-09-19,2025-09-21,Paid,0,17,4,2,2,0,65,0,1,Enterprise,4664466
CUST1969,INV003922,30536.28,2025-07-14,2025-08-13,,Overdue,386,28,11,13,1,3,8,1,0,SMB,4480675
CUST1196,INV003923,8643.51,2025-03-06,2025-04-20,2025-04-22,Paid,0,23,5,0,1,7,2,0,1,Enterprise,964565
CUST1255,INV003924,18258.78,2025-10-04,2025-11-03,2025-11-30,Paid,0,4,0,22,1,3,18,1,1,Mid-Market,4213960
CUST0720,INV003925,36060.37,2025-08-12,2025-09-11,,Overdue,357,12,3,20,0,5,79,0,0,Mid-Market,2245690
CUST0075,INV003926,15908.02,2025-10-05,2025-12-04,,Overdue,273,23,6,19,2,2,61,0,0,Mid-Market,2553292
CUST1294,INV003927,81551.45,2026-01-01,2026-02-15,,Overdue,200,20,5,0,2,1,42,0,0,Mid-Market,2045141
CUST1923,INV003928,5000.0,2026-05-31,2026-07-30,2026-08-12,Paid,0,8,2,13,0,1,40,0,1,Mid-Market,1995537
CUST0626,INV003929,67695.25,2025-08-03,2025-09-02,,Overdue,366,28,10,19,0,6,4,0,0,SMB,3217759
CUST0062,INV003930,42667.19,2026-03-15,2026-04-14,,Overdue,142,22,9,20,0,7,64,0,0,SMB,728841
CUST0874,INV003931,12471.13,2026-03-04,2026-04-03,,Overdue,153,26,7,30,0,3,39,0,0,SMB,2971989
CUST0320,INV003932,8739.35,2026-01-31,2026-02-15,,Overdue,200,26,6,2,2,1,79,0,0,SMB,3095915
CUST0102,INV003933,5000.0,2025-07-28,2025-08-27,2025-09-09,Paid,0,29,4,9,0,2,77,1,1,Mid-Market,4418327
CUST1453,INV003934,9945.0,2026-05-16,2026-06-15,2026-06-29,Paid,0,16,3,16,1,6,10,1,1,Enterprise,3889847
CUST0874,INV003935,62766.49,2026-04-08,2026-04-23,,Overdue,133,24,5,14,1,3,34,0,0,SMB,2971989
CUST1746,INV003936,20825.1,2026-08-09,2026-09-08,,Overdue,0,28,4,21,3,3,27,1,1,SMB,4647855
CUST0954,INV003937,70472.71,2025-08-15,2025-09-14,2025-09-14,Paid,0,1,1,0,0,3,45,0,1,Enterprise,1085891
CUST0255,INV003938,11850.54,2026-01-10,2026-01-25,,Overdue,221,9,4,9,0,2,88,0,1,SMB,2588568
CUST1556,INV003939,44672.18,2026-05-15,2026-06-29,2026-06-29,Paid,0,11,5,9,0,1,10,1,1,SMB,3622401
CUST0570,INV003940,10748.28,2025-04-03,2025-05-18,,Overdue,473,12,4,20,0,3,77,0,0,SMB,4211900
CUST0112,INV003941,8386.89,2026-04-05,2026-05-20,,Overdue,106,9,3,24,1,6,83,1,1,SMB,1278807
CUST0985,INV003942,19788.83,2026-07-31,2026-08-30,,Overdue,4,6,1,15,1,4,37,0,1,Mid-Market,4422352
CUST1337,INV003943,11328.01,2025-11-17,2026-01-16,2026-02-13,Paid,0,29,10,32,1,3,3,0,1,SMB,586644
CUST0998,INV003944,5000.0,2025-01-10,2025-03-11,,Overdue,541,9,2,11,0,1,15,1,0,SMB,1780992
CUST0461,INV003945,18355.51,2025-10-30,2025-11-29,,Overdue,278,6,0,6,1,0,62,0,1,SMB,4812606
CUST0708,INV003946,24500.17,2025-11-18,2025-12-18,2026-01-05,Paid,0,6,2,28,1,7,9,0,1,Mid-Market,3435744
CUST0887,INV003947,78304.36,2026-04-01,2026-04-16,2026-04-19,Paid,0,29,7,10,0,0,67,0,1,Mid-Market,862283
CUST1486,INV003948,56207.51,2025-10-05,2025-11-19,2025-11-19,Paid,0,20,5,5,0,7,4,0,1,SMB,1294360
CUST1889,INV003949,74603.54,2026-08-21,2026-09-20,,Overdue,0,3,1,22,0,0,29,0,0,Mid-Market,3652571
CUST1116,INV003950,45268.08,2026-06-22,2026-08-21,2026-08-21,Paid,0,3,1,5,0,5,29,0,1,Mid-Market,3482207
CUST1076,INV003951,30718.27,2026-01-28,2026-02-27,2026-03-09,Paid,0,16,2,18,0,6,31,0,1,SMB,3542963
CUST1829,INV003952,6444.97,2025-04-05,2025-06-04,,Overdue,456,2,0,26,0,7,60,0,0,Mid-Market,3870888
CUST0520,INV003953,25587.83,2025-04-17,2025-06-16,2025-06-26,Paid,0,4,1,12,0,4,22,1,1,SMB,2698202
CUST0812,INV003954,40006.36,2026-01-25,2026-03-26,,Overdue,161,9,1,25,1,0,82,0,1,Mid-Market,726296
CUST1122,INV003955,94602.38,2026-06-10,2026-07-10,2026-07-26,Paid,0,7,1,16,0,2,66,0,1,Enterprise,181184
CUST0236,INV003956,43751.82,2025-03-12,2025-04-11,,Overdue,510,3,2,0,0,2,44,0,0,Mid-Market,2849250
CUST1925,INV003957,76144.14,2026-08-10,2026-09-24,,Overdue,0,24,8,21,1,0,35,0,1,Mid-Market,128116
CUST1398,INV003958,7847.91,2026-01-11,2026-02-25,,Overdue,190,13,0,28,1,0,12,1,0,SMB,4848793
CUST1605,INV003959,15892.18,2026-01-03,2026-02-02,,Overdue,213,14,0,17,0,1,22,0,0,SMB,4997796
CUST0927,INV003960,33838.37,2025-02-20,2025-04-06,2025-04-07,Paid,0,29,9,9,0,2,89,1,1,SMB,1859858
CUST0557,INV003961,70329.93,2025-05-23,2025-06-22,,Overdue,438,9,5,15,1,7,32,1,0,SMB,391207
CUST0649,INV003962,19049.03,2026-02-23,2026-03-25,2026-04-08,Paid,0,1,0,7,0,6,9,1,1,Mid-Market,2049284
CUST0234,INV003963,20283.32,2026-07-02,2026-08-01,,Overdue,33,12,3,26,1,1,64,0,1,SMB,771037
CUST1056,INV003964,43789.1,2026-05-15,2026-07-14,2026-08-04,Paid,0,1,0,15,0,5,59,0,1,SMB,587977
CUST1313,INV003965,7144.72,2025-06-16,2025-07-16,,Overdue,414,9,3,16,1,1,74,0,0,Mid-Market,1720357
CUST1662,INV003966,109908.62,2025-09-17,2025-11-01,,Overdue,306,25,6,11,0,0,64,0,0,Mid-Market,3298140
CUST0579,INV003967,9144.1,2025-07-11,2025-07-26,,Overdue,404,7,1,23,1,1,48,0,0,SMB,2914140
CUST0542,INV003968,5000.0,2025-07-21,2025-09-04,2025-09-06,Paid,0,3,1,3,0,5,53,1,1,Mid-Market,1668963
CUST0114,INV003969,22249.33,2025-07-04,2025-09-02,2025-10-10,Paid,0,4,1,36,0,0,32,0,1,Mid-Market,4564276
CUST0204,INV003970,120386.02,2025-06-07,2025-07-07,2025-07-21,Paid,0,7,3,13,0,0,54,1,1,Enterprise,4790039
CUST1053,INV003971,39594.8,2025-04-09,2025-05-09,,Overdue,482,25,8,15,2,3,41,0,0,Enterprise,3416085
CUST0643,INV003972,46680.91,2025-08-29,2025-09-28,,Overdue,340,15,5,3,1,2,67,0,0,SMB,3510989
CUST0474,INV003973,22957.17,2026-05-06,2026-07-05,,Overdue,60,24,5,29,1,4,55,0,1,Enterprise,4889498
CUST0697,INV003974,18913.33,2025-07-21,2025-08-20,,Overdue,379,24,4,17,2,6,35,0,1,SMB,4446650
CUST0253,INV003975,5000.0,2026-05-24,2026-06-23,,Overdue,72,1,1,20,2,5,58,0,1,Enterprise,1126941
CUST1822,INV003976,5000.0,2025-04-06,2025-05-06,,Overdue,485,6,1,7,2,2,69,0,0,SMB,922834
CUST0905,INV003977,26803.09,2026-05-05,2026-06-04,,Overdue,91,22,6,26,1,4,1,0,1,SMB,1148657
CUST1946,INV003978,81842.27,2026-08-02,2026-09-01,2026-09-04,Paid,0,5,1,6,1,6,9,0,1,Mid-Market,849687
CUST0386,INV003979,31074.22,2025-08-06,2025-10-05,2025-10-18,Paid,0,11,5,21,1,3,49,0,1,Mid-Market,4529825
CUST0062,INV003980,41093.27,2026-06-11,2026-07-11,,Overdue,54,17,3,8,4,3,68,0,1,SMB,728841
CUST0515,INV003981,107335.8,2025-09-30,2025-10-30,2025-10-30,Paid,0,3,1,0,0,2,46,0,1,SMB,4143886
CUST0430,INV003982,30600.35,2025-08-07,2025-10-06,2025-10-10,Paid,0,12,3,7,0,3,84,0,1,SMB,4738482
CUST0580,INV003983,19483.92,2025-11-28,2025-12-28,2026-01-04,Paid,0,20,3,1,0,3,88,1,1,SMB,3614462
CUST1561,INV003984,9715.47,2026-03-29,2026-05-13,2026-05-31,Paid,0,10,4,12,0,6,37,0,1,SMB,2499308
CUST1715,INV003985,166410.44,2025-06-01,2025-07-16,2025-08-07,Paid,0,7,3,28,0,0,77,1,1,SMB,4192887
CUST1165,INV003986,37292.51,2025-12-13,2026-01-12,,Overdue,234,15,1,30,0,6,77,1,0,SMB,1605537
CUST0743,INV003987,8573.22,2026-02-18,2026-03-20,,Overdue,167,21,6,37,0,3,19,0,0,Mid-Market,4789400
CUST1324,INV003988,6828.31,2026-06-11,2026-07-11,,Overdue,54,18,3,10,1,1,81,1,0,SMB,903605
CUST0675,INV003989,77115.82,2026-03-07,2026-04-06,,Overdue,150,19,5,11,1,3,20,0,0,SMB,1858286
CUST0311,INV003990,7805.3,2026-01-14,2026-02-13,,Overdue,202,29,8,15,0,5,39,0,0,SMB,138668
CUST0471,INV003991,140622.48,2026-03-04,2026-05-03,2026-05-03,Paid,0,1,0,0,1,5,15,0,1,SMB,878791
CUST1417,INV003992,5000.0,2025-03-25,2025-04-24,2025-05-01,Paid,0,22,3,6,1,5,72,0,1,SMB,2998632
CUST1666,INV003993,91362.94,2025-07-11,2025-09-09,2025-09-29,Paid,0,13,4,6,0,6,21,0,1,Enterprise,1468826
CUST1469,INV003994,35842.69,2025-02-10,2025-03-12,2025-03-12,Paid,0,29,4,3,2,5,54,0,1,Enterprise,1571722
CUST1782,INV003995,24799.89,2025-11-05,2026-01-04,2026-01-23,Paid,0,24,7,9,0,6,10,1,1,Enterprise,3309819
CUST0809,INV003996,18481.8,2026-01-13,2026-02-27,2026-02-27,Paid,0,4,0,0,0,4,49,0,1,SMB,4226426
CUST0172,INV003997,145907.75,2025-05-16,2025-06-30,,Overdue,430,18,6,13,1,2,1,1,0,SMB,3897125
CUST0576,INV003998,44670.06,2025-04-16,2025-05-16,2025-05-16,Paid,0,12,5,0,0,4,32,1,1,Enterprise,2851445
CUST0031,INV003999,8926.65,2026-06-03,2026-07-03,2026-07-03,Paid,0,4,0,6,3,0,88,0,1,Mid-Market,3591483
CUST0047,INV004000,5000.0,2026-06-26,2026-07-26,2026-07-26,Paid,0,26,8,0,0,3,14,0,1,SMB,2452187
CUST0130,INV004001,26299.29,2025-05-06,2025-06-20,,Overdue,440,4,1,23,0,1,28,0,0,Mid-Market,421616
CUST0352,INV004002,22002.89,2025-12-23,2026-02-06,2026-03-16,Paid,0,5,2,32,0,5,40,0,1,Enterprise,4510276
CUST0978,INV004003,5000.0,2026-02-04,2026-02-19,,Overdue,196,19,6,7,2,0,52,1,0,SMB,241387
CUST1869,INV004004,20839.52,2025-03-20,2025-05-19,2025-05-27,Paid,0,9,1,3,1,5,27,0,1,SMB,2488710
CUST1646,INV004005,12407.61,2026-01-24,2026-03-25,2026-04-13,Paid,0,7,1,19,0,2,15,0,1,Mid-Market,50917
CUST1605,INV004006,22232.05,2026-08-02,2026-09-01,,Overdue,2,25,9,6,1,3,61,0,1,SMB,4997796
CUST0058,INV004007,45520.75,2026-06-19,2026-07-19,2026-07-20,Paid,0,7,3,0,1,5,89,0,1,SMB,838768
CUST1130,INV004008,97988.95,2025-03-15,2025-04-29,,Overdue,492,12,4,0,1,6,62,0,0,SMB,3712340
CUST0812,INV004009,54660.09,2025-01-05,2025-02-04,2025-02-05,Paid,0,10,2,0,0,5,1,0,1,Mid-Market,726296
CUST1354,INV004010,10706.0,2026-04-08,2026-05-23,,Overdue,103,29,7,24,3,2,4,0,1,Mid-Market,4368420
CUST0768,INV004011,31853.9,2025-03-23,2025-05-07,2025-05-21,Paid,0,20,5,24,0,7,39,0,1,Enterprise,3337093
CUST1848,INV004012,23461.29,2026-06-21,2026-07-06,,Overdue,59,21,3,7,0,0,27,0,0,SMB,2483351
CUST0683,INV004013,5813.11,2026-02-09,2026-03-11,,Overdue,176,13,6,17,0,1,31,1,0,SMB,491904
CUST1407,INV004014,32801.61,2026-05-29,2026-06-28,,Overdue,67,23,3,25,2,2,51,0,0,Mid-Market,1183183
CUST1186,INV004015,141022.16,2025-10-05,2025-12-04,,Overdue,273,6,2,0,1,6,84,0,0,Enterprise,1210117
CUST0997,INV004016,22752.42,2025-08-12,2025-09-11,,Overdue,357,9,2,14,0,3,42,0,0,Enterprise,3842824
CUST0286,INV004017,5000.0,2026-08-07,2026-09-06,,Overdue,0,19,6,0,0,7,63,0,1,SMB,625919
CUST1095,INV004018,22703.37,2025-03-09,2025-05-08,,Overdue,483,24,5,10,1,6,88,0,0,SMB,3861666
CUST1791,INV004019,6543.89,2025-11-16,2025-12-16,,Overdue,261,16,3,20,1,4,81,0,0,SMB,607242
CUST1478,INV004020,52240.09,2025-01-19,2025-03-05,,Overdue,547,27,7,26,0,4,30,1,0,Mid-Market,3788858
CUST0886,INV004021,37229.81,2025-12-09,2026-01-08,,Overdue,238,26,4,18,1,7,7,0,0,SMB,1157810
CUST1591,INV004022,18566.05,2026-08-17,2026-09-16,,Overdue,0,11,4,0,1,2,54,0,1,Mid-Market,669003
CUST1859,INV004023,15816.92,2025-12-09,2026-01-08,,Overdue,238,4,3,1,0,1,59,0,0,Mid-Market,4075345
CUST0397,INV004024,17814.46,2025-04-07,2025-05-07,,Overdue,484,25,6,10,1,5,68,0,0,Enterprise,1422070
CUST1539,INV004025,22209.48,2025-02-21,2025-04-22,,Overdue,499,1,0,15,3,0,72,0,0,SMB,2564399
CUST0026,INV004026,10175.77,2025-06-24,2025-07-24,2025-08-01,Paid,0,21,6,14,3,6,66,0,1,Mid-Market,1506081
CUST0313,INV004027,5498.59,2025-12-04,2026-01-03,,Overdue,243,12,4,5,1,3,29,0,0,SMB,3669348
CUST0126,INV004028,68782.11,2025-12-19,2026-01-18,,Overdue,228,4,2,22,2,2,59,0,0,SMB,874143
CUST1432,INV004029,14981.91,2026-01-26,2026-02-25,2026-03-18,Paid,0,5,1,13,0,3,34,0,1,Mid-Market,1387768
CUST1589,INV004030,26030.99,2025-04-25,2025-05-25,,Overdue,466,6,2,1,1,1,53,0,0,SMB,164589
CUST1222,INV004031,29298.22,2025-12-14,2025-12-29,2026-01-09,Paid,0,14,2,6,0,4,81,0,1,SMB,4982400
CUST0811,INV004032,30394.61,2025-01-01,2025-03-02,,Overdue,550,29,8,39,1,6,40,0,0,Enterprise,1548339
CUST0188,INV004033,6810.24,2025-03-04,2025-04-03,,Overdue,518,1,0,25,0,0,58,0,0,Mid-Market,3539429
CUST0698,INV004034,5000.0,2025-08-14,2025-09-13,2025-10-06,Paid,0,8,2,21,2,4,84,1,1,Mid-Market,3752418
CUST1841,INV004035,12225.85,2026-02-27,2026-03-29,,Overdue,158,15,3,15,2,6,29,0,0,SMB,1280796
CUST0810,INV004036,32719.01,2025-01-19,2025-02-18,,Overdue,562,12,2,2,1,7,70,0,0,SMB,3906756
CUST0716,INV004037,10636.54,2025-01-31,2025-03-02,,Overdue,550,27,7,11,0,6,84,0,0,Enterprise,1956862
CUST1508,INV004038,15445.59,2025-01-24,2025-02-23,2025-02-23,Paid,0,19,7,5,2,0,70,0,1,Mid-Market,1023737
CUST0450,INV004039,184849.53,2025-07-30,2025-08-29,2025-09-11,Paid,0,23,7,11,1,4,49,0,1,SMB,3677447
CUST0523,INV004040,5000.0,2025-06-10,2025-07-10,2025-07-13,Paid,0,7,2,3,1,2,6,0,1,Enterprise,921522
CUST1895,INV004041,10352.32,2025-09-12,2025-10-12,,Overdue,326,9,3,18,1,7,7,0,0,Mid-Market,3680400
CUST1378,INV004042,146767.37,2026-07-25,2026-08-24,2026-08-27,Paid,0,11,4,4,1,1,36,0,1,Mid-Market,1570373
CUST0986,INV004043,21065.7,2025-04-24,2025-05-24,,Overdue,467,27,5,5,0,7,70,1,1,SMB,1474663
CUST0658,INV004044,10872.75,2026-05-19,2026-06-03,,Overdue,92,23,4,16,0,7,1,0,0,SMB,4858163
CUST0597,INV004045,70881.8,2025-08-08,2025-10-07,,Overdue,331,28,7,32,2,4,22,0,0,Mid-Market,1528768
CUST0100,INV004046,23277.22,2025-12-23,2026-02-06,2026-02-13,Paid,0,8,1,2,0,7,81,0,1,SMB,1776199
CUST0616,INV004047,15548.07,2025-06-18,2025-08-17,,Overdue,382,4,1,5,1,1,42,0,0,Enterprise,3728621
CUST0948,INV004048,26698.67,2026-06-08,2026-07-08,,Overdue,57,10,3,13,1,7,84,0,0,Enterprise,4350915
CUST1582,INV004049,11405.96,2025-08-30,2025-10-14,2025-10-18,Paid,0,20,1,7,3,4,32,1,1,SMB,3699886
CUST0556,INV004050,7962.58,2026-01-10,2026-02-09,2026-02-09,Paid,0,10,1,0,0,3,32,0,1,SMB,959245
CUST0278,INV004051,19661.21,2025-05-19,2025-07-03,2025-07-28,Paid,0,8,4,28,0,4,6,0,1,Mid-Market,3062359
CUST1717,INV004052,8014.46,2025-04-07,2025-05-07,2025-05-10,Paid,0,14,6,1,1,0,6,0,1,SMB,1284215
CUST1723,INV004053,22263.27,2025-05-27,2025-06-26,,Overdue,434,4,1,15,2,3,72,0,0,SMB,4159404
CUST1650,INV004054,31395.08,2025-07-01,2025-07-31,,Overdue,399,29,8,20,0,2,11,0,0,Mid-Market,299265
CUST0491,INV004055,51692.11,2025-02-26,2025-03-28,2025-03-28,Paid,0,20,3,1,0,2,29,0,1,SMB,3529027
CUST0255,INV004056,68045.03,2025-02-11,2025-03-13,,Overdue,539,26,5,15,2,7,33,0,0,SMB,2588568
CUST0381,INV004057,14680.33,2026-06-27,2026-07-27,2026-08-13,Paid,0,3,1,19,0,2,1,1,1,SMB,1570982
CUST0892,INV004058,36294.25,2025-01-02,2025-02-01,,Overdue,579,28,9,0,0,1,72,0,1,Enterprise,4582669
CUST0542,INV004059,36045.0,2025-10-15,2025-12-14,,Overdue,263,3,0,10,1,5,77,0,0,Mid-Market,1668963
CUST1288,INV004060,30571.35,2025-05-18,2025-07-17,2025-08-04,Paid,0,27,6,16,1,5,37,0,1,SMB,3030672
CUST1634,INV004061,13636.98,2026-05-27,2026-06-26,2026-07-15,Paid,0,4,1,22,0,2,37,1,1,Mid-Market,468829
CUST0825,INV004062,7878.81,2025-08-10,2025-09-09,2025-09-09,Paid,0,12,4,0,0,4,26,0,1,Mid-Market,4872139
CUST0879,INV004063,36388.28,2025-11-27,2025-12-27,,Overdue,250,29,12,13,1,3,41,0,0,SMB,2287035
CUST1353,INV004064,5000.0,2026-02-08,2026-03-10,,Overdue,177,18,5,21,0,7,42,0,0,SMB,1121984
CUST1139,INV004065,16850.92,2026-05-23,2026-06-22,,Overdue,73,28,5,15,0,0,60,1,1,SMB,4887231
CUST1300,INV004066,5000.0,2025-05-07,2025-06-06,,Overdue,454,19,2,19,0,5,88,0,1,Mid-Market,1183754
CUST1512,INV004067,5788.32,2025-09-22,2025-11-06,2025-12-04,Paid,0,11,2,19,1,2,3,1,1,Mid-Market,2688439
CUST0281,INV004068,9162.42,2025-01-15,2025-02-14,2025-02-23,Paid,0,28,5,3,1,6,13,1,1,Enterprise,2464165
CUST1299,INV004069,65954.75,2025-08-14,2025-09-13,,Overdue,355,18,2,21,1,0,11,0,0,Mid-Market,1242503
CUST0773,INV004070,43831.5,2025-04-15,2025-05-15,,Overdue,476,14,3,20,2,7,57,0,0,SMB,2388377
CUST0843,INV004071,12658.26,2026-05-08,2026-06-07,,Overdue,88,11,2,7,0,6,69,0,1,SMB,3686562
CUST0719,INV004072,45677.9,2025-11-15,2025-12-30,,Overdue,247,14,6,11,0,1,65,1,0,SMB,717540
CUST1920,INV004073,53509.95,2025-08-07,2025-09-06,,Overdue,362,22,5,20,0,6,32,1,0,SMB,3931143
CUST0328,INV004074,18757.24,2025-10-04,2025-11-03,,Overdue,304,29,10,25,1,5,13,0,0,Mid-Market,2711637
CUST0211,INV004075,5517.18,2025-12-07,2026-01-21,2026-02-03,Paid,0,3,0,10,1,5,17,0,1,Mid-Market,4070120
CUST0727,INV004076,17891.62,2026-03-28,2026-04-27,,Overdue,129,2,1,16,0,7,66,1,0,SMB,2514722
CUST0923,INV004077,19972.42,2026-01-04,2026-01-19,2026-02-15,Paid,0,9,2,26,1,7,21,0,1,Enterprise,4395398
CUST0552,INV004078,6422.39,2026-04-19,2026-05-19,2026-05-25,Paid,0,8,0,7,1,1,85,0,1,Enterprise,1466953
CUST0026,INV004079,31794.44,2025-07-09,2025-07-24,2025-08-15,Paid,0,5,1,27,0,5,70,0,1,Mid-Market,1506081
CUST0027,INV004080,29138.39,2026-02-23,2026-03-25,2026-03-25,Paid,0,29,5,3,0,0,54,0,1,SMB,165359
CUST0702,INV004081,34373.55,2026-05-10,2026-06-24,2026-06-29,Paid,0,9,2,10,4,6,15,0,1,SMB,4129441
CUST1107,INV004082,29112.51,2025-02-08,2025-03-10,,Overdue,542,5,2,20,2,6,15,0,0,SMB,4272102
CUST1920,INV004083,45699.52,2025-06-11,2025-07-11,,Overdue,419,21,5,24,0,7,9,1,0,SMB,3931143
CUST1970,INV004084,18410.42,2025-05-01,2025-06-30,2025-07-16,Paid,0,13,5,14,1,4,76,0,1,SMB,4225318
CUST0682,INV004085,26951.25,2026-02-03,2026-03-05,2026-03-05,Paid,0,11,5,0,2,0,71,0,1,SMB,2619931
CUST0413,INV004086,14798.18,2025-09-19,2025-11-18,,Overdue,289,11,3,10,3,3,88,0,0,Enterprise,3884242
CUST0167,INV004087,12277.22,2026-07-15,2026-08-14,2026-08-22,Paid,0,20,7,10,1,2,21,1,1,SMB,3938577
CUST1724,INV004088,83972.92,2025-05-09,2025-06-23,2025-07-03,Paid,0,12,2,11,0,4,9,0,1,SMB,411309
CUST0169,INV004089,5000.0,2026-06-24,2026-08-08,,Overdue,26,19,2,24,0,6,66,0,1,SMB,1666596
CUST1825,INV004090,52931.82,2025-12-22,2026-02-20,2026-02-20,Paid,0,13,3,1,1,0,71,0,1,Mid-Market,4122250
CUST0229,INV004091,11842.61,2026-03-08,2026-03-23,,Overdue,164,26,5,11,1,3,2,0,0,Enterprise,3530826
CUST1633,INV004092,10404.17,2025-03-06,2025-04-05,2025-04-12,Paid,0,9,3,10,2,0,56,0,1,Mid-Market,2105845
CUST0367,INV004093,28611.89,2025-08-06,2025-09-05,2025-09-12,Paid,0,4,2,10,0,2,12,0,1,Enterprise,2754716
CUST0528,INV004094,5000.0,2026-07-17,2026-09-15,2026-09-15,Paid,0,7,1,3,0,1,56,1,1,SMB,1550134
CUST0791,INV004095,9739.81,2026-03-03,2026-04-02,,Overdue,154,5,1,14,2,0,79,0,1,SMB,2879915
CUST1671,INV004096,9422.54,2025-03-15,2025-05-14,2025-05-24,Paid,0,7,0,8,1,3,51,0,1,SMB,1449769
CUST1562,INV004097,17651.95,2026-04-05,2026-05-05,2026-05-11,Paid,0,28,6,5,1,5,70,0,1,SMB,3798294
CUST1888,INV004098,9856.26,2026-03-01,2026-03-31,2026-04-13,Paid,0,8,1,7,2,5,59,0,1,SMB,3426910
CUST0524,INV004099,109219.91,2025-07-11,2025-08-10,2025-08-15,Paid,0,14,3,6,1,0,71,0,1,Mid-Market,1592247
CUST1096,INV004100,132855.39,2025-07-08,2025-08-07,2025-08-07,Paid,0,24,5,2,0,5,11,1,1,SMB,3869712
CUST1669,INV004101,5000.0,2025-01-12,2025-02-26,2025-02-26,Paid,0,10,4,4,0,2,3,0,1,SMB,2170711
CUST0106,INV004102,37961.31,2025-08-27,2025-09-26,2025-09-29,Paid,0,6,0,0,0,3,34,0,1,SMB,2326787
CUST0732,INV004103,51982.55,2026-08-16,2026-10-15,,Overdue,0,5,1,30,1,6,85,1,1,Mid-Market,2565967
CUST1909,INV004104,37910.57,2026-03-29,2026-04-28,2026-05-15,Paid,0,15,7,14,1,7,19,0,1,SMB,267314
CUST0965,INV004105,11405.91,2026-01-18,2026-03-04,2026-03-16,Paid,0,16,5,11,0,1,7,0,1,SMB,4660146
CUST1713,INV004106,17255.81,2025-02-17,2025-04-03,,Overdue,518,27,8,22,1,2,11,0,0,Mid-Market,4039284
CUST1306,INV004107,10422.53,2025-11-13,2025-12-13,,Overdue,264,2,1,15,0,0,63,0,0,Enterprise,3201396
CUST0133,INV004108,14468.6,2025-07-28,2025-08-12,,Overdue,387,28,6,18,0,5,67,0,0,SMB,825158
CUST0534,INV004109,6568.46,2026-07-01,2026-07-31,2026-08-12,Paid,0,15,1,14,0,4,56,1,1,Mid-Market,3025605
CUST0975,INV004110,19637.79,2025-04-29,2025-05-14,,Overdue,477,8,2,30,1,0,43,0,0,SMB,2579832
CUST0269,INV004111,5000.0,2026-07-31,2026-09-29,,Overdue,0,21,6,38,1,6,56,0,1,SMB,3061786
CUST1436,INV004112,18031.32,2025-11-11,2026-01-10,2026-02-18,Paid,0,24,5,31,1,7,45,0,1,SMB,2380344
CUST0673,INV004113,6319.64,2025-02-05,2025-03-22,,Overdue,530,22,5,0,3,1,60,1,0,SMB,4581211
CUST1643,INV004114,27087.19,2026-04-08,2026-05-23,,Overdue,103,24,8,6,0,6,33,0,0,Mid-Market,3417851
CUST0791,INV004115,11165.46,2026-07-08,2026-08-07,2026-08-13,Paid,0,13,1,7,1,6,28,1,1,SMB,2879915
CUST1889,INV004116,29453.86,2026-08-04,2026-08-19,,Overdue,15,17,3,25,1,5,57,0,1,Mid-Market,3652571
CUST1771,INV004117,64963.49,2026-02-07,2026-03-24,,Overdue,163,15,4,8,2,7,52,0,1,SMB,3972750
CUST0018,INV004118,107952.54,2025-04-17,2025-05-17,2025-05-23,Paid,0,25,5,9,0,0,4,0,1,Mid-Market,855113
CUST1778,INV004119,5000.0,2025-02-08,2025-03-25,,Overdue,527,14,3,7,0,7,17,0,1,SMB,4822945
CUST0117,INV004120,9564.43,2026-08-04,2026-09-18,,Overdue,0,25,6,9,0,5,35,1,1,Mid-Market,2319070
CUST0798,INV004121,16267.33,2025-06-29,2025-07-29,2025-08-13,Paid,0,19,8,12,1,4,42,0,1,Mid-Market,4631025
CUST1818,INV004122,34902.99,2025-01-12,2025-02-11,,Overdue,569,13,3,18,1,1,60,0,0,Mid-Market,1866760
CUST1168,INV004123,5000.0,2025-12-05,2026-01-19,,Overdue,227,21,5,11,1,6,26,0,0,Mid-Market,3576362
CUST1741,INV004124,8249.5,2026-07-02,2026-08-01,2026-08-09,Paid,0,28,5,11,0,1,48,1,1,Mid-Market,3080486
CUST0551,INV004125,25093.33,2025-05-06,2025-06-20,2025-06-20,Paid,0,7,0,7,1,6,64,0,1,Mid-Market,3661646
CUST0929,INV004126,23977.91,2025-03-04,2025-04-03,,Overdue,518,8,1,14,0,0,17,0,0,Mid-Market,1444316
CUST1690,INV004127,32132.34,2025-03-23,2025-04-22,,Overdue,499,7,0,0,1,2,72,0,1,Mid-Market,2671158
CUST1712,INV004128,34326.6,2025-10-26,2025-11-25,2025-12-05,Paid,0,19,7,0,2,1,73,0,1,SMB,1856210
CUST1985,INV004129,30902.56,2025-02-03,2025-03-20,2025-03-25,Paid,0,15,2,2,1,3,7,0,1,SMB,3640437
CUST0753,INV004130,26733.03,2025-02-18,2025-03-20,,Overdue,532,7,3,18,2,1,65,0,0,Mid-Market,4859479
CUST0422,INV004131,23289.08,2025-02-26,2025-03-28,2025-03-28,Paid,0,17,6,0,0,5,52,0,1,Mid-Market,258944
CUST1922,INV004132,42820.11,2025-04-19,2025-05-19,,Overdue,472,21,6,22,0,3,41,0,0,SMB,3196779
CUST1393,INV004133,5000.0,2026-06-01,2026-07-01,2026-07-14,Paid,0,25,9,13,0,2,16,0,1,SMB,3822827
CUST0646,INV004134,103190.65,2025-01-24,2025-02-23,2025-02-23,Paid,0,18,7,1,0,6,66,0,1,Enterprise,1913462
CUST0558,INV004135,5000.0,2025-08-09,2025-09-08,,Overdue,360,19,6,17,0,4,72,1,0,SMB,1280746
CUST0050,INV004136,7486.36,2025-11-11,2025-12-11,2025-12-14,Paid,0,25,6,3,0,5,86,0,1,SMB,3727361
CUST0678,INV004137,17557.55,2025-10-21,2025-11-20,,Overdue,287,3,2,12,0,3,56,0,0,SMB,4413089
CUST0106,INV004138,43157.56,2025-01-10,2025-02-09,2025-02-14,Paid,0,24,8,7,1,3,27,0,1,SMB,2326787
CUST1240,INV004139,5000.0,2026-04-26,2026-05-26,2026-06-14,Paid,0,22,3,22,0,4,18,0,1,SMB,1499466
CUST0658,INV004140,21415.62,2025-09-24,2025-10-24,,Overdue,314,7,1,20,2,7,63,1,0,SMB,4858163
CUST1947,INV004141,48649.41,2025-03-29,2025-04-28,,Overdue,493,21,5,22,0,1,80,0,0,SMB,3899091
CUST1449,INV004142,59546.82,2026-03-31,2026-04-30,,Overdue,126,10,3,24,1,6,26,0,1,Enterprise,3247445
CUST1096,INV004143,10967.27,2026-06-17,2026-08-16,2026-08-29,Paid,0,28,6,19,1,7,22,0,1,SMB,3869712
CUST0988,INV004144,16303.98,2025-05-28,2025-06-12,,Overdue,448,7,2,15,2,6,58,0,0,SMB,3341070
CUST0842,INV004145,11894.74,2026-03-07,2026-04-06,,Overdue,150,26,4,0,1,3,1,0,0,Mid-Market,794748
CUST1809,INV004146,14873.34,2025-08-30,2025-09-29,,Overdue,339,11,3,12,0,3,46,0,0,SMB,2329042
CUST1783,INV004147,7849.25,2025-03-07,2025-04-21,,Overdue,500,26,6,0,0,7,86,0,0,SMB,1509410
CUST0446,INV004148,9052.06,2026-01-13,2026-03-14,2026-03-14,Paid,0,29,9,0,1,4,27,1,1,Enterprise,2230707
CUST1949,INV004149,34008.88,2026-01-23,2026-02-22,,Overdue,193,3,1,20,2,1,44,0,0,SMB,2470872
CUST1210,INV004150,25124.92,2025-07-28,2025-09-11,,Overdue,357,27,4,0,0,0,33,1,0,Enterprise,884874
CUST0070,INV004151,36011.24,2026-02-19,2026-03-21,,Overdue,166,21,4,17,3,7,83,0,0,Enterprise,1706321
CUST1998,INV004152,27282.87,2025-01-16,2025-02-15,2025-02-24,Paid,0,22,7,10,1,5,33,0,1,SMB,2533502
CUST0150,INV004153,44548.72,2025-10-24,2025-11-23,2025-12-02,Paid,0,9,2,10,0,7,54,0,1,SMB,4638645
CUST1270,INV004154,53008.84,2025-08-08,2025-09-07,,Overdue,361,4,1,8,1,3,25,0,0,SMB,4101889
CUST0774,INV004155,5000.0,2026-01-02,2026-02-01,,Overdue,214,8,4,17,1,2,6,0,0,SMB,4437373
CUST1562,INV004156,9373.95,2025-08-17,2025-09-16,2025-09-25,Paid,0,24,3,9,0,4,48,1,1,SMB,3798294
CUST1959,INV004157,17476.7,2026-03-16,2026-04-15,2026-04-20,Paid,0,26,5,8,0,6,60,0,1,Mid-Market,320146
CUST1676,INV004158,21532.58,2026-06-16,2026-07-31,,Overdue,34,22,5,16,1,3,62,0,1,SMB,489439
CUST1123,INV004159,11270.11,2026-03-26,2026-04-25,2026-05-02,Paid,0,12,4,11,0,1,15,0,1,Enterprise,1185627
CUST1934,INV004160,54831.69,2025-02-05,2025-02-20,2025-02-24,Paid,0,8,1,1,1,2,76,0,1,Mid-Market,2373724
CUST1302,INV004161,159523.79,2026-02-26,2026-03-28,,Overdue,159,15,2,11,2,6,59,1,0,Enterprise,1496250
CUST1587,INV004162,26533.46,2025-07-08,2025-08-07,,Overdue,392,28,6,0,0,0,38,1,0,Mid-Market,4567562
CUST1687,INV004163,23964.79,2025-06-27,2025-07-12,,Overdue,418,14,4,12,0,2,15,0,0,Enterprise,761943
CUST0944,INV004164,51506.14,2025-11-11,2025-12-11,2026-01-05,Paid,0,5,2,24,0,5,31,0,1,Mid-Market,725673
CUST0455,INV004165,5000.0,2025-01-20,2025-02-19,2025-02-25,Paid,0,17,8,3,1,5,65,0,1,SMB,749539
CUST1128,INV004166,22662.55,2026-01-17,2026-02-16,2026-03-15,Paid,0,20,6,20,0,3,20,0,1,SMB,903392
CUST0946,INV004167,58632.0,2025-05-23,2025-07-22,2025-08-08,Paid,0,11,3,18,1,7,29,0,1,SMB,1938529
CUST0601,INV004168,11577.81,2025-03-03,2025-04-02,2025-04-02,Paid,0,22,4,0,1,2,75,0,1,SMB,452980
CUST0653,INV004169,6460.35,2025-08-30,2025-09-14,,Overdue,354,15,6,13,3,0,73,0,0,Mid-Market,1522542
CUST0725,INV004170,18291.55,2025-08-26,2025-09-25,2025-10-14,Paid,0,25,6,24,0,1,16,0,1,Mid-Market,2725480
CUST0233,INV004171,20729.53,2025-05-11,2025-07-10,2025-07-12,Paid,0,13,4,6,1,0,80,1,1,Mid-Market,2612605
CUST1418,INV004172,8878.14,2025-05-03,2025-06-02,2025-06-05,Paid,0,4,1,6,1,5,33,1,1,SMB,614430
CUST1525,INV004173,179182.71,2026-03-16,2026-04-15,,Overdue,141,22,4,4,1,6,55,0,1,SMB,4141685
CUST1719,INV004174,13647.39,2025-12-08,2025-12-23,,Overdue,254,13,3,14,0,5,19,0,0,Enterprise,4451207
CUST0251,INV004175,6948.91,2026-02-23,2026-03-25,,Overdue,162,26,9,0,1,7,89,1,0,SMB,991768
CUST1545,INV004176,20057.91,2026-03-31,2026-04-30,2026-04-30,Paid,0,13,3,0,1,7,50,0,1,Enterprise,984048
CUST0079,INV004177,54603.9,2025-07-17,2025-08-16,2025-08-23,Paid,0,11,3,3,0,0,34,1,1,SMB,2217354
CUST1076,INV004178,22413.4,2025-10-09,2025-11-08,2025-11-08,Paid,0,5,0,0,1,6,64,0,1,SMB,3542963
CUST0898,INV004179,35796.09,2025-01-01,2025-01-31,,Overdue,580,25,10,0,1,7,24,0,0,Enterprise,2275541
CUST0921,INV004180,9214.09,2025-11-28,2025-12-13,2025-12-14,Paid,0,26,11,3,0,4,32,0,1,Enterprise,710327
CUST0781,INV004181,97507.88,2025-07-31,2025-09-14,2025-09-24,Paid,0,14,3,9,1,4,3,0,1,Mid-Market,757173
CUST0226,INV004182,38627.16,2025-03-28,2025-04-27,,Overdue,494,22,5,25,1,5,13,0,0,SMB,2288673
CUST1075,INV004183,62799.45,2025-03-02,2025-04-16,,Overdue,505,3,0,22,1,0,87,1,0,Enterprise,4026974
CUST1210,INV004184,31734.53,2025-04-05,2025-05-05,,Overdue,486,18,3,17,1,2,12,0,1,Enterprise,884874
CUST1058,INV004185,50255.94,2026-07-07,2026-08-21,,Overdue,13,3,1,33,0,2,62,0,1,SMB,3753292
CUST0803,INV004186,9199.9,2025-05-27,2025-06-26,2025-07-08,Paid,0,6,2,11,1,0,45,0,1,Mid-Market,3251078
CUST0742,INV004187,13474.98,2025-09-03,2025-10-03,,Overdue,335,26,6,20,1,6,24,0,0,SMB,341464
CUST0131,INV004188,84666.95,2025-10-24,2025-12-08,,Overdue,269,8,2,8,2,2,24,1,0,SMB,2010155
CUST1023,INV004189,104792.97,2025-05-03,2025-06-17,,Overdue,443,24,6,18,0,6,81,0,0,Enterprise,894081
CUST0632,INV004190,6994.88,2026-04-01,2026-05-01,,Overdue,125,28,11,6,1,7,15,1,1,Enterprise,287199
CUST1467,INV004191,28275.08,2026-02-03,2026-03-20,,Overdue,167,21,3,0,1,1,50,1,0,Enterprise,3138589
CUST0838,INV004192,14314.9,2025-08-19,2025-10-03,,Overdue,335,17,4,9,2,6,88,0,0,SMB,2600982
CUST0759,INV004193,10970.54,2026-06-18,2026-07-18,,Overdue,47,1,0,25,0,2,88,0,1,Enterprise,2426219
CUST1456,INV004194,29285.26,2026-02-06,2026-04-07,,Overdue,149,28,7,0,2,2,67,0,0,Enterprise,2898883
CUST0704,INV004195,68938.01,2026-08-15,2026-09-14,2026-09-15,Paid,0,7,1,2,2,6,45,0,1,SMB,2238370
CUST0497,INV004196,34601.85,2025-05-10,2025-06-09,,Overdue,451,18,3,14,0,0,65,1,0,Mid-Market,4246656
CUST1427,INV004197,16002.3,2025-10-19,2025-11-18,,Overdue,289,29,5,18,0,7,20,0,0,SMB,2992775
CUST0323,INV004198,36859.22,2025-10-03,2025-11-02,,Overdue,305,4,1,22,2,2,21,0,0,Mid-Market,412455
CUST1234,INV004199,15367.71,2026-01-11,2026-02-25,,Overdue,190,10,1,22,2,2,12,0,1,SMB,4052981
CUST0615,INV004200,33260.12,2025-02-24,2025-03-26,,Overdue,526,5,1,12,0,4,85,0,0,Enterprise,4506397
CUST0329,INV004201,89006.59,2026-08-01,2026-08-16,2026-08-19,Paid,0,8,0,0,1,4,83,0,1,SMB,3722277
CUST1396,INV004202,5000.0,2025-01-26,2025-03-27,,Overdue,525,26,5,22,1,2,19,0,0,Mid-Market,2941912
CUST1484,INV004203,48886.29,2026-03-17,2026-05-01,2026-05-05,Paid,0,25,6,3,1,2,2,0,1,SMB,4074227
CUST0133,INV004204,5000.0,2025-07-16,2025-08-15,,Overdue,384,13,4,2,3,7,33,0,0,SMB,825158
CUST0835,INV004205,75231.68,2025-08-31,2025-09-30,,Overdue,338,17,6,28,0,5,37,0,0,SMB,3365258
CUST0651,INV004206,11648.99,2025-07-09,2025-08-23,2025-09-15,Paid,0,25,5,9,1,0,10,1,1,SMB,1734532
CUST0121,INV004207,6518.04,2026-07-22,2026-08-06,,Overdue,28,21,8,15,0,1,32,0,0,Mid-Market,1498763
CUST0606,INV004208,44146.51,2026-07-21,2026-08-20,,Overdue,14,4,0,21,1,4,81,0,1,SMB,2581528
CUST1476,INV004209,31703.11,2025-10-03,2025-10-18,2025-10-23,Paid,0,10,1,13,3,3,30,0,1,Mid-Market,2417322
CUST0965,INV004210,8109.68,2026-02-13,2026-03-15,,Overdue,172,21,8,13,0,2,14,0,0,SMB,4660146
CUST0129,INV004211,6291.79,2025-12-06,2025-12-21,,Overdue,256,25,6,28,0,3,5,0,0,SMB,4772727
CUST1115,INV004212,18260.92,2025-06-02,2025-07-02,2025-07-05,Paid,0,8,1,2,0,0,36,0,1,Mid-Market,4649409
CUST1628,INV004213,6607.19,2026-07-19,2026-09-02,2026-09-08,Paid,0,10,4,14,1,7,77,1,1,Mid-Market,2838107
CUST1599,INV004214,7619.96,2026-02-02,2026-03-04,2026-03-22,Paid,0,13,4,16,0,7,58,1,1,SMB,2557743
CUST0029,INV004215,24726.25,2026-03-20,2026-04-19,,Overdue,137,12,4,0,2,3,80,1,1,Mid-Market,4495655
CUST0722,INV004216,8384.4,2026-03-03,2026-04-02,,Overdue,154,21,4,5,1,6,13,0,0,SMB,4755815
CUST1548,INV004217,33743.37,2026-05-02,2026-06-01,,Overdue,94,13,5,0,0,1,88,0,1,Mid-Market,4772340
CUST0333,INV004218,97747.57,2025-07-23,2025-08-22,,Overdue,377,27,8,21,0,1,18,0,0,SMB,3071372
CUST1321,INV004219,18985.76,2025-04-22,2025-05-22,,Overdue,469,10,3,13,3,5,8,1,0,SMB,3816001
CUST1154,INV004220,25088.15,2025-11-21,2025-12-06,2025-12-22,Paid,0,21,4,10,1,0,69,0,1,Mid-Market,4037793
CUST1317,INV004221,165726.93,2025-09-15,2025-10-30,2025-11-10,Paid,0,1,0,10,1,4,48,1,1,Mid-Market,4205479
CUST1197,INV004222,6717.01,2026-06-12,2026-07-27,,Overdue,38,9,2,23,1,6,78,0,0,Enterprise,3885598
CUST1744,INV004223,72492.27,2025-12-16,2026-01-15,,Overdue,231,3,1,11,0,6,3,0,0,SMB,3951403
CUST0944,INV004224,64270.6,2026-03-11,2026-04-10,2026-05-05,Paid,0,17,5,15,0,2,70,0,1,Mid-Market,725673
CUST1048,INV004225,51757.12,2026-03-02,2026-04-16,2026-04-16,Paid,0,21,5,4,0,7,17,0,1,SMB,651891
CUST1123,INV004226,80157.43,2025-10-07,2025-11-21,,Overdue,286,10,3,21,1,6,51,0,0,Enterprise,1185627
CUST1430,INV004227,29160.64,2026-01-06,2026-03-07,,Overdue,180,19,6,22,1,3,57,0,0,Enterprise,4670792
CUST0356,INV004228,12296.51,2025-09-06,2025-10-06,2025-10-07,Paid,0,6,2,0,1,7,43,0,1,Mid-Market,535757
CUST0139,INV004229,65813.04,2025-06-30,2025-08-29,2025-09-05,Paid,0,7,1,7,1,0,42,1,1,SMB,3787859
CUST1527,INV004230,68380.45,2025-03-19,2025-04-03,2025-04-07,Paid,0,11,2,2,0,7,29,0,1,SMB,1725502
CUST1850,INV004231,66523.72,2025-12-02,2026-01-01,2026-01-16,Paid,0,16,5,14,2,6,86,1,1,Mid-Market,3032202
CUST1198,INV004232,23028.83,2025-02-19,2025-03-21,,Overdue,531,4,2,13,1,1,55,0,0,Enterprise,1102425
CUST0029,INV004233,10762.31,2025-03-26,2025-04-25,,Overdue,496,4,1,18,2,6,70,0,0,Mid-Market,4495655
CUST0931,INV004234,26671.8,2025-01-04,2025-02-03,2025-02-11,Paid,0,18,9,5,0,5,43,0,1,SMB,4312627
CUST0496,INV004235,56513.23,2025-11-13,2025-12-13,2025-12-17,Paid,0,18,3,11,0,1,60,0,1,SMB,1733523
CUST1014,INV004236,61350.08,2025-04-21,2025-06-20,,Overdue,440,7,1,8,2,0,41,0,0,SMB,1445796
CUST0655,INV004237,14333.06,2025-11-30,2025-12-30,,Overdue,247,11,3,0,0,6,49,0,0,SMB,4906854
CUST0828,INV004238,30193.23,2025-05-13,2025-07-12,,Overdue,418,5,1,0,2,7,78,0,0,SMB,3818950
CUST0351,INV004239,5950.45,2025-04-29,2025-05-14,2025-05-19,Paid,0,21,5,0,1,6,84,1,1,Mid-Market,4216233
CUST0554,INV004240,58979.79,2025-12-16,2026-01-15,2026-02-06,Paid,0,28,7,25,0,0,27,0,1,Mid-Market,4172186
CUST0299,INV004241,10063.71,2026-06-26,2026-07-26,2026-07-30,Paid,0,18,4,0,2,6,3,0,1,Mid-Market,3255599
CUST1744,INV004242,48303.31,2025-02-24,2025-03-26,,Overdue,526,7,1,8,2,0,81,0,0,SMB,3951403
CUST1866,INV004243,6979.24,2025-12-27,2026-02-10,,Overdue,205,2,0,27,0,3,68,1,0,Enterprise,3427932
CUST1969,INV004244,61785.0,2026-03-29,2026-04-28,2026-05-09,Paid,0,29,11,7,1,1,42,0,1,SMB,4480675
CUST1216,INV004245,30388.98,2026-07-07,2026-08-06,,Overdue,28,28,9,21,1,0,77,1,0,SMB,2231533
CUST1696,INV004246,10083.36,2025-11-26,2026-01-10,2026-01-13,Paid,0,5,2,8,1,2,54,1,1,SMB,4756797
CUST0064,INV004247,43974.11,2025-08-07,2025-09-06,2025-09-19,Paid,0,5,1,15,1,7,1,0,1,SMB,3502501
CUST0755,INV004248,12205.46,2025-07-27,2025-08-26,,Overdue,373,19,4,9,2,0,21,0,0,SMB,1408097
CUST0770,INV004249,46609.28,2025-03-26,2025-04-25,2025-04-25,Paid,0,2,1,0,1,7,67,0,1,Mid-Market,3644804
CUST1688,INV004250,16745.56,2025-09-02,2025-10-02,,Overdue,336,19,9,31,1,0,47,1,0,SMB,2287300
CUST1239,INV004251,5000.0,2025-12-01,2026-01-15,,Overdue,231,27,10,22,1,3,89,0,0,Enterprise,3608818
CUST0834,INV004252,8246.83,2025-07-31,2025-08-15,2025-08-22,Paid,0,5,2,10,1,5,59,0,1,SMB,1967160
CUST0166,INV004253,14322.48,2026-08-19,2026-09-18,2026-09-24,Paid,0,12,2,3,1,4,1,0,1,Mid-Market,2046170
CUST1567,INV004254,86525.03,2025-07-02,2025-08-01,2025-08-07,Paid,0,13,4,3,0,6,14,0,1,Mid-Market,4181146
CUST1907,INV004255,54238.36,2025-05-13,2025-06-27,,Overdue,433,22,6,9,0,1,40,0,0,Enterprise,2847909
CUST1256,INV004256,111732.33,2025-12-16,2026-02-14,,Overdue,201,20,8,2,1,5,67,1,0,SMB,3286904
CUST1818,INV004257,115109.05,2025-10-09,2025-11-08,,Overdue,299,7,1,12,1,0,9,0,0,Mid-Market,1866760
CUST1565,INV004258,12903.44,2025-10-20,2025-11-19,,Overdue,288,2,0,25,0,6,69,0,0,Mid-Market,2530017
CUST1219,INV004259,18242.57,2025-09-26,2025-10-26,2025-11-06,Paid,0,22,4,7,0,3,25,0,1,Mid-Market,3691644
CUST0506,INV004260,14599.17,2025-07-16,2025-08-15,,Overdue,384,14,2,25,0,4,64,1,0,SMB,2812081
CUST1358,INV004261,11254.12,2026-06-21,2026-07-06,2026-07-06,Paid,0,25,7,1,1,4,60,0,1,SMB,2213349
CUST1792,INV004262,5000.0,2025-01-20,2025-03-06,,Overdue,546,26,8,22,1,4,33,0,0,Mid-Market,3177640
CUST0793,INV004263,21704.01,2026-02-09,2026-03-26,,Overdue,161,5,1,23,1,0,5,0,0,Mid-Market,4931909
CUST1328,INV004264,6090.19,2025-04-25,2025-05-25,,Overdue,466,20,3,23,1,7,76,0,0,Mid-Market,820692
CUST0833,INV004265,21286.5,2025-01-26,2025-02-25,2025-03-03,Paid,0,25,5,16,0,6,52,0,1,SMB,3256943
CUST1461,INV004266,182731.07,2026-07-20,2026-08-19,,Overdue,15,22,6,11,0,7,75,1,0,SMB,4725519
CUST1347,INV004267,13235.46,2026-01-30,2026-03-31,,Overdue,156,12,4,21,0,5,33,1,0,SMB,1039336
CUST1526,INV004268,26762.96,2026-01-16,2026-03-17,,Overdue,170,4,1,14,1,0,16,0,0,SMB,257352
CUST0858,INV004269,54537.75,2026-06-07,2026-07-07,2026-07-19,Paid,0,17,3,13,0,3,3,0,1,SMB,174932
CUST1938,INV004270,29152.36,2026-06-23,2026-07-23,2026-07-31,Paid,0,16,6,2,0,1,5,0,1,Mid-Market,470539
CUST1417,INV004271,29509.99,2025-03-24,2025-04-23,,Overdue,498,25,6,3,2,3,62,0,0,SMB,2998632
CUST0806,INV004272,15330.47,2026-07-04,2026-08-03,,Overdue,31,10,2,17,3,6,19,0,1,Mid-Market,1936963
CUST1623,INV004273,17467.93,2026-03-21,2026-04-05,,Overdue,151,3,2,8,0,7,11,0,1,Mid-Market,515590
CUST1173,INV004274,8433.69,2025-03-28,2025-04-27,,Overdue,494,22,8,19,0,4,85,0,0,Mid-Market,1144409
CUST0761,INV004275,51330.74,2026-01-22,2026-02-21,,Overdue,194,1,1,22,0,5,73,0,0,SMB,4560784
CUST0833,INV004276,5000.0,2026-02-02,2026-02-17,2026-02-22,Paid,0,6,1,0,0,2,18,0,1,SMB,3256943
CUST1429,INV004277,58167.87,2025-10-13,2025-11-12,2025-11-12,Paid,0,3,1,5,0,1,12,0,1,Mid-Market,958380
CUST0283,INV004278,5411.61,2026-01-04,2026-02-03,,Overdue,212,19,4,4,0,3,43,0,0,SMB,3675654
CUST1386,INV004279,57676.63,2026-02-26,2026-04-12,2026-05-16,Paid,0,27,5,27,0,1,87,0,1,SMB,1470827
CUST0379,INV004280,15462.65,2026-03-19,2026-04-18,,Overdue,138,7,5,11,0,2,50,0,1,Mid-Market,3014932
CUST0198,INV004281,6426.15,2026-06-04,2026-08-03,,Overdue,31,27,5,15,1,4,40,0,1,Enterprise,173950
CUST1015,INV004282,39312.53,2026-08-07,2026-09-06,2026-09-06,Paid,0,9,4,4,2,3,77,1,1,Mid-Market,4859045
CUST1024,INV004283,55757.52,2025-10-15,2025-11-14,2025-11-27,Paid,0,22,0,13,0,1,35,0,1,Enterprise,4673037
CUST0556,INV004284,14213.13,2025-04-05,2025-05-05,2025-05-06,Paid,0,12,3,6,0,7,57,0,1,SMB,959245
CUST0356,INV004285,45279.54,2025-02-10,2025-03-12,2025-03-23,Paid,0,14,1,0,0,1,56,0,1,Mid-Market,535757
CUST1564,INV004286,5000.0,2025-11-27,2025-12-12,2025-12-17,Paid,0,1,1,6,0,6,28,0,1,SMB,3298204
CUST1453,INV004287,5880.54,2025-06-04,2025-07-04,2025-07-11,Paid,0,25,4,14,0,0,62,0,1,Enterprise,3889847
CUST1041,INV004288,80210.44,2026-05-19,2026-07-18,,Overdue,47,13,4,46,1,4,87,0,0,Mid-Market,4559322
CUST0639,INV004289,17611.91,2025-10-02,2025-11-16,,Overdue,291,21,6,0,1,5,15,0,0,SMB,801518
CUST0379,INV004290,5000.0,2026-07-19,2026-09-17,2026-10-04,Paid,0,2,1,11,0,3,8,0,1,Mid-Market,3014932
CUST0680,INV004291,10950.43,2025-06-28,2025-07-28,,Overdue,402,3,1,15,0,4,15,0,1,Enterprise,4424142
CUST0506,INV004292,8748.17,2025-05-17,2025-06-16,2025-06-29,Paid,0,11,0,20,0,5,65,0,1,SMB,2812081
CUST1780,INV004293,18658.15,2025-06-29,2025-07-29,,Overdue,401,5,1,8,1,7,35,0,0,Mid-Market,1688846
CUST0899,INV004294,15203.01,2025-07-01,2025-08-15,,Overdue,384,28,6,6,0,0,58,0,0,SMB,2861139
CUST0076,INV004295,26342.31,2025-09-16,2025-11-15,,Overdue,292,2,2,19,2,5,76,0,0,Mid-Market,2240421
CUST0231,INV004296,20548.31,2025-08-31,2025-10-15,2025-11-01,Paid,0,14,5,19,0,2,9,0,1,Mid-Market,4827402
CUST1740,INV004297,85796.99,2025-04-06,2025-04-21,,Overdue,500,28,8,21,1,5,39,0,0,SMB,2749134
CUST0962,INV004298,33676.27,2025-07-16,2025-08-15,,Overdue,384,13,3,19,2,6,21,1,0,Mid-Market,4634074
CUST1272,INV004299,34810.4,2026-06-10,2026-06-25,,Overdue,70,14,6,0,1,4,60,0,0,Enterprise,2200205
CUST0302,INV004300,70626.25,2026-01-22,2026-02-06,,Overdue,209,28,3,19,2,7,43,0,0,Mid-Market,805111
CUST0726,INV004301,14931.54,2026-02-12,2026-02-27,2026-03-19,Paid,0,3,0,14,1,0,63,1,1,Mid-Market,3474083
CUST0215,INV004302,6236.18,2025-09-26,2025-10-26,,Overdue,312,8,3,0,0,2,42,0,0,Mid-Market,677220
CUST1182,INV004303,73641.97,2025-06-20,2025-07-20,2025-08-05,Paid,0,13,3,18,1,4,83,0,1,SMB,1061930
CUST0069,INV004304,25231.33,2026-08-07,2026-09-06,,Overdue,0,22,6,8,1,2,34,0,1,SMB,1487188
CUST0393,INV004305,25320.03,2025-06-19,2025-07-19,,Overdue,411,12,3,22,1,6,17,0,0,SMB,3294967
CUST1109,INV004306,11692.12,2025-06-08,2025-07-23,,Overdue,407,18,3,10,1,5,65,0,0,Mid-Market,1425607
CUST0267,INV004307,11886.33,2026-05-24,2026-06-23,,Overdue,72,18,3,18,1,3,25,1,1,Mid-Market,2128808
CUST1093,INV004308,51365.52,2026-03-23,2026-04-22,,Overdue,134,17,3,17,0,1,58,1,0,Mid-Market,4720432
CUST0611,INV004309,58962.43,2025-03-23,2025-04-22,2025-04-24,Paid,0,7,2,1,2,5,10,1,1,SMB,3866126
CUST1371,INV004310,48234.19,2025-02-26,2025-03-28,,Overdue,524,22,7,25,2,2,78,0,0,Enterprise,4699454
CUST1009,INV004311,48676.98,2026-06-03,2026-07-03,,Overdue,62,13,3,4,1,1,6,0,0,SMB,4455813
CUST0962,INV004312,38910.89,2025-04-22,2025-06-21,,Overdue,439,13,5,3,0,7,50,0,0,Mid-Market,4634074
CUST0728,INV004313,25122.59,2025-02-17,2025-03-19,,Overdue,533,6,0,22,0,6,20,0,0,Mid-Market,2951092
CUST1951,INV004314,18483.25,2026-08-15,2026-09-14,,Overdue,0,21,4,14,2,7,46,0,0,SMB,4981767
CUST0673,INV004315,73889.34,2026-01-11,2026-02-10,,Overdue,205,19,2,34,0,3,76,0,0,SMB,4581211
CUST0423,INV004316,15157.93,2025-02-02,2025-03-04,,Overdue,548,24,6,1,0,5,11,0,0,SMB,2875494
CUST1630,INV004317,31887.81,2026-05-19,2026-06-18,,Overdue,77,19,2,19,1,5,79,0,1,SMB,4651731
CUST1198,INV004318,9857.49,2025-01-03,2025-02-02,,Overdue,578,21,7,16,1,2,28,1,0,Enterprise,1102425
CUST1701,INV004319,11392.39,2026-05-01,2026-05-31,,Overdue,95,24,2,25,2,1,2,1,0,Enterprise,691593
CUST0115,INV004320,17393.39,2026-05-31,2026-07-30,,Overdue,35,28,7,27,0,2,64,0,1,Mid-Market,4513158
CUST0220,INV004321,9858.23,2025-02-11,2025-03-13,,Overdue,539,16,4,19,0,7,14,0,0,Mid-Market,1515744
CUST1980,INV004322,48915.61,2025-01-09,2025-02-23,,Overdue,557,3,0,17,1,0,69,1,0,Mid-Market,3791104
CUST0031,INV004323,5721.38,2025-05-22,2025-06-21,2025-06-27,Paid,0,14,4,12,0,2,74,0,1,Mid-Market,3591483
CUST1547,INV004324,24324.26,2026-03-12,2026-04-11,,Overdue,145,21,5,12,0,2,78,0,0,Mid-Market,1914071
CUST1367,INV004325,25147.36,2025-01-27,2025-02-26,,Overdue,554,27,5,21,0,5,82,0,0,Mid-Market,929854
CUST1401,INV004326,5000.0,2025-02-12,2025-03-29,,Overdue,523,6,2,18,0,4,81,0,0,SMB,534273
CUST1154,INV004327,14171.33,2025-05-11,2025-06-25,,Overdue,435,17,5,18,0,4,28,1,0,Mid-Market,4037793
CUST0617,INV004328,28444.2,2025-08-04,2025-08-19,2025-09-08,Paid,0,16,1,11,1,3,38,1,1,SMB,4606766
CUST0539,INV004329,33817.31,2026-06-04,2026-06-19,2026-06-19,Paid,0,2,0,0,0,3,33,0,1,SMB,2173238
CUST0739,INV004330,17956.24,2026-08-21,2026-10-20,,Overdue,0,23,4,6,1,6,54,0,1,SMB,3222382
CUST1026,INV004331,43342.47,2025-12-11,2026-02-09,2026-02-12,Paid,0,9,4,6,0,3,60,0,1,SMB,1652970
CUST0871,INV004332,19745.56,2026-05-23,2026-06-22,2026-07-04,Paid,0,13,4,14,1,1,4,0,1,SMB,2714749
CUST0101,INV004333,22329.25,2026-02-17,2026-03-19,,Overdue,168,14,4,23,0,3,54,0,0,SMB,4520013
CUST1557,INV004334,28329.36,2025-09-03,2025-10-18,2025-10-21,Paid,0,26,4,11,0,3,87,0,1,Mid-Market,2494975
CUST1082,INV004335,55659.03,2026-03-25,2026-04-24,2026-04-27,Paid,0,20,8,3,0,7,21,1,1,SMB,4006778
CUST1413,INV004336,11206.87,2025-01-21,2025-03-07,2025-03-13,Paid,0,21,3,0,0,7,25,0,1,SMB,1210294
CUST0692,INV004337,13536.95,2026-02-12,2026-03-14,,Overdue,173,12,3,8,1,4,51,0,0,SMB,2926280
CUST0941,INV004338,11283.58,2026-04-02,2026-05-17,2026-05-27,Paid,0,20,6,2,0,7,15,1,1,SMB,4612530
CUST0341,INV004339,15800.59,2026-03-20,2026-04-04,,Overdue,152,11,3,20,2,2,78,0,0,SMB,3422455
CUST0861,INV004340,91696.02,2025-09-22,2025-10-22,2025-11-12,Paid,0,19,7,19,0,7,13,0,1,Mid-Market,3927809
CUST1044,INV004341,39054.97,2025-07-03,2025-08-02,2025-08-02,Paid,0,10,4,4,2,5,61,0,1,Mid-Market,4145077
CUST1279,INV004342,7107.53,2025-08-15,2025-09-29,,Overdue,339,18,3,15,1,3,21,0,0,SMB,2632153
CUST1341,INV004343,12082.98,2026-07-02,2026-08-16,,Overdue,18,3,1,13,0,3,44,0,1,SMB,1757542
CUST0038,INV004344,31976.84,2025-09-03,2025-11-02,,Overdue,305,16,1,2,0,2,61,0,0,SMB,2930593
CUST0660,INV004345,8897.2,2025-03-14,2025-05-13,2025-05-21,Paid,0,18,6,16,1,4,24,0,1,Mid-Market,4244463
CUST1561,INV004346,10664.33,2025-05-30,2025-06-29,,Overdue,431,14,4,13,0,5,89,0,0,SMB,2499308
CUST1410,INV004347,84538.27,2026-05-28,2026-06-27,,Overdue,68,24,5,20,0,4,35,0,0,Enterprise,4364380
CUST1657,INV004348,11927.77,2025-03-10,2025-04-09,,Overdue,512,17,6,11,1,2,23,0,0,Mid-Market,293877
CUST0928,INV004349,57220.46,2025-08-18,2025-10-17,,Overdue,321,5,2,26,0,4,68,0,0,Mid-Market,529083
CUST1050,INV004350,77290.26,2025-03-13,2025-03-28,,Overdue,524,17,4,6,1,5,55,1,0,SMB,2232926
CUST0454,INV004351,10578.07,2026-02-01,2026-03-03,2026-03-18,Paid,0,21,5,0,1,4,21,1,1,Enterprise,798736
CUST1705,INV004352,9045.63,2025-03-25,2025-04-24,2025-05-13,Paid,0,14,2,14,3,0,24,0,1,SMB,2347905
CUST1347,INV004353,16711.76,2025-10-26,2025-11-10,,Overdue,297,3,1,24,0,1,61,1,0,SMB,1039336
CUST0737,INV004354,7415.83,2025-10-20,2025-12-04,,Overdue,273,25,4,1,0,2,89,0,0,SMB,2094940
CUST1537,INV004355,24860.46,2025-08-11,2025-09-25,2025-10-11,Paid,0,15,4,9,1,7,8,1,1,SMB,2139934
CUST0819,INV004356,17932.11,2025-08-04,2025-09-03,,Overdue,365,12,3,18,1,1,70,0,0,SMB,323452
CUST0773,INV004357,31589.5,2025-08-19,2025-10-18,2025-10-19,Paid,0,17,3,0,1,6,62,1,1,SMB,2388377
CUST0013,INV004358,89049.12,2026-02-09,2026-02-24,,Overdue,191,26,5,34,1,2,3,0,0,Mid-Market,3971451
CUST0915,INV004359,49885.47,2025-06-18,2025-07-18,2025-08-07,Paid,0,17,4,15,0,0,16,0,1,Mid-Market,1700824
CUST1932,INV004360,35926.83,2025-11-25,2026-01-24,,Overdue,222,24,6,8,1,5,6,1,0,Mid-Market,1622138
CUST1584,INV004361,5000.0,2026-03-02,2026-04-01,,Overdue,155,19,6,20,2,2,21,1,0,SMB,1003122
CUST0921,INV004362,34316.31,2026-07-08,2026-08-07,2026-08-18,Paid,0,27,6,12,0,2,3,0,1,Enterprise,710327
CUST0825,INV004363,123331.07,2025-07-15,2025-08-29,,Overdue,370,7,1,7,1,2,65,0,0,Mid-Market,4872139
CUST0371,INV004364,5000.0,2026-06-10,2026-08-09,,Overdue,25,26,6,20,1,0,71,0,1,SMB,4435724
CUST1315,INV004365,43887.4,2025-03-18,2025-05-02,,Overdue,489,5,1,16,1,5,24,0,0,SMB,3380922
CUST0332,INV004366,18781.76,2025-10-04,2025-11-18,2025-11-18,Paid,0,2,1,0,3,4,20,0,1,Mid-Market,2304736
CUST1630,INV004367,9416.37,2026-04-11,2026-05-11,,Overdue,115,16,4,8,3,6,34,1,0,SMB,4651731
CUST0261,INV004368,49076.16,2026-03-24,2026-04-23,,Overdue,133,13,3,7,3,6,46,0,1,Mid-Market,4802820
CUST1814,INV004369,121747.67,2025-11-16,2026-01-15,,Overdue,231,11,3,9,1,3,72,1,0,SMB,1948917
CUST1895,INV004370,47821.51,2025-06-09,2025-07-09,,Overdue,421,7,2,15,1,5,89,0,0,Mid-Market,3680400
CUST1229,INV004371,15196.31,2026-05-07,2026-06-06,,Overdue,89,23,6,0,2,1,38,0,0,Enterprise,314237
CUST0697,INV004372,8574.35,2025-11-09,2025-12-09,,Overdue,268,3,1,22,1,1,28,1,0,SMB,4446650
CUST0687,INV004373,25453.99,2025-06-10,2025-07-25,,Overdue,405,6,0,6,0,6,37,1,0,Mid-Market,864422
CUST0950,INV004374,52742.1,2025-11-04,2025-12-04,,Overdue,273,5,1,20,1,6,61,0,0,Mid-Market,756673
CUST0387,INV004375,14957.18,2025-05-26,2025-07-10,2025-07-10,Paid,0,1,0,6,0,6,25,0,1,SMB,3635681
CUST1916,INV004376,16475.29,2026-01-31,2026-02-15,2026-02-23,Paid,0,1,0,9,1,1,76,0,1,Mid-Market,1664694
CUST0821,INV004377,370274.63,2025-03-30,2025-04-29,,Overdue,492,18,6,31,0,3,43,0,0,Mid-Market,4421047
CUST0468,INV004378,64773.51,2025-11-04,2025-12-19,,Overdue,258,23,6,2,0,4,20,1,0,Enterprise,4751669
CUST1439,INV004379,69572.78,2026-06-30,2026-07-30,,Overdue,35,3,0,7,0,0,82,0,0,SMB,3469548
CUST0069,INV004380,5113.88,2026-01-06,2026-02-05,2026-02-10,Paid,0,25,4,5,0,7,33,1,1,SMB,1487188
CUST1496,INV004381,10859.67,2026-03-27,2026-05-26,,Overdue,100,19,3,28,0,2,33,0,0,Mid-Market,1658795
CUST1128,INV004382,23734.42,2025-06-16,2025-07-31,2025-08-01,Paid,0,10,3,0,1,2,39,1,1,SMB,903392
CUST1782,INV004383,8093.87,2026-01-27,2026-02-26,,Overdue,189,20,4,21,0,7,12,0,0,Enterprise,3309819
CUST1185,INV004384,109141.15,2026-05-06,2026-06-05,2026-06-05,Paid,0,11,3,0,1,7,78,0,1,SMB,3001720
CUST0200,INV004385,90247.6,2025-05-30,2025-06-29,2025-06-30,Paid,0,8,2,0,0,4,20,0,1,Mid-Market,4844821
CUST0216,INV004386,12919.0,2026-04-13,2026-05-13,2026-05-13,Paid,0,20,5,4,1,0,18,0,1,SMB,493316
CUST1970,INV004387,131126.61,2025-02-12,2025-03-14,,Overdue,538,23,8,9,0,6,74,0,0,SMB,4225318
CUST0212,INV004388,21933.01,2025-01-29,2025-02-28,,Overdue,552,11,4,22,2,7,17,1,0,Mid-Market,2996862
CUST0508,INV004389,293428.63,2025-01-31,2025-03-02,2025-03-13,Paid,0,5,1,10,3,5,5,0,1,Mid-Market,4374848
CUST0016,INV004390,25455.48,2025-05-08,2025-06-07,,Overdue,453,22,3,17,0,2,64,0,0,SMB,708003
CUST1522,INV004391,39190.62,2025-10-21,2025-11-20,2025-11-20,Paid,0,24,4,5,0,5,28,1,1,Enterprise,2196674
CUST0884,INV004392,89313.1,2026-03-17,2026-04-16,,Overdue,140,4,2,13,1,0,33,0,1,SMB,1206618
CUST0332,INV004393,79033.99,2026-01-23,2026-03-24,,Overdue,163,13,2,22,3,7,38,1,0,Mid-Market,2304736
CUST0717,INV004394,36707.34,2026-06-08,2026-08-07,,Overdue,27,6,3,18,2,4,85,0,1,Mid-Market,4076390
CUST1901,INV004395,19127.07,2026-07-01,2026-07-31,,Overdue,34,29,7,18,1,4,39,1,0,Mid-Market,2138618
CUST0551,INV004396,36832.38,2025-04-20,2025-06-04,,Overdue,456,26,4,0,0,4,65,0,0,Mid-Market,3661646
CUST1625,INV004397,9738.24,2025-11-24,2026-01-08,2026-01-11,Paid,0,2,1,6,0,2,3,1,1,SMB,1167374
CUST0942,INV004398,25645.76,2026-02-09,2026-03-11,2026-03-31,Paid,0,25,9,13,0,0,77,0,1,Mid-Market,4370614
CUST0256,INV004399,7264.05,2025-09-02,2025-10-02,,Overdue,336,28,8,10,1,1,26,0,0,Mid-Market,323146
CUST0992,INV004400,5000.0,2025-06-12,2025-07-12,,Overdue,418,25,6,7,1,1,70,0,0,Mid-Market,2063148
CUST1790,INV004401,23165.67,2026-07-14,2026-08-13,,Overdue,21,28,8,3,0,2,89,0,0,Mid-Market,3764755
CUST0728,INV004402,77829.66,2026-02-03,2026-03-05,2026-03-27,Paid,0,26,7,22,0,3,35,1,1,Mid-Market,2951092
CUST0880,INV004403,55592.56,2026-08-06,2026-10-05,,Overdue,0,26,7,15,0,3,19,0,1,SMB,1253920
CUST0815,INV004404,20294.15,2026-02-03,2026-03-20,,Overdue,167,6,2,21,0,4,50,1,0,Enterprise,2961190
CUST1196,INV004405,126372.57,2026-05-08,2026-07-07,,Overdue,58,22,3,36,0,0,35,0,1,Enterprise,964565
CUST0649,INV004406,12468.22,2025-08-27,2025-10-26,2025-10-26,Paid,0,10,1,0,1,1,86,1,1,Mid-Market,2049284
CUST1000,INV004407,5000.0,2026-04-10,2026-05-25,,Overdue,101,23,4,15,0,4,11,0,0,SMB,2117636
CUST1522,INV004408,5000.0,2026-08-03,2026-09-02,2026-09-12,Paid,0,4,1,10,0,5,89,0,1,Enterprise,2196674
CUST0471,INV004409,6760.21,2025-02-01,2025-03-03,2025-04-02,Paid,0,16,5,24,0,5,26,0,1,SMB,878791
CUST1408,INV004410,49842.57,2025-05-03,2025-06-02,2025-06-29,Paid,0,23,4,22,0,2,10,1,1,Mid-Market,2916457
CUST0690,INV004411,11674.91,2026-06-18,2026-08-02,2026-08-23,Paid,0,10,3,11,0,3,46,0,1,SMB,3185812
CUST1613,INV004412,34925.02,2025-04-20,2025-05-20,,Overdue,471,1,0,13,3,6,28,0,0,Mid-Market,1528081
CUST0700,INV004413,114265.89,2025-09-28,2025-11-12,,Overdue,295,13,3,22,0,2,83,0,0,SMB,3980010
CUST0507,INV004414,7331.26,2026-01-15,2026-03-16,2026-03-29,Paid,0,14,6,19,1,0,19,0,1,Enterprise,176060
CUST0992,INV004415,35543.04,2025-10-27,2025-11-26,,Overdue,281,23,8,30,1,0,36,0,0,Mid-Market,2063148
CUST1010,INV004416,37758.39,2025-09-06,2025-10-06,2025-10-19,Paid,0,12,6,15,1,7,18,1,1,SMB,3692693
CUST1551,INV004417,9313.89,2026-06-05,2026-07-20,2026-08-02,Paid,0,13,4,9,0,0,26,0,1,Enterprise,1250532
CUST0804,INV004418,85323.99,2025-02-03,2025-02-18,2025-02-26,Paid,0,1,0,3,0,7,49,0,1,Mid-Market,1692425
CUST0831,INV004419,16519.44,2025-08-16,2025-09-15,,Overdue,353,27,9,14,2,3,55,0,0,SMB,2484003
CUST1349,INV004420,15006.62,2026-08-08,2026-09-22,2026-09-26,Paid,0,14,1,3,0,3,8,0,1,Enterprise,2500979
CUST0214,INV004421,181972.93,2026-02-03,2026-03-20,2026-04-07,Paid,0,8,5,13,3,4,5,0,1,SMB,4357086
CUST1232,INV004422,37151.77,2026-08-07,2026-09-06,,Overdue,0,26,6,29,2,2,72,1,1,SMB,2564719
CUST0169,INV004423,55563.99,2026-07-24,2026-09-22,,Overdue,0,22,6,22,1,1,30,0,1,SMB,1666596
CUST1354,INV004424,85382.2,2025-08-08,2025-09-07,2025-09-07,Paid,0,14,4,0,0,1,8,0,1,Mid-Market,4368420
CUST1304,INV004425,11493.37,2026-01-06,2026-02-05,2026-02-05,Paid,0,1,0,0,0,6,36,0,1,Mid-Market,4943091
CUST0978,INV004426,76866.17,2026-06-12,2026-07-12,,Overdue,53,27,10,0,1,1,74,0,1,SMB,241387
CUST1329,INV004427,13334.45,2025-03-16,2025-04-15,,Overdue,506,28,6,6,0,6,27,0,0,Mid-Market,478745
CUST0146,INV004428,12776.68,2025-05-16,2025-06-15,,Overdue,445,17,4,9,1,3,15,0,0,SMB,4276156
CUST1799,INV004429,16780.96,2025-03-15,2025-05-14,,Overdue,477,16,4,23,0,4,84,0,0,SMB,2049117
CUST0516,INV004430,11824.57,2025-09-11,2025-10-11,,Overdue,327,12,4,20,3,6,38,0,0,SMB,2304103
CUST1114,INV004431,50119.05,2025-01-18,2025-02-17,2025-03-08,Paid,0,29,7,18,0,6,82,0,1,Mid-Market,1609757
CUST0453,INV004432,28773.52,2025-02-12,2025-03-14,2025-03-15,Paid,0,29,10,6,0,0,39,0,1,SMB,857744
CUST0060,INV004433,13477.48,2025-02-19,2025-03-06,,Overdue,546,20,5,6,2,7,76,1,0,SMB,3687820
CUST1335,INV004434,43239.3,2026-05-30,2026-07-29,2026-08-04,Paid,0,23,6,5,0,0,43,1,1,Enterprise,3867042
CUST0528,INV004435,16727.64,2026-07-25,2026-08-24,,Overdue,10,5,1,26,2,4,82,1,1,SMB,1550134
CUST1251,INV004436,15865.93,2026-07-30,2026-08-29,,Overdue,5,21,6,6,1,3,35,0,0,Mid-Market,773858
CUST1024,INV004437,23125.33,2026-08-05,2026-09-04,,Overdue,0,24,6,0,0,1,51,0,1,Enterprise,4673037
CUST0474,INV004438,35012.5,2025-10-30,2025-12-14,,Overdue,263,18,7,10,1,2,38,1,0,Enterprise,4889498
CUST1565,INV004439,32527.71,2025-05-22,2025-06-21,,Overdue,439,4,0,28,0,5,72,0,0,Mid-Market,2530017
CUST1687,INV004440,15317.49,2025-07-21,2025-08-20,2025-08-29,Paid,0,20,1,11,0,5,35,0,1,Enterprise,761943
CUST0757,INV004441,51385.49,2025-07-26,2025-09-24,2025-09-27,Paid,0,11,3,11,1,6,52,0,1,Mid-Market,1344315
CUST0782,INV004442,17634.38,2026-02-19,2026-03-06,2026-03-10,Paid,0,8,3,0,0,7,9,1,1,Mid-Market,4560579
CUST1103,INV004443,11441.65,2025-08-09,2025-09-08,2025-09-25,Paid,0,22,6,17,0,5,44,0,1,Enterprise,313625
CUST0433,INV004444,5074.48,2025-12-28,2026-02-26,,Overdue,189,26,11,22,2,3,8,0,0,Mid-Market,4804619
CUST1825,INV004445,58875.39,2025-03-22,2025-05-06,2025-05-15,Paid,0,9,1,10,1,1,72,0,1,Mid-Market,4122250
CUST1177,INV004446,22301.07,2026-07-17,2026-08-31,,Overdue,3,26,8,19,1,7,1,0,0,Mid-Market,3392103
CUST1813,INV004447,27197.28,2025-10-12,2025-10-27,,Overdue,311,25,8,0,0,0,25,0,0,SMB,1490351
CUST0401,INV004448,62680.33,2026-01-04,2026-01-19,2026-02-18,Paid,0,20,8,28,0,4,71,0,1,SMB,2592017
CUST1303,INV004449,13665.01,2026-05-07,2026-05-22,2026-06-07,Paid,0,10,3,13,0,4,32,0,1,SMB,1693707
CUST0057,INV004450,5572.51,2025-12-12,2026-02-10,2026-02-19,Paid,0,7,1,5,2,1,62,0,1,SMB,2953030
CUST1003,INV004451,23618.38,2025-07-23,2025-09-21,,Overdue,347,19,8,8,1,7,10,0,0,Enterprise,3974221
CUST0186,INV004452,29970.28,2025-01-25,2025-02-24,,Overdue,556,22,7,34,0,3,86,0,0,Mid-Market,3301128
CUST0398,INV004453,16935.22,2026-07-07,2026-08-06,,Overdue,28,29,7,14,0,1,17,0,1,SMB,2480721
CUST0605,INV004454,96157.0,2025-03-10,2025-04-09,2025-04-21,Paid,0,1,0,16,0,3,11,1,1,SMB,1499087
CUST0788,INV004455,5000.0,2026-05-31,2026-06-30,2026-07-07,Paid,0,5,1,13,0,0,47,0,1,SMB,2585232
CUST0158,INV004456,67511.73,2026-05-07,2026-06-06,2026-06-08,Paid,0,6,2,7,2,6,56,0,1,Mid-Market,3351017
CUST1811,INV004457,48589.06,2025-08-28,2025-10-12,2025-10-25,Paid,0,12,3,0,0,4,41,1,1,Mid-Market,3687967
CUST1717,INV004458,34779.06,2025-12-27,2026-02-25,2026-03-12,Paid,0,28,3,20,1,6,16,0,1,SMB,1284215
CUST1383,INV004459,5000.0,2026-03-17,2026-05-01,,Overdue,125,12,5,8,1,6,25,0,1,Enterprise,3295705
CUST1464,INV004460,79529.94,2025-01-31,2025-03-02,,Overdue,550,21,5,11,0,5,30,0,0,Mid-Market,3699244
CUST0589,INV004461,7891.69,2025-11-18,2026-01-02,,Overdue,244,14,3,23,0,3,76,0,1,SMB,2487245
CUST0466,INV004462,13257.36,2025-12-10,2026-01-24,2026-02-18,Paid,0,7,1,20,1,0,41,1,1,SMB,4755907
CUST1687,INV004463,18571.94,2026-06-20,2026-07-20,,Overdue,45,28,5,8,0,2,61,0,1,Enterprise,761943
CUST0446,INV004464,33104.29,2025-12-21,2026-01-20,2026-01-31,Paid,0,20,4,17,1,1,49,0,1,Enterprise,2230707
CUST1774,INV004465,41748.89,2026-04-16,2026-05-16,,Overdue,110,21,6,19,0,3,76,0,0,Enterprise,3689688
CUST0801,INV004466,53789.88,2025-04-15,2025-05-30,2025-05-30,Paid,0,20,3,5,1,1,42,0,1,Mid-Market,1509700
CUST1767,INV004467,49804.15,2025-11-18,2026-01-17,2026-01-17,Paid,0,14,3,8,2,1,63,0,1,Mid-Market,647904
CUST1512,INV004468,28365.45,2026-07-26,2026-08-25,,Overdue,9,16,8,15,0,4,26,0,1,Mid-Market,2688439
CUST1554,INV004469,33387.03,2026-06-11,2026-08-10,2026-08-22,Paid,0,9,1,20,1,5,38,0,1,Enterprise,4918923
CUST1097,INV004470,7400.08,2026-05-19,2026-06-03,2026-06-17,Paid,0,2,2,16,0,1,28,0,1,SMB,1083668
CUST0929,INV004471,10393.89,2025-03-26,2025-05-10,,Overdue,481,17,2,16,0,7,70,0,0,Mid-Market,1444316
CUST1952,INV004472,53930.97,2025-08-23,2025-10-22,2025-10-31,Paid,0,4,2,8,0,2,1,1,1,SMB,400679
CUST1725,INV004473,50879.2,2025-09-20,2025-10-20,2025-10-24,Paid,0,14,3,3,0,6,66,0,1,Mid-Market,4300167
CUST1974,INV004474,45424.16,2025-01-06,2025-03-07,,Overdue,545,14,2,17,1,6,42,0,0,Mid-Market,2648133
CUST0017,INV004475,13168.5,2026-05-09,2026-06-08,2026-06-15,Paid,0,28,9,5,0,6,8,0,1,SMB,2450081
CUST1555,INV004476,54747.78,2025-10-16,2025-11-15,2025-11-25,Paid,0,15,0,7,0,4,50,0,1,SMB,3050109
CUST0731,INV004477,6896.41,2026-07-24,2026-08-23,2026-08-23,Paid,0,28,6,0,0,1,10,0,1,SMB,1772907
CUST0326,INV004478,64689.86,2026-07-08,2026-08-07,,Overdue,27,12,3,6,2,2,73,0,1,Mid-Market,1796688
CUST0995,INV004479,16968.76,2025-12-16,2026-02-14,2026-02-14,Paid,0,13,2,8,0,3,52,0,1,SMB,2494291
CUST1656,INV004480,118678.14,2025-07-19,2025-08-03,,Overdue,396,22,5,2,1,0,11,1,0,Enterprise,709987
CUST0613,INV004481,5000.0,2025-12-01,2025-12-31,2026-01-02,Paid,0,10,1,3,1,2,4,1,1,Mid-Market,2896230
CUST0546,INV004482,128464.01,2025-08-05,2025-09-19,,Overdue,349,16,6,13,2,7,30,0,0,SMB,1589600
CUST0596,INV004483,15344.86,2025-12-19,2026-01-18,,Overdue,228,29,7,17,0,3,37,0,0,SMB,2231913
CUST0921,INV004484,15070.9,2025-11-21,2025-12-21,2026-01-04,Paid,0,29,5,18,0,3,17,0,1,Enterprise,710327
CUST1732,INV004485,26764.69,2025-08-16,2025-09-15,,Overdue,353,15,2,18,0,3,9,0,0,Mid-Market,328495
CUST0842,INV004486,10970.02,2025-05-25,2025-06-24,,Overdue,436,8,1,22,1,0,6,0,0,Mid-Market,794748
CUST1226,INV004487,20489.56,2025-11-04,2025-12-04,,Overdue,273,4,0,24,0,1,69,0,0,Mid-Market,2411216
CUST0344,INV004488,10534.11,2025-10-12,2025-11-11,,Overdue,296,1,0,10,1,1,49,0,0,SMB,4446720
CUST1877,INV004489,10926.39,2026-01-27,2026-02-26,2026-03-08,Paid,0,14,6,7,0,7,1,0,1,Mid-Market,1570180
CUST1547,INV004490,35842.37,2025-12-26,2026-01-25,,Overdue,221,9,1,20,2,6,18,1,0,Mid-Market,1914071
CUST0859,INV004491,8941.28,2025-06-14,2025-07-29,,Overdue,401,19,4,0,1,1,14,0,0,Mid-Market,318083
CUST1424,INV004492,10216.97,2026-08-04,2026-09-18,2026-10-02,Paid,0,6,2,11,0,5,12,0,1,SMB,3431915
CUST1242,INV004493,5581.48,2025-08-12,2025-09-11,2025-09-11,Paid,0,16,2,4,1,2,68,0,1,Mid-Market,2138062
CUST0445,INV004494,13307.32,2025-05-04,2025-07-03,2025-07-11,Paid,0,26,4,4,1,6,72,0,1,Mid-Market,378821
CUST1789,INV004495,81764.79,2025-12-10,2026-02-08,,Overdue,207,24,4,7,1,0,70,0,0,SMB,514310
CUST0222,INV004496,9452.8,2026-06-08,2026-08-07,,Overdue,27,11,4,19,0,4,60,1,0,Mid-Market,3294424
CUST1407,INV004497,10597.43,2025-02-21,2025-03-23,2025-04-24,Paid,0,21,6,33,0,0,84,0,1,Mid-Market,1183183
CUST1905,INV004498,26740.16,2025-05-09,2025-07-08,,Overdue,422,27,6,20,0,7,87,1,0,Mid-Market,4695287
CUST0592,INV004499,15202.32,2025-05-15,2025-06-29,2025-06-29,Paid,0,23,8,0,1,7,81,1,1,Mid-Market,1876525
CUST1031,INV004500,204465.48,2025-05-07,2025-06-06,2025-06-27,Paid,0,11,5,10,0,5,65,0,1,SMB,1518919
CUST1296,INV004501,18722.33,2025-03-12,2025-04-11,,Overdue,510,14,3,6,1,4,53,0,0,SMB,3549701
CUST1763,INV004502,30798.41,2025-09-30,2025-11-14,,Overdue,293,11,3,2,1,3,39,0,0,SMB,2319409
CUST1018,INV004503,56600.26,2025-07-06,2025-08-05,,Overdue,394,26,6,10,0,1,49,0,0,Mid-Market,4077902
CUST0016,INV004504,55524.4,2025-01-03,2025-02-02,2025-02-05,Paid,0,14,2,5,0,4,78,0,1,SMB,708003
CUST1448,INV004505,27813.8,2025-10-12,2025-11-11,2025-11-18,Paid,0,25,8,4,0,1,2,0,1,Mid-Market,1756517
CUST0524,INV004506,18748.57,2025-01-22,2025-03-08,2025-04-02,Paid,0,1,0,19,0,7,16,0,1,Mid-Market,1592247
CUST0803,INV004507,166712.91,2025-06-15,2025-08-14,,Overdue,385,11,2,14,3,0,48,0,1,Mid-Market,3251078
CUST1777,INV004508,19935.15,2025-11-06,2025-12-06,,Overdue,271,24,2,28,1,1,45,0,1,Mid-Market,901161
CUST0021,INV004509,14161.89,2026-04-22,2026-06-06,2026-06-08,Paid,0,18,6,0,0,6,26,0,1,Mid-Market,3212801
CUST1714,INV004510,11546.65,2026-05-13,2026-06-12,2026-06-12,Paid,0,17,4,0,1,5,11,1,1,SMB,76616
CUST1963,INV004511,5000.0,2026-03-10,2026-04-24,,Overdue,132,4,0,9,1,6,55,1,0,Mid-Market,4358080
CUST0228,INV004512,50091.96,2025-08-22,2025-09-21,,Overdue,347,22,3,7,0,6,13,1,0,SMB,4108848
CUST1008,INV004513,5000.0,2026-01-11,2026-03-12,,Overdue,175,14,4,19,2,1,27,0,0,Mid-Market,3417611
CUST1809,INV004514,21900.77,2025-09-03,2025-10-03,,Overdue,335,8,2,16,1,5,62,0,0,SMB,2329042
CUST1312,INV004515,17946.3,2025-10-30,2025-11-29,,Overdue,278,15,3,18,1,2,12,0,0,Enterprise,1187411
CUST0809,INV004516,206894.69,2026-02-09,2026-03-11,2026-03-11,Paid,0,16,2,0,1,4,63,0,1,SMB,4226426
CUST1158,INV004517,5000.0,2025-01-21,2025-03-07,2025-03-07,Paid,0,1,1,9,1,2,3,1,1,Enterprise,3905933
CUST1307,INV004518,8945.42,2025-09-14,2025-11-13,,Overdue,294,1,0,0,0,0,4,0,0,Mid-Market,3418270
CUST0404,INV004519,19223.78,2026-02-03,2026-03-05,,Overdue,182,10,1,23,0,6,15,0,0,Mid-Market,911069
CUST1689,INV004520,18078.36,2026-06-13,2026-07-13,,Overdue,52,2,1,4,3,6,47,1,0,Mid-Market,4275389
CUST1090,INV004521,12713.95,2025-02-20,2025-04-06,,Overdue,515,25,5,12,0,7,78,0,0,SMB,4722412
CUST1673,INV004522,20312.91,2026-03-23,2026-05-22,,Overdue,104,12,4,0,1,6,24,0,0,Enterprise,4689059
CUST1628,INV004523,6250.63,2025-09-27,2025-10-27,2025-10-27,Paid,0,4,1,4,0,5,41,1,1,Mid-Market,2838107
CUST0437,INV004524,31482.68,2026-08-18,2026-09-17,,Overdue,0,23,4,9,1,5,70,0,1,SMB,4952059
CUST0829,INV004525,5000.0,2025-09-19,2025-10-19,,Overdue,319,19,2,11,2,3,75,0,0,Mid-Market,192980
CUST0934,INV004526,21466.11,2025-12-31,2026-01-30,,Overdue,216,27,4,13,1,3,16,0,0,Mid-Market,4351400
CUST0259,INV004527,12084.07,2025-02-18,2025-03-20,2025-04-12,Paid,0,1,0,19,0,1,77,1,1,Mid-Market,2727747
CUST1990,INV004528,60857.35,2026-06-02,2026-07-02,,Overdue,63,1,1,22,3,3,75,0,1,Mid-Market,1642173
CUST0103,INV004529,127428.55,2025-04-28,2025-05-13,,Overdue,478,9,3,19,1,2,82,1,0,SMB,493945
CUST0993,INV004530,15818.7,2026-03-29,2026-05-13,,Overdue,113,20,5,13,1,6,57,0,1,SMB,4517223
CUST1591,INV004531,88497.18,2026-02-01,2026-04-02,2026-04-07,Paid,0,13,2,6,0,5,41,0,1,Mid-Market,669003
CUST0769,INV004532,16056.74,2025-01-27,2025-03-28,,Overdue,524,11,4,9,0,5,47,0,0,SMB,1067481
CUST1125,INV004533,8382.27,2026-01-07,2026-02-21,,Overdue,194,19,5,12,0,1,46,0,0,Mid-Market,295300
CUST1222,INV004534,126235.39,2025-04-07,2025-05-22,2025-06-08,Paid,0,21,6,15,2,1,74,0,1,SMB,4982400
CUST0813,INV004535,37077.9,2026-06-13,2026-07-13,,Overdue,52,17,3,4,0,6,62,0,1,SMB,429039
CUST0226,INV004536,22124.45,2025-07-05,2025-08-04,2025-08-09,Paid,0,3,0,11,0,4,36,0,1,SMB,2288673
CUST0943,INV004537,43790.73,2025-08-03,2025-08-18,,Overdue,381,20,8,21,0,1,30,0,0,Mid-Market,4133290
CUST0463,INV004538,28975.76,2025-09-08,2025-10-23,2025-11-12,Paid,0,13,3,22,1,7,15,0,1,Mid-Market,1277146
CUST0237,INV004539,20553.38,2025-08-04,2025-10-03,,Overdue,335,28,7,8,4,6,18,1,0,SMB,1071469
CUST1050,INV004540,5846.31,2025-01-29,2025-03-30,2025-04-07,Paid,0,22,3,6,0,3,29,0,1,SMB,2232926
CUST1145,INV004541,16805.53,2025-04-12,2025-05-12,,Overdue,479,25,6,13,1,4,58,1,0,SMB,4814812
CUST1934,INV004542,41079.13,2025-05-03,2025-06-17,,Overdue,443,19,7,11,0,5,22,0,0,Mid-Market,2373724
CUST0506,INV004543,19481.66,2025-02-23,2025-04-24,2025-04-24,Paid,0,20,8,0,0,2,55,0,1,SMB,2812081
CUST1206,INV004544,54302.51,2025-10-10,2025-11-09,,Overdue,298,21,6,29,0,7,23,0,0,Mid-Market,1138963
CUST1735,INV004545,32326.9,2025-04-27,2025-06-11,2025-06-24,Paid,0,24,6,5,1,7,44,1,1,SMB,1896357
CUST0814,INV004546,9153.24,2026-07-11,2026-08-10,2026-08-14,Paid,0,9,4,7,0,3,70,1,1,Enterprise,578714
CUST0767,INV004547,5888.92,2025-04-24,2025-06-23,2025-06-23,Paid,0,19,7,0,1,3,60,0,1,Mid-Market,840645
CUST0634,INV004548,18822.75,2026-06-27,2026-07-12,,Overdue,53,19,7,22,1,5,88,0,0,Mid-Market,2782481
CUST1567,INV004549,13039.93,2025-10-20,2025-11-19,2025-11-25,Paid,0,23,8,5,1,6,5,0,1,Mid-Market,4181146
CUST1339,INV004550,30832.41,2025-07-14,2025-08-28,,Overdue,371,25,6,16,2,3,87,0,0,SMB,3197915
CUST0991,INV004551,10741.42,2025-10-19,2025-11-18,2025-12-01,Paid,0,1,0,18,1,2,34,0,1,Mid-Market,1161009
CUST1821,INV004552,11903.74,2025-09-18,2025-10-18,2025-10-18,Paid,0,17,4,6,1,6,12,0,1,SMB,3731890
CUST0618,INV004553,63137.47,2025-07-26,2025-08-25,2025-08-30,Paid,0,14,4,4,1,4,75,1,1,SMB,1347991
CUST1760,INV004554,25545.16,2026-07-18,2026-09-01,,Overdue,2,12,3,15,3,4,67,0,1,Mid-Market,1502137
CUST0273,INV004555,10908.23,2025-02-18,2025-03-20,,Overdue,532,2,0,0,3,3,88,0,0,Enterprise,4369453
CUST1934,INV004556,22418.5,2025-01-06,2025-02-20,,Overdue,560,22,3,19,0,1,41,0,0,Mid-Market,2373724
CUST0232,INV004557,87457.76,2026-01-14,2026-02-28,2026-03-13,Paid,0,3,0,9,0,1,8,0,1,Mid-Market,4720817
CUST1444,INV004558,29548.45,2026-01-29,2026-02-28,,Overdue,187,28,8,5,1,5,2,0,0,SMB,1543551
CUST0768,INV004559,39852.91,2025-08-12,2025-09-11,2025-09-19,Paid,0,24,3,6,2,3,58,0,1,Enterprise,3337093
CUST1466,INV004560,10381.34,2025-01-23,2025-02-07,,Overdue,573,5,1,10,1,1,37,0,0,SMB,3963397
CUST0496,INV004561,61477.06,2025-04-20,2025-05-20,2025-05-31,Paid,0,3,1,8,1,2,80,0,1,SMB,1733523
CUST1048,INV004562,223709.2,2026-07-07,2026-08-06,,Overdue,28,14,6,26,0,6,60,0,1,SMB,651891
CUST1133,INV004563,9981.94,2026-02-03,2026-03-05,,Overdue,182,24,6,0,2,4,41,0,0,SMB,1040029
CUST1727,INV004564,6755.46,2025-06-21,2025-07-21,2025-07-21,Paid,0,24,6,2,1,2,72,1,1,Mid-Market,1967577
CUST0502,INV004565,26253.18,2025-11-02,2025-12-02,,Overdue,275,18,6,12,0,3,36,0,0,Mid-Market,3544708
CUST1883,INV004566,52865.44,2026-07-18,2026-09-01,,Overdue,2,5,3,23,3,1,78,0,1,Mid-Market,2297680
CUST0025,INV004567,20102.72,2026-08-05,2026-09-04,,Overdue,0,3,0,8,0,3,76,1,0,SMB,2009310
CUST1211,INV004568,7683.22,2025-05-31,2025-07-30,,Overdue,400,23,5,3,0,2,19,0,0,SMB,939493
CUST0288,INV004569,19760.02,2026-03-04,2026-04-03,,Overdue,153,2,0,13,3,4,51,1,0,Mid-Market,902746
CUST1652,INV004570,40058.34,2026-04-12,2026-04-27,,Overdue,129,9,1,19,0,6,54,0,1,SMB,1857402
CUST0338,INV004571,14661.32,2026-07-10,2026-08-09,,Overdue,25,18,6,18,2,0,77,0,1,Mid-Market,3880121
CUST1902,INV004572,40427.08,2025-03-08,2025-03-23,,Overdue,529,27,6,0,2,3,29,0,0,SMB,4882094
CUST1938,INV004573,70594.73,2025-06-05,2025-07-20,2025-08-02,Paid,0,2,0,18,1,7,67,0,1,Mid-Market,470539
CUST1061,INV004574,28007.58,2025-07-25,2025-08-24,2025-08-30,Paid,0,22,4,8,0,3,8,0,1,Enterprise,2773408
CUST1818,INV004575,21419.4,2025-06-04,2025-07-04,2025-07-10,Paid,0,19,3,0,0,3,61,0,1,Mid-Market,1866760
CUST0137,INV004576,50480.58,2026-05-24,2026-06-23,,Overdue,72,3,1,21,1,3,56,0,1,Mid-Market,329215
CUST0508,INV004577,9357.18,2026-07-26,2026-08-25,2026-08-28,Paid,0,26,7,0,0,4,78,0,1,Mid-Market,4374848
CUST0227,INV004578,8478.51,2025-03-15,2025-04-14,2025-04-14,Paid,0,18,3,0,1,6,7,0,1,Enterprise,1673154
CUST0320,INV004579,16872.29,2025-02-18,2025-03-05,2025-03-29,Paid,0,14,1,22,1,4,68,1,1,SMB,3095915
CUST1864,INV004580,13468.66,2026-04-12,2026-04-27,2026-05-09,Paid,0,13,6,0,2,7,21,0,1,Mid-Market,4734013
CUST0916,INV004581,9864.11,2026-08-08,2026-09-07,2026-09-18,Paid,0,16,3,6,1,2,45,0,1,SMB,189227
CUST1206,INV004582,137374.83,2025-06-28,2025-07-28,2025-07-28,Paid,0,21,5,3,0,7,12,0,1,Mid-Market,1138963
CUST1898,INV004583,193298.95,2025-02-17,2025-04-03,,Overdue,518,28,5,10,1,0,73,0,0,SMB,3647170
CUST0086,INV004584,15464.39,2025-03-13,2025-04-12,2025-04-22,Paid,0,11,2,5,0,3,7,1,1,SMB,2815331
CUST1491,INV004585,24142.26,2025-04-23,2025-05-08,,Overdue,483,21,5,2,1,2,45,0,0,SMB,3010883
CUST0926,INV004586,18254.32,2025-06-08,2025-07-08,,Overdue,422,23,6,16,1,4,35,0,0,SMB,1856684
CUST0053,INV004587,66669.26,2025-01-30,2025-03-01,,Overdue,551,24,8,18,0,1,40,0,0,Enterprise,4201785
CUST0860,INV004588,81279.21,2025-04-07,2025-04-22,,Overdue,499,24,5,3,3,5,11,1,1,SMB,1801498
CUST0867,INV004589,5000.0,2025-09-08,2025-10-08,,Overdue,330,12,5,16,2,6,42,0,0,SMB,4026765
CUST1259,INV004590,35454.69,2026-06-03,2026-07-03,,Overdue,62,3,1,37,0,4,2,1,1,SMB,93764
CUST1983,INV004591,5962.1,2025-04-02,2025-05-02,,Overdue,489,6,1,12,0,4,34,0,0,SMB,2415885
CUST1803,INV004592,127806.43,2025-04-23,2025-06-07,,Overdue,453,16,3,12,2,1,54,0,0,SMB,4686440
CUST1823,INV004593,34209.14,2025-09-16,2025-10-31,,Overdue,307,12,5,11,0,1,80,0,0,Mid-Market,4687370
CUST0433,INV004594,9668.71,2025-04-17,2025-05-17,2025-05-30,Paid,0,21,4,12,1,2,51,0,1,Mid-Market,4804619
CUST1520,INV004595,17303.75,2026-07-29,2026-08-28,2026-09-04,Paid,0,20,7,11,1,0,32,1,1,Enterprise,3673425
CUST0999,INV004596,16498.47,2026-01-25,2026-02-24,2026-02-26,Paid,0,26,4,0,0,0,79,1,1,Enterprise,187686
CUST0100,INV004597,37239.04,2025-12-24,2026-02-07,,Overdue,208,6,3,15,0,6,74,0,0,SMB,1776199
CUST0990,INV004598,62436.95,2025-07-18,2025-09-16,2025-09-27,Paid,0,20,5,5,0,4,12,0,1,Mid-Market,851955
CUST0599,INV004599,6986.9,2026-03-03,2026-03-18,,Overdue,169,14,9,1,1,1,13,1,0,SMB,2813398
CUST0403,INV004600,138517.85,2026-04-23,2026-05-23,,Overdue,103,24,7,0,0,4,30,0,1,Mid-Market,1620057
CUST0396,INV004601,109720.35,2026-05-18,2026-07-02,,Overdue,63,9,1,1,1,0,86,0,1,Enterprise,3351106
CUST1551,INV004602,9179.03,2026-07-27,2026-09-10,2026-10-05,Paid,0,17,2,29,0,0,71,0,1,Enterprise,1250532
CUST0415,INV004603,23689.85,2025-04-30,2025-05-15,,Overdue,476,12,2,6,1,3,80,0,0,Mid-Market,4468909
CUST0939,INV004604,121881.99,2026-07-27,2026-09-10,2026-09-18,Paid,0,1,0,7,0,0,45,0,1,SMB,1590724
CUST1637,INV004605,75577.85,2025-11-05,2025-12-05,2025-12-21,Paid,0,20,6,21,0,5,87,0,1,SMB,4165345
CUST0677,INV004606,15728.93,2026-06-22,2026-07-07,,Overdue,58,22,0,20,0,3,70,0,0,SMB,4915313
CUST0463,INV004607,49728.81,2026-04-20,2026-05-20,2026-05-20,Paid,0,8,1,6,0,4,46,0,1,Mid-Market,1277146
CUST0541,INV004608,441175.61,2026-07-06,2026-08-05,2026-08-05,Paid,0,28,7,2,1,2,32,0,1,Enterprise,4638727
CUST1650,INV004609,24468.94,2025-12-10,2026-01-24,,Overdue,222,12,2,27,1,0,83,0,0,Mid-Market,299265
CUST1643,INV004610,11700.09,2025-05-16,2025-06-30,2025-07-12,Paid,0,16,3,17,1,6,36,1,1,Mid-Market,3417851
CUST1946,INV004611,26171.33,2025-10-04,2025-11-18,,Overdue,289,1,0,6,1,3,30,0,0,Mid-Market,849687
CUST1388,INV004612,28185.19,2026-06-17,2026-07-17,,Overdue,48,3,2,27,1,2,3,0,1,SMB,3981814
CUST1154,INV004613,13035.91,2025-01-31,2025-02-15,2025-02-23,Paid,0,12,1,8,1,2,37,1,1,Mid-Market,4037793
CUST0084,INV004614,34256.28,2025-09-04,2025-10-04,,Overdue,334,4,2,5,1,4,82,0,0,SMB,3521750
CUST0271,INV004615,6282.98,2026-02-15,2026-03-17,2026-03-17,Paid,0,10,2,1,0,1,80,0,1,Mid-Market,1608242
CUST0244,INV004616,11321.58,2025-01-27,2025-03-13,2025-03-21,Paid,0,2,0,0,1,7,4,0,1,SMB,2201061
CUST0388,INV004617,47016.07,2025-03-14,2025-04-13,,Overdue,508,29,10,14,0,6,68,0,0,SMB,4458285
CUST0214,INV004618,5000.0,2025-04-07,2025-05-07,2025-05-07,Paid,0,9,1,0,0,2,43,0,1,SMB,4357086
CUST0818,INV004619,54348.24,2025-12-12,2026-01-11,,Overdue,235,3,3,0,0,4,7,0,0,SMB,4192535
CUST1190,INV004620,5000.0,2026-04-21,2026-05-21,,Overdue,105,20,5,11,1,1,82,0,1,Mid-Market,1331506
CUST1815,INV004621,5000.0,2025-10-27,2025-11-26,,Overdue,281,20,5,24,2,7,43,0,0,SMB,789574
CUST0059,INV004622,13373.38,2025-10-26,2025-11-25,,Overdue,282,1,1,18,0,5,37,1,0,SMB,256487
CUST1626,INV004623,29344.6,2025-10-14,2025-11-28,2025-12-22,Paid,0,5,0,24,1,2,66,0,1,Mid-Market,3049610
CUST0883,INV004624,82889.49,2026-03-25,2026-05-09,2026-05-27,Paid,0,5,3,11,0,4,46,1,1,SMB,797852
CUST0843,INV004625,23332.97,2025-07-31,2025-08-30,,Overdue,369,2,1,32,2,4,69,1,0,SMB,3686562
CUST0924,INV004626,17213.45,2025-03-17,2025-04-16,2025-04-16,Paid,0,15,5,0,0,3,3,0,1,Mid-Market,1535255
CUST1528,INV004627,39323.64,2026-02-05,2026-03-22,2026-03-27,Paid,0,1,0,4,0,4,35,0,1,SMB,234514
CUST1730,INV004628,9219.73,2025-02-03,2025-02-18,2025-03-19,Paid,0,21,6,20,0,2,15,0,1,Mid-Market,827635
CUST0123,INV004629,25321.65,2026-05-13,2026-06-27,,Overdue,68,5,0,13,0,2,80,0,1,SMB,1306715
CUST1672,INV004630,6637.92,2026-05-31,2026-06-30,2026-07-04,Paid,0,7,1,3,1,0,27,0,1,Enterprise,2545389
CUST1437,INV004631,23922.88,2025-11-24,2025-12-24,,Overdue,253,11,2,15,0,2,76,0,0,SMB,1456150
CUST1163,INV004632,19344.5,2025-04-08,2025-06-07,2025-06-07,Paid,0,26,6,6,1,7,69,1,1,SMB,1947883
CUST1253,INV004633,9854.98,2026-01-01,2026-01-31,2026-02-10,Paid,0,10,3,7,2,1,53,1,1,SMB,94816
CUST1298,INV004634,25978.92,2026-04-08,2026-05-08,,Overdue,118,2,1,31,1,0,67,0,1,SMB,1971672
CUST0439,INV004635,25810.84,2025-01-28,2025-02-12,2025-03-15,Paid,0,29,8,22,1,4,75,0,1,Mid-Market,2229431
CUST1022,INV004636,71357.23,2026-01-21,2026-02-20,2026-03-06,Paid,0,28,6,18,0,0,39,0,1,SMB,1149577
CUST0562,INV004637,5000.0,2025-09-30,2025-10-30,,Overdue,308,14,4,18,1,1,6,0,0,SMB,4805185
CUST1934,INV004638,20413.49,2025-05-07,2025-06-06,2025-06-13,Paid,0,24,7,1,1,0,14,0,1,Mid-Market,2373724
CUST0118,INV004639,10298.34,2025-07-21,2025-08-20,2025-08-25,Paid,0,21,7,2,0,1,87,1,1,SMB,4463359
CUST1738,INV004640,52562.7,2026-06-05,2026-08-04,,Overdue,30,5,2,18,3,7,4,1,0,SMB,1373173
CUST0905,INV004641,46812.81,2025-10-14,2025-11-13,,Overdue,294,16,2,21,1,7,16,0,0,SMB,1148657
CUST1507,INV004642,36602.79,2026-03-26,2026-04-25,,Overdue,131,25,5,22,3,4,7,1,1,Mid-Market,2003341
CUST0395,INV004643,10896.17,2025-03-29,2025-04-28,,Overdue,493,2,0,7,0,0,27,1,0,SMB,487625
CUST1727,INV004644,53394.9,2025-11-14,2025-12-14,,Overdue,263,10,4,3,0,6,67,0,0,Mid-Market,1967577
CUST0876,INV004645,5000.0,2025-01-19,2025-02-18,,Overdue,562,27,7,16,0,2,3,0,0,SMB,3763543
CUST1484,INV004646,5000.0,2026-08-16,2026-09-15,2026-09-15,Paid,0,18,4,0,0,2,32,0,1,SMB,4074227
CUST1859,INV004647,6149.52,2025-04-17,2025-06-16,2025-06-25,Paid,0,5,1,7,0,1,48,0,1,Mid-Market,4075345
CUST1717,INV004648,21301.34,2026-04-03,2026-05-03,,Overdue,123,17,2,23,0,1,68,1,0,SMB,1284215
CUST0935,INV004649,43267.82,2025-11-07,2025-12-07,2025-12-07,Paid,0,11,3,6,1,1,10,0,1,SMB,4691094
CUST1102,INV004650,5000.0,2026-02-16,2026-04-02,2026-04-17,Paid,0,5,1,19,0,5,1,0,1,Enterprise,1917306
CUST0952,INV004651,82680.81,2026-05-13,2026-05-28,2026-05-28,Paid,0,21,7,0,0,4,18,0,1,Mid-Market,1778665
CUST1436,INV004652,25112.28,2025-09-01,2025-10-16,,Overdue,322,24,7,10,0,5,28,0,0,SMB,2380344
CUST0075,INV004653,5000.0,2026-07-31,2026-08-30,,Overdue,4,6,3,1,1,1,43,0,1,Mid-Market,2553292
CUST0295,INV004654,24366.07,2026-01-15,2026-03-01,,Overdue,186,27,4,0,3,2,80,1,0,SMB,451067
CUST1817,INV004655,65678.4,2026-05-30,2026-07-14,,Overdue,51,22,7,5,0,6,22,1,0,SMB,375437
CUST0021,INV004656,40112.41,2025-07-26,2025-09-24,2025-10-05,Paid,0,16,5,11,1,6,64,0,1,Mid-Market,3212801
CUST1930,INV004657,66109.85,2026-01-29,2026-02-28,2026-03-08,Paid,0,5,1,8,0,2,30,0,1,SMB,569385
CUST1195,INV004658,5618.13,2025-01-21,2025-03-07,2025-03-23,Paid,0,21,6,13,0,1,41,0,1,SMB,787090
CUST1039,INV004659,14559.44,2026-06-11,2026-07-11,,Overdue,54,24,7,17,0,3,39,0,0,SMB,4946799
CUST1235,INV004660,8736.87,2025-12-09,2026-01-23,,Overdue,223,16,3,16,0,5,74,0,0,Mid-Market,1469920
CUST0560,INV004661,122710.13,2025-07-21,2025-08-20,,Overdue,379,17,5,11,1,1,25,0,0,Mid-Market,642632
CUST1110,INV004662,41746.16,2025-04-30,2025-05-15,,Overdue,476,9,4,15,2,6,11,0,0,SMB,69477
CUST1173,INV004663,379651.72,2026-01-24,2026-02-08,2026-02-12,Paid,0,22,4,0,1,3,87,0,1,Mid-Market,1144409
CUST1724,INV004664,13799.54,2026-06-21,2026-07-21,2026-07-21,Paid,0,25,11,0,0,0,22,0,1,SMB,411309
CUST0372,INV004665,10671.43,2025-08-22,2025-09-06,2025-09-06,Paid,0,2,0,1,0,0,20,0,1,SMB,4954948
CUST1504,INV004666,19094.84,2025-11-16,2025-12-16,,Overdue,261,19,3,12,1,2,5,1,0,SMB,4441401
CUST0818,INV004667,87409.32,2025-06-29,2025-07-29,2025-08-18,Paid,0,17,2,20,0,0,22,1,1,SMB,4192535
CUST1175,INV004668,15273.59,2026-01-03,2026-02-17,,Overdue,198,5,0,29,1,6,81,0,0,Mid-Market,4154399
CUST1165,INV004669,24945.22,2025-03-17,2025-04-01,2025-04-12,Paid,0,2,0,16,0,0,18,0,1,SMB,1605537
CUST1093,INV004670,24262.58,2026-05-11,2026-06-10,,Overdue,85,11,4,0,0,6,79,1,1,Mid-Market,4720432
CUST1284,INV004671,22913.85,2026-06-06,2026-07-06,2026-07-18,Paid,0,1,0,15,0,6,76,0,1,SMB,4645130
CUST0846,INV004672,11471.28,2025-07-20,2025-08-19,2025-09-15,Paid,0,9,2,20,1,0,2,0,1,SMB,784275
CUST1992,INV004673,19200.83,2025-12-12,2026-01-11,2026-01-11,Paid,0,27,7,7,0,4,3,1,1,SMB,1124477
CUST0521,INV004674,18396.16,2026-04-28,2026-06-27,2026-07-06,Paid,0,25,5,9,1,4,44,0,1,Mid-Market,1242931
CUST1657,INV004675,21860.47,2025-08-07,2025-09-06,2025-09-30,Paid,0,6,0,21,1,7,78,0,1,Mid-Market,293877
CUST0371,INV004676,56586.0,2025-03-01,2025-04-15,2025-04-20,Paid,0,11,2,10,1,5,36,0,1,SMB,4435724
CUST1443,INV004677,128107.88,2026-07-04,2026-08-03,,Overdue,31,27,5,13,0,1,37,0,1,Mid-Market,3500087
CUST0101,INV004678,9504.92,2025-08-09,2025-10-08,,Overdue,330,8,3,8,1,7,78,0,0,SMB,4520013
CUST0661,INV004679,14883.47,2026-05-17,2026-06-16,2026-07-11,Paid,0,13,2,23,1,3,23,0,1,SMB,3863233
CUST1978,INV004680,9652.65,2025-05-13,2025-07-12,,Overdue,418,27,6,0,1,7,53,0,0,SMB,1258468
CUST1682,INV004681,26558.4,2025-02-22,2025-03-24,2025-04-10,Paid,0,12,1,9,2,2,79,1,1,Enterprise,997272
CUST1889,INV004682,12857.09,2026-03-26,2026-04-10,,Overdue,146,9,3,7,2,5,62,0,0,Mid-Market,3652571
CUST0968,INV004683,27995.44,2025-03-03,2025-04-02,,Overdue,519,15,4,6,0,5,71,1,0,SMB,1834006
CUST0243,INV004684,66411.59,2025-01-23,2025-02-22,,Overdue,558,5,1,0,1,4,58,0,0,Enterprise,3230246
CUST0753,INV004685,5000.0,2025-02-13,2025-03-15,,Overdue,537,15,5,25,0,4,33,1,0,Mid-Market,4859479
CUST0512,INV004686,36018.21,2026-07-12,2026-08-11,2026-08-17,Paid,0,2,1,8,1,5,57,0,1,SMB,2671578
CUST0849,INV004687,13902.35,2025-02-16,2025-04-02,,Overdue,519,15,3,5,1,2,49,0,0,Mid-Market,648506
CUST0555,INV004688,34906.29,2025-01-24,2025-02-08,,Overdue,572,20,6,20,1,5,38,0,0,Enterprise,471280
CUST1119,INV004689,8986.97,2025-03-30,2025-04-29,,Overdue,492,3,0,12,0,4,76,0,0,SMB,873759
CUST0226,INV004690,72857.52,2025-06-23,2025-07-23,2025-07-26,Paid,0,10,1,0,3,2,51,1,1,SMB,2288673
CUST1542,INV004691,54900.66,2026-07-30,2026-09-13,2026-09-17,Paid,0,7,2,0,0,6,58,0,1,SMB,1005205
CUST0214,INV004692,38884.54,2025-04-29,2025-05-14,2025-05-29,Paid,0,10,3,11,1,1,24,0,1,SMB,4357086
CUST0718,INV004693,48689.84,2025-06-27,2025-07-27,2025-08-19,Paid,0,26,9,17,0,1,78,0,1,Enterprise,1446436
CUST0067,INV004694,10450.23,2025-12-08,2025-12-23,,Overdue,254,10,2,11,3,7,42,0,0,SMB,1429904
CUST0396,INV004695,11853.47,2026-07-22,2026-08-21,,Overdue,13,8,1,0,2,5,71,0,1,Enterprise,3351106
CUST0612,INV004696,46743.77,2025-02-28,2025-03-30,,Overdue,522,13,5,21,0,0,20,1,0,Mid-Market,3116983
CUST1036,INV004697,10221.73,2026-03-14,2026-05-13,2026-05-16,Paid,0,21,3,4,0,6,44,0,1,Mid-Market,1470858
CUST1261,INV004698,93492.36,2026-03-04,2026-04-03,,Overdue,153,2,2,33,1,2,54,0,0,SMB,1947951
CUST1858,INV004699,15937.16,2026-03-02,2026-04-01,,Overdue,155,12,2,10,0,2,47,0,0,SMB,132806
CUST0770,INV004700,36384.36,2026-01-16,2026-03-02,2026-03-30,Paid,0,9,0,17,0,1,7,0,1,Mid-Market,3644804
CUST1423,INV004701,179736.92,2026-05-01,2026-05-31,2026-06-25,Paid,0,1,0,23,0,4,5,0,1,SMB,3691141
CUST0407,INV004702,10870.16,2025-07-04,2025-08-03,,Overdue,396,21,5,15,5,2,52,0,0,SMB,156022
CUST0925,INV004703,23594.33,2026-07-13,2026-09-11,2026-09-22,Paid,0,12,1,11,1,5,77,0,1,SMB,4206004
CUST1873,INV004704,63207.81,2026-04-05,2026-06-04,,Overdue,91,12,3,19,2,2,32,0,0,Mid-Market,525278
CUST1504,INV004705,57026.84,2025-04-12,2025-05-12,2025-05-20,Paid,0,3,0,9,2,4,27,1,1,SMB,4441401
CUST0647,INV004706,15869.98,2026-07-10,2026-08-09,2026-08-26,Paid,0,24,2,14,0,1,50,1,1,Mid-Market,704224
CUST0222,INV004707,13138.07,2025-01-15,2025-03-16,2025-03-27,Paid,0,8,1,10,0,2,66,1,1,Mid-Market,3294424
CUST1180,INV004708,17445.97,2025-02-20,2025-03-07,2025-03-17,Paid,0,13,2,12,2,2,77,0,1,Mid-Market,572154
CUST0654,INV004709,93700.4,2025-11-05,2025-12-05,,Overdue,272,28,6,20,1,4,38,1,0,Mid-Market,4523014
CUST0428,INV004710,16662.14,2025-02-03,2025-03-05,,Overdue,547,28,9,0,3,0,56,1,0,Enterprise,1247162
CUST1182,INV004711,23816.07,2026-08-12,2026-09-11,,Overdue,0,17,4,7,1,4,63,0,1,SMB,1061930
CUST0977,INV004712,14374.54,2025-07-24,2025-09-22,2025-09-27,Paid,0,20,6,7,0,5,30,0,1,Mid-Market,275391
CUST1440,INV004713,44602.65,2025-03-11,2025-04-25,,Overdue,496,28,6,22,1,4,46,1,0,Mid-Market,1279458
CUST1006,INV004714,25732.89,2025-08-18,2025-09-17,,Overdue,351,10,0,11,1,0,70,0,0,Mid-Market,2572620
CUST1350,INV004715,8075.31,2026-04-25,2026-06-09,2026-06-09,Paid,0,15,6,3,1,7,67,0,1,SMB,3955513
CUST0371,INV004716,8359.68,2026-06-17,2026-07-17,2026-07-17,Paid,0,24,5,0,1,2,51,0,1,SMB,4435724
CUST1368,INV004717,5000.0,2025-04-18,2025-06-17,,Overdue,443,25,6,23,3,0,59,1,0,Enterprise,4075942
CUST1286,INV004718,9591.94,2025-08-29,2025-09-28,,Overdue,340,9,2,12,1,3,83,0,0,Mid-Market,4616701
CUST1307,INV004719,48724.92,2025-09-08,2025-10-08,,Overdue,330,18,5,10,0,6,59,0,0,Mid-Market,3418270
CUST0850,INV004720,82765.0,2025-05-15,2025-06-14,,Overdue,446,25,9,11,1,7,50,0,0,Mid-Market,606718
CUST0856,INV004721,43719.89,2025-03-31,2025-04-30,,Overdue,491,8,3,23,0,0,80,0,0,SMB,3566144
CUST0229,INV004722,38354.69,2026-08-14,2026-09-13,,Overdue,0,27,12,16,0,1,68,0,0,Enterprise,3530826
CUST1912,INV004723,19408.65,2026-03-16,2026-04-15,,Overdue,141,14,4,0,1,2,52,0,0,Enterprise,798692
CUST0280,INV004724,47806.39,2025-10-25,2025-12-24,2026-01-15,Paid,0,11,5,18,0,3,45,0,1,Mid-Market,1466828
CUST1894,INV004725,29327.42,2026-02-11,2026-04-12,2026-04-16,Paid,0,13,3,0,0,3,9,1,1,SMB,1390683
CUST1314,INV004726,133846.51,2025-11-04,2025-12-04,,Overdue,273,16,1,19,2,7,64,0,0,Mid-Market,2962511
CUST1704,INV004727,19961.38,2025-04-12,2025-06-11,2025-06-16,Paid,0,14,2,7,0,0,8,0,1,Mid-Market,1584227
CUST1071,INV004728,84373.45,2025-12-27,2026-02-25,,Overdue,190,9,2,19,0,6,49,0,0,SMB,4917951
CUST0975,INV004729,52791.95,2026-06-12,2026-07-27,,Overdue,38,9,3,20,0,6,55,1,1,SMB,2579832
CUST1739,INV004730,45956.16,2025-10-20,2025-11-19,2025-11-28,Paid,0,19,2,6,1,3,9,1,1,SMB,1772199
CUST1238,INV004731,5000.0,2025-05-26,2025-07-25,,Overdue,405,5,1,12,0,5,12,0,0,SMB,3798529
CUST0758,INV004732,55781.05,2026-02-08,2026-03-10,,Overdue,177,15,7,14,0,2,69,0,0,Mid-Market,2625508
CUST1048,INV004733,19389.6,2025-01-02,2025-02-01,,Overdue,579,29,9,5,2,2,80,1,0,SMB,651891
CUST0321,INV004734,14130.25,2025-04-29,2025-05-29,2025-05-29,Paid,0,11,3,5,1,4,19,0,1,Mid-Market,320914
CUST0274,INV004735,5000.0,2025-07-10,2025-08-09,2025-08-25,Paid,0,19,2,17,0,7,87,0,1,Enterprise,4998008
CUST0556,INV004736,21903.74,2025-01-03,2025-03-04,2025-03-26,Paid,0,6,0,25,1,4,8,0,1,SMB,959245
CUST0844,INV004737,22778.03,2026-05-02,2026-06-16,2026-06-16,Paid,0,10,1,0,1,5,18,0,1,Enterprise,2104410
CUST1337,INV004738,5984.92,2025-06-26,2025-08-25,2025-09-20,Paid,0,16,3,17,2,7,26,1,1,SMB,586644
CUST1387,INV004739,5047.86,2025-09-14,2025-10-29,,Overdue,309,29,8,10,3,1,43,1,0,Mid-Market,2006874
CUST0668,INV004740,35832.82,2026-06-18,2026-07-18,,Overdue,47,5,0,19,0,5,26,0,1,SMB,3438445
CUST1000,INV004741,52664.93,2026-04-22,2026-06-06,2026-06-28,Paid,0,18,2,17,2,0,79,1,1,SMB,2117636
CUST0380,INV004742,26643.03,2026-02-02,2026-03-04,2026-03-16,Paid,0,19,2,15,0,3,14,0,1,SMB,697341
CUST0711,INV004743,69621.91,2026-05-11,2026-06-10,2026-06-10,Paid,0,23,5,0,3,6,7,1,1,Mid-Market,2126475
CUST1943,INV004744,20203.58,2025-08-08,2025-09-22,,Overdue,346,10,3,31,0,7,89,0,0,Mid-Market,4770553
CUST1698,INV004745,20861.25,2025-06-22,2025-07-22,2025-07-22,Paid,0,10,4,11,0,4,2,1,1,SMB,1540017
CUST1931,INV004746,8804.09,2026-01-25,2026-03-11,2026-03-25,Paid,0,12,2,9,0,2,48,0,1,Mid-Market,3578880
CUST1494,INV004747,5000.0,2026-05-17,2026-06-16,,Overdue,79,21,6,19,0,5,70,0,1,SMB,1532795
CUST0746,INV004748,140738.96,2026-07-31,2026-09-14,2026-09-15,Paid,0,3,0,0,0,6,73,0,1,Enterprise,3902256
CUST0675,INV004749,68275.01,2025-09-17,2025-10-17,,Overdue,321,4,3,20,2,3,56,1,0,SMB,1858286
CUST0116,INV004750,5472.48,2025-05-11,2025-06-10,,Overdue,450,22,5,22,0,0,21,0,0,Enterprise,464600
CUST0605,INV004751,25738.72,2025-04-23,2025-05-23,,Overdue,468,24,5,0,0,3,75,1,0,SMB,1499087
CUST1066,INV004752,19929.45,2025-01-20,2025-02-19,,Overdue,561,12,3,16,0,3,7,0,0,Mid-Market,92291
CUST1820,INV004753,16747.55,2025-08-03,2025-09-02,2025-09-13,Paid,0,7,0,11,1,1,40,0,1,SMB,3680623
CUST0379,INV004754,14632.23,2025-11-06,2025-12-06,2025-12-28,Paid,0,12,3,16,0,0,27,1,1,Mid-Market,3014932
CUST1746,INV004755,32249.87,2025-09-08,2025-10-23,,Overdue,315,3,1,0,3,3,77,1,0,SMB,4647855
CUST1230,INV004756,49919.93,2026-05-03,2026-06-02,,Overdue,93,18,5,24,1,2,2,0,1,SMB,4519353
CUST0466,INV004757,32938.29,2026-01-17,2026-02-16,2026-03-11,Paid,0,19,8,19,1,2,13,0,1,SMB,4755907
CUST1756,INV004758,19525.6,2026-02-13,2026-03-15,2026-03-24,Paid,0,5,1,2,1,1,4,0,1,Mid-Market,1511312
CUST0280,INV004759,18821.84,2025-09-28,2025-11-27,2025-11-27,Paid,0,14,2,7,0,4,68,0,1,Mid-Market,1466828
CUST1672,INV004760,56208.0,2026-02-11,2026-04-12,,Overdue,144,23,7,22,0,0,26,0,0,Enterprise,2545389
CUST0618,INV004761,35011.96,2025-07-13,2025-08-12,,Overdue,387,8,0,16,2,7,87,0,0,SMB,1347991
CUST0118,INV004762,23687.18,2026-03-17,2026-04-16,2026-04-23,Paid,0,22,3,5,1,3,20,0,1,SMB,4463359
CUST1261,INV004763,21249.71,2025-11-09,2025-12-09,2025-12-23,Paid,0,15,4,14,2,1,89,0,1,SMB,1947951
CUST0309,INV004764,31109.56,2025-03-20,2025-04-04,2025-04-07,Paid,0,16,5,8,1,6,57,0,1,Mid-Market,4224482
CUST1480,INV004765,13789.34,2025-06-29,2025-07-29,2025-08-02,Paid,0,29,8,0,1,2,27,1,1,SMB,884440
CUST1924,INV004766,50088.1,2025-01-14,2025-02-13,,Overdue,567,18,10,10,3,5,64,0,0,SMB,2091381
CUST1499,INV004767,7511.13,2025-09-03,2025-10-03,2025-10-20,Paid,0,11,3,17,0,3,20,0,1,SMB,158944
CUST0100,INV004768,14596.59,2025-01-14,2025-02-13,2025-02-22,Paid,0,2,1,5,1,2,80,1,1,SMB,1776199
CUST0261,INV004769,40583.06,2025-04-09,2025-05-09,,Overdue,482,10,6,17,0,5,4,0,0,Mid-Market,4802820
CUST0993,INV004770,7094.8,2025-02-02,2025-03-04,,Overdue,548,11,3,21,1,3,73,0,0,SMB,4517223
CUST1329,INV004771,5000.0,2026-03-12,2026-05-11,2026-05-31,Paid,0,5,2,19,1,0,71,0,1,Mid-Market,478745
CUST1378,INV004772,23460.6,2025-09-14,2025-11-13,,Overdue,294,27,5,17,0,7,47,0,0,Mid-Market,1570373
CUST0286,INV004773,5000.0,2025-02-03,2025-04-04,2025-04-04,Paid,0,21,5,0,0,2,20,0,1,SMB,625919
CUST0328,INV004774,6010.1,2025-01-19,2025-02-18,2025-02-22,Paid,0,17,7,9,0,1,41,1,1,Mid-Market,2711637
CUST1127,INV004775,46938.53,2025-09-17,2025-10-02,,Overdue,336,1,1,14,1,1,61,1,0,SMB,142036
CUST0063,INV004776,17947.65,2026-08-12,2026-09-11,2026-09-22,Paid,0,25,5,11,1,6,65,0,1,Mid-Market,2989302
CUST0687,INV004777,79657.14,2026-02-20,2026-03-22,2026-04-09,Paid,0,14,3,20,1,1,73,1,1,Mid-Market,864422
CUST1306,INV004778,6602.38,2025-05-17,2025-06-16,2025-06-16,Paid,0,15,5,11,1,5,40,0,1,Enterprise,3201396
CUST1465,INV004779,20051.27,2025-12-25,2026-02-23,,Overdue,192,7,1,22,0,1,83,0,0,Enterprise,4664466
CUST1317,INV004780,32845.98,2026-08-02,2026-10-01,,Overdue,0,8,4,21,2,4,40,0,1,Mid-Market,4205479
CUST0738,INV004781,6832.77,2025-04-26,2025-06-10,,Overdue,450,28,9,7,1,5,54,0,0,Mid-Market,2149409
CUST1031,INV004782,61806.38,2026-02-08,2026-03-25,2026-03-25,Paid,0,16,2,0,1,3,23,1,1,SMB,1518919
CUST0639,INV004783,36705.39,2025-07-21,2025-08-20,2025-09-03,Paid,0,13,4,20,1,5,65,0,1,SMB,801518
CUST0936,INV004784,5000.0,2026-01-11,2026-02-25,,Overdue,190,5,2,25,0,3,36,0,0,SMB,2757184
CUST1116,INV004785,21210.64,2025-09-07,2025-11-06,2025-11-16,Paid,0,3,0,9,1,3,56,0,1,Mid-Market,3482207
CUST1959,INV004786,32401.39,2026-03-22,2026-04-21,,Overdue,135,13,3,16,2,4,87,0,1,Mid-Market,320146
CUST1214,INV004787,12209.18,2025-10-05,2025-11-04,,Overdue,303,19,7,21,0,6,64,1,0,Mid-Market,3557447
CUST1895,INV004788,5014.73,2025-04-22,2025-05-22,2025-05-22,Paid,0,12,2,0,0,5,87,0,1,Mid-Market,3680400
CUST0476,INV004789,29098.99,2026-04-18,2026-05-18,,Overdue,108,19,4,27,2,1,47,1,0,Enterprise,426794
CUST1535,INV004790,201036.74,2026-01-27,2026-02-26,,Overdue,189,17,5,8,2,7,87,0,0,SMB,4186725
CUST1486,INV004791,14958.21,2025-05-23,2025-07-22,2025-08-18,Paid,0,11,1,28,1,0,42,1,1,SMB,1294360
CUST0053,INV004792,105793.16,2025-02-01,2025-03-03,,Overdue,549,27,5,20,1,1,27,0,0,Enterprise,4201785
CUST0754,INV004793,10380.78,2025-06-30,2025-08-14,2025-08-28,Paid,0,3,1,15,0,4,23,0,1,SMB,3160691
CUST0486,INV004794,27324.68,2026-08-02,2026-08-17,,Overdue,17,29,6,29,2,7,87,1,1,Enterprise,3130977
CUST1668,INV004795,47644.5,2026-05-31,2026-06-30,2026-07-13,Paid,0,2,0,15,0,0,85,0,1,Enterprise,1479290
CUST1514,INV004796,21841.92,2025-09-26,2025-10-26,,Overdue,312,24,2,25,0,4,71,0,0,SMB,345866
CUST1388,INV004797,16354.6,2025-08-24,2025-10-08,,Overdue,330,26,10,20,0,2,85,0,0,SMB,3981814
CUST1136,INV004798,45530.04,2025-10-04,2025-11-03,,Overdue,304,14,5,7,1,6,45,0,0,SMB,2441098
CUST0409,INV004799,146013.61,2026-07-07,2026-09-05,2026-09-05,Paid,0,26,6,2,1,3,84,0,1,Enterprise,3257796
CUST1031,INV004800,29750.07,2025-10-02,2025-11-16,,Overdue,291,22,4,26,1,7,32,0,0,SMB,1518919
CUST1766,INV004801,13146.88,2025-03-27,2025-05-11,,Overdue,480,21,2,13,1,7,39,0,0,SMB,1607009
CUST0668,INV004802,18219.51,2025-03-04,2025-05-03,,Overdue,488,17,2,19,2,3,54,0,0,SMB,3438445
CUST1221,INV004803,273678.04,2026-02-08,2026-04-09,2026-04-22,Paid,0,2,1,17,0,4,44,0,1,Enterprise,3143510
CUST0835,INV004804,25207.76,2025-07-11,2025-08-10,,Overdue,389,18,6,17,0,7,64,0,0,SMB,3365258
CUST0876,INV004805,12156.1,2025-10-20,2025-12-04,,Overdue,273,23,4,20,0,0,70,0,0,SMB,3763543
CUST1759,INV004806,7008.87,2025-01-31,2025-03-02,2025-03-18,Paid,0,15,2,12,0,2,82,1,1,SMB,1521926
CUST0367,INV004807,5000.0,2025-11-26,2025-12-26,,Overdue,251,12,4,27,0,7,6,0,0,Enterprise,2754716
CUST1002,INV004808,31684.54,2025-04-17,2025-05-17,2025-06-15,Paid,0,16,4,24,2,2,8,0,1,Mid-Market,2033044
CUST0250,INV004809,42388.91,2025-10-03,2025-11-02,,Overdue,305,16,3,8,1,1,66,0,0,Enterprise,464994
CUST1940,INV004810,14813.64,2026-08-21,2026-09-20,2026-09-26,Paid,0,7,2,8,0,1,40,0,1,SMB,600242
CUST1619,INV004811,21699.18,2026-07-10,2026-08-09,2026-08-09,Paid,0,6,1,1,0,0,63,0,1,Mid-Market,4983842
CUST1264,INV004812,6833.13,2025-03-23,2025-05-07,,Overdue,484,14,3,31,0,6,84,0,0,SMB,1464718
CUST0380,INV004813,25157.93,2025-03-05,2025-04-04,2025-04-08,Paid,0,8,0,9,2,6,42,1,1,SMB,697341
CUST1931,INV004814,35649.68,2026-07-21,2026-08-20,,Overdue,14,20,4,17,1,1,77,0,0,Mid-Market,3578880
CUST0872,INV004815,12898.11,2026-08-09,2026-09-23,2026-10-02,Paid,0,25,1,8,0,3,72,1,1,SMB,4049453
CUST0835,INV004816,119426.05,2025-05-09,2025-06-08,2025-06-28,Paid,0,24,9,16,0,4,62,0,1,SMB,3365258
CUST1495,INV004817,9536.61,2025-09-13,2025-10-13,,Overdue,325,19,4,20,1,3,74,0,0,Mid-Market,332140
CUST0775,INV004818,29245.37,2025-08-19,2025-10-18,,Overdue,320,19,3,24,0,6,73,1,0,Mid-Market,856564
CUST0919,INV004819,51447.5,2026-05-12,2026-06-11,2026-06-28,Paid,0,28,4,22,1,2,7,0,1,Mid-Market,331854
CUST1725,INV004820,20388.18,2025-05-17,2025-06-16,2025-06-21,Paid,0,12,1,0,0,2,1,0,1,Mid-Market,4300167
CUST0455,INV004821,18242.75,2026-03-31,2026-05-15,,Overdue,111,9,4,19,1,4,43,1,1,SMB,749539
CUST0366,INV004822,5277.11,2025-12-21,2026-01-20,,Overdue,226,9,1,31,0,0,13,1,0,SMB,2752994
CUST1314,INV004823,85591.52,2026-04-30,2026-05-30,,Overdue,96,29,8,9,2,2,11,0,1,Mid-Market,2962511
CUST1898,INV004824,18584.94,2025-05-26,2025-07-10,,Overdue,420,27,8,25,1,0,35,0,0,SMB,3647170
CUST0403,INV004825,37698.12,2025-02-02,2025-03-04,2025-03-04,Paid,0,5,1,2,1,3,38,0,1,Mid-Market,1620057
CUST0058,INV004826,43162.2,2025-09-17,2025-10-17,,Overdue,321,26,9,18,0,5,89,0,0,SMB,838768
CUST0521,INV004827,11751.09,2025-03-28,2025-04-27,,Overdue,494,14,2,12,3,5,45,0,0,Mid-Market,1242931
CUST1328,INV004828,18078.37,2025-09-22,2025-11-06,2025-11-06,Paid,0,1,0,0,2,1,51,0,1,Mid-Market,820692
CUST1139,INV004829,83657.16,2026-06-26,2026-08-10,2026-08-10,Paid,0,3,0,7,1,4,15,0,1,SMB,4887231
CUST0210,INV004830,7206.96,2026-01-27,2026-03-28,,Overdue,159,11,2,22,0,1,59,0,0,SMB,4998409
CUST1065,INV004831,184964.29,2025-08-20,2025-09-19,,Overdue,349,21,5,18,3,6,66,0,0,SMB,4704419
CUST0816,INV004832,10458.05,2026-08-11,2026-09-25,,Overdue,0,4,1,11,1,6,14,0,1,Mid-Market,4685352
CUST0173,INV004833,6771.53,2026-03-23,2026-05-07,2026-05-25,Paid,0,20,6,20,0,0,14,1,1,Mid-Market,583634
CUST0234,INV004834,25142.35,2025-05-09,2025-06-08,2025-06-08,Paid,0,1,0,0,1,5,41,0,1,SMB,771037
CUST0793,INV004835,200455.64,2025-09-28,2025-11-27,2025-12-04,Paid,0,6,2,10,1,0,24,0,1,Mid-Market,4931909
CUST1908,INV004836,5000.0,2025-03-30,2025-05-29,,Overdue,462,28,5,3,1,7,5,0,0,SMB,2999311
CUST1614,INV004837,19129.45,2026-04-11,2026-05-11,,Overdue,115,10,7,0,1,3,34,1,1,SMB,1620889
CUST1644,INV004838,35463.7,2025-06-19,2025-08-03,,Overdue,396,27,11,21,1,3,32,1,0,Mid-Market,1593812
CUST0793,INV004839,22780.27,2025-05-08,2025-06-22,,Overdue,438,4,0,17,2,0,46,0,0,Mid-Market,4931909
CUST1427,INV004840,32270.92,2025-06-23,2025-07-23,2025-08-08,Paid,0,17,5,9,0,3,77,0,1,SMB,2992775
CUST1063,INV004841,10742.54,2025-01-26,2025-03-27,,Overdue,525,26,9,7,0,7,16,0,0,Mid-Market,4834808
CUST0119,INV004842,12091.74,2026-07-27,2026-09-10,2026-09-10,Paid,0,22,3,0,1,4,85,1,1,Enterprise,2083901
CUST0335,INV004843,18988.28,2026-05-26,2026-07-10,,Overdue,55,21,3,10,0,2,22,0,0,SMB,3171881
CUST1360,INV004844,7116.08,2026-05-03,2026-06-02,2026-06-17,Paid,0,5,1,18,0,4,87,0,1,Mid-Market,126240
CUST1563,INV004845,21063.85,2026-08-02,2026-09-01,2026-09-09,Paid,0,2,0,6,0,6,32,0,1,Mid-Market,324535
CUST1640,INV004846,14931.89,2026-02-10,2026-03-12,2026-04-10,Paid,0,1,1,24,1,7,76,0,1,Enterprise,375329
CUST1098,INV004847,13765.97,2025-01-26,2025-03-12,2025-03-12,Paid,0,16,6,0,1,0,41,0,1,SMB,2523199
CUST1215,INV004848,30348.62,2025-03-24,2025-04-23,,Overdue,498,7,4,0,0,5,22,0,0,Mid-Market,929459
CUST0324,INV004849,5000.0,2025-12-30,2026-01-14,2026-01-26,Paid,0,21,4,13,1,2,53,0,1,SMB,4524017
CUST1011,INV004850,17516.7,2026-01-02,2026-02-01,,Overdue,214,3,0,18,0,0,23,1,0,SMB,2077320
CUST1171,INV004851,223541.81,2025-03-01,2025-03-31,,Overdue,521,14,3,17,1,5,35,0,1,Mid-Market,2645834
CUST1791,INV004852,7434.53,2026-07-05,2026-08-19,,Overdue,15,22,8,0,1,4,89,1,0,SMB,607242
CUST0284,INV004853,79658.22,2025-10-19,2025-12-03,,Overdue,274,19,5,10,0,5,43,1,0,SMB,335711
CUST0213,INV004854,23263.85,2025-07-10,2025-08-09,,Overdue,390,16,9,15,2,6,62,0,0,Mid-Market,2726517
CUST1659,INV004855,12052.68,2026-04-06,2026-05-06,,Overdue,120,22,8,20,1,6,45,1,1,SMB,1597419
CUST1742,INV004856,5880.27,2025-08-21,2025-09-20,2025-09-20,Paid,0,6,1,0,3,0,57,0,1,Mid-Market,4030053
CUST0929,INV004857,25328.41,2026-04-19,2026-05-19,2026-06-06,Paid,0,25,3,12,1,3,67,0,1,Mid-Market,1444316
CUST0752,INV004858,94220.88,2026-02-09,2026-03-26,,Overdue,161,24,1,15,1,0,55,0,0,Enterprise,922328
CUST1418,INV004859,14924.94,2025-09-28,2025-10-28,2025-10-30,Paid,0,1,0,2,0,4,31,0,1,SMB,614430
CUST0339,INV004860,20313.45,2025-05-14,2025-06-13,,Overdue,447,7,3,14,0,5,54,1,0,SMB,3612944
CUST1822,INV004861,60498.32,2025-06-20,2025-08-04,,Overdue,395,11,2,4,0,3,36,1,0,SMB,922834
CUST1046,INV004862,30972.99,2026-02-19,2026-04-20,2026-05-04,Paid,0,25,9,19,0,2,35,0,1,Mid-Market,4680232
CUST1795,INV004863,5000.0,2025-01-28,2025-03-29,,Overdue,523,18,5,24,1,4,14,0,0,SMB,4148535
CUST1893,INV004864,24315.94,2025-05-16,2025-07-15,2025-07-16,Paid,0,9,1,2,1,1,22,0,1,Mid-Market,2165226
CUST0105,INV004865,99930.97,2026-02-09,2026-03-26,2026-03-31,Paid,0,22,7,2,0,1,15,0,1,Enterprise,3653110
CUST1490,INV004866,21227.63,2026-05-20,2026-07-04,,Overdue,61,3,1,24,1,6,87,0,1,SMB,1896585
CUST1483,INV004867,5000.0,2025-08-29,2025-10-13,2025-11-06,Paid,0,24,3,16,0,7,72,1,1,Mid-Market,295144
CUST1456,INV004868,32474.65,2026-03-20,2026-05-19,,Overdue,107,23,8,17,4,6,50,0,0,Enterprise,2898883
CUST0770,INV004869,18061.6,2026-03-10,2026-05-09,,Overdue,117,28,9,0,2,7,24,0,0,Mid-Market,3644804
CUST0716,INV004870,5000.0,2025-08-16,2025-09-15,,Overdue,353,8,2,16,0,4,42,0,0,Enterprise,1956862
CUST1846,INV004871,5000.0,2026-05-24,2026-06-23,2026-06-26,Paid,0,8,0,13,0,6,40,0,1,SMB,4330428
CUST1798,INV004872,58402.1,2025-10-30,2025-11-29,2025-12-18,Paid,0,23,5,21,1,4,49,0,1,SMB,1693909
CUST1643,INV004873,10589.49,2025-02-03,2025-03-20,,Overdue,532,1,0,19,1,6,71,1,1,Mid-Market,3417851
CUST0763,INV004874,8888.41,2025-01-02,2025-02-16,2025-02-24,Paid,0,29,5,10,2,7,9,0,1,SMB,214074
CUST1960,INV004875,21255.3,2025-12-28,2026-02-26,2026-02-26,Paid,0,10,1,5,2,7,43,1,1,Mid-Market,4351828
CUST1245,INV004876,11565.68,2025-07-14,2025-08-13,,Overdue,386,15,2,20,1,1,62,0,0,Mid-Market,3911774
CUST0379,INV004877,24344.19,2025-11-04,2025-12-04,2025-12-23,Paid,0,10,2,17,1,6,20,0,1,Mid-Market,3014932
CUST1246,INV004878,17984.76,2025-09-07,2025-11-06,,Overdue,301,26,8,0,0,1,19,1,0,Mid-Market,3683795
CUST1282,INV004879,6634.27,2025-05-27,2025-06-26,2025-06-28,Paid,0,8,3,3,0,5,21,0,1,Mid-Market,2076110
CUST0713,INV004880,13210.96,2025-12-12,2026-01-11,2026-01-28,Paid,0,21,1,21,1,1,9,0,1,SMB,3194311
CUST1391,INV004881,34294.95,2025-12-14,2026-01-28,,Overdue,218,29,2,0,1,4,61,1,0,SMB,147406
CUST1794,INV004882,22969.4,2025-09-11,2025-10-11,,Overdue,327,2,0,3,1,5,34,0,0,Mid-Market,4353677
CUST1373,INV004883,20293.53,2026-02-03,2026-03-05,,Overdue,182,18,4,23,0,3,70,0,0,Enterprise,1612518
CUST0225,INV004884,152876.28,2025-11-30,2025-12-30,2025-12-31,Paid,0,2,1,3,0,0,33,0,1,SMB,1810462
CUST1738,INV004885,45754.14,2025-06-25,2025-07-25,2025-07-28,Paid,0,25,4,0,1,5,79,0,1,SMB,1373173
CUST0738,INV004886,51660.11,2025-05-05,2025-06-04,,Overdue,456,21,5,5,1,5,82,1,0,Mid-Market,2149409
CUST0236,INV004887,18658.02,2026-02-02,2026-03-04,2026-03-04,Paid,0,19,2,5,0,0,87,0,1,Mid-Market,2849250
CUST0183,INV004888,27450.65,2025-05-11,2025-06-10,2025-06-22,Paid,0,22,2,6,1,6,59,0,1,Enterprise,4912894
CUST0712,INV004889,14312.66,2026-07-16,2026-08-15,2026-08-21,Paid,0,9,0,9,1,3,71,0,1,Mid-Market,2191912
CUST1893,INV004890,47932.53,2026-02-11,2026-03-28,,Overdue,159,27,8,16,0,0,14,0,1,Mid-Market,2165226
CUST1782,INV004891,19724.17,2025-11-30,2025-12-30,,Overdue,247,25,2,25,1,5,78,1,0,Enterprise,3309819
CUST0444,INV004892,27512.01,2025-01-20,2025-02-19,,Overdue,561,25,5,0,1,3,53,0,0,SMB,3965770
CUST1889,INV004893,25864.1,2025-07-24,2025-08-23,,Overdue,376,27,8,2,0,3,54,0,0,Mid-Market,3652571
CUST0623,INV004894,21629.93,2025-12-21,2026-01-20,2026-01-31,Paid,0,10,3,21,0,0,84,0,1,SMB,1035132
CUST1030,INV004895,415894.98,2025-06-22,2025-07-22,,Overdue,408,27,3,28,2,0,44,0,0,Mid-Market,2126198
CUST1260,INV004896,11309.3,2025-07-08,2025-08-07,2025-08-07,Paid,0,4,0,0,0,7,29,0,1,Mid-Market,2270182
CUST1151,INV004897,11206.94,2025-01-02,2025-03-03,2025-03-21,Paid,0,21,6,14,0,6,7,0,1,Mid-Market,597219
CUST1128,INV004898,44094.78,2025-06-17,2025-08-16,,Overdue,383,28,6,17,0,0,46,0,0,SMB,903392
CUST0749,INV004899,12146.92,2026-01-03,2026-02-02,,Overdue,213,1,0,11,2,2,69,0,0,Enterprise,1468412
CUST1939,INV004900,16458.44,2026-06-20,2026-07-05,,Overdue,60,11,2,0,2,0,89,1,0,SMB,3423307
CUST1504,INV004901,7432.29,2026-08-03,2026-09-02,,Overdue,1,26,3,28,1,4,34,0,1,SMB,4441401
CUST0155,INV004902,36010.21,2026-01-05,2026-01-20,2026-01-20,Paid,0,22,5,0,0,6,46,0,1,Enterprise,338963
CUST0257,INV004903,36470.44,2026-08-19,2026-10-03,,Overdue,0,2,1,0,3,6,19,0,1,Enterprise,1214795
CUST0235,INV004904,16071.58,2026-03-13,2026-04-12,,Overdue,144,23,7,15,1,4,30,0,0,SMB,3282244
CUST0500,INV004905,45017.95,2025-07-26,2025-09-09,2025-09-18,Paid,0,4,1,8,1,2,8,0,1,Enterprise,1631420
CUST0289,INV004906,5000.0,2025-02-18,2025-04-19,,Overdue,502,15,3,20,0,4,86,0,0,SMB,472381
CUST0510,INV004907,10863.31,2026-06-28,2026-07-28,2026-08-01,Paid,0,20,5,0,0,7,18,0,1,Mid-Market,3127099
CUST1576,INV004908,18583.34,2025-05-09,2025-06-08,,Overdue,452,25,7,14,1,7,87,0,0,SMB,638574
CUST1824,INV004909,6820.7,2026-03-23,2026-04-22,,Overdue,134,13,4,30,1,7,60,0,0,Mid-Market,669696
CUST0709,INV004910,5000.0,2025-02-04,2025-03-06,,Overdue,546,1,0,5,1,0,88,0,0,SMB,805612
CUST0785,INV004911,16189.27,2025-07-18,2025-09-16,,Overdue,352,22,7,19,0,2,44,1,0,SMB,3030248
CUST0894,INV004912,44091.4,2025-03-18,2025-04-17,2025-05-10,Paid,0,2,0,18,0,5,52,0,1,SMB,1399590
CUST0776,INV004913,79388.47,2026-01-04,2026-02-03,,Overdue,212,6,3,10,0,1,80,1,1,SMB,3968949
CUST1593,INV004914,12742.68,2026-06-10,2026-07-25,2026-08-31,Paid,0,7,1,29,0,5,8,0,1,SMB,556453
CUST0298,INV004915,45853.91,2025-12-15,2026-01-14,,Overdue,232,19,5,12,0,1,13,1,1,SMB,362023
CUST1634,INV004916,41628.57,2026-05-21,2026-06-20,,Overdue,75,4,0,6,2,3,42,0,1,Mid-Market,468829
CUST0137,INV004917,74504.01,2025-08-26,2025-09-25,,Overdue,343,18,4,13,2,6,78,0,0,Mid-Market,329215
CUST0376,INV004918,15518.82,2025-10-07,2025-11-21,2025-11-23,Paid,0,23,8,0,3,0,20,0,1,SMB,3395647
CUST0087,INV004919,5000.0,2026-07-31,2026-08-30,2026-08-30,Paid,0,9,1,0,0,3,35,0,1,Mid-Market,638158
CUST1443,INV004920,23627.96,2026-03-08,2026-04-22,2026-05-09,Paid,0,21,5,11,1,7,72,1,1,Mid-Market,3500087
CUST1778,INV004921,7992.08,2025-05-18,2025-06-17,,Overdue,443,11,3,17,1,1,66,0,0,SMB,4822945
CUST1223,INV004922,10683.92,2025-09-26,2025-10-26,2025-11-05,Paid,0,5,0,1,1,4,87,0,1,SMB,4235224
CUST1487,INV004923,16297.73,2025-07-20,2025-08-19,,Overdue,380,25,8,0,1,7,49,0,0,SMB,3099316
CUST0437,INV004924,15694.61,2025-05-22,2025-07-21,,Overdue,409,24,13,6,0,2,66,0,0,SMB,4952059
CUST1334,INV004925,25376.0,2025-12-21,2026-01-05,2026-01-11,Paid,0,1,0,10,3,6,69,0,1,Enterprise,1408126
CUST1620,INV004926,44496.08,2026-08-01,2026-08-31,,Overdue,3,2,1,31,0,1,89,0,0,Mid-Market,1972967
CUST1778,INV004927,15248.93,2025-11-25,2026-01-24,,Overdue,222,23,4,17,1,3,1,0,0,SMB,4822945
CUST1305,INV004928,32718.55,2026-07-13,2026-09-11,2026-09-28,Paid,0,3,2,18,0,4,51,0,1,Mid-Market,3850315
CUST1347,INV004929,22355.24,2025-08-19,2025-10-03,,Overdue,335,22,5,28,1,2,86,1,0,SMB,1039336
CUST0764,INV004930,56133.86,2025-11-04,2025-11-19,,Overdue,288,17,8,32,1,5,71,0,0,Mid-Market,2620466
CUST0702,INV004931,18240.65,2025-05-26,2025-06-25,,Overdue,435,24,3,21,2,4,54,0,0,SMB,4129441
CUST1975,INV004932,20354.83,2025-06-01,2025-07-01,,Overdue,429,2,1,21,0,7,87,1,0,SMB,4511213
CUST0942,INV004933,15147.63,2025-05-20,2025-07-04,2025-07-05,Paid,0,1,0,5,1,1,88,0,1,Mid-Market,4370614
CUST0152,INV004934,18727.56,2025-01-21,2025-02-05,2025-02-17,Paid,0,2,0,9,1,7,26,0,1,SMB,4002255
CUST1326,INV004935,10061.91,2025-09-11,2025-10-11,2025-10-11,Paid,0,8,3,5,0,4,78,0,1,SMB,1365823
CUST1302,INV004936,9112.5,2025-03-05,2025-04-04,,Overdue,517,13,4,19,0,7,22,1,0,Enterprise,1496250
CUST1675,INV004937,47847.08,2025-08-06,2025-09-05,,Overdue,363,26,9,17,1,4,49,0,0,Mid-Market,875782
CUST1712,INV004938,7456.18,2025-03-13,2025-04-27,2025-05-16,Paid,0,14,2,25,2,7,46,0,1,SMB,1856210
CUST1032,INV004939,16008.61,2025-06-11,2025-07-26,,Overdue,404,21,8,22,0,3,17,1,0,Mid-Market,3331941
CUST0807,INV004940,60799.86,2025-05-10,2025-06-24,2025-07-01,Paid,0,12,3,8,1,4,60,0,1,Enterprise,2822605
CUST0235,INV004941,15479.92,2026-08-04,2026-09-03,,Overdue,0,9,2,16,1,2,85,1,1,SMB,3282244
CUST0675,INV004942,50450.12,2025-08-13,2025-10-12,,Overdue,326,28,3,31,0,1,8,0,0,SMB,1858286
CUST0561,INV004943,12197.11,2026-08-03,2026-09-02,,Overdue,1,19,6,11,0,0,61,0,1,Mid-Market,4087106
CUST1326,INV004944,7698.93,2026-03-30,2026-04-29,2026-05-14,Paid,0,24,8,13,2,4,61,1,1,SMB,1365823
CUST0038,INV004945,5000.0,2026-01-19,2026-02-18,,Overdue,197,20,7,10,0,5,2,0,0,SMB,2930593
CUST1160,INV004946,81856.59,2025-04-17,2025-05-02,,Overdue,489,7,2,14,2,7,48,0,0,SMB,2376729
CUST0822,INV004947,7066.56,2025-04-13,2025-04-28,,Overdue,493,26,11,15,0,6,46,0,0,SMB,4993772
CUST0421,INV004948,46499.02,2025-05-21,2025-06-20,,Overdue,440,10,4,22,0,1,61,1,0,Mid-Market,3358505
CUST1243,INV004949,8103.51,2026-07-31,2026-09-29,,Overdue,0,24,9,7,2,4,6,0,1,Mid-Market,2406632
CUST0348,INV004950,82238.92,2025-05-14,2025-07-13,2025-07-27,Paid,0,3,1,15,0,4,13,1,1,SMB,1419277
CUST1832,INV004951,200142.07,2025-07-18,2025-08-17,2025-08-17,Paid,0,19,6,0,0,5,29,0,1,Mid-Market,4451913
CUST1570,INV004952,5000.0,2026-05-25,2026-06-24,,Overdue,71,17,3,0,0,3,63,0,0,SMB,3699279
CUST1888,INV004953,7444.6,2025-03-20,2025-04-19,,Overdue,502,8,2,22,0,1,46,0,0,SMB,3426910
CUST1103,INV004954,47721.24,2026-04-27,2026-05-27,2026-05-30,Paid,0,18,3,0,0,2,34,0,1,Enterprise,313625
CUST0748,INV004955,36792.27,2026-05-27,2026-06-26,2026-07-18,Paid,0,7,0,17,0,0,84,0,1,Mid-Market,551590
CUST1919,INV004956,47902.45,2025-09-07,2025-09-22,,Overdue,346,27,7,3,2,4,15,1,0,SMB,3338210
CUST0273,INV004957,12409.83,2026-08-22,2026-10-06,2026-10-06,Paid,0,7,3,0,0,1,74,0,1,Enterprise,4369453
CUST1185,INV004958,160738.51,2026-08-23,2026-09-22,2026-10-15,Paid,0,23,3,16,0,1,24,1,1,SMB,3001720
CUST1711,INV004959,24786.38,2026-04-28,2026-05-28,,Overdue,98,20,3,35,0,4,82,0,1,SMB,2559907
CUST1902,INV004960,6522.66,2025-06-21,2025-08-05,2025-08-10,Paid,0,23,3,17,0,0,3,1,1,SMB,4882094
CUST0308,INV004961,17100.3,2025-01-17,2025-03-03,2025-03-08,Paid,0,26,7,8,1,6,28,0,1,SMB,1600184
CUST1398,INV004962,6610.62,2025-10-21,2025-11-20,,Overdue,287,16,2,5,1,7,50,0,0,SMB,4848793
CUST0976,INV004963,108113.98,2026-01-29,2026-02-13,2026-02-13,Paid,0,15,2,3,3,4,76,1,1,SMB,3369151
CUST0733,INV004964,11380.64,2026-05-13,2026-07-12,2026-07-23,Paid,0,14,2,10,1,7,16,0,1,Mid-Market,4725112
CUST1033,INV004965,36043.56,2025-08-07,2025-09-21,,Overdue,347,16,3,21,1,0,49,1,0,SMB,2700324
CUST1825,INV004966,13757.33,2025-08-22,2025-09-21,,Overdue,347,27,7,13,0,7,42,1,0,Mid-Market,4122250
CUST0444,INV004967,11903.8,2026-01-25,2026-02-24,,Overdue,191,24,2,10,0,1,3,0,0,SMB,3965770
CUST1137,INV004968,5000.0,2025-09-05,2025-10-05,,Overdue,333,9,3,0,0,6,33,0,0,Enterprise,1707888
CUST1229,INV004969,40061.64,2025-02-21,2025-03-23,2025-03-25,Paid,0,23,5,0,0,4,88,0,1,Enterprise,314237
CUST0405,INV004970,80755.49,2025-01-15,2025-02-14,,Overdue,566,22,4,1,2,7,1,0,0,SMB,906626
CUST1722,INV004971,8813.43,2025-11-20,2025-12-20,2025-12-24,Paid,0,21,6,8,1,1,51,0,1,SMB,2434775
CUST0853,INV004972,5000.0,2026-03-17,2026-05-01,,Overdue,125,10,2,11,1,4,78,1,0,SMB,3013944
CUST1221,INV004973,49183.63,2025-04-22,2025-05-22,,Overdue,469,15,5,29,2,4,9,0,0,Enterprise,3143510
CUST0778,INV004974,5000.0,2025-01-07,2025-01-22,,Overdue,589,26,12,14,1,2,16,0,0,Mid-Market,1761952
CUST1798,INV004975,74572.94,2026-07-17,2026-08-01,2026-08-06,Paid,0,23,7,8,1,3,73,1,1,SMB,1693909
CUST1784,INV004976,8916.02,2025-09-02,2025-10-02,,Overdue,336,10,3,20,0,4,76,1,0,Mid-Market,374934
CUST0115,INV004977,7307.87,2026-03-24,2026-04-23,,Overdue,133,2,0,22,2,5,31,0,1,Mid-Market,4513158
CUST1145,INV004978,28239.09,2025-12-31,2026-01-30,,Overdue,216,5,1,13,0,4,49,1,0,SMB,4814812
CUST1677,INV004979,7799.86,2026-01-02,2026-02-16,,Overdue,199,29,4,10,0,7,6,0,1,SMB,3667597
CUST0065,INV004980,10860.51,2025-10-14,2025-11-13,,Overdue,294,8,3,26,4,1,30,1,0,SMB,95232
CUST1300,INV004981,31381.75,2025-04-16,2025-05-31,,Overdue,460,6,2,14,2,7,45,1,0,Mid-Market,1183754
CUST0825,INV004982,5000.0,2025-01-13,2025-02-27,2025-02-27,Paid,0,6,1,0,0,0,89,0,1,Mid-Market,4872139
CUST0239,INV004983,113825.2,2025-05-26,2025-06-25,2025-07-07,Paid,0,1,0,9,1,1,29,0,1,Mid-Market,2942371
CUST0302,INV004984,23008.99,2026-04-23,2026-06-07,2026-06-15,Paid,0,16,5,16,0,5,52,1,1,Mid-Market,805111
CUST1416,INV004985,6045.29,2025-04-25,2025-06-24,,Overdue,436,18,4,8,2,3,29,0,0,Enterprise,86413
CUST1546,INV004986,7964.54,2026-05-24,2026-06-23,2026-07-18,Paid,0,3,1,17,0,4,86,0,1,SMB,3080555
CUST0969,INV004987,59376.06,2025-06-01,2025-07-31,2025-07-31,Paid,0,7,3,0,0,1,68,0,1,Mid-Market,4963478
CUST0369,INV004988,40177.12,2025-02-26,2025-03-28,,Overdue,524,12,2,21,1,5,73,0,0,SMB,242512
CUST0233,INV004989,88148.72,2026-01-17,2026-02-16,,Overdue,199,10,2,8,2,0,85,0,0,Mid-Market,2612605
CUST0195,INV004990,11128.42,2025-06-06,2025-06-21,2025-06-27,Paid,0,22,5,6,0,3,11,0,1,SMB,3852177
CUST0907,INV004991,29631.22,2025-05-13,2025-06-27,,Overdue,433,21,4,20,0,3,77,0,0,Mid-Market,3083449
CUST1036,INV004992,33744.34,2025-06-12,2025-07-12,,Overdue,418,25,8,11,1,4,20,0,0,Mid-Market,1470858
CUST1930,INV004993,44146.44,2025-10-02,2025-11-16,2025-11-28,Paid,0,10,3,6,2,3,74,0,1,SMB,569385
CUST0921,INV004994,68001.23,2025-03-18,2025-05-02,,Overdue,489,23,5,11,2,0,57,0,0,Enterprise,710327
CUST0689,INV004995,10750.81,2025-02-13,2025-03-15,2025-03-25,Paid,0,9,0,11,0,6,87,1,1,Mid-Market,2313429
CUST0177,INV004996,19649.94,2026-07-04,2026-08-03,,Overdue,31,27,6,7,2,1,88,1,0,Mid-Market,4673636
CUST0217,INV004997,11966.31,2025-11-14,2025-12-14,2025-12-28,Paid,0,11,4,15,2,3,44,1,1,SMB,3567741
CUST1035,INV004998,20897.57,2026-06-18,2026-07-18,,Overdue,47,19,6,11,2,5,11,0,0,SMB,3735104
CUST1470,INV004999,44286.39,2026-08-08,2026-10-07,,Overdue,0,27,4,20,0,2,33,1,1,Mid-Market,1912205
CUST0630,INV005000,5000.0,2025-06-03,2025-07-03,2025-07-07,Paid,0,8,3,0,1,6,59,1,1,SMB,1242097
CUST0164,INV005001,66794.2,2025-08-25,2025-09-24,,Overdue,344,28,5,13,3,1,87,1,0,Mid-Market,3074243
CUST1575,INV005002,7050.25,2026-06-01,2026-07-01,,Overdue,64,25,11,25,2,0,68,0,0,SMB,2057338
CUST0053,INV005003,16197.78,2025-08-09,2025-10-08,2025-10-09,Paid,0,18,7,7,0,7,49,0,1,Enterprise,4201785
CUST0218,INV005004,76415.58,2025-11-06,2025-12-06,2025-12-13,Paid,0,4,2,10,1,7,15,0,1,Mid-Market,3506653
CUST1742,INV005005,30577.19,2026-08-21,2026-10-20,,Overdue,0,2,1,26,1,6,3,0,1,Mid-Market,4030053
CUST0999,INV005006,30931.49,2025-06-26,2025-08-10,2025-08-12,Paid,0,13,4,0,1,6,67,0,1,Enterprise,187686
CUST0824,INV005007,6764.03,2025-08-08,2025-10-07,2025-11-03,Paid,0,23,4,28,1,0,89,0,1,SMB,3248156
CUST1384,INV005008,7753.61,2025-02-07,2025-02-22,,Overdue,558,14,4,17,2,4,86,0,0,SMB,533442
CUST0385,INV005009,56458.23,2026-03-07,2026-04-06,2026-04-10,Paid,0,20,6,12,0,5,11,1,1,Mid-Market,2214563
CUST0056,INV005010,12220.33,2025-07-22,2025-08-21,,Overdue,378,28,6,22,0,3,75,0,0,Enterprise,738725
CUST0118,INV005011,13427.88,2026-03-24,2026-04-23,,Overdue,133,22,5,9,1,4,55,1,0,SMB,4463359
CUST0900,INV005012,57754.19,2026-05-10,2026-06-24,2026-06-24,Paid,0,24,10,1,0,3,8,0,1,SMB,1519793
CUST1277,INV005013,7708.56,2025-05-05,2025-06-04,,Overdue,456,15,3,9,1,6,37,0,0,SMB,1419391
CUST0798,INV005014,28831.83,2025-03-06,2025-04-05,2025-04-22,Paid,0,13,2,8,1,5,28,1,1,Mid-Market,4631025
CUST0780,INV005015,22992.13,2025-09-01,2025-10-01,2025-10-09,Paid,0,6,0,8,1,5,20,1,1,Mid-Market,2958056
CUST1016,INV005016,21967.39,2026-06-11,2026-07-11,,Overdue,54,20,4,15,3,1,22,0,0,Enterprise,3611262
CUST0803,INV005017,13115.69,2025-08-14,2025-09-13,,Overdue,355,6,2,13,0,4,58,0,0,Mid-Market,3251078
CUST0845,INV005018,12334.37,2026-04-10,2026-04-25,,Overdue,131,1,0,14,1,4,46,0,1,SMB,2527748
CUST1204,INV005019,7492.34,2025-10-20,2025-12-04,,Overdue,273,15,4,26,4,4,75,0,0,SMB,330833
CUST1439,INV005020,35691.4,2026-01-16,2026-02-15,,Overdue,200,6,2,9,1,4,23,0,0,SMB,3469548
CUST1894,INV005021,11292.01,2025-06-15,2025-07-15,,Overdue,415,27,8,26,0,2,34,1,0,SMB,1390683
CUST1259,INV005022,58031.7,2025-08-06,2025-09-05,,Overdue,363,15,8,25,3,2,50,0,0,SMB,93764
CUST0855,INV005023,17596.32,2025-10-02,2025-11-01,2025-11-01,Paid,0,15,3,0,0,7,47,0,1,SMB,2813545
CUST0708,INV005024,7643.03,2025-02-21,2025-04-07,2025-04-09,Paid,0,14,1,0,1,5,88,0,1,Mid-Market,3435744
CUST1844,INV005025,17364.55,2026-01-09,2026-02-23,2026-03-02,Paid,0,10,4,0,0,6,49,0,1,Mid-Market,3299479
CUST1104,INV005026,14605.34,2025-12-29,2026-01-28,,Overdue,218,29,4,28,1,7,3,0,0,Enterprise,892840
CUST1671,INV005027,60421.69,2026-07-21,2026-08-20,,Overdue,14,27,9,12,1,7,30,0,1,SMB,1449769
CUST0022,INV005028,15229.66,2025-01-14,2025-01-29,,Overdue,582,8,5,8,0,4,23,0,0,SMB,4084464
CUST1501,INV005029,16710.45,2025-12-06,2026-02-04,2026-02-04,Paid,0,4,2,0,1,3,65,0,1,Mid-Market,3927590
CUST0843,INV005030,90359.07,2026-06-23,2026-08-07,,Overdue,27,25,10,22,2,7,18,0,1,SMB,3686562
CUST1464,INV005031,36616.98,2025-03-30,2025-04-29,2025-05-06,Paid,0,22,2,8,0,4,52,0,1,Mid-Market,3699244
CUST1761,INV005032,116157.93,2025-02-10,2025-04-11,2025-04-11,Paid,0,6,0,0,0,2,67,1,1,SMB,2923524
CUST1594,INV005033,77578.45,2025-10-31,2025-11-30,,Overdue,277,20,3,29,2,6,88,0,0,SMB,3097589
CUST1117,INV005034,9071.0,2025-09-25,2025-11-09,2025-11-23,Paid,0,24,8,12,0,2,25,0,1,SMB,4517890
CUST0192,INV005035,59275.47,2025-05-18,2025-07-17,2025-08-04,Paid,0,21,3,24,0,4,2,1,1,Enterprise,4402892
CUST1019,INV005036,101245.47,2025-01-06,2025-02-05,,Overdue,575,28,8,12,2,7,58,0,1,Enterprise,95475
CUST1127,INV005037,102008.67,2025-08-30,2025-09-14,,Overdue,354,17,1,7,1,4,86,0,0,SMB,142036
CUST0396,INV005038,59165.62,2025-06-11,2025-07-26,,Overdue,404,23,7,12,1,3,73,0,0,Enterprise,3351106
CUST1031,INV005039,57960.85,2026-06-02,2026-06-17,,Overdue,78,24,5,16,1,5,54,0,1,SMB,1518919
CUST0640,INV005040,16274.24,2026-02-05,2026-04-06,,Overdue,150,22,5,5,0,5,16,0,1,SMB,563313
CUST1019,INV005041,9533.98,2025-06-05,2025-06-20,,Overdue,440,7,4,0,2,5,63,0,0,Enterprise,95475
CUST0567,INV005042,15487.41,2025-03-26,2025-05-10,2025-05-13,Paid,0,12,3,0,2,2,43,0,1,SMB,464299
CUST0231,INV005043,5000.0,2025-01-10,2025-02-09,,Overdue,571,23,3,13,0,6,44,0,0,Mid-Market,4827402
CUST0874,INV005044,84355.5,2025-05-18,2025-06-17,2025-07-02,Paid,0,4,2,16,0,4,16,0,1,SMB,2971989
CUST0574,INV005045,16592.52,2025-06-05,2025-08-04,,Overdue,395,14,3,10,1,6,79,0,0,Mid-Market,2249391
CUST0240,INV005046,80124.0,2026-02-12,2026-03-29,2026-03-31,Paid,0,4,1,2,2,0,7,0,1,SMB,1862336
CUST0090,INV005047,6428.53,2025-08-13,2025-09-12,2025-09-21,Paid,0,16,5,7,0,4,27,0,1,SMB,915139
CUST0232,INV005048,65031.36,2026-08-03,2026-09-02,2026-09-10,Paid,0,28,9,13,0,2,18,0,1,Mid-Market,4720817
CUST0457,INV005049,13428.3,2025-07-03,2025-08-17,,Overdue,382,1,0,15,3,6,7,0,0,SMB,67297
CUST0233,INV005050,6097.48,2025-07-14,2025-08-28,2025-09-14,Paid,0,18,6,11,2,0,86,0,1,Mid-Market,2612605
CUST0354,INV005051,112096.8,2026-07-08,2026-08-22,2026-09-06,Paid,0,19,3,5,0,0,62,0,1,SMB,1392057
CUST1005,INV005052,66656.75,2026-01-31,2026-03-02,,Overdue,185,21,5,25,1,0,61,0,0,Mid-Market,99976
CUST1357,INV005053,27222.32,2026-08-19,2026-09-18,2026-09-26,Paid,0,10,0,3,0,3,62,0,1,Enterprise,3255228
CUST0439,INV005054,22786.83,2025-05-14,2025-07-13,,Overdue,417,25,6,2,0,6,62,0,0,Mid-Market,2229431
CUST1399,INV005055,34183.9,2025-11-05,2025-12-20,2026-01-06,Paid,0,5,1,8,1,4,13,1,1,Mid-Market,4234238
CUST1316,INV005056,26759.07,2026-06-26,2026-07-26,,Overdue,39,13,7,24,0,5,59,0,1,Mid-Market,3749509
CUST0345,INV005057,9973.87,2025-01-09,2025-02-08,,Overdue,572,6,1,19,1,0,83,0,0,SMB,4120028
CUST0664,INV005058,14587.9,2025-06-19,2025-07-19,,Overdue,411,23,9,11,1,3,26,1,0,SMB,1245885
CUST1452,INV005059,156485.37,2025-10-17,2025-12-01,2025-12-02,Paid,0,4,1,1,2,2,17,0,1,Mid-Market,3251208
CUST0657,INV005060,318748.2,2025-06-17,2025-08-01,,Overdue,398,16,4,3,0,0,17,0,0,SMB,3579801
CUST0130,INV005061,105100.1,2025-12-10,2026-02-08,2026-02-19,Paid,0,8,1,9,0,5,16,1,1,Mid-Market,421616
CUST0141,INV005062,35533.24,2026-05-12,2026-06-11,,Overdue,84,16,5,8,2,6,57,0,1,Enterprise,4168893
CUST0415,INV005063,15713.11,2025-05-25,2025-06-24,,Overdue,436,11,4,7,1,7,13,1,0,Mid-Market,4468909
CUST1117,INV005064,9915.1,2026-02-17,2026-04-18,2026-05-11,Paid,0,22,7,26,2,4,69,0,1,SMB,4517890
CUST0626,INV005065,10590.55,2026-08-11,2026-09-10,,Overdue,0,27,8,43,1,0,19,1,1,SMB,3217759
CUST0284,INV005066,12666.71,2026-04-02,2026-05-02,2026-05-09,Paid,0,1,0,4,0,2,76,0,1,SMB,335711
CUST1980,INV005067,189314.33,2025-10-29,2025-11-28,,Overdue,279,22,5,19,0,2,54,0,1,Mid-Market,3791104
CUST1947,INV005068,134092.12,2025-02-15,2025-04-16,,Overdue,505,18,4,21,0,0,69,0,0,SMB,3899091
CUST1679,INV005069,46456.81,2025-01-17,2025-02-01,,Overdue,579,4,0,7,3,4,61,1,0,SMB,1314134
CUST0223,INV005070,8428.61,2026-08-01,2026-08-31,2026-09-09,Paid,0,11,5,4,0,7,49,1,1,SMB,2198091
CUST0744,INV005071,53801.46,2025-12-26,2026-01-25,2026-01-25,Paid,0,20,3,3,0,6,29,0,1,Mid-Market,2723829
CUST0463,INV005072,17350.61,2025-09-18,2025-10-18,2025-11-01,Paid,0,10,1,18,0,6,59,0,1,Mid-Market,1277146
CUST1569,INV005073,5000.0,2025-05-03,2025-06-02,,Overdue,458,16,4,18,2,3,23,0,0,Mid-Market,2328581
CUST1300,INV005074,29351.55,2025-08-19,2025-09-18,2025-10-12,Paid,0,29,4,23,1,0,61,0,1,Mid-Market,1183754
CUST1706,INV005075,9490.88,2025-04-22,2025-06-21,,Overdue,439,10,4,33,2,6,1,0,0,SMB,4276405
CUST1164,INV005076,9817.74,2026-08-16,2026-09-15,,Overdue,0,5,2,17,0,2,69,0,1,Mid-Market,3519992
CUST0357,INV005077,17147.23,2025-09-03,2025-10-03,2025-10-23,Paid,0,26,6,13,1,3,48,0,1,SMB,2104376
CUST1737,INV005078,13382.15,2026-01-26,2026-03-27,,Overdue,160,28,12,3,1,7,4,0,0,SMB,3693327
CUST1047,INV005079,21284.69,2026-01-27,2026-02-26,2026-03-18,Paid,0,18,4,20,1,4,11,1,1,SMB,970114
CUST1992,INV005080,20285.66,2025-11-24,2025-12-24,,Overdue,253,22,4,0,0,0,43,0,0,SMB,1124477
CUST1760,INV005081,5000.0,2025-08-03,2025-09-02,,Overdue,366,11,6,8,0,2,14,0,0,Mid-Market,1502137
CUST1904,INV005082,100737.96,2026-01-02,2026-02-16,2026-02-16,Paid,0,3,0,0,1,3,32,1,1,SMB,4450852
CUST1294,INV005083,8238.91,2025-03-23,2025-05-07,2025-05-12,Paid,0,9,2,9,1,1,56,0,1,Mid-Market,2045141
CUST0859,INV005084,8498.13,2025-03-17,2025-04-16,2025-05-01,Paid,0,15,4,20,0,3,77,0,1,Mid-Market,318083
CUST0665,INV005085,15858.28,2026-06-11,2026-07-11,,Overdue,54,22,4,29,2,2,50,0,1,SMB,1206083
CUST1357,INV005086,19764.94,2026-05-18,2026-07-02,2026-07-02,Paid,0,19,4,0,0,2,62,0,1,Enterprise,3255228
CUST1015,INV005087,94748.36,2026-04-24,2026-05-24,,Overdue,102,19,6,24,0,1,9,0,1,Mid-Market,4859045
CUST0085,INV005088,28837.26,2026-01-07,2026-02-21,,Overdue,194,5,2,9,3,7,31,0,0,SMB,4525156
CUST0621,INV005089,38811.25,2025-09-22,2025-10-22,2025-11-02,Paid,0,6,2,12,0,1,51,0,1,SMB,2157359
CUST1055,INV005090,28985.07,2025-09-21,2025-10-21,2025-11-04,Paid,0,4,1,21,0,5,50,0,1,Enterprise,4073278
CUST1765,INV005091,27763.06,2025-04-20,2025-05-20,2025-05-30,Paid,0,12,2,11,0,5,81,0,1,SMB,345599
CUST0240,INV005092,30023.31,2025-11-03,2025-12-03,,Overdue,274,5,1,4,3,6,77,0,0,SMB,1862336
CUST1914,INV005093,5000.0,2025-07-19,2025-08-18,2025-08-24,Paid,0,3,2,6,4,1,30,1,1,SMB,3516689
CUST0363,INV005094,17155.63,2025-08-14,2025-09-13,,Overdue,355,10,3,4,3,4,26,1,0,SMB,2458630
CUST0822,INV005095,70422.01,2025-07-04,2025-08-03,2025-08-14,Paid,0,13,1,13,0,2,11,0,1,SMB,4993772
CUST1413,INV005096,1135213.18,2025-01-31,2025-03-02,2025-04-02,Paid,0,4,2,25,1,0,3,1,1,SMB,1210294
CUST1677,INV005097,6605.72,2025-04-09,2025-05-09,,Overdue,482,24,5,21,0,4,54,1,0,SMB,3667597
CUST0668,INV005098,33626.84,2025-12-05,2026-01-04,2026-01-16,Paid,0,8,0,13,2,2,83,0,1,SMB,3438445
CUST1323,INV005099,12443.5,2025-09-23,2025-11-07,2025-11-17,Paid,0,1,0,5,0,6,22,0,1,Enterprise,2072784
CUST1881,INV005100,170698.12,2025-12-16,2026-02-14,2026-03-09,Paid,0,20,7,15,0,3,49,0,1,Mid-Market,2837976
CUST1395,INV005101,5688.59,2026-06-28,2026-07-28,,Overdue,37,2,0,30,0,6,55,0,0,SMB,1071436
CUST0099,INV005102,41148.37,2026-04-02,2026-05-02,2026-05-03,Paid,0,4,3,3,0,1,86,0,1,SMB,3277544
CUST0047,INV005103,5392.63,2025-03-29,2025-04-13,,Overdue,508,21,3,20,1,3,63,0,0,SMB,2452187
CUST0839,INV005104,16017.44,2025-03-04,2025-04-03,,Overdue,518,1,0,16,1,5,71,1,0,Mid-Market,814265
CUST0422,INV005105,21283.48,2026-01-22,2026-03-08,,Overdue,179,28,3,5,0,0,64,1,0,Mid-Market,258944
CUST1504,INV005106,64195.71,2026-04-04,2026-05-04,,Overdue,122,21,2,14,0,6,88,0,0,SMB,4441401
CUST1603,INV005107,7501.31,2026-08-09,2026-09-23,2026-09-30,Paid,0,7,1,8,0,4,73,0,1,SMB,3974482
CUST0062,INV005108,42761.06,2025-09-26,2025-10-26,2025-10-29,Paid,0,5,1,3,0,3,47,1,1,SMB,728841
CUST1133,INV005109,22443.98,2025-12-12,2026-01-11,,Overdue,235,23,4,2,1,0,89,0,0,SMB,1040029
CUST1703,INV005110,28934.6,2025-03-19,2025-05-18,2025-06-01,Paid,0,13,2,5,0,3,86,0,1,SMB,1517130
CUST1573,INV005111,57430.61,2025-12-31,2026-01-15,,Overdue,231,25,6,0,1,5,24,0,0,Mid-Market,3682403
CUST1143,INV005112,6108.54,2025-01-14,2025-02-13,2025-03-12,Paid,0,13,2,32,1,2,44,0,1,Mid-Market,2548214
CUST1010,INV005113,49542.94,2025-05-16,2025-06-15,2025-06-15,Paid,0,8,2,2,1,5,7,1,1,SMB,3692693
CUST0598,INV005114,12470.18,2025-10-31,2025-12-30,,Overdue,247,17,7,28,1,3,53,0,0,SMB,1615213
CUST1406,INV005115,65898.66,2026-02-01,2026-03-03,,Overdue,184,10,4,16,0,7,23,0,1,SMB,120463
CUST0392,INV005116,30778.07,2025-03-20,2025-04-19,2025-04-21,Paid,0,10,1,0,1,5,65,0,1,SMB,4254955
CUST0977,INV005117,17862.73,2026-02-22,2026-04-08,,Overdue,148,2,2,4,0,1,37,0,0,Mid-Market,275391
CUST1076,INV005118,12209.55,2025-08-30,2025-09-29,2025-10-18,Paid,0,6,2,15,0,1,69,0,1,SMB,3542963
CUST0603,INV005119,50176.15,2025-02-20,2025-04-06,2025-04-06,Paid,0,21,3,5,0,2,23,0,1,SMB,2928350
CUST1313,INV005120,77726.51,2026-01-19,2026-02-18,2026-02-27,Paid,0,1,0,14,1,5,42,0,1,Mid-Market,1720357
CUST0337,INV005121,12927.97,2026-01-10,2026-03-11,,Overdue,176,18,8,0,1,4,85,1,0,Enterprise,2521378
CUST0810,INV005122,7093.92,2025-07-25,2025-09-08,,Overdue,360,3,0,13,0,1,15,0,0,SMB,3906756
CUST1228,INV005123,44099.82,2026-05-04,2026-06-03,,Overdue,92,26,5,11,1,7,66,0,1,SMB,4845464
CUST1904,INV005124,5174.35,2026-01-16,2026-02-15,,Overdue,200,21,5,31,0,3,85,1,0,SMB,4450852
CUST1262,INV005125,5969.91,2025-11-07,2026-01-06,,Overdue,240,7,0,5,2,7,18,0,0,Mid-Market,366462
CUST1406,INV005126,7610.62,2026-01-10,2026-02-24,,Overdue,191,16,3,19,0,1,40,1,0,SMB,120463
CUST1691,INV005127,14538.41,2026-08-15,2026-09-14,2026-10-05,Paid,0,22,6,25,0,5,18,0,1,SMB,3201478
CUST0752,INV005128,5788.73,2025-02-11,2025-03-28,,Overdue,524,3,1,23,1,2,18,1,0,Enterprise,922328
CUST1160,INV005129,5000.0,2026-06-17,2026-07-17,,Overdue,48,6,1,23,0,5,79,0,1,SMB,2376729
CUST1431,INV005130,7076.65,2026-06-06,2026-07-06,,Overdue,59,4,1,11,0,7,59,0,1,SMB,4876709
CUST1532,INV005131,41876.26,2025-06-02,2025-07-02,,Overdue,428,16,5,16,1,5,75,0,0,Mid-Market,1012452
CUST1386,INV005132,6176.18,2025-11-08,2025-12-08,2025-12-18,Paid,0,3,3,6,0,4,76,0,1,SMB,1470827
CUST1405,INV005133,15673.56,2025-10-21,2025-11-05,2025-12-02,Paid,0,4,1,18,0,5,65,1,1,Mid-Market,776448
CUST0881,INV005134,154306.85,2026-08-21,2026-09-20,,Overdue,0,11,4,1,2,5,32,0,1,SMB,3158591
CUST1600,INV005135,20969.53,2025-04-23,2025-06-07,,Overdue,453,24,5,4,1,7,63,1,0,Enterprise,1605811
CUST0635,INV005136,31024.45,2025-04-22,2025-05-22,,Overdue,469,17,6,32,1,2,10,1,0,SMB,4884777
CUST0254,INV005137,8552.34,2025-06-24,2025-07-09,,Overdue,421,19,4,21,2,7,12,0,0,SMB,515982
CUST1501,INV005138,191659.35,2025-10-29,2025-12-13,,Overdue,264,26,10,0,3,3,87,0,0,Mid-Market,3927590
CUST1138,INV005139,12819.28,2026-05-31,2026-06-30,,Overdue,65,28,8,16,2,1,1,0,0,SMB,2635917
CUST0020,INV005140,17533.97,2025-08-09,2025-09-08,2025-09-21,Paid,0,8,3,2,3,3,19,1,1,SMB,983396
CUST0528,INV005141,82212.17,2025-06-20,2025-08-04,,Overdue,395,28,6,19,0,1,23,0,0,SMB,1550134
CUST1169,INV005142,18366.17,2025-11-14,2025-12-29,,Overdue,248,14,5,16,1,1,11,1,0,SMB,793088
CUST1232,INV005143,23106.95,2025-08-01,2025-08-31,,Overdue,368,26,4,14,1,0,49,0,0,SMB,2564719
CUST1555,INV005144,16619.16,2025-09-10,2025-10-10,,Overdue,328,16,4,6,1,7,68,1,0,SMB,3050109
CUST0376,INV005145,16733.49,2025-05-04,2025-06-03,,Overdue,457,25,8,27,2,5,67,0,1,SMB,3395647
CUST1528,INV005146,31904.49,2025-08-01,2025-09-15,,Overdue,353,19,7,5,0,6,75,0,0,SMB,234514
CUST1928,INV005147,38289.97,2025-03-26,2025-04-25,2025-05-09,Paid,0,16,4,14,0,2,48,0,1,SMB,3424659
CUST0166,INV005148,11576.72,2026-05-31,2026-06-30,2026-06-30,Paid,0,25,5,10,1,0,9,1,1,Mid-Market,2046170
CUST1574,INV005149,10238.59,2025-03-06,2025-05-05,,Overdue,486,10,4,0,2,5,24,0,0,Enterprise,3271131
CUST1205,INV005150,11978.44,2025-11-14,2025-11-29,2025-12-02,Paid,0,15,5,9,2,7,39,0,1,SMB,3749100
CUST0861,INV005151,5424.85,2025-12-12,2025-12-27,2025-12-27,Paid,0,27,4,0,0,3,9,1,1,Mid-Market,3927809
CUST0617,INV005152,5000.0,2025-08-31,2025-09-30,,Overdue,338,26,9,18,0,3,15,0,0,SMB,4606766
CUST0612,INV005153,29648.51,2025-05-17,2025-06-01,2025-06-07,Paid,0,4,3,6,0,4,1,0,1,Mid-Market,3116983
CUST1626,INV005154,56308.22,2025-09-04,2025-10-19,,Overdue,319,28,7,9,1,5,75,0,1,Mid-Market,3049610
CUST1951,INV005155,52630.2,2026-03-17,2026-04-16,2026-05-07,Paid,0,4,0,18,0,6,23,0,1,SMB,4981767
CUST1836,INV005156,5000.0,2025-02-14,2025-03-16,,Overdue,536,29,11,6,1,1,9,0,0,Mid-Market,1900924
CUST1468,INV005157,17239.09,2026-07-08,2026-08-07,2026-08-11,Paid,0,13,1,0,2,0,6,1,1,SMB,4289399
CUST1356,INV005158,7316.65,2025-03-30,2025-04-29,,Overdue,492,12,3,16,2,7,12,0,0,Enterprise,2785090
CUST0503,INV005159,25431.34,2025-08-16,2025-10-15,,Overdue,323,15,3,5,1,4,54,0,0,SMB,2878630
CUST0913,INV005160,14503.95,2025-10-18,2025-12-02,,Overdue,275,29,13,9,0,6,15,0,0,Mid-Market,662181
CUST0079,INV005161,39811.53,2026-02-26,2026-03-28,,Overdue,159,23,9,18,1,0,3,0,0,SMB,2217354
CUST0585,INV005162,21608.61,2025-03-08,2025-04-07,2025-04-14,Paid,0,13,4,2,0,6,1,1,1,Mid-Market,1003692
CUST1959,INV005163,5000.0,2025-09-08,2025-10-08,,Overdue,330,6,1,15,2,6,13,0,0,Mid-Market,320146
CUST1962,INV005164,8374.23,2025-02-10,2025-02-25,,Overdue,555,26,8,12,2,7,75,1,0,SMB,3992863
CUST0688,INV005165,22154.26,2025-04-09,2025-06-08,,Overdue,452,14,4,12,1,3,62,0,0,SMB,784983
CUST0396,INV005166,24103.45,2025-11-02,2025-12-17,,Overdue,260,3,0,9,1,4,80,0,0,Enterprise,3351106
CUST1632,INV005167,5400.91,2026-04-01,2026-05-01,2026-05-07,Paid,0,8,3,14,1,2,3,0,1,SMB,1151267
CUST1881,INV005168,5000.0,2026-08-14,2026-09-13,2026-09-23,Paid,0,12,1,18,0,4,16,0,1,Mid-Market,2837976
CUST1127,INV005169,23300.86,2025-10-28,2025-11-27,2025-11-27,Paid,0,14,3,0,2,1,32,0,1,SMB,142036
CUST0402,INV005170,5411.78,2025-07-18,2025-08-17,2025-09-04,Paid,0,5,1,20,1,3,28,0,1,Enterprise,4500252
CUST0975,INV005171,5000.0,2026-05-03,2026-06-02,,Overdue,93,2,1,9,0,2,81,0,1,SMB,2579832
CUST0224,INV005172,14113.11,2025-04-16,2025-05-16,2025-05-16,Paid,0,10,2,0,1,7,48,0,1,SMB,4011676
CUST0518,INV005173,13514.98,2026-02-05,2026-02-20,,Overdue,195,3,1,10,2,3,48,1,1,Mid-Market,612060
CUST0634,INV005174,9150.83,2026-04-22,2026-05-07,2026-05-07,Paid,0,23,6,2,0,1,27,0,1,Mid-Market,2782481
CUST0236,INV005175,10897.22,2025-05-02,2025-06-01,,Overdue,459,10,3,23,0,3,12,0,0,Mid-Market,2849250
CUST1451,INV005176,22333.34,2025-03-18,2025-05-17,2025-05-20,Paid,0,9,1,0,2,5,35,1,1,SMB,405054
CUST0116,INV005177,10719.69,2025-11-08,2026-01-07,,Overdue,239,17,3,14,0,2,19,0,0,Enterprise,464600
CUST1187,INV005178,23640.04,2025-04-22,2025-05-07,,Overdue,484,28,8,14,1,7,17,0,0,Mid-Market,2132963
CUST0226,INV005179,15055.99,2026-06-02,2026-07-02,2026-07-19,Paid,0,6,0,16,0,7,9,0,1,SMB,2288673
CUST0230,INV005180,26046.8,2025-07-16,2025-08-15,,Overdue,384,27,5,19,0,4,46,0,0,Mid-Market,859178
CUST0182,INV005181,53008.39,2025-04-08,2025-05-23,2025-06-04,Paid,0,9,4,7,0,4,12,0,1,SMB,1274744
CUST1273,INV005182,50983.02,2026-04-04,2026-06-03,2026-06-03,Paid,0,23,4,0,0,5,33,0,1,Mid-Market,4330650
CUST1342,INV005183,79874.38,2025-08-18,2025-10-17,2025-10-17,Paid,0,3,0,0,0,4,79,0,1,SMB,4241896
CUST1989,INV005184,50926.92,2025-06-17,2025-08-01,,Overdue,398,7,2,14,1,2,29,0,0,SMB,4834377
CUST0210,INV005185,27960.76,2025-01-08,2025-02-07,2025-02-10,Paid,0,12,3,7,0,5,13,0,1,SMB,4998409
CUST1680,INV005186,14279.33,2025-06-21,2025-07-06,,Overdue,424,18,5,24,2,4,67,1,0,Mid-Market,1944554
CUST1416,INV005187,14946.6,2025-12-26,2026-01-10,2026-01-24,Paid,0,10,1,18,0,7,58,0,1,Enterprise,86413
CUST1881,INV005188,9156.53,2025-07-14,2025-08-13,,Overdue,386,2,1,26,0,0,85,0,0,Mid-Market,2837976
CUST0096,INV005189,22126.46,2025-09-26,2025-10-11,2025-10-12,Paid,0,17,2,0,0,5,77,0,1,SMB,2689929
CUST0894,INV005190,44240.13,2025-01-19,2025-03-05,2025-03-05,Paid,0,3,1,2,0,0,63,1,1,SMB,1399590
CUST1882,INV005191,10660.84,2025-12-20,2026-02-03,,Overdue,212,1,0,16,0,4,82,0,0,Enterprise,1358014
CUST0756,INV005192,21221.76,2025-02-18,2025-03-05,,Overdue,547,8,3,25,0,5,18,1,0,Mid-Market,3350354
CUST1110,INV005193,11188.46,2026-04-09,2026-06-08,,Overdue,87,13,2,36,0,1,10,0,0,SMB,69477
CUST0415,INV005194,27156.03,2025-12-22,2026-01-21,,Overdue,225,11,2,16,1,2,80,0,0,Mid-Market,4468909
CUST0394,INV005195,12716.0,2025-06-07,2025-08-06,,Overdue,393,8,3,12,0,5,87,1,0,Mid-Market,3035696
CUST0696,INV005196,10514.28,2025-03-07,2025-05-06,,Overdue,485,20,7,21,0,1,31,0,0,Mid-Market,3739024
CUST1657,INV005197,11159.35,2026-07-25,2026-08-24,,Overdue,10,1,1,6,1,5,53,0,0,Mid-Market,293877
CUST0844,INV005198,36436.59,2025-11-04,2025-12-04,2025-12-11,Paid,0,2,0,4,0,6,44,0,1,Enterprise,2104410
CUST1525,INV005199,19995.26,2025-12-03,2026-01-02,,Overdue,244,18,5,18,3,3,29,0,0,SMB,4141685
CUST0604,INV005200,14351.05,2025-05-01,2025-06-15,2025-06-24,Paid,0,18,1,19,2,5,49,0,1,SMB,1218932
CUST0582,INV005201,28606.94,2026-02-08,2026-03-10,,Overdue,177,9,5,12,3,1,80,1,0,Enterprise,2632814
CUST1940,INV005202,14552.0,2026-07-22,2026-09-20,,Overdue,0,7,1,4,3,1,57,0,1,SMB,600242
CUST0133,INV005203,67949.35,2025-04-06,2025-05-06,,Overdue,485,9,4,22,0,7,89,0,0,SMB,825158
CUST0791,INV005204,8317.64,2025-04-24,2025-06-08,,Overdue,452,10,3,0,0,1,37,0,0,SMB,2879915
CUST0649,INV005205,18270.23,2026-03-05,2026-05-04,,Overdue,122,26,10,13,3,6,48,0,0,Mid-Market,2049284
CUST1338,INV005206,5405.84,2026-06-24,2026-08-08,2026-08-14,Paid,0,2,0,16,0,4,83,0,1,Mid-Market,702416
CUST1723,INV005207,15570.38,2025-01-02,2025-01-17,,Overdue,594,5,1,6,0,6,59,0,0,SMB,4159404
CUST0221,INV005208,5000.0,2025-07-31,2025-08-30,2025-09-26,Paid,0,17,3,27,2,3,12,0,1,Mid-Market,1938806
CUST0976,INV005209,46458.58,2026-08-03,2026-09-02,2026-09-09,Paid,0,2,0,11,0,7,15,0,1,SMB,3369151
CUST1462,INV005210,47405.99,2025-11-29,2025-12-14,,Overdue,263,20,8,7,0,3,56,0,0,Mid-Market,4944940
CUST1070,INV005211,48250.92,2025-01-24,2025-02-23,2025-02-23,Paid,0,10,3,0,2,4,79,0,1,SMB,2172827
CUST1814,INV005212,22671.69,2026-01-03,2026-02-02,,Overdue,213,1,0,44,1,0,84,0,0,SMB,1948917
CUST1216,INV005213,9137.39,2026-05-21,2026-07-05,,Overdue,60,12,2,11,1,6,60,0,1,SMB,2231533
CUST1544,INV005214,9893.76,2025-06-25,2025-07-25,2025-07-30,Paid,0,24,6,0,0,0,70,0,1,SMB,1016649
CUST1403,INV005215,101739.62,2026-03-05,2026-04-19,2026-04-19,Paid,0,15,5,2,1,7,19,0,1,SMB,2872236
CUST0788,INV005216,92565.99,2026-03-18,2026-04-02,2026-04-30,Paid,0,6,1,23,0,3,53,0,1,SMB,2585232
CUST0691,INV005217,24898.31,2026-07-02,2026-07-17,2026-07-20,Paid,0,14,2,2,0,5,29,0,1,SMB,4325115
CUST1358,INV005218,13152.48,2026-05-29,2026-06-13,,Overdue,82,14,4,16,2,7,62,1,1,SMB,2213349
CUST0039,INV005219,86562.63,2025-12-27,2026-01-26,,Overdue,220,15,3,18,1,5,27,0,0,Mid-Market,1913236
CUST1317,INV005220,10998.31,2025-10-01,2025-10-31,,Overdue,307,1,1,9,0,2,83,0,0,Mid-Market,4205479
CUST0690,INV005221,27690.63,2025-06-26,2025-07-26,,Overdue,404,25,6,5,1,4,40,0,0,SMB,3185812
CUST0162,INV005222,85131.92,2025-09-21,2025-11-20,2025-12-01,Paid,0,17,4,14,0,1,36,0,1,Mid-Market,3928363
CUST1355,INV005223,9543.94,2025-07-05,2025-08-04,,Overdue,395,11,4,18,0,2,69,0,0,SMB,705496
CUST1910,INV005224,50474.5,2026-06-11,2026-06-26,2026-06-26,Paid,0,15,3,0,2,6,20,0,1,SMB,2685122
CUST1128,INV005225,37069.91,2025-10-06,2025-11-05,2025-11-07,Paid,0,20,2,0,2,7,48,0,1,SMB,903392
CUST0161,INV005226,21173.03,2025-07-17,2025-09-15,,Overdue,353,16,6,23,1,0,71,0,0,SMB,3490866
CUST1823,INV005227,8156.47,2025-12-15,2026-01-29,,Overdue,217,21,6,18,2,3,55,1,0,Mid-Market,4687370
CUST1659,INV005228,10673.94,2026-02-25,2026-04-11,2026-04-28,Paid,0,29,6,15,1,0,58,1,1,SMB,1597419
CUST1078,INV005229,29420.62,2025-11-01,2025-12-01,,Overdue,276,27,6,4,0,7,39,0,0,Mid-Market,2277039
CUST1964,INV005230,5306.37,2025-03-05,2025-04-04,2025-04-23,Paid,0,9,2,23,0,6,86,1,1,SMB,4424798
CUST1058,INV005231,25103.03,2025-10-17,2025-11-16,,Overdue,291,29,8,23,0,3,41,0,0,SMB,3753292
CUST0242,INV005232,37837.31,2025-01-18,2025-03-19,2025-04-03,Paid,0,12,3,13,1,4,50,1,1,Enterprise,513001
CUST0967,INV005233,58995.72,2025-03-05,2025-04-04,,Overdue,517,2,0,9,1,7,59,0,0,Mid-Market,4189289
CUST0890,INV005234,5440.59,2025-11-26,2025-12-26,,Overdue,251,15,5,16,0,5,56,0,0,SMB,3422863
CUST0113,INV005235,82145.5,2025-01-17,2025-02-16,2025-03-01,Paid,0,28,4,15,2,3,53,0,1,Enterprise,172775
CUST1014,INV005236,120013.98,2026-03-19,2026-04-18,2026-04-28,Paid,0,9,3,6,0,2,63,0,1,SMB,1445796
CUST0318,INV005237,33194.9,2025-05-21,2025-06-20,2025-06-20,Paid,0,28,7,0,1,7,41,0,1,SMB,2820374
CUST0023,INV005238,7800.56,2025-11-04,2025-12-04,,Overdue,273,16,3,14,2,2,30,0,0,SMB,1653546
CUST1582,INV005239,15865.32,2026-03-20,2026-04-04,,Overdue,152,17,7,10,0,2,55,0,0,SMB,3699886
CUST0824,INV005240,21002.63,2026-05-11,2026-07-10,,Overdue,55,20,6,19,2,2,85,0,0,SMB,3248156
CUST1671,INV005241,28867.26,2026-03-02,2026-03-17,,Overdue,170,27,5,29,1,1,61,0,1,SMB,1449769
CUST1142,INV005242,22516.0,2026-04-20,2026-05-05,2026-05-05,Paid,0,23,6,0,0,0,40,1,1,SMB,3804542
CUST0701,INV005243,29177.85,2025-09-02,2025-10-02,2025-10-07,Paid,0,4,2,17,0,4,73,0,1,Mid-Market,3691771
CUST1667,INV005244,20115.65,2026-03-26,2026-05-10,,Overdue,116,8,5,0,0,4,36,1,0,SMB,4530967
CUST1019,INV005245,28713.05,2025-12-17,2026-01-16,2026-02-14,Paid,0,7,2,26,1,4,13,0,1,Enterprise,95475
CUST1958,INV005246,13897.67,2026-08-22,2026-09-21,2026-09-25,Paid,0,6,2,2,0,0,46,0,1,SMB,4482787
CUST1236,INV005247,15706.24,2025-06-10,2025-06-25,2025-06-25,Paid,0,5,1,5,1,6,1,1,1,SMB,2229441
CUST1442,INV005248,12381.7,2025-05-20,2025-06-04,,Overdue,456,10,0,6,1,7,60,0,0,SMB,4805997
CUST1137,INV005249,149830.44,2026-05-08,2026-06-07,2026-06-27,Paid,0,3,1,15,0,3,2,1,1,Enterprise,1707888
CUST1068,INV005250,95215.76,2026-08-11,2026-09-10,,Overdue,0,24,8,15,0,4,36,0,1,SMB,4639058
CUST0128,INV005251,38380.09,2026-06-15,2026-07-30,2026-08-11,Paid,0,20,4,18,0,6,45,1,1,Enterprise,3852986
CUST0876,INV005252,82893.26,2026-01-28,2026-03-14,,Overdue,173,24,6,24,0,4,80,0,1,SMB,3763543
CUST0158,INV005253,48945.43,2026-02-05,2026-04-06,2026-04-17,Paid,0,17,7,9,0,7,9,0,1,Mid-Market,3351017
CUST1809,INV005254,26404.01,2025-02-19,2025-03-21,2025-04-01,Paid,0,16,2,5,2,5,15,0,1,SMB,2329042
CUST0827,INV005255,5000.0,2025-10-22,2025-11-21,2025-11-23,Paid,0,11,2,3,1,1,39,1,1,SMB,3307945
CUST1418,INV005256,16946.83,2026-03-01,2026-04-30,,Overdue,126,13,1,13,3,7,55,1,0,SMB,614430
CUST1891,INV005257,15755.77,2025-01-12,2025-02-26,,Overdue,554,18,4,12,0,7,59,0,0,SMB,3929928
CUST0852,INV005258,7093.43,2025-12-01,2025-12-31,,Overdue,246,14,5,0,2,5,86,0,0,Mid-Market,402414
CUST0512,INV005259,5000.0,2025-01-15,2025-02-14,,Overdue,566,2,0,19,1,4,79,0,0,SMB,2671578
CUST1938,INV005260,36052.06,2025-01-28,2025-03-29,2025-04-05,Paid,0,12,1,8,0,7,4,1,1,Mid-Market,470539
CUST0045,INV005261,30470.2,2026-01-23,2026-02-22,,Overdue,193,22,4,27,1,4,16,1,0,SMB,500930
CUST1132,INV005262,6854.1,2025-10-19,2025-12-03,,Overdue,274,21,8,10,3,3,11,0,0,SMB,4479723
CUST0219,INV005263,10447.54,2025-09-07,2025-10-07,,Overdue,331,29,8,1,0,4,22,0,1,Mid-Market,525595
CUST0443,INV005264,70348.89,2026-05-20,2026-06-19,,Overdue,76,26,10,15,1,4,65,1,1,SMB,387913
CUST1854,INV005265,9157.27,2025-04-08,2025-05-08,,Overdue,483,10,4,22,0,0,54,1,0,Mid-Market,2523188
CUST0315,INV005266,26128.94,2025-12-03,2025-12-18,,Overdue,259,29,7,16,2,1,3,0,0,Mid-Market,4060162
CUST0177,INV005267,18219.03,2025-02-08,2025-03-10,,Overdue,542,7,2,25,1,0,66,0,0,Mid-Market,4673636
CUST0228,INV005268,36547.33,2025-02-07,2025-04-08,,Overdue,513,2,1,4,0,6,86,1,0,SMB,4108848
CUST1727,INV005269,9357.12,2025-10-27,2025-12-11,,Overdue,266,25,8,18,0,4,57,0,0,Mid-Market,1967577
CUST1696,INV005270,24102.8,2025-06-28,2025-08-12,2025-09-06,Paid,0,18,4,24,0,1,12,0,1,SMB,4756797
CUST1930,INV005271,26074.75,2026-04-14,2026-05-14,,Overdue,112,17,3,16,1,5,66,0,0,SMB,569385
CUST0267,INV005272,27727.52,2025-10-09,2025-11-08,,Overdue,299,16,5,23,2,3,8,0,0,Mid-Market,2128808
CUST0870,INV005273,23838.9,2025-06-13,2025-07-13,2025-07-28,Paid,0,2,1,13,1,0,81,0,1,Enterprise,2972705
CUST0838,INV005274,31089.0,2026-03-29,2026-05-28,2026-06-23,Paid,0,11,2,24,0,3,4,0,1,SMB,2600982
CUST1403,INV005275,197159.9,2025-04-07,2025-05-07,,Overdue,484,19,4,19,2,4,44,0,0,SMB,2872236
CUST0489,INV005276,285300.35,2025-11-05,2025-12-05,2025-12-09,Paid,0,22,7,9,0,4,65,0,1,Enterprise,1386092
CUST0702,INV005277,11623.5,2025-09-19,2025-11-18,2025-11-22,Paid,0,7,2,8,1,7,6,0,1,SMB,4129441
CUST0687,INV005278,5000.0,2025-10-20,2025-11-19,,Overdue,288,27,6,18,1,1,62,0,0,Mid-Market,864422
CUST1314,INV005279,39954.45,2025-09-06,2025-11-05,2025-11-16,Paid,0,22,6,8,1,5,40,0,1,Mid-Market,2962511
CUST0996,INV005280,26535.86,2025-09-02,2025-11-01,2025-11-17,Paid,0,17,8,14,0,3,86,0,1,SMB,197745
CUST0357,INV005281,63642.82,2025-09-08,2025-10-08,2025-10-21,Paid,0,15,5,12,0,4,35,0,1,SMB,2104376
CUST1681,INV005282,29286.62,2025-05-03,2025-05-18,,Overdue,473,9,1,3,0,3,50,0,0,SMB,4765700
CUST1768,INV005283,23355.88,2025-11-21,2026-01-20,2026-01-27,Paid,0,12,2,11,0,3,40,0,1,SMB,3807454
CUST0872,INV005284,68111.86,2026-05-16,2026-06-15,2026-06-15,Paid,0,8,1,7,1,1,11,0,1,SMB,4049453
CUST1974,INV005285,78337.41,2025-03-07,2025-03-22,,Overdue,530,28,9,15,1,1,66,0,0,Mid-Market,2648133
CUST0204,INV005286,5505.15,2025-02-28,2025-03-30,2025-04-08,Paid,0,2,1,14,1,4,18,0,1,Enterprise,4790039
CUST1237,INV005287,9734.13,2026-05-13,2026-06-12,,Overdue,83,17,7,9,3,4,73,0,0,Enterprise,2787946
CUST0552,INV005288,19819.21,2026-01-08,2026-02-22,2026-03-04,Paid,0,16,2,11,0,3,70,0,1,Enterprise,1466953
CUST1811,INV005289,24305.01,2025-09-23,2025-11-22,2025-11-27,Paid,0,23,3,0,0,5,34,1,1,Mid-Market,3687967
CUST0323,INV005290,17571.21,2025-08-24,2025-10-23,2025-11-06,Paid,0,16,5,20,0,0,12,1,1,Mid-Market,412455
CUST0594,INV005291,34003.11,2025-08-06,2025-10-05,2025-10-11,Paid,0,3,0,7,1,4,21,0,1,SMB,1388530
CUST0181,INV005292,59641.37,2026-06-11,2026-06-26,,Overdue,69,19,6,22,1,3,60,0,0,SMB,4615537
CUST0499,INV005293,123341.19,2026-03-17,2026-05-01,2026-05-01,Paid,0,16,5,0,2,5,10,1,1,Enterprise,3010033
CUST1344,INV005294,39297.38,2026-02-10,2026-03-12,,Overdue,175,11,2,20,0,6,16,0,0,Mid-Market,1224846
CUST0083,INV005295,9392.5,2026-08-12,2026-09-11,,Overdue,0,26,10,9,3,6,79,0,1,SMB,874255
CUST0303,INV005296,19008.16,2026-04-14,2026-05-29,,Overdue,97,9,3,26,1,3,23,0,1,Mid-Market,2370715
CUST0262,INV005297,20427.71,2025-04-20,2025-05-20,2025-06-17,Paid,0,14,3,24,0,2,21,1,1,Enterprise,3620599
CUST0784,INV005298,36851.08,2025-12-19,2026-02-17,,Overdue,198,2,0,35,1,5,61,0,1,SMB,1111404
CUST1224,INV005299,32473.12,2025-04-01,2025-04-16,,Overdue,505,13,4,22,0,6,43,0,0,Enterprise,4497395
CUST1264,INV005300,171167.29,2026-02-18,2026-04-04,2026-04-12,Paid,0,5,1,4,0,2,16,1,1,SMB,1464718
CUST0914,INV005301,13883.92,2025-03-14,2025-04-13,,Overdue,508,20,4,22,1,5,58,0,0,SMB,3695525
CUST0692,INV005302,32362.34,2026-07-01,2026-07-31,2026-08-14,Paid,0,14,4,14,0,0,11,0,1,SMB,2926280
CUST0944,INV005303,232050.75,2025-10-25,2025-11-24,,Overdue,283,1,0,5,0,1,84,1,0,Mid-Market,725673
CUST0683,INV005304,12268.53,2025-10-10,2025-11-09,,Overdue,298,6,4,21,2,0,21,0,0,SMB,491904
CUST1319,INV005305,25467.25,2026-05-20,2026-06-19,2026-07-06,Paid,0,22,4,13,0,0,16,0,1,SMB,3352198
CUST1536,INV005306,8562.26,2025-07-17,2025-09-15,,Overdue,353,11,2,38,1,7,75,0,0,SMB,2800025
CUST0689,INV005307,23910.83,2025-02-01,2025-03-18,2025-04-06,Paid,0,17,3,16,1,4,33,0,1,Mid-Market,2313429
CUST1905,INV005308,10094.87,2025-12-07,2026-01-06,,Overdue,240,23,6,10,3,3,86,0,0,Mid-Market,4695287
CUST0396,INV005309,62742.91,2025-11-30,2025-12-30,2025-12-30,Paid,0,22,2,0,0,6,89,0,1,Enterprise,3351106
CUST1773,INV005310,25522.58,2025-05-23,2025-06-22,,Overdue,438,14,6,0,2,5,33,0,0,Enterprise,287068
CUST1162,INV005311,8643.84,2026-02-14,2026-03-16,2026-03-30,Paid,0,14,3,8,0,0,15,0,1,SMB,145556
CUST0839,INV005312,51050.35,2025-02-13,2025-03-15,,Overdue,537,20,8,19,2,7,65,0,0,Mid-Market,814265
CUST0878,INV005313,26361.66,2025-02-01,2025-03-03,2025-03-26,Paid,0,7,1,23,1,5,4,0,1,Mid-Market,4993082
CUST0823,INV005314,57114.81,2025-01-28,2025-03-14,,Overdue,538,19,5,22,1,1,81,1,0,SMB,2239921
CUST1153,INV005315,6990.71,2026-02-27,2026-03-14,2026-03-14,Paid,0,26,8,0,0,3,32,1,1,Mid-Market,4495975
CUST0049,INV005316,31851.01,2026-05-06,2026-06-05,2026-06-07,Paid,0,27,7,5,1,5,8,0,1,Mid-Market,2415600
CUST1700,INV005317,47731.25,2025-06-09,2025-07-09,2025-07-12,Paid,0,22,5,3,0,4,36,0,1,Mid-Market,919446
CUST0789,INV005318,14423.62,2025-07-26,2025-08-25,,Overdue,374,6,2,21,2,2,83,0,1,SMB,2428907
CUST0293,INV005319,6254.13,2025-01-18,2025-03-04,2025-03-22,Paid,0,13,3,9,1,0,56,0,1,Mid-Market,4950164
CUST1652,INV005320,21128.8,2025-04-13,2025-05-13,,Overdue,478,10,2,24,2,5,88,0,0,SMB,1857402
CUST0536,INV005321,75215.7,2026-08-05,2026-09-04,2026-09-12,Paid,0,22,7,12,0,3,3,1,1,Enterprise,838140
CUST0311,INV005322,67909.44,2025-08-20,2025-09-19,2025-09-26,Paid,0,19,8,9,0,6,14,0,1,SMB,138668
CUST0537,INV005323,14350.95,2026-02-28,2026-04-29,,Overdue,127,10,3,10,3,2,76,1,1,Mid-Market,3608539
CUST1927,INV005324,6105.31,2026-07-01,2026-08-15,2026-08-16,Paid,0,5,1,0,2,6,34,0,1,Mid-Market,2072643
CUST0639,INV005325,14311.52,2025-08-27,2025-09-26,2025-09-26,Paid,0,13,4,7,0,5,36,0,1,SMB,801518
CUST0234,INV005326,13787.56,2025-11-30,2025-12-30,,Overdue,247,17,5,17,1,4,35,0,0,SMB,771037
CUST1233,INV005327,34421.85,2025-05-29,2025-06-13,,Overdue,447,22,4,11,0,7,32,0,0,SMB,1958911
CUST0605,INV005328,19830.94,2026-02-12,2026-03-14,2026-03-14,Paid,0,23,5,0,0,7,80,1,1,SMB,1499087
CUST0094,INV005329,10370.66,2025-01-17,2025-03-18,2025-03-22,Paid,0,5,0,0,1,7,1,1,1,Mid-Market,2261738
CUST0327,INV005330,66453.85,2025-08-14,2025-09-13,2025-09-13,Paid,0,21,3,0,0,1,52,0,1,Mid-Market,3150581
CUST0225,INV005331,25347.26,2025-09-17,2025-11-16,,Overdue,291,29,9,1,1,5,13,0,0,SMB,1810462
CUST0967,INV005332,34044.22,2025-06-23,2025-07-23,,Overdue,407,22,5,21,0,4,75,0,0,Mid-Market,4189289
CUST0890,INV005333,5000.0,2025-07-24,2025-08-23,2025-08-28,Paid,0,7,1,0,1,1,75,0,1,SMB,3422863
CUST1816,INV005334,5000.0,2026-02-19,2026-04-20,2026-04-20,Paid,0,20,4,7,1,1,25,0,1,Enterprise,4121495
CUST0011,INV005335,5231.5,2026-05-23,2026-06-07,2026-06-09,Paid,0,7,0,0,0,1,64,0,1,SMB,4514344
CUST1353,INV005336,13622.21,2025-06-02,2025-07-02,,Overdue,428,15,8,16,0,4,5,0,0,SMB,1121984
CUST1036,INV005337,39197.02,2025-04-13,2025-06-12,2025-06-24,Paid,0,15,3,19,0,0,63,0,1,Mid-Market,1470858
CUST0035,INV005338,5000.0,2025-03-06,2025-05-05,,Overdue,486,21,3,18,0,7,85,1,0,Enterprise,1512436
CUST0447,INV005339,108320.76,2025-04-27,2025-06-11,,Overdue,449,23,8,11,2,2,76,0,0,Enterprise,1751243
CUST1476,INV005340,26122.86,2025-06-05,2025-08-04,,Overdue,395,1,0,14,2,3,52,1,0,Mid-Market,2417322
CUST1764,INV005341,85844.69,2025-03-23,2025-05-07,,Overdue,484,26,7,21,2,0,46,0,0,SMB,1753820
CUST1244,INV005342,9081.82,2026-06-02,2026-07-02,,Overdue,63,12,2,8,3,0,77,0,1,Mid-Market,1884907
CUST0441,INV005343,36455.95,2025-03-08,2025-04-22,,Overdue,499,2,0,10,0,3,67,1,0,SMB,769407
CUST0653,INV005344,23985.29,2025-08-26,2025-10-25,,Overdue,313,18,6,22,0,7,76,0,0,Mid-Market,1522542
CUST1559,INV005345,49895.51,2026-08-07,2026-09-06,,Overdue,0,15,4,11,3,3,47,1,1,Mid-Market,2322759
CUST0595,INV005346,17434.54,2025-11-22,2025-12-22,,Overdue,255,7,1,13,2,6,34,0,0,Enterprise,4516951
CUST0229,INV005347,35355.71,2026-08-13,2026-09-12,2026-10-08,Paid,0,9,1,25,1,2,20,1,1,Enterprise,3530826
CUST1959,INV005348,66316.59,2025-03-08,2025-04-22,,Overdue,499,23,8,8,0,5,39,0,0,Mid-Market,320146
CUST0344,INV005349,11485.31,2025-06-25,2025-07-25,,Overdue,405,28,11,20,0,6,52,0,0,SMB,4446720
CUST1104,INV005350,28064.04,2026-04-23,2026-06-07,,Overdue,88,22,7,19,5,0,50,1,1,Enterprise,892840
CUST1377,INV005351,5000.0,2025-09-12,2025-10-12,,Overdue,326,3,1,14,1,2,68,0,0,SMB,1637819
CUST1420,INV005352,44467.02,2025-03-04,2025-04-03,,Overdue,518,21,5,13,0,0,41,0,0,Enterprise,4910319
CUST1314,INV005353,155540.67,2026-02-07,2026-03-09,2026-03-09,Paid,0,10,5,0,0,5,43,0,1,Mid-Market,2962511
CUST1479,INV005354,6345.9,2025-07-11,2025-08-10,,Overdue,389,2,1,31,0,5,49,0,0,Mid-Market,2320463
CUST1867,INV005355,20102.89,2025-11-25,2025-12-25,2026-01-10,Paid,0,25,3,10,1,3,71,0,1,SMB,2504698
CUST1695,INV005356,53129.16,2025-03-12,2025-04-11,2025-04-30,Paid,0,22,3,18,0,6,47,1,1,SMB,4856546
CUST0989,INV005357,22729.47,2025-03-04,2025-04-03,,Overdue,518,25,10,22,1,1,57,0,0,SMB,736268
CUST1152,INV005358,25980.45,2025-10-24,2025-11-23,,Overdue,284,25,10,16,1,2,67,1,0,Mid-Market,2236268
CUST1726,INV005359,14898.27,2025-09-02,2025-10-02,2025-10-30,Paid,0,12,3,25,1,2,46,0,1,SMB,3368843
CUST0909,INV005360,14354.92,2026-06-03,2026-07-03,,Overdue,62,7,1,21,3,1,41,1,0,SMB,2561910
CUST1567,INV005361,20197.33,2026-01-28,2026-03-29,2026-03-30,Paid,0,5,1,0,1,5,77,0,1,Mid-Market,4181146
CUST1922,INV005362,22963.73,2025-06-26,2025-08-10,,Overdue,389,4,2,12,0,0,29,0,0,SMB,3196779
CUST1383,INV005363,6758.52,2025-07-23,2025-09-21,2025-09-22,Paid,0,1,0,0,1,6,41,0,1,Enterprise,3295705
CUST0527,INV005364,20619.2,2026-08-17,2026-09-16,,Overdue,0,15,5,9,2,1,85,0,0,SMB,652276
CUST1337,INV005365,105718.37,2026-06-17,2026-07-17,2026-07-29,Paid,0,9,2,3,1,5,46,0,1,SMB,586644
CUST0075,INV005366,14484.96,2025-05-08,2025-06-07,2025-06-11,Paid,0,6,1,3,1,1,25,1,1,Mid-Market,2553292
CUST1570,INV005367,6391.63,2025-07-14,2025-08-28,,Overdue,371,14,3,14,1,7,3,0,0,SMB,3699279
CUST1895,INV005368,18931.53,2025-07-13,2025-08-12,,Overdue,387,2,1,19,2,4,30,0,0,Mid-Market,3680400
CUST0196,INV005369,10779.35,2025-07-03,2025-08-17,2025-08-17,Paid,0,12,2,0,0,0,86,0,1,SMB,2053426
CUST1867,INV005370,5777.11,2025-09-04,2025-10-04,,Overdue,334,23,6,34,1,1,2,0,0,SMB,2504698
CUST0029,INV005371,25315.41,2025-11-20,2025-12-20,,Overdue,257,28,3,17,1,5,9,1,0,Mid-Market,4495655
CUST0706,INV005372,10826.13,2025-06-09,2025-07-09,,Overdue,421,6,2,11,0,5,58,0,0,Enterprise,1617343
CUST1021,INV005373,11793.29,2025-03-07,2025-04-21,2025-05-02,Paid,0,13,5,11,0,1,4,0,1,Mid-Market,3289254
CUST0016,INV005374,25678.96,2025-09-11,2025-10-11,,Overdue,327,4,0,0,1,6,72,0,0,SMB,708003
CUST1447,INV005375,5000.0,2025-10-10,2025-11-09,,Overdue,298,22,3,5,1,4,19,1,0,Mid-Market,4215255
CUST1613,INV005376,5000.0,2025-03-01,2025-04-30,,Overdue,491,16,5,1,3,4,85,0,0,Mid-Market,1528081
CUST0805,INV005377,43082.5,2025-04-28,2025-06-12,,Overdue,448,29,7,5,0,7,14,0,0,SMB,2657622
CUST1617,INV005378,5000.0,2026-02-27,2026-03-29,2026-04-07,Paid,0,11,5,18,1,7,1,0,1,Enterprise,1595491
CUST1429,INV005379,8294.29,2026-07-10,2026-08-09,2026-08-09,Paid,0,6,1,4,1,4,20,0,1,Mid-Market,958380
CUST0940,INV005380,5000.0,2025-02-05,2025-03-07,2025-03-16,Paid,0,5,2,16,0,7,83,0,1,Mid-Market,2015730
CUST1660,INV005381,13546.23,2026-06-15,2026-07-15,,Overdue,50,1,0,18,1,7,80,0,1,SMB,970759
CUST1555,INV005382,33794.68,2025-04-01,2025-05-16,,Overdue,475,19,6,14,0,7,74,1,0,SMB,3050109
CUST0967,INV005383,24645.21,2025-10-28,2025-11-27,,Overdue,280,7,2,32,0,3,66,1,0,Mid-Market,4189289
CUST1638,INV005384,240836.46,2025-08-05,2025-10-04,,Overdue,334,18,5,15,2,2,65,0,0,SMB,4788202
CUST1928,INV005385,65310.99,2025-04-08,2025-05-08,2025-05-30,Paid,0,10,4,26,1,7,8,1,1,SMB,3424659
CUST1101,INV005386,8680.57,2026-04-01,2026-05-01,,Overdue,125,10,5,31,0,4,9,0,0,SMB,3725002
CUST0229,INV005387,6653.81,2026-06-15,2026-08-14,,Overdue,20,17,7,11,1,0,39,0,0,Enterprise,3530826
CUST0962,INV005388,329947.21,2026-06-22,2026-07-22,,Overdue,43,24,6,42,0,3,64,1,0,Mid-Market,4634074
CUST1321,INV005389,63740.28,2025-01-28,2025-03-29,,Overdue,523,7,2,25,0,2,57,0,0,SMB,3816001
CUST1534,INV005390,39710.45,2026-07-30,2026-09-13,2026-09-13,Paid,0,22,4,2,0,3,82,0,1,SMB,1820394
CUST0715,INV005391,23738.46,2025-11-20,2025-12-05,,Overdue,272,26,4,25,0,4,15,0,0,SMB,2012889
CUST0984,INV005392,28955.68,2025-08-11,2025-09-10,,Overdue,358,21,5,5,0,7,80,1,0,SMB,4607220
CUST1990,INV005393,5003.67,2025-03-21,2025-04-20,,Overdue,501,22,3,17,0,1,85,0,0,Mid-Market,1642173
CUST0573,INV005394,25771.88,2026-07-17,2026-09-15,,Overdue,0,1,0,23,1,1,25,0,1,SMB,1967043
CUST1562,INV005395,23652.67,2026-04-03,2026-05-03,,Overdue,123,12,2,21,2,5,88,0,0,SMB,3798294
CUST1607,INV005396,8918.3,2025-06-25,2025-07-25,,Overdue,405,25,4,6,0,7,16,0,0,SMB,3796328
CUST0615,INV005397,12854.81,2026-06-06,2026-07-06,2026-07-17,Paid,0,17,4,4,0,3,49,0,1,Enterprise,4506397
CUST0326,INV005398,100225.35,2026-04-02,2026-05-02,2026-05-10,Paid,0,16,5,1,0,2,73,1,1,Mid-Market,1796688
CUST1387,INV005399,19434.89,2026-02-27,2026-03-29,,Overdue,158,20,6,28,2,2,79,0,0,Mid-Market,2006874
CUST1693,INV005400,174760.42,2025-04-10,2025-04-25,2025-05-14,Paid,0,15,4,21,0,0,48,0,1,SMB,4280207
CUST0875,INV005401,5000.0,2026-02-07,2026-04-08,,Overdue,148,29,7,24,1,4,77,1,1,SMB,1034156
CUST0359,INV005402,13067.32,2026-07-30,2026-08-29,,Overdue,5,19,5,0,1,1,60,0,1,Enterprise,1235111
CUST1730,INV005403,5000.0,2026-01-15,2026-02-14,,Overdue,201,20,4,20,1,2,61,0,0,Mid-Market,827635
CUST1811,INV005404,6572.03,2026-06-15,2026-07-30,2026-07-30,Paid,0,17,5,5,1,0,44,0,1,Mid-Market,3687967
CUST0324,INV005405,9621.87,2025-11-28,2026-01-12,2026-01-12,Paid,0,26,7,1,0,7,24,1,1,SMB,4524017
CUST1722,INV005406,30191.32,2025-11-14,2025-11-29,2025-12-04,Paid,0,4,0,0,1,3,51,0,1,SMB,2434775
CUST1350,INV005407,28762.46,2026-06-21,2026-07-21,2026-07-28,Paid,0,4,1,13,0,5,33,0,1,SMB,3955513
CUST1649,INV005408,11166.9,2025-03-30,2025-04-14,2025-04-25,Paid,0,3,2,10,1,7,12,0,1,Mid-Market,453157
CUST1849,INV005409,5000.0,2026-05-26,2026-06-10,2026-06-22,Paid,0,8,2,17,0,0,10,0,1,Enterprise,2239063
CUST0165,INV005410,96538.09,2025-02-11,2025-03-28,2025-04-14,Paid,0,23,3,13,1,1,31,1,1,SMB,1077557
CUST1597,INV005411,16551.55,2026-01-24,2026-02-23,,Overdue,192,9,2,19,1,5,56,0,0,SMB,3040193
CUST1628,INV005412,7213.5,2025-03-22,2025-05-06,,Overdue,485,2,0,10,2,4,4,0,0,Mid-Market,2838107
CUST0798,INV005413,28996.51,2026-02-06,2026-03-08,2026-03-18,Paid,0,26,5,4,1,5,36,0,1,Mid-Market,4631025
CUST0455,INV005414,27023.04,2025-04-17,2025-06-01,2025-06-30,Paid,0,19,3,22,0,0,10,0,1,SMB,749539
CUST1993,INV005415,15951.75,2025-04-21,2025-05-21,,Overdue,470,22,6,18,1,3,67,0,0,Mid-Market,1523300
CUST1177,INV005416,25553.54,2025-10-04,2025-12-03,,Overdue,274,18,4,12,0,7,22,0,0,Mid-Market,3392103
CUST1761,INV005417,6939.4,2025-08-02,2025-09-01,2025-09-06,Paid,0,16,5,12,0,0,85,0,1,SMB,2923524
CUST1151,INV005418,47094.56,2026-05-21,2026-07-05,2026-07-10,Paid,0,29,6,8,2,3,38,0,1,Mid-Market,597219
CUST0193,INV005419,8128.51,2025-05-01,2025-05-31,2025-06-22,Paid,0,28,5,18,0,0,46,0,1,Enterprise,1752159
CUST0627,INV005420,12021.24,2025-05-14,2025-06-13,,Overdue,447,28,5,18,0,1,67,0,0,SMB,513937
CUST1798,INV005421,42142.07,2026-01-06,2026-02-20,,Overdue,195,18,5,2,1,2,29,1,0,SMB,1693909
CUST0530,INV005422,73420.54,2025-09-14,2025-10-14,,Overdue,324,26,6,28,2,6,51,0,0,Enterprise,1755243
CUST1034,INV005423,107556.82,2025-06-29,2025-07-29,2025-08-06,Paid,0,18,2,10,0,4,60,0,1,SMB,3460580
CUST0092,INV005424,63309.98,2025-02-17,2025-04-03,2025-04-13,Paid,0,12,2,8,1,3,59,0,1,Mid-Market,3816484
CUST0139,INV005425,15929.5,2026-08-22,2026-10-06,2026-10-28,Paid,0,2,0,24,0,1,5,0,1,SMB,3787859
CUST0481,INV005426,5000.0,2025-01-19,2025-02-18,,Overdue,562,29,9,19,0,3,3,0,0,Mid-Market,832877
CUST0449,INV005427,89774.44,2025-02-15,2025-03-17,2025-03-27,Paid,0,21,6,17,0,2,64,1,1,SMB,1862375
CUST1357,INV005428,86742.22,2026-03-27,2026-04-26,,Overdue,130,28,8,18,1,7,47,0,0,Enterprise,3255228
CUST0869,INV005429,11248.88,2025-02-25,2025-04-26,2025-05-13,Paid,0,1,1,24,1,3,40,1,1,Enterprise,4726029
CUST0340,INV005430,55336.56,2025-04-02,2025-05-02,2025-05-03,Paid,0,23,8,1,0,2,8,0,1,SMB,1403324
CUST1985,INV005431,15800.9,2025-03-23,2025-05-07,2025-05-11,Paid,0,16,2,6,0,2,56,0,1,SMB,3640437
CUST1076,INV005432,98841.9,2025-03-20,2025-04-04,,Overdue,517,17,4,28,1,3,77,0,0,SMB,3542963
CUST1731,INV005433,13162.61,2025-10-10,2025-11-09,,Overdue,298,1,0,5,2,7,54,1,0,SMB,763340
CUST0466,INV005434,159317.01,2025-11-07,2025-12-07,2025-12-13,Paid,0,21,4,1,1,1,84,0,1,SMB,4755907
CUST0718,INV005435,48345.12,2025-06-09,2025-07-24,2025-08-06,Paid,0,23,7,16,0,0,77,1,1,Enterprise,1446436
CUST0799,INV005436,132925.6,2025-11-12,2025-12-12,2025-12-14,Paid,0,3,1,8,0,5,6,0,1,Mid-Market,473332
CUST0475,INV005437,13852.25,2025-06-05,2025-06-20,,Overdue,440,23,3,18,2,5,74,0,0,Mid-Market,4445564
CUST0401,INV005438,33025.31,2026-04-13,2026-05-13,,Overdue,113,25,8,10,3,7,53,0,1,SMB,2592017
CUST1463,INV005439,8355.88,2026-04-07,2026-05-07,2026-05-18,Paid,0,27,9,8,0,1,26,1,1,SMB,2049482
CUST1902,INV005440,51225.32,2025-04-27,2025-05-27,2025-05-27,Paid,0,20,3,2,1,5,70,0,1,SMB,4882094
CUST0605,INV005441,54124.46,2025-12-30,2026-01-29,,Overdue,217,16,4,17,2,1,26,0,0,SMB,1499087
CUST0932,INV005442,242080.09,2026-04-11,2026-05-26,,Overdue,100,21,9,10,1,1,28,0,1,Mid-Market,4634946
CUST0997,INV005443,35669.09,2025-07-03,2025-08-02,2025-08-08,Paid,0,14,1,14,0,7,76,0,1,Enterprise,3842824
CUST0922,INV005444,45437.55,2025-06-15,2025-07-15,2025-07-20,Paid,0,16,2,4,0,6,53,0,1,SMB,1707153
CUST0821,INV005445,13755.16,2025-03-16,2025-05-15,,Overdue,476,24,7,16,2,3,61,0,0,Mid-Market,4421047
CUST0657,INV005446,37849.74,2025-09-29,2025-10-29,2025-11-06,Paid,0,9,2,12,0,5,40,0,1,SMB,3579801
CUST0598,INV005447,15064.69,2026-05-18,2026-07-17,,Overdue,48,21,9,11,0,0,68,0,0,SMB,1615213
CUST1533,INV005448,24732.19,2026-07-17,2026-08-16,,Overdue,18,28,8,17,2,0,88,0,0,Mid-Market,4833725
CUST1177,INV005449,26226.24,2026-08-10,2026-09-09,,Overdue,0,21,5,0,0,2,15,0,1,Mid-Market,3392103
CUST0514,INV005450,15486.05,2025-12-09,2026-01-08,,Overdue,238,2,0,1,0,0,88,0,0,Enterprise,1722795
CUST1527,INV005451,23457.49,2025-09-08,2025-10-08,2025-10-09,Paid,0,25,5,10,0,1,13,0,1,SMB,1725502
CUST1878,INV005452,15134.09,2025-05-10,2025-06-09,2025-06-24,Paid,0,13,4,13,1,3,67,1,1,Mid-Market,4890349
CUST1925,INV005453,15067.1,2025-12-24,2026-01-23,,Overdue,223,22,6,16,1,7,45,0,0,Mid-Market,128116
CUST1796,INV005454,64644.91,2026-02-12,2026-03-29,2026-03-30,Paid,0,5,1,5,0,0,79,0,1,SMB,4803292
CUST1700,INV005455,26249.8,2026-05-10,2026-06-09,,Overdue,86,21,8,15,2,6,26,0,0,Mid-Market,919446
CUST1030,INV005456,31165.48,2026-04-27,2026-05-12,2026-05-24,Paid,0,20,6,8,0,7,56,0,1,Mid-Market,2126198
CUST0500,INV005457,5129.15,2025-03-19,2025-04-18,2025-04-21,Paid,0,17,3,4,1,2,23,0,1,Enterprise,1631420
CUST1685,INV005458,33639.57,2026-05-29,2026-07-13,2026-07-29,Paid,0,6,3,18,1,7,39,0,1,SMB,3835961
CUST0717,INV005459,37437.32,2025-11-17,2025-12-17,2026-01-16,Paid,0,17,5,20,0,0,21,0,1,Mid-Market,4076390
CUST1142,INV005460,14789.33,2025-10-17,2025-11-01,,Overdue,306,26,9,19,0,3,14,1,1,SMB,3804542
CUST1509,INV005461,177199.18,2025-10-24,2025-12-08,2025-12-22,Paid,0,2,0,14,0,1,13,1,1,Mid-Market,1183387
CUST0601,INV005462,5000.0,2026-04-20,2026-06-19,2026-07-02,Paid,0,7,0,15,1,0,32,1,1,SMB,452980
CUST0666,INV005463,48260.42,2025-01-23,2025-02-07,2025-02-22,Paid,0,29,7,15,1,3,12,0,1,SMB,2024324
CUST1975,INV005464,44927.48,2025-06-21,2025-08-20,,Overdue,379,17,4,21,0,2,63,0,0,SMB,4511213
CUST1703,INV005465,37857.44,2025-11-14,2025-12-14,,Overdue,263,24,8,27,1,7,52,1,0,SMB,1517130
CUST0468,INV005466,26270.78,2025-07-12,2025-09-10,2025-10-03,Paid,0,8,1,23,0,1,74,1,1,Enterprise,4751669
CUST0161,INV005467,38203.38,2025-04-28,2025-05-28,2025-06-05,Paid,0,23,2,0,1,6,22,0,1,SMB,3490866
CUST0270,INV005468,52479.37,2025-01-06,2025-03-07,2025-03-11,Paid,0,23,6,7,0,5,47,0,1,SMB,145028
CUST1080,INV005469,10658.49,2026-04-28,2026-06-12,,Overdue,83,1,0,29,1,2,25,0,0,Enterprise,1433875
CUST0228,INV005470,29708.71,2025-05-12,2025-05-27,2025-05-28,Paid,0,29,4,0,0,4,71,1,1,SMB,4108848
CUST0849,INV005471,18337.13,2025-04-03,2025-04-18,,Overdue,503,19,1,8,1,5,35,0,0,Mid-Market,648506
CUST0149,INV005472,7377.81,2026-06-06,2026-07-06,,Overdue,59,25,4,31,0,7,80,0,1,SMB,4277995
CUST1070,INV005473,45124.02,2026-07-17,2026-08-16,2026-08-16,Paid,0,5,1,0,1,2,72,0,1,SMB,2172827
CUST1168,INV005474,12526.97,2025-10-21,2025-11-20,2025-11-28,Paid,0,5,2,4,1,2,51,0,1,Mid-Market,3576362
CUST1774,INV005475,5000.0,2026-01-27,2026-03-28,,Overdue,159,23,7,11,2,6,59,0,0,Enterprise,3689688
CUST1808,INV005476,12847.3,2025-09-06,2025-10-06,,Overdue,332,27,7,0,2,0,73,0,1,SMB,3250450
CUST0632,INV005477,9908.03,2026-08-18,2026-09-17,,Overdue,0,26,6,20,2,0,20,0,0,Enterprise,287199
CUST1364,INV005478,61603.81,2026-02-21,2026-03-23,,Overdue,164,24,6,17,1,2,19,0,1,Mid-Market,1998061
CUST0413,INV005479,25672.95,2025-05-23,2025-06-22,,Overdue,438,22,8,23,1,3,16,0,0,Enterprise,3884242
CUST1756,INV005480,87761.9,2025-08-25,2025-09-24,2025-09-25,Paid,0,21,6,0,0,6,62,0,1,Mid-Market,1511312
CUST0520,INV005481,11310.01,2025-10-14,2025-11-13,,Overdue,294,1,0,17,3,4,29,0,0,SMB,2698202
CUST1368,INV005482,52794.9,2025-10-04,2025-12-03,,Overdue,274,26,10,12,2,0,34,0,0,Enterprise,4075942
CUST0387,INV005483,376857.69,2026-01-22,2026-03-08,2026-03-08,Paid,0,10,3,0,0,1,81,1,1,SMB,3635681
CUST1497,INV005484,31446.17,2026-01-17,2026-03-03,,Overdue,184,10,0,32,2,3,4,0,0,Mid-Market,608981
CUST0275,INV005485,52137.98,2026-03-26,2026-05-10,2026-05-11,Paid,0,29,7,2,1,7,55,1,1,Mid-Market,213834
CUST0353,INV005486,44069.26,2025-10-18,2025-11-17,,Overdue,290,25,7,16,1,6,52,0,0,Mid-Market,4125837
CUST1090,INV005487,5313.07,2025-06-18,2025-08-02,2025-08-13,Paid,0,22,3,9,1,7,30,0,1,SMB,4722412
CUST1103,INV005488,39569.63,2026-03-19,2026-04-18,,Overdue,138,3,0,18,0,0,59,0,0,Enterprise,313625
CUST0598,INV005489,29925.2,2025-07-03,2025-08-02,,Overdue,397,28,8,7,1,7,64,1,0,SMB,1615213
CUST1660,INV005490,16987.83,2025-02-14,2025-03-16,2025-03-31,Paid,0,12,4,21,0,6,38,0,1,SMB,970759
CUST1226,INV005491,9099.4,2025-09-25,2025-10-25,,Overdue,313,26,11,27,0,1,30,0,0,Mid-Market,2411216
CUST1686,INV005492,44089.78,2026-04-21,2026-05-21,,Overdue,105,12,1,13,1,1,43,0,0,Enterprise,3169734
CUST0558,INV005493,8329.81,2025-09-10,2025-10-10,2025-10-12,Paid,0,7,2,0,0,2,56,1,1,SMB,1280746
CUST0113,INV005494,186026.72,2026-01-31,2026-03-02,2026-03-02,Paid,0,16,6,0,0,4,82,0,1,Enterprise,172775
CUST1115,INV005495,24690.38,2025-10-16,2025-11-15,,Overdue,292,20,6,30,1,5,6,0,0,Mid-Market,4649409
CUST0141,INV005496,6481.41,2025-07-31,2025-09-14,,Overdue,354,29,8,18,1,6,3,0,0,Enterprise,4168893
CUST1313,INV005497,13174.04,2025-01-21,2025-02-20,2025-03-07,Paid,0,3,0,10,0,0,40,0,1,Mid-Market,1720357
CUST1925,INV005498,16678.33,2025-11-12,2026-01-11,,Overdue,235,28,9,23,2,7,78,0,0,Mid-Market,128116
CUST0730,INV005499,245825.36,2026-07-18,2026-08-02,2026-08-16,Paid,0,7,2,9,0,2,38,0,1,SMB,1572534
CUST0589,INV005500,9094.37,2026-03-14,2026-04-28,,Overdue,128,22,3,21,0,2,17,0,0,SMB,2487245
CUST0411,INV005501,19609.76,2026-02-27,2026-04-13,2026-04-13,Paid,0,14,6,0,2,4,51,0,1,SMB,3033516
CUST0377,INV005502,12863.79,2025-08-21,2025-10-20,2025-10-30,Paid,0,27,12,8,0,6,27,0,1,Mid-Market,3950379
CUST1408,INV005503,36288.58,2025-05-03,2025-06-02,,Overdue,458,4,1,4,1,3,37,0,0,Mid-Market,2916457
CUST1870,INV005504,13070.55,2025-08-02,2025-09-01,,Overdue,367,10,4,0,2,2,26,1,0,Mid-Market,548512
CUST1176,INV005505,7051.13,2026-08-23,2026-09-22,,Overdue,0,24,6,5,4,3,78,0,1,Mid-Market,1563083
CUST1859,INV005506,18118.8,2025-02-09,2025-03-11,2025-03-19,Paid,0,2,0,10,0,4,60,1,1,Mid-Market,4075345
CUST0751,INV005507,16327.5,2025-11-28,2025-12-28,,Overdue,249,22,5,6,3,2,88,0,0,SMB,1680369
CUST0627,INV005508,12182.5,2025-07-01,2025-08-15,2025-08-29,Paid,0,16,7,17,0,0,21,1,1,SMB,513937
CUST1343,INV005509,12851.16,2025-09-22,2025-10-22,2025-11-03,Paid,0,3,0,13,0,3,65,1,1,Enterprise,1524620
CUST1393,INV005510,72019.76,2026-06-17,2026-07-17,2026-07-24,Paid,0,15,4,7,1,4,62,0,1,SMB,3822827
CUST1630,INV005511,15998.65,2026-03-08,2026-04-07,,Overdue,149,8,1,24,1,5,42,1,0,SMB,4651731
CUST0995,INV005512,7085.97,2025-07-15,2025-08-14,,Overdue,385,16,3,20,2,1,63,1,0,SMB,2494291
CUST1584,INV005513,13875.56,2026-05-24,2026-07-23,2026-07-30,Paid,0,11,2,16,2,2,75,1,1,SMB,1003122
CUST0703,INV005514,23256.4,2026-03-23,2026-05-22,,Overdue,104,24,9,0,1,2,58,0,0,SMB,1010652
CUST0462,INV005515,5789.09,2026-06-12,2026-07-12,,Overdue,53,11,2,15,1,2,81,0,0,Mid-Market,3076394
CUST0012,INV005516,111969.07,2025-07-21,2025-08-20,2025-08-28,Paid,0,11,3,18,1,0,62,0,1,Enterprise,2459029
CUST1180,INV005517,52448.1,2025-05-13,2025-07-12,,Overdue,418,1,0,20,2,7,67,0,0,Mid-Market,572154
CUST1708,INV005518,92057.88,2025-05-19,2025-06-03,2025-06-17,Paid,0,2,1,8,0,0,29,0,1,SMB,2637551
CUST0477,INV005519,32601.97,2026-05-08,2026-06-07,,Overdue,88,20,7,24,0,1,19,0,1,SMB,3928450
CUST0939,INV005520,5000.0,2025-03-11,2025-05-10,2025-06-01,Paid,0,1,1,23,0,5,5,1,1,SMB,1590724
CUST0401,INV005521,102266.12,2025-01-15,2025-02-14,,Overdue,566,19,3,28,0,2,66,0,0,SMB,2592017
CUST0808,INV005522,9287.56,2025-07-31,2025-08-15,2025-08-15,Paid,0,20,7,0,3,4,9,0,1,Enterprise,1497947
CUST0177,INV005523,10075.01,2025-03-01,2025-03-31,,Overdue,521,10,3,8,0,7,41,1,0,Mid-Market,4673636
CUST1365,INV005524,25753.48,2025-09-09,2025-11-08,2025-11-08,Paid,0,19,8,0,1,0,25,0,1,Mid-Market,4435224
CUST0057,INV005525,87398.19,2026-03-22,2026-04-06,,Overdue,150,21,8,4,0,0,84,0,0,SMB,2953030
CUST1879,INV005526,63151.2,2025-01-02,2025-02-01,2025-02-01,Paid,0,11,2,0,1,5,75,0,1,SMB,1676528
CUST1876,INV005527,54517.72,2025-12-02,2026-01-16,2026-01-16,Paid,0,12,4,1,0,7,12,0,1,Mid-Market,544955
CUST0448,INV005528,16125.75,2025-01-19,2025-03-05,2025-03-21,Paid,0,10,4,18,0,1,65,0,1,Mid-Market,3937008
CUST0203,INV005529,15873.28,2026-07-15,2026-08-14,,Overdue,20,7,1,8,0,4,88,0,1,SMB,2700235
CUST1721,INV005530,31130.51,2025-03-19,2025-04-18,2025-04-18,Paid,0,24,3,0,1,3,81,1,1,SMB,402365
CUST1657,INV005531,19339.97,2026-04-17,2026-05-17,,Overdue,109,8,1,32,1,0,16,0,0,Mid-Market,293877
CUST0738,INV005532,53600.73,2025-01-28,2025-02-27,2025-03-13,Paid,0,11,2,16,0,4,55,0,1,Mid-Market,2149409
CUST0202,INV005533,50519.65,2026-07-14,2026-08-13,,Overdue,21,18,6,1,3,6,38,1,0,SMB,4282851
CUST1354,INV005534,39788.82,2025-06-14,2025-07-29,,Overdue,401,16,3,9,0,3,43,0,0,Mid-Market,4368420
CUST0363,INV005535,5000.0,2026-04-03,2026-05-03,2026-05-16,Paid,0,1,1,14,0,0,8,0,1,SMB,2458630
CUST0892,INV005536,25033.95,2025-06-25,2025-07-10,,Overdue,420,29,7,9,0,0,53,0,0,Enterprise,4582669
CUST0454,INV005537,19754.69,2026-08-08,2026-09-07,2026-09-13,Paid,0,6,2,7,0,5,61,0,1,Enterprise,798736
CUST0356,INV005538,26056.58,2025-01-29,2025-02-28,,Overdue,552,17,6,6,0,4,88,0,0,Mid-Market,535757
CUST0216,INV005539,10359.67,2025-10-06,2025-11-20,,Overdue,287,22,3,19,0,5,70,0,0,SMB,493316
CUST0972,INV005540,5855.95,2025-10-10,2025-11-24,,Overdue,283,13,0,18,1,7,46,0,0,Enterprise,4639699
CUST0555,INV005541,35001.23,2026-04-24,2026-06-08,2026-06-13,Paid,0,23,3,2,0,5,9,0,1,Enterprise,471280
CUST0887,INV005542,15424.29,2026-06-03,2026-07-03,2026-07-08,Paid,0,25,2,0,0,5,67,0,1,Mid-Market,862283
CUST0023,INV005543,39131.89,2025-11-01,2025-12-16,,Overdue,261,10,3,3,1,0,23,0,0,SMB,1653546
CUST0155,INV005544,11260.83,2025-04-19,2025-05-19,2025-06-13,Paid,0,10,2,25,0,3,31,0,1,Enterprise,338963
CUST1210,INV005545,90754.26,2025-11-20,2025-12-20,,Overdue,257,1,1,9,2,6,34,0,0,Enterprise,884874
CUST0249,INV005546,59937.93,2025-07-25,2025-08-24,2025-08-29,Paid,0,7,3,9,1,6,35,1,1,Enterprise,289017
CUST0749,INV005547,29638.43,2025-08-22,2025-09-06,2025-09-23,Paid,0,20,4,17,1,7,48,1,1,Enterprise,1468412
CUST0805,INV005548,17795.69,2026-04-03,2026-05-03,2026-05-03,Paid,0,9,1,0,0,0,81,0,1,SMB,2657622
CUST0134,INV005549,51658.44,2025-07-06,2025-08-05,2025-08-21,Paid,0,11,3,14,0,7,21,1,1,SMB,2760527
CUST0321,INV005550,32615.66,2026-04-27,2026-05-27,2026-05-27,Paid,0,20,7,8,0,5,67,0,1,Mid-Market,320914
CUST0390,INV005551,27961.51,2026-02-11,2026-03-13,,Overdue,174,2,1,7,0,5,38,0,1,Mid-Market,2145588
CUST0434,INV005552,62496.47,2026-05-24,2026-07-08,,Overdue,57,1,0,3,0,2,53,0,1,SMB,723218
CUST1046,INV005553,91723.71,2026-06-04,2026-07-04,,Overdue,61,23,1,24,2,3,35,0,1,Mid-Market,4680232
CUST0873,INV005554,6295.49,2025-02-22,2025-04-23,,Overdue,498,12,1,14,0,4,14,1,0,Mid-Market,1456978
CUST1624,INV005555,7704.93,2026-02-02,2026-03-04,2026-03-20,Paid,0,7,1,17,0,5,80,0,1,Enterprise,1483284
CUST1689,INV005556,10094.43,2025-07-18,2025-08-17,2025-08-31,Paid,0,19,5,9,0,4,58,0,1,Mid-Market,4275389
CUST1149,INV005557,5000.0,2026-01-26,2026-02-10,,Overdue,205,5,2,21,1,0,68,0,0,Enterprise,533455
CUST1103,INV005558,20686.81,2026-05-13,2026-06-12,,Overdue,83,26,4,24,2,3,73,0,1,Enterprise,313625
CUST0858,INV005559,40139.51,2025-06-21,2025-08-20,,Overdue,379,12,1,11,0,6,38,0,0,SMB,174932
CUST1992,INV005560,21559.71,2025-03-27,2025-04-26,2025-04-28,Paid,0,14,5,1,1,5,15,0,1,SMB,1124477
CUST0051,INV005561,12911.56,2026-07-12,2026-08-11,,Overdue,23,28,10,18,0,4,54,1,1,Enterprise,3088915
CUST1752,INV005562,67945.27,2025-07-05,2025-08-04,2025-08-11,Paid,0,7,2,0,1,2,65,0,1,SMB,921535
CUST0176,INV005563,25350.57,2025-06-05,2025-06-20,2025-06-20,Paid,0,8,3,7,0,5,10,1,1,SMB,906047
CUST0870,INV005564,31038.48,2026-05-08,2026-06-07,,Overdue,88,14,3,14,0,1,11,0,1,Enterprise,2972705
CUST0253,INV005565,69859.04,2026-06-05,2026-07-05,,Overdue,60,12,6,12,1,2,36,0,1,Enterprise,1126941
CUST0966,INV005566,19472.49,2025-05-10,2025-06-09,2025-07-08,Paid,0,9,4,34,0,6,57,0,1,SMB,765339
CUST1270,INV005567,172855.99,2025-03-22,2025-05-06,,Overdue,485,10,4,16,0,5,38,0,0,SMB,4101889
CUST0739,INV005568,14075.42,2026-01-19,2026-03-05,,Overdue,182,10,0,17,1,2,81,0,0,SMB,3222382
CUST1130,INV005569,162421.19,2025-10-22,2025-11-21,2025-12-04,Paid,0,1,0,16,1,3,68,0,1,SMB,3712340
CUST1217,INV005570,8310.41,2025-09-26,2025-10-26,2025-11-06,Paid,0,25,2,11,1,0,37,0,1,SMB,1872744
CUST1340,INV005571,36956.06,2026-07-16,2026-08-30,2026-09-20,Paid,0,22,6,17,1,6,18,0,1,SMB,2823737
CUST0302,INV005572,11585.02,2026-06-19,2026-08-03,,Overdue,31,6,1,13,2,4,39,0,1,Mid-Market,805111
CUST0548,INV005573,67478.62,2026-01-13,2026-02-12,2026-02-14,Paid,0,14,4,5,2,7,36,0,1,Mid-Market,4282939
CUST1978,INV005574,13653.72,2026-01-11,2026-02-10,2026-03-04,Paid,0,23,3,28,1,0,40,1,1,SMB,1258468
CUST0716,INV005575,29462.43,2025-03-29,2025-04-28,2025-05-04,Paid,0,9,3,10,1,3,7,0,1,Enterprise,1956862
CUST1958,INV005576,11492.59,2025-04-21,2025-05-21,2025-05-21,Paid,0,23,7,0,0,6,76,0,1,SMB,4482787
CUST0779,INV005577,56231.09,2026-08-07,2026-08-22,2026-08-22,Paid,0,23,1,0,0,3,19,0,1,Mid-Market,787954
CUST0268,INV005578,11432.88,2025-06-03,2025-07-03,2025-07-09,Paid,0,27,9,7,2,4,37,1,1,Mid-Market,1407453
CUST1194,INV005579,118588.51,2026-04-08,2026-05-23,,Overdue,103,12,2,15,0,2,8,0,1,Mid-Market,2916069
CUST1010,INV005580,8135.58,2026-07-23,2026-08-22,,Overdue,12,19,2,15,2,3,74,0,1,SMB,3692693
CUST0551,INV005581,5735.17,2025-06-05,2025-07-05,,Overdue,425,26,6,0,2,4,36,0,1,Mid-Market,3661646
CUST1479,INV005582,57042.51,2025-11-14,2025-12-14,,Overdue,263,25,7,25,1,5,71,1,0,Mid-Market,2320463
CUST1675,INV005583,12189.82,2026-07-13,2026-08-27,2026-09-04,Paid,0,20,3,15,0,6,41,0,1,Mid-Market,875782
CUST1316,INV005584,21867.63,2025-08-26,2025-09-25,,Overdue,343,22,4,13,1,2,43,0,1,Mid-Market,3749509
CUST1588,INV005585,15958.69,2025-11-30,2025-12-30,,Overdue,247,29,7,20,1,7,82,0,0,SMB,2348354
CUST1823,INV005586,5927.7,2025-04-16,2025-05-01,,Overdue,490,23,9,19,1,5,37,0,0,Mid-Market,4687370
CUST1825,INV005587,20394.21,2026-04-27,2026-05-27,,Overdue,99,28,5,22,0,1,65,0,1,Mid-Market,4122250
CUST1165,INV005588,78035.25,2026-01-17,2026-02-16,2026-02-27,Paid,0,29,6,5,1,1,54,1,1,SMB,1605537
CUST1170,INV005589,60062.26,2025-09-18,2025-10-18,,Overdue,320,12,4,18,1,5,86,0,0,SMB,4894747
CUST1449,INV005590,27772.25,2025-10-20,2025-11-19,,Overdue,288,25,8,22,2,3,22,0,0,Enterprise,3247445
CUST0314,INV005591,66987.97,2025-12-01,2025-12-31,2026-01-15,Paid,0,13,0,13,0,6,47,0,1,Enterprise,1974914
CUST0184,INV005592,7634.87,2026-04-21,2026-05-21,,Overdue,105,29,5,9,0,4,45,1,0,Enterprise,3397769
CUST1688,INV005593,15907.5,2025-08-13,2025-09-12,,Overdue,356,26,6,14,0,5,88,1,0,SMB,2287300
CUST0713,INV005594,32722.07,2026-07-09,2026-07-24,,Overdue,41,28,8,18,1,1,25,0,0,SMB,3194311
CUST0128,INV005595,19333.32,2026-03-30,2026-04-29,,Overdue,127,3,0,22,1,6,20,0,0,Enterprise,3852986
CUST1311,INV005596,17208.81,2025-10-23,2025-12-22,2025-12-22,Paid,0,11,2,0,0,0,30,0,1,SMB,1892360
CUST1847,INV005597,6629.97,2026-07-29,2026-09-12,2026-09-17,Paid,0,2,0,12,1,0,51,0,1,SMB,1962493
CUST1277,INV005598,5000.0,2026-04-08,2026-06-07,,Overdue,88,18,5,14,1,6,71,0,1,SMB,1419391
CUST1802,INV005599,49904.5,2025-08-02,2025-09-01,,Overdue,367,18,4,11,2,6,3,0,0,Mid-Market,2979735
CUST0700,INV005600,28091.48,2026-08-08,2026-09-07,,Overdue,0,25,8,13,0,7,70,1,1,SMB,3980010
CUST0386,INV005601,54284.74,2025-06-07,2025-07-07,2025-07-22,Paid,0,24,6,11,2,4,80,0,1,Mid-Market,4529825
CUST1254,INV005602,14225.11,2025-09-29,2025-10-29,2025-11-02,Paid,0,25,7,6,1,0,77,0,1,SMB,54138
CUST0271,INV005603,10799.14,2025-08-26,2025-09-10,,Overdue,358,9,3,8,0,7,7,1,0,Mid-Market,1608242
CUST1795,INV005604,22171.17,2025-10-30,2025-11-29,,Overdue,278,1,0,3,1,6,29,0,0,SMB,4148535
CUST0811,INV005605,51751.03,2026-06-05,2026-07-05,2026-07-21,Paid,0,26,2,8,1,3,55,0,1,Enterprise,1548339
CUST0415,INV005606,17475.37,2025-11-17,2025-12-17,,Overdue,260,26,9,29,1,1,75,0,0,Mid-Market,4468909
CUST0198,INV005607,49108.39,2025-02-28,2025-04-29,,Overdue,492,16,6,19,3,1,2,1,0,Enterprise,173950
CUST1347,INV005608,8052.13,2025-12-24,2026-01-23,,Overdue,223,25,6,9,2,4,88,0,0,SMB,1039336
CUST1080,INV005609,18742.57,2025-09-08,2025-10-08,2025-10-13,Paid,0,1,0,7,3,2,26,0,1,Enterprise,1433875
CUST0831,INV005610,20535.0,2026-03-12,2026-04-11,,Overdue,145,21,6,13,4,1,45,0,0,SMB,2484003
CUST1227,INV005611,75086.04,2025-05-26,2025-07-10,2025-07-16,Paid,0,20,4,6,1,2,54,1,1,SMB,2617587
CUST1807,INV005612,27109.17,2025-12-18,2026-02-01,2026-02-23,Paid,0,24,3,27,1,2,38,0,1,Mid-Market,2476277
CUST1645,INV005613,126257.34,2026-07-24,2026-08-23,,Overdue,11,5,2,16,0,4,9,0,0,SMB,915256
CUST0628,INV005614,5723.38,2025-09-02,2025-10-02,2025-10-02,Paid,0,28,8,0,0,2,70,1,1,Mid-Market,3014391
CUST0604,INV005615,25082.33,2026-07-14,2026-08-28,,Overdue,6,25,8,0,1,6,54,1,0,SMB,1218932
CUST1162,INV005616,26354.6,2025-10-28,2025-11-27,,Overdue,280,17,6,2,0,2,47,0,0,SMB,145556
CUST1446,INV005617,40949.43,2026-03-14,2026-05-13,2026-05-27,Paid,0,8,1,9,0,4,78,1,1,SMB,2486831
CUST1839,INV005618,9765.78,2025-04-10,2025-05-10,2025-05-10,Paid,0,6,1,0,3,7,48,1,1,Enterprise,1664099
CUST1081,INV005619,118710.89,2026-04-25,2026-05-25,,Overdue,101,1,0,15,1,4,78,0,1,Mid-Market,1926336
CUST1586,INV005620,22313.87,2026-02-19,2026-04-20,2026-05-06,Paid,0,13,4,9,2,4,78,0,1,SMB,4713754
CUST1010,INV005621,7427.41,2025-06-14,2025-07-14,,Overdue,416,18,5,5,1,4,24,1,0,SMB,3692693
CUST0071,INV005622,21676.31,2025-10-29,2025-11-28,,Overdue,279,4,1,13,0,4,82,0,0,Mid-Market,588645
CUST0911,INV005623,16104.25,2025-05-01,2025-05-31,,Overdue,460,15,3,34,3,6,2,0,0,Mid-Market,2585610
CUST1938,INV005624,356195.54,2025-03-29,2025-05-13,,Overdue,478,14,4,5,0,7,31,0,0,Mid-Market,470539
CUST0594,INV005625,62940.4,2025-08-05,2025-09-04,,Overdue,364,16,5,30,0,0,21,1,0,SMB,1388530
CUST1396,INV005626,23147.95,2026-07-27,2026-08-26,2026-08-29,Paid,0,5,2,8,0,3,78,0,1,Mid-Market,2941912
CUST1641,INV005627,19694.28,2025-06-28,2025-07-13,2025-07-13,Paid,0,1,0,6,0,7,64,1,1,Mid-Market,3006151
CUST0600,INV005628,57014.27,2025-06-12,2025-07-27,2025-07-30,Paid,0,26,7,6,0,1,49,0,1,SMB,738152
CUST0514,INV005629,59806.05,2026-08-16,2026-09-15,,Overdue,0,23,8,22,3,5,47,1,1,Enterprise,1722795
CUST1896,INV005630,5000.0,2025-06-19,2025-07-19,,Overdue,411,29,4,12,1,7,1,0,0,Mid-Market,2904119
CUST0084,INV005631,41897.99,2025-10-28,2025-11-27,,Overdue,280,4,3,8,1,4,34,0,0,SMB,3521750
CUST0994,INV005632,22651.16,2026-01-09,2026-02-23,,Overdue,192,17,3,0,0,2,32,0,0,Mid-Market,1569593
CUST1067,INV005633,5936.39,2025-07-22,2025-09-05,,Overdue,363,28,11,0,1,1,63,0,0,SMB,4672580
CUST1690,INV005634,53114.97,2025-02-16,2025-03-18,,Overdue,534,6,3,22,0,4,63,1,0,Mid-Market,2671158
CUST0839,INV005635,208186.17,2026-04-08,2026-05-23,,Overdue,103,25,8,25,2,7,52,0,1,Mid-Market,814265
CUST1958,INV005636,38437.77,2026-02-12,2026-03-14,,Overdue,173,25,4,26,2,0,39,1,0,SMB,4482787
CUST0606,INV005637,66199.52,2025-07-13,2025-08-12,2025-08-12,Paid,0,27,5,2,0,2,76,0,1,SMB,2581528
CUST0810,INV005638,133802.36,2026-03-03,2026-04-17,,Overdue,139,4,0,18,3,7,48,0,0,SMB,3906756
CUST0133,INV005639,9602.11,2025-11-13,2025-12-13,2025-12-15,Paid,0,7,3,4,0,6,3,0,1,SMB,825158
CUST1419,INV005640,5000.0,2026-04-24,2026-05-24,,Overdue,102,26,5,25,1,0,14,0,0,SMB,3718508
CUST1089,INV005641,42483.29,2026-02-25,2026-04-26,2026-05-20,Paid,0,1,0,20,1,5,86,0,1,Enterprise,1711655
CUST0290,INV005642,17195.25,2025-09-26,2025-10-26,,Overdue,312,10,4,14,4,3,26,0,0,Mid-Market,1026433
CUST0376,INV005643,5573.77,2026-04-26,2026-05-11,2026-05-18,Paid,0,13,3,2,1,3,35,0,1,SMB,3395647
CUST0769,INV005644,20370.24,2025-09-20,2025-11-19,,Overdue,288,9,4,25,0,6,87,1,0,SMB,1067481
CUST0467,INV005645,45594.73,2026-03-02,2026-04-01,2026-04-06,Paid,0,14,4,14,1,4,4,0,1,SMB,665863
CUST1922,INV005646,18977.86,2025-06-15,2025-07-15,2025-07-24,Paid,0,1,0,19,3,3,45,1,1,SMB,3196779
CUST1237,INV005647,10028.36,2026-03-04,2026-04-03,,Overdue,153,9,3,0,0,4,26,0,1,Enterprise,2787946
CUST1172,INV005648,17614.77,2026-02-01,2026-03-03,2026-03-03,Paid,0,6,3,0,3,4,53,0,1,Enterprise,109778
CUST1597,INV005649,21601.62,2025-08-04,2025-09-18,,Overdue,350,10,0,7,1,3,64,0,0,SMB,3040193
CUST0471,INV005650,5000.0,2025-04-17,2025-05-17,,Overdue,474,11,2,41,1,3,26,0,0,SMB,878791
CUST0149,INV005651,19095.83,2025-04-08,2025-05-08,2025-05-08,Paid,0,7,4,0,0,0,29,0,1,SMB,4277995
CUST0088,INV005652,5742.56,2026-04-27,2026-06-11,,Overdue,84,20,3,7,1,0,61,0,0,Mid-Market,2680723
CUST1348,INV005653,42575.15,2026-05-14,2026-06-13,,Overdue,82,25,5,9,0,6,14,1,1,SMB,3188102
CUST1919,INV005654,5000.0,2025-08-18,2025-09-17,,Overdue,351,28,7,26,0,5,53,0,0,SMB,3338210
CUST0396,INV005655,60638.92,2025-09-14,2025-10-29,,Overdue,309,22,8,15,1,6,59,0,0,Enterprise,3351106
CUST0790,INV005656,14630.08,2025-02-12,2025-03-29,2025-04-03,Paid,0,12,1,0,1,0,69,1,1,Enterprise,4582688
CUST1428,INV005657,12797.75,2025-08-30,2025-09-29,2025-10-06,Paid,0,22,1,8,0,2,30,1,1,Enterprise,823952
CUST1106,INV005658,29568.2,2026-07-08,2026-08-07,,Overdue,27,12,4,7,0,7,22,0,0,SMB,175355
CUST1665,INV005659,9264.69,2025-04-05,2025-05-05,2025-05-05,Paid,0,14,4,0,0,7,81,0,1,Enterprise,1908997
CUST1310,INV005660,29107.34,2025-07-07,2025-08-06,,Overdue,393,10,2,12,1,2,6,0,0,Mid-Market,2455514
CUST1406,INV005661,10592.39,2026-01-20,2026-02-19,2026-03-10,Paid,0,16,7,15,3,6,5,0,1,SMB,120463
CUST0865,INV005662,12622.87,2026-02-04,2026-03-21,,Overdue,166,22,6,23,1,7,41,1,1,SMB,2642316
CUST1816,INV005663,33036.03,2026-05-21,2026-06-20,,Overdue,75,4,1,17,0,1,86,0,1,Enterprise,4121495
CUST1294,INV005664,7054.49,2025-06-16,2025-08-15,,Overdue,384,29,6,0,0,4,47,0,0,Mid-Market,2045141
CUST1316,INV005665,6220.86,2025-05-05,2025-06-19,,Overdue,441,23,9,10,0,4,23,0,0,Mid-Market,3749509
CUST1477,INV005666,28232.4,2025-03-28,2025-04-27,,Overdue,494,14,2,30,1,6,77,0,0,Mid-Market,1425645
CUST1739,INV005667,21441.86,2026-05-04,2026-05-19,,Overdue,107,2,1,16,2,2,53,0,0,SMB,1772199
CUST0024,INV005668,26073.97,2025-08-14,2025-09-28,2025-10-15,Paid,0,2,0,17,1,7,40,0,1,SMB,2142101
CUST0956,INV005669,30565.87,2025-12-11,2026-01-25,2026-01-25,Paid,0,29,7,4,1,7,61,0,1,SMB,473177
CUST1887,INV005670,23327.2,2026-06-02,2026-08-01,,Overdue,33,11,3,6,0,2,80,1,1,SMB,348783
CUST0311,INV005671,40460.95,2025-01-31,2025-03-02,2025-03-02,Paid,0,11,1,4,1,6,14,0,1,SMB,138668
CUST1485,INV005672,24280.68,2025-10-23,2025-11-07,2025-11-13,Paid,0,6,1,12,1,6,22,0,1,SMB,3872727
CUST1232,INV005673,5000.0,2026-02-18,2026-04-19,,Overdue,137,25,4,14,1,4,68,0,1,SMB,2564719
CUST1816,INV005674,5000.0,2025-05-15,2025-06-14,,Overdue,446,3,2,13,3,1,81,0,0,Enterprise,4121495
CUST1741,INV005675,151440.67,2026-06-09,2026-07-24,,Overdue,41,23,7,23,2,6,3,0,0,Mid-Market,3080486
CUST0664,INV005676,22028.05,2025-01-04,2025-01-19,2025-02-03,Paid,0,9,2,14,0,3,67,1,1,SMB,1245885
CUST0438,INV005677,56967.81,2025-06-27,2025-08-11,2025-08-13,Paid,0,28,7,0,0,1,73,0,1,Mid-Market,2711198
CUST1562,INV005678,15588.61,2025-09-16,2025-10-16,2025-11-01,Paid,0,25,5,8,2,2,38,0,1,SMB,3798294
CUST0706,INV005679,20784.96,2025-03-06,2025-04-20,2025-04-25,Paid,0,3,1,11,0,2,7,0,1,Enterprise,1617343
CUST1360,INV005680,13997.52,2025-12-29,2026-01-28,2026-02-06,Paid,0,1,0,7,2,3,13,1,1,Mid-Market,126240
CUST0422,INV005681,259348.33,2025-01-17,2025-03-18,,Overdue,534,2,0,10,2,3,55,1,0,Mid-Market,258944
CUST1774,INV005682,28374.39,2025-07-19,2025-08-03,2025-08-03,Paid,0,15,2,5,1,5,2,0,1,Enterprise,3689688
CUST0321,INV005683,12902.06,2026-06-28,2026-07-28,,Overdue,37,11,5,25,1,6,37,0,1,Mid-Market,320914
CUST1521,INV005684,5000.0,2025-07-31,2025-08-15,,Overdue,384,8,1,0,0,1,77,0,0,SMB,3649537
CUST0587,INV005685,158535.44,2026-03-11,2026-05-10,2026-05-10,Paid,0,16,4,0,0,4,77,0,1,SMB,4149906
CUST0947,INV005686,18708.28,2025-09-30,2025-10-30,,Overdue,308,23,7,0,3,4,50,0,0,SMB,1144316
CUST1187,INV005687,46361.71,2025-10-17,2025-11-16,,Overdue,291,17,4,20,3,0,20,0,0,Mid-Market,2132963
CUST1835,INV005688,51844.15,2026-04-28,2026-05-28,2026-05-28,Paid,0,3,1,0,1,1,49,0,1,Mid-Market,2856284
CUST1565,INV005689,13865.64,2025-08-22,2025-09-21,,Overdue,347,8,1,17,3,2,11,0,1,Mid-Market,2530017
CUST1189,INV005690,43150.65,2026-02-12,2026-03-14,,Overdue,173,7,1,11,0,6,50,0,0,SMB,2635171
CUST0849,INV005691,12038.46,2025-05-26,2025-06-25,,Overdue,435,21,6,9,1,0,41,1,0,Mid-Market,648506
CUST1722,INV005692,8181.03,2026-07-16,2026-08-30,2026-09-15,Paid,0,3,0,16,0,1,73,0,1,SMB,2434775
CUST1590,INV005693,70577.36,2026-03-06,2026-03-21,,Overdue,166,7,2,29,0,7,4,0,1,Mid-Market,1243982
CUST1319,INV005694,18803.73,2026-03-08,2026-04-07,2026-04-11,Paid,0,5,1,0,0,4,43,0,1,SMB,3352198
CUST0042,INV005695,36994.07,2026-06-29,2026-08-13,,Overdue,21,1,1,5,0,3,79,1,0,SMB,3817255
CUST1948,INV005696,33220.45,2026-05-12,2026-07-11,,Overdue,54,5,0,0,2,5,31,1,0,SMB,3581674
CUST1309,INV005697,41686.47,2025-03-30,2025-05-14,,Overdue,477,3,2,14,1,2,2,1,0,SMB,394126
CUST0939,INV005698,5000.0,2026-02-15,2026-03-17,,Overdue,170,18,8,7,1,6,12,0,0,SMB,1590724
CUST0387,INV005699,12267.51,2025-08-29,2025-09-28,,Overdue,340,29,2,1,1,6,85,1,0,SMB,3635681
CUST1162,INV005700,15923.08,2025-08-11,2025-09-10,2025-09-20,Paid,0,19,4,7,0,0,30,0,1,SMB,145556
CUST1211,INV005701,9590.43,2026-04-13,2026-05-13,2026-05-13,Paid,0,10,1,2,0,3,44,0,1,SMB,939493
CUST0910,INV005702,33826.74,2026-07-23,2026-08-22,,Overdue,12,4,1,20,1,2,87,0,0,SMB,474528
CUST0716,INV005703,72178.18,2025-11-18,2026-01-17,,Overdue,229,13,4,0,2,5,75,0,0,Enterprise,1956862
CUST0431,INV005704,84557.3,2026-01-10,2026-01-25,,Overdue,221,29,8,26,0,7,36,0,0,SMB,1829685
CUST0554,INV005705,15690.26,2025-04-22,2025-05-22,2025-06-10,Paid,0,1,0,26,1,5,25,0,1,Mid-Market,4172186
CUST1886,INV005706,29494.7,2026-06-11,2026-07-11,2026-07-11,Paid,0,4,1,3,1,4,71,0,1,SMB,4991064
CUST1440,INV005707,34394.21,2026-02-16,2026-03-18,,Overdue,169,9,4,15,0,4,50,1,0,Mid-Market,1279458
CUST0800,INV005708,40997.08,2025-09-26,2025-10-26,,Overdue,312,17,5,36,2,4,72,1,0,Enterprise,342575
CUST0426,INV005709,9153.26,2025-09-09,2025-10-09,2025-10-29,Paid,0,11,2,14,0,1,22,0,1,Mid-Market,2944100
CUST1440,INV005710,136023.14,2026-01-09,2026-02-08,2026-02-17,Paid,0,7,0,2,0,2,36,0,1,Mid-Market,1279458
CUST0026,INV005711,55632.35,2026-03-26,2026-04-25,,Overdue,131,24,7,21,1,1,3,0,1,Mid-Market,1506081
CUST1395,INV005712,57105.14,2026-06-21,2026-08-20,,Overdue,14,25,7,18,1,4,78,0,0,SMB,1071436
CUST0385,INV005713,73383.92,2026-01-03,2026-02-17,2026-02-21,Paid,0,7,2,1,0,5,27,0,1,Mid-Market,2214563
CUST0056,INV005714,37576.57,2025-09-12,2025-10-27,2025-10-27,Paid,0,13,1,3,0,2,7,0,1,Enterprise,738725
CUST1277,INV005715,7884.76,2026-04-08,2026-05-08,2026-05-24,Paid,0,25,6,10,1,2,37,1,1,SMB,1419391
CUST0634,INV005716,19168.57,2025-09-25,2025-11-24,,Overdue,283,26,6,28,1,4,55,0,0,Mid-Market,2782481
CUST0106,INV005717,5000.0,2025-05-06,2025-06-05,,Overdue,455,29,9,1,0,1,44,1,0,SMB,2326787
CUST1154,INV005718,33358.65,2026-01-28,2026-03-29,,Overdue,158,19,6,9,0,7,72,0,0,Mid-Market,4037793
CUST0849,INV005719,18597.57,2025-11-30,2025-12-30,,Overdue,247,17,7,29,1,0,60,1,0,Mid-Market,648506
CUST0670,INV005720,21151.74,2026-07-19,2026-08-18,,Overdue,16,18,7,7,2,4,59,0,1,SMB,3542099
CUST0376,INV005721,73423.63,2026-01-03,2026-02-02,,Overdue,213,26,7,23,2,4,52,0,0,SMB,3395647
CUST0743,INV005722,13946.81,2026-07-09,2026-08-08,,Overdue,26,13,7,11,0,7,4,0,1,Mid-Market,4789400
CUST0967,INV005723,17117.85,2026-07-08,2026-07-23,2026-08-18,Paid,0,17,2,28,0,0,2,0,1,Mid-Market,4189289
CUST0308,INV005724,22515.82,2026-04-01,2026-05-31,,Overdue,95,18,1,22,0,5,17,0,0,SMB,1600184
CUST0091,INV005725,5000.0,2025-03-08,2025-04-07,2025-04-18,Paid,0,25,4,14,1,0,85,0,1,SMB,1628638
CUST1417,INV005726,16880.87,2025-03-07,2025-04-06,,Overdue,515,21,4,11,0,2,84,0,0,SMB,2998632
CUST1558,INV005727,5000.0,2026-08-18,2026-09-17,,Overdue,0,20,6,3,0,0,30,1,1,SMB,3321557
CUST0802,INV005728,12264.67,2026-02-04,2026-02-19,2026-02-19,Paid,0,2,0,0,1,2,48,0,1,SMB,79336
CUST0110,INV005729,51802.26,2025-10-14,2025-11-28,,Overdue,279,19,6,12,0,5,2,0,0,SMB,1324634
CUST1585,INV005730,34450.08,2025-07-05,2025-08-04,,Overdue,395,15,5,16,0,0,79,0,0,Enterprise,4093763
CUST1665,INV005731,12151.16,2025-10-11,2025-11-25,,Overdue,282,9,3,20,1,1,66,1,0,Enterprise,1908997
CUST0585,INV005732,22943.69,2026-05-31,2026-06-15,,Overdue,80,29,5,35,2,6,27,0,1,Mid-Market,1003692
CUST0340,INV005733,7517.66,2025-08-25,2025-10-24,,Overdue,314,29,7,0,1,2,21,0,0,SMB,1403324
CUST1589,INV005734,21974.91,2025-01-18,2025-02-17,,Overdue,563,14,4,11,0,1,89,0,0,SMB,164589
CUST0979,INV005735,412635.65,2026-02-18,2026-04-19,2026-05-13,Paid,0,19,4,17,0,0,5,0,1,SMB,3682632
CUST0356,INV005736,139497.41,2025-01-09,2025-02-08,,Overdue,572,8,3,2,2,1,65,1,0,Mid-Market,535757
CUST1916,INV005737,23216.58,2026-02-24,2026-04-10,,Overdue,146,12,4,18,0,4,25,0,0,Mid-Market,1664694
CUST0168,INV005738,25852.02,2025-01-29,2025-02-28,2025-03-16,Paid,0,17,2,15,2,6,25,0,1,SMB,1256123
CUST0557,INV005739,8270.37,2025-12-14,2026-01-13,,Overdue,233,12,2,8,1,0,48,1,0,SMB,391207
CUST1476,INV005740,9879.44,2026-07-30,2026-08-14,2026-08-14,Paid,0,15,3,0,0,7,11,0,1,Mid-Market,2417322
CUST0905,INV005741,31640.22,2026-03-26,2026-04-25,2026-05-09,Paid,0,5,2,11,3,2,19,0,1,SMB,1148657
CUST0105,INV005742,13031.27,2026-01-15,2026-01-30,2026-02-13,Paid,0,2,0,16,1,6,18,0,1,Enterprise,3653110
CUST0150,INV005743,54401.64,2026-01-01,2026-01-31,2026-02-02,Paid,0,20,6,0,1,5,7,1,1,SMB,4638645
CUST0146,INV005744,105840.2,2025-08-15,2025-09-14,2025-09-23,Paid,0,18,2,9,2,0,87,0,1,SMB,4276156
CUST0716,INV005745,30718.51,2025-04-28,2025-06-12,2025-06-17,Paid,0,3,1,9,2,5,4,0,1,Enterprise,1956862
CUST0874,INV005746,24385.33,2026-02-16,2026-04-17,,Overdue,139,5,0,21,1,3,21,0,0,SMB,2971989
CUST0299,INV005747,5000.0,2025-12-22,2026-01-21,2026-01-21,Paid,0,2,1,1,2,5,41,0,1,Mid-Market,3255599
CUST1191,INV005748,46518.73,2025-09-11,2025-10-11,2025-11-02,Paid,0,9,2,17,0,4,77,1,1,SMB,339134
CUST1737,INV005749,7018.67,2026-06-27,2026-07-27,,Overdue,38,24,6,18,0,2,6,0,0,SMB,3693327
CUST0646,INV005750,14501.26,2026-03-20,2026-05-04,2026-05-07,Paid,0,5,1,14,0,0,77,0,1,Enterprise,1913462
CUST0723,INV005751,57502.05,2025-03-22,2025-05-21,,Overdue,470,27,9,21,0,4,63,1,0,SMB,3032410
CUST1072,INV005752,61682.66,2025-02-15,2025-04-16,,Overdue,505,17,5,32,0,6,18,0,0,SMB,2118671
CUST0638,INV005753,13814.75,2025-02-18,2025-04-19,,Overdue,502,21,7,22,0,6,27,0,0,SMB,1633214
CUST0239,INV005754,14633.73,2026-03-25,2026-05-24,,Overdue,102,20,3,8,0,7,87,1,0,Mid-Market,2942371
CUST1031,INV005755,10945.47,2026-02-11,2026-04-12,,Overdue,144,15,2,18,1,2,46,0,0,SMB,1518919
CUST0464,INV005756,6648.5,2025-10-10,2025-11-09,,Overdue,298,13,3,24,3,4,46,0,0,Mid-Market,2930304
CUST0453,INV005757,11674.99,2026-04-18,2026-06-17,2026-06-17,Paid,0,9,4,4,0,2,85,0,1,SMB,857744
CUST0784,INV005758,5000.0,2026-02-20,2026-04-06,,Overdue,150,2,0,18,1,4,89,0,0,SMB,1111404
CUST0897,INV005759,43610.91,2026-08-23,2026-09-22,2026-10-01,Paid,0,23,4,14,0,2,45,1,1,SMB,3095529
CUST0371,INV005760,32680.17,2025-05-01,2025-05-16,,Overdue,475,2,1,18,1,2,43,0,0,SMB,4435724
CUST1573,INV005761,38581.54,2025-01-03,2025-02-02,2025-02-02,Paid,0,29,7,0,1,3,80,0,1,Mid-Market,3682403
CUST0487,INV005762,8481.1,2025-11-12,2025-12-27,,Overdue,250,29,8,11,0,2,50,0,0,SMB,2349899
CUST1235,INV005763,6667.03,2026-04-05,2026-05-05,2026-05-11,Paid,0,11,3,6,1,3,80,0,1,Mid-Market,1469920
CUST0165,INV005764,23237.31,2025-08-15,2025-09-14,,Overdue,354,28,6,15,2,0,21,0,0,SMB,1077557
CUST1149,INV005765,23484.66,2025-03-20,2025-05-04,2025-05-22,Paid,0,3,1,19,0,7,33,0,1,Enterprise,533455
CUST1361,INV005766,19010.19,2026-06-28,2026-07-28,2026-07-28,Paid,0,3,2,0,1,5,30,1,1,Enterprise,4479899
CUST0192,INV005767,16490.12,2025-03-12,2025-04-26,,Overdue,495,10,4,16,2,0,1,0,0,Enterprise,4402892
CUST0730,INV005768,121877.99,2025-07-16,2025-08-30,,Overdue,369,24,3,27,1,4,69,0,0,SMB,1572534
CUST0214,INV005769,33726.02,2025-02-27,2025-04-28,,Overdue,493,2,0,27,1,1,33,1,0,SMB,4357086
CUST0574,INV005770,158051.85,2026-02-28,2026-03-30,,Overdue,157,1,0,28,2,1,75,0,0,Mid-Market,2249391
CUST1352,INV005771,78351.86,2026-04-14,2026-06-13,,Overdue,82,6,3,20,1,5,72,1,1,Mid-Market,111753
CUST0957,INV005772,120966.74,2025-02-17,2025-03-19,2025-04-10,Paid,0,6,1,25,0,0,85,0,1,Mid-Market,692762
CUST0381,INV005773,7521.62,2026-03-11,2026-04-10,2026-04-23,Paid,0,11,5,8,1,3,89,0,1,SMB,1570982
CUST0673,INV005774,39861.69,2025-07-04,2025-08-03,2025-08-15,Paid,0,16,2,12,0,2,18,0,1,SMB,4581211
CUST1602,INV005775,14303.14,2025-06-14,2025-07-14,2025-07-16,Paid,0,1,0,0,0,5,12,0,1,SMB,3895474
CUST0798,INV005776,5000.0,2025-11-27,2026-01-26,2026-01-26,Paid,0,5,3,7,2,6,12,1,1,Mid-Market,4631025
CUST0239,INV005777,98322.01,2025-11-26,2025-12-26,,Overdue,251,25,10,21,0,4,64,0,0,Mid-Market,2942371
CUST1556,INV005778,16420.86,2025-05-01,2025-06-30,,Overdue,430,26,8,17,2,7,29,1,0,SMB,3622401
CUST0700,INV005779,7668.67,2025-08-01,2025-08-31,,Overdue,368,27,5,0,0,5,78,0,0,SMB,3980010
CUST1106,INV005780,14551.31,2026-05-22,2026-06-21,,Overdue,74,10,1,13,0,2,77,0,0,SMB,175355
CUST1387,INV005781,9934.57,2026-07-07,2026-08-06,,Overdue,28,21,7,7,0,2,19,0,1,Mid-Market,2006874
CUST0505,INV005782,11007.17,2025-06-17,2025-07-17,,Overdue,413,28,8,9,2,1,84,1,0,Mid-Market,3129042
CUST0202,INV005783,17648.33,2026-06-30,2026-08-29,,Overdue,5,23,8,27,0,0,2,0,1,SMB,4282851
CUST0920,INV005784,124344.99,2026-03-03,2026-04-17,2026-04-17,Paid,0,6,1,1,1,3,12,1,1,SMB,4924196
CUST1528,INV005785,11312.72,2025-08-09,2025-09-08,2025-09-14,Paid,0,11,2,3,0,1,44,0,1,SMB,234514
CUST1668,INV005786,115759.57,2025-01-10,2025-02-24,,Overdue,556,26,8,30,1,6,74,0,0,Enterprise,1479290
CUST0037,INV005787,51474.24,2025-04-30,2025-05-30,,Overdue,461,16,3,10,0,2,36,1,0,SMB,4496228
CUST0644,INV005788,32737.34,2025-09-04,2025-09-19,,Overdue,349,20,5,22,0,7,17,0,0,SMB,2382214
CUST1613,INV005789,46542.45,2025-12-26,2026-01-25,2026-02-08,Paid,0,13,3,14,1,2,7,0,1,Mid-Market,1528081
CUST1625,INV005790,22329.31,2025-08-09,2025-09-08,2025-09-15,Paid,0,12,4,13,0,0,18,1,1,SMB,1167374
CUST1997,INV005791,79702.01,2026-05-21,2026-07-20,2026-07-24,Paid,0,18,4,3,2,3,13,0,1,Enterprise,4825275
CUST1426,INV005792,38831.24,2025-02-27,2025-03-14,,Overdue,538,26,9,23,1,6,77,0,0,Enterprise,2198983
CUST0765,INV005793,5000.0,2026-04-05,2026-05-05,,Overdue,121,13,3,20,2,7,60,0,0,SMB,3705180
CUST1880,INV005794,29621.39,2025-05-08,2025-05-23,2025-05-30,Paid,0,5,0,8,2,5,12,0,1,Mid-Market,2964611
CUST0706,INV005795,48241.41,2025-03-27,2025-04-26,,Overdue,495,28,4,12,1,0,79,0,0,Enterprise,1617343
CUST1200,INV005796,16498.07,2025-04-14,2025-05-14,,Overdue,477,28,12,18,2,6,48,0,0,SMB,2766207
CUST0545,INV005797,24990.62,2025-05-23,2025-06-22,2025-06-23,Paid,0,26,7,4,0,4,51,0,1,Mid-Market,3733909
CUST1594,INV005798,11933.94,2025-07-24,2025-09-07,,Overdue,361,13,3,0,2,4,67,0,0,SMB,3097589
CUST1491,INV005799,5554.56,2025-02-07,2025-03-09,,Overdue,543,25,9,13,1,1,60,1,0,SMB,3010883
CUST1225,INV005800,5000.0,2025-12-29,2026-01-28,2026-02-03,Paid,0,13,4,4,1,5,10,0,1,SMB,902050
CUST0540,INV005801,5000.0,2025-11-05,2025-12-05,2025-12-21,Paid,0,19,3,21,0,5,23,0,1,SMB,4776276
CUST1571,INV005802,43003.84,2025-02-21,2025-03-08,2025-03-15,Paid,0,19,1,9,0,0,4,0,1,Mid-Market,2054517
CUST1017,INV005803,5000.0,2025-01-01,2025-03-02,2025-03-02,Paid,0,13,7,0,0,2,25,0,1,SMB,258859
CUST1661,INV005804,11310.88,2025-01-11,2025-01-26,,Overdue,585,28,8,14,2,4,65,0,0,Mid-Market,1811369
CUST0394,INV005805,10242.97,2025-08-02,2025-08-17,2025-08-20,Paid,0,11,3,0,1,1,61,0,1,Mid-Market,3035696
CUST0833,INV005806,16611.33,2026-07-10,2026-08-09,,Overdue,25,16,7,17,1,4,69,0,1,SMB,3256943
CUST1066,INV005807,5000.0,2026-06-02,2026-08-01,2026-08-01,Paid,0,23,5,0,2,7,69,0,1,Mid-Market,92291
CUST0597,INV005808,32987.64,2026-02-19,2026-04-20,2026-04-29,Paid,0,14,4,12,0,6,47,0,1,Mid-Market,1528768
CUST0393,INV005809,6166.2,2025-01-08,2025-02-07,,Overdue,573,10,3,16,2,4,27,1,0,SMB,3294967
CUST0700,INV005810,68350.59,2025-01-05,2025-02-04,,Overdue,576,2,1,0,0,4,62,0,0,SMB,3980010
CUST1647,INV005811,11828.11,2025-12-28,2026-01-27,,Overdue,219,8,2,25,0,6,71,1,0,SMB,4523447
CUST1807,INV005812,20018.0,2025-04-22,2025-06-06,2025-06-06,Paid,0,23,1,0,0,6,49,1,1,Mid-Market,2476277
CUST0441,INV005813,22109.75,2025-09-30,2025-10-30,,Overdue,308,8,3,15,0,4,61,1,0,SMB,769407
CUST1861,INV005814,28120.13,2026-02-26,2026-03-28,,Overdue,159,26,10,0,0,0,88,0,0,Mid-Market,1328673
CUST1641,INV005815,22857.04,2025-09-22,2025-10-22,2025-10-22,Paid,0,22,5,1,0,2,87,0,1,Mid-Market,3006151
CUST1530,INV005816,14369.88,2026-04-03,2026-05-03,,Overdue,123,21,5,15,0,0,72,1,0,Mid-Market,1907596
CUST0918,INV005817,31040.51,2025-07-31,2025-08-30,,Overdue,369,27,6,17,0,1,30,0,0,Enterprise,742137
CUST0320,INV005818,35106.69,2025-03-19,2025-04-18,,Overdue,503,20,6,14,0,5,31,1,0,SMB,3095915
CUST0553,INV005819,10248.28,2025-08-09,2025-09-08,,Overdue,360,14,4,19,1,5,16,0,0,Mid-Market,2744245
CUST1239,INV005820,33737.59,2026-01-04,2026-02-03,,Overdue,212,24,7,0,2,1,65,0,1,Enterprise,3608818
CUST1095,INV005821,72527.44,2025-12-13,2026-01-12,2026-01-12,Paid,0,14,4,0,1,1,11,0,1,SMB,3861666
CUST0568,INV005822,44618.07,2025-01-25,2025-02-09,,Overdue,571,18,3,18,2,2,62,0,0,SMB,2431486
CUST0919,INV005823,55959.04,2026-02-24,2026-03-26,2026-03-26,Paid,0,15,2,0,1,0,38,0,1,Mid-Market,331854
CUST0236,INV005824,26158.27,2025-12-20,2026-02-18,,Overdue,197,22,4,0,1,1,87,1,0,Mid-Market,2849250
CUST1305,INV005825,8637.34,2026-02-21,2026-03-08,,Overdue,179,28,7,11,0,0,59,0,0,Mid-Market,3850315
CUST0987,INV005826,9802.14,2026-05-30,2026-06-29,,Overdue,66,16,3,15,1,2,19,0,1,Mid-Market,2519146
CUST1641,INV005827,30329.86,2025-08-03,2025-09-17,,Overdue,351,14,2,15,2,2,9,1,0,Mid-Market,3006151
CUST1926,INV005828,56543.4,2025-04-22,2025-05-22,,Overdue,469,10,0,0,0,1,69,0,0,SMB,434370
CUST1911,INV005829,357150.28,2026-07-13,2026-08-12,2026-08-14,Paid,0,22,3,12,0,0,23,0,1,SMB,3516032
CUST1186,INV005830,58795.58,2026-03-04,2026-03-19,,Overdue,168,21,3,1,1,3,55,0,1,Enterprise,1210117
CUST1215,INV005831,6833.31,2026-07-16,2026-08-15,2026-08-30,Paid,0,2,2,16,2,6,85,0,1,Mid-Market,929459
CUST1033,INV005832,10226.4,2025-08-04,2025-09-03,2025-09-12,Paid,0,5,2,14,0,6,20,0,1,SMB,2700324
CUST0060,INV005833,215026.66,2026-02-17,2026-03-19,,Overdue,168,3,0,21,4,2,13,0,0,SMB,3687820
CUST0893,INV005834,17776.12,2026-01-15,2026-03-01,,Overdue,186,23,5,10,1,7,57,1,0,Mid-Market,1628315
CUST1841,INV005835,23098.31,2025-08-20,2025-10-04,,Overdue,334,7,2,7,0,1,20,0,0,SMB,1280796
CUST0225,INV005836,8430.26,2025-09-15,2025-10-15,,Overdue,323,24,10,29,0,5,47,0,0,SMB,1810462
CUST1843,INV005837,105356.32,2025-09-13,2025-10-28,,Overdue,310,27,5,0,2,2,77,1,0,SMB,4260583
CUST0700,INV005838,36327.61,2026-02-07,2026-03-09,2026-04-13,Paid,0,12,2,31,0,0,7,1,1,SMB,3980010
CUST0582,INV005839,10151.72,2026-02-28,2026-04-14,,Overdue,142,10,3,10,2,5,34,1,0,Enterprise,2632814
CUST1829,INV005840,8153.27,2025-03-06,2025-04-05,,Overdue,516,11,4,0,0,5,56,0,0,Mid-Market,3870888
CUST1311,INV005841,29947.58,2025-07-09,2025-08-23,,Overdue,376,25,5,6,0,3,53,0,0,SMB,1892360
CUST0994,INV005842,23022.01,2025-06-22,2025-07-22,,Overdue,408,17,2,20,0,6,53,1,0,Mid-Market,1569593
CUST0169,INV005843,50620.41,2026-07-15,2026-08-14,,Overdue,20,4,0,20,0,6,81,0,1,SMB,1666596
CUST1086,INV005844,38061.88,2025-08-15,2025-09-14,2025-10-15,Paid,0,6,1,33,1,5,63,0,1,SMB,2959984
CUST1373,INV005845,16907.62,2026-08-04,2026-09-18,,Overdue,0,7,1,14,3,3,30,0,1,Enterprise,1612518
CUST1466,INV005846,12787.18,2026-01-23,2026-02-07,,Overdue,208,27,9,15,1,3,68,0,0,SMB,3963397
CUST0014,INV005847,18770.8,2026-02-05,2026-03-07,,Overdue,180,5,3,21,0,6,4,0,1,SMB,616088
CUST0164,INV005848,12699.52,2025-08-01,2025-08-31,2025-08-31,Paid,0,6,1,0,0,3,37,0,1,Mid-Market,3074243
CUST1444,INV005849,19337.56,2025-02-22,2025-03-09,,Overdue,543,17,6,11,0,4,39,0,0,SMB,1543551
CUST0757,INV005850,22391.59,2025-05-19,2025-07-03,2025-07-11,Paid,0,14,1,14,0,0,36,1,1,Mid-Market,1344315
CUST1871,INV005851,8973.84,2026-02-22,2026-04-23,2026-04-23,Paid,0,11,3,0,0,3,15,1,1,Mid-Market,3550967
CUST1544,INV005852,41385.25,2025-05-23,2025-07-07,2025-07-16,Paid,0,5,2,11,0,6,86,1,1,SMB,1016649
CUST1690,INV005853,15207.93,2026-05-24,2026-07-23,2026-07-31,Paid,0,2,0,6,0,7,75,0,1,Mid-Market,2671158
CUST1572,INV005854,9491.16,2026-05-01,2026-05-16,,Overdue,110,14,2,11,0,5,36,0,0,SMB,2112362
CUST1584,INV005855,15496.86,2026-03-13,2026-04-12,,Overdue,144,27,5,29,0,0,19,0,0,SMB,1003122
CUST1621,INV005856,28064.43,2026-06-27,2026-07-27,,Overdue,38,16,4,33,2,5,16,0,1,SMB,1000922
CUST1052,INV005857,23933.59,2025-10-20,2025-12-19,2025-12-28,Paid,0,2,1,11,0,4,74,1,1,Mid-Market,3394250
CUST1732,INV005858,33594.52,2025-10-11,2025-11-25,,Overdue,282,17,5,17,0,1,81,0,0,Mid-Market,328495
CUST0446,INV005859,54086.84,2025-01-14,2025-02-13,,Overdue,567,26,4,23,0,4,43,0,0,Enterprise,2230707
CUST1232,INV005860,81221.9,2025-09-29,2025-10-29,2025-11-11,Paid,0,16,4,16,0,6,6,1,1,SMB,2564719
CUST1494,INV005861,29304.2,2025-01-25,2025-02-24,2025-02-24,Paid,0,9,4,0,2,5,84,0,1,SMB,1532795
CUST0716,INV005862,7559.78,2025-11-18,2025-12-18,2025-12-31,Paid,0,20,5,12,1,2,14,1,1,Enterprise,1956862
CUST0976,INV005863,16829.51,2025-04-13,2025-05-28,,Overdue,463,20,2,6,0,5,28,1,0,SMB,3369151
CUST0819,INV005864,8068.17,2025-02-09,2025-02-24,2025-03-14,Paid,0,9,3,20,0,0,6,0,1,SMB,323452
CUST0104,INV005865,120193.0,2025-08-23,2025-10-22,,Overdue,316,5,3,6,1,5,19,0,0,Mid-Market,71253
CUST0742,INV005866,160717.09,2025-03-30,2025-05-29,,Overdue,462,4,1,13,1,1,6,0,0,SMB,341464
CUST0426,INV005867,42205.73,2025-04-10,2025-06-09,2025-06-17,Paid,0,7,1,15,1,3,5,1,1,Mid-Market,2944100
CUST1125,INV005868,51971.92,2025-05-24,2025-07-23,,Overdue,407,29,7,3,0,7,66,0,0,Mid-Market,295300
CUST1565,INV005869,28309.23,2025-03-23,2025-04-07,,Overdue,514,29,12,1,3,5,48,0,0,Mid-Market,2530017
CUST0639,INV005870,31762.95,2026-08-12,2026-10-11,,Overdue,0,5,2,0,0,5,70,0,1,SMB,801518
CUST0850,INV005871,5000.0,2026-07-25,2026-08-24,,Overdue,10,24,8,29,0,1,14,0,1,Mid-Market,606718
CUST1546,INV005872,20456.74,2025-08-17,2025-10-16,2025-11-04,Paid,0,3,0,18,0,4,78,0,1,SMB,3080555
CUST1130,INV005873,9125.67,2026-01-30,2026-03-01,,Overdue,186,8,4,12,1,7,45,0,0,SMB,3712340
CUST1703,INV005874,29183.44,2026-05-28,2026-06-27,,Overdue,68,16,4,21,1,6,40,0,1,SMB,1517130
CUST0769,INV005875,20751.84,2025-07-16,2025-07-31,,Overdue,399,27,10,24,3,5,88,0,0,SMB,1067481
CUST1831,INV005876,154325.91,2025-10-01,2025-10-16,2025-11-06,Paid,0,6,2,12,2,3,30,0,1,Enterprise,2381348
CUST0277,INV005877,55084.72,2026-08-13,2026-10-12,,Overdue,0,29,10,16,1,4,75,0,0,Mid-Market,1279787
CUST1089,INV005878,29275.67,2026-08-06,2026-09-20,,Overdue,0,9,1,5,1,7,78,0,1,Enterprise,1711655
CUST1807,INV005879,16866.09,2026-07-16,2026-08-15,,Overdue,19,22,7,29,0,5,22,0,0,Mid-Market,2476277
CUST0900,INV005880,117714.97,2026-01-07,2026-02-06,,Overdue,209,20,4,12,5,2,3,0,0,SMB,1519793
CUST0188,INV005881,21376.45,2025-03-21,2025-05-05,,Overdue,486,18,3,24,1,7,29,0,0,Mid-Market,3539429
CUST1341,INV005882,30689.44,2025-08-23,2025-09-22,,Overdue,346,11,3,24,0,3,48,0,0,SMB,1757542
CUST1940,INV005883,22977.01,2025-10-14,2025-11-28,,Overdue,279,19,5,14,1,7,8,0,0,SMB,600242
CUST1162,INV005884,14703.58,2026-07-26,2026-08-25,,Overdue,9,7,2,23,1,0,49,0,1,SMB,145556
CUST1367,INV005885,22845.43,2026-06-29,2026-07-29,2026-07-29,Paid,0,10,1,0,1,3,7,0,1,Mid-Market,929854
CUST0105,INV005886,5000.0,2026-03-13,2026-05-12,2026-05-21,Paid,0,5,1,8,0,1,24,0,1,Enterprise,3653110
CUST0546,INV005887,5000.0,2025-05-07,2025-06-06,,Overdue,454,7,1,21,4,1,5,0,0,SMB,1589600
CUST0380,INV005888,31245.5,2026-02-21,2026-03-23,,Overdue,164,23,5,8,1,6,84,0,0,SMB,697341
CUST0110,INV005889,105683.04,2025-02-10,2025-04-11,2025-05-04,Paid,0,6,2,24,0,7,64,0,1,SMB,1324634
CUST1968,INV005890,31201.49,2026-04-14,2026-06-13,2026-06-29,Paid,0,18,4,16,0,7,5,0,1,SMB,2900774
CUST0545,INV005891,10717.48,2025-10-24,2025-12-23,2026-02-03,Paid,0,21,9,34,1,3,49,0,1,Mid-Market,3733909
CUST0354,INV005892,5203.81,2026-08-20,2026-09-19,,Overdue,0,15,1,11,1,7,70,1,1,SMB,1392057
CUST0743,INV005893,48268.15,2025-02-11,2025-03-13,2025-03-18,Paid,0,27,5,12,1,1,15,0,1,Mid-Market,4789400
CUST0317,INV005894,12491.51,2025-10-06,2025-11-05,,Overdue,302,10,3,15,0,4,59,0,0,SMB,2820742
CUST1290,INV005895,41908.14,2026-04-04,2026-04-19,,Overdue,137,6,3,20,0,0,21,1,1,SMB,476674
CUST1718,INV005896,32528.28,2025-02-02,2025-03-19,2025-03-20,Paid,0,24,2,0,0,2,85,0,1,Mid-Market,3888187
CUST1876,INV005897,35535.96,2025-10-03,2025-11-02,2025-11-14,Paid,0,1,1,12,1,7,9,0,1,Mid-Market,544955
CUST1089,INV005898,22779.17,2025-03-31,2025-04-30,,Overdue,491,28,7,14,0,4,47,1,0,Enterprise,1711655
CUST0333,INV005899,32326.56,2026-06-08,2026-08-07,,Overdue,27,28,9,9,1,2,41,1,1,SMB,3071372
CUST1537,INV005900,19546.38,2025-06-09,2025-08-08,,Overdue,391,28,11,14,2,0,56,1,0,SMB,2139934
CUST1157,INV005901,11669.03,2026-04-03,2026-04-18,2026-04-18,Paid,0,10,1,5,0,7,74,0,1,SMB,4758569
CUST0592,INV005902,8404.32,2026-02-03,2026-03-05,2026-03-07,Paid,0,23,6,0,1,7,48,0,1,Mid-Market,1876525
CUST0783,INV005903,5000.0,2025-04-01,2025-05-16,,Overdue,475,15,6,9,1,3,62,0,1,SMB,729447
CUST1777,INV005904,18377.65,2026-08-04,2026-09-03,,Overdue,0,14,5,0,1,1,89,0,0,Mid-Market,901161
CUST0540,INV005905,100647.36,2026-04-11,2026-05-26,,Overdue,100,16,4,12,1,3,85,1,0,SMB,4776276
CUST0735,INV005906,45710.35,2025-08-08,2025-10-07,2025-10-07,Paid,0,5,3,0,1,3,31,1,1,SMB,2938939
CUST1559,INV005907,27659.07,2026-02-23,2026-03-25,,Overdue,162,14,4,21,1,5,66,1,0,Mid-Market,2322759
CUST1520,INV005908,10572.32,2026-01-14,2026-02-13,2026-02-22,Paid,0,16,4,6,1,7,16,0,1,Enterprise,3673425
CUST0621,INV005909,59715.04,2026-03-23,2026-04-22,2026-05-15,Paid,0,14,1,25,0,5,35,0,1,SMB,2157359
CUST0619,INV005910,19549.22,2025-05-26,2025-07-10,,Overdue,420,7,2,7,1,0,49,0,0,Mid-Market,3781404
CUST1681,INV005911,106397.18,2025-08-21,2025-09-20,2025-10-09,Paid,0,19,4,19,1,4,31,1,1,SMB,4765700
CUST1393,INV005912,8257.79,2026-01-06,2026-02-20,2026-03-07,Paid,0,4,0,14,2,0,76,0,1,SMB,3822827
CUST1890,INV005913,10404.88,2025-08-22,2025-10-21,2025-11-02,Paid,0,18,7,21,0,6,54,0,1,Enterprise,1187613
CUST0909,INV005914,9440.18,2026-01-02,2026-02-01,,Overdue,214,28,10,13,0,5,23,1,0,SMB,2561910
CUST1934,INV005915,5003.44,2026-04-26,2026-06-25,2026-07-22,Paid,0,22,5,25,2,6,17,0,1,Mid-Market,2373724
CUST1675,INV005916,8629.62,2026-07-27,2026-08-26,,Overdue,8,21,5,13,0,3,14,0,0,Mid-Market,875782
CUST1820,INV005917,24421.43,2025-12-29,2026-02-27,,Overdue,188,15,5,18,0,2,48,1,0,SMB,3680623
CUST1834,INV005918,10805.38,2026-08-13,2026-09-12,2026-09-17,Paid,0,17,6,3,0,0,48,0,1,Mid-Market,4527310
CUST0992,INV005919,5000.0,2026-05-26,2026-06-25,2026-07-13,Paid,0,1,0,20,0,4,6,0,1,Mid-Market,2063148
CUST0099,INV005920,64490.51,2025-04-05,2025-05-05,2025-06-07,Paid,0,24,6,30,0,0,23,1,1,SMB,3277544
CUST0317,INV005921,5000.0,2025-08-04,2025-09-03,,Overdue,365,15,6,13,1,1,48,1,0,SMB,2820742
CUST0123,INV005922,39704.84,2026-06-27,2026-07-27,,Overdue,38,16,5,4,1,6,49,0,1,SMB,1306715
CUST1344,INV005923,22724.86,2025-05-15,2025-07-14,2025-07-23,Paid,0,24,6,1,0,4,61,0,1,Mid-Market,1224846
CUST0799,INV005924,183024.04,2025-03-24,2025-04-23,2025-05-01,Paid,0,22,7,0,1,1,31,1,1,Mid-Market,473332
CUST1617,INV005925,59692.25,2026-01-26,2026-03-27,2026-04-05,Paid,0,11,3,0,0,2,5,1,1,Enterprise,1595491
CUST1519,INV005926,13298.35,2025-02-16,2025-03-18,2025-03-18,Paid,0,9,4,5,0,3,67,1,1,SMB,2986537
CUST0457,INV005927,10915.47,2026-01-27,2026-02-26,,Overdue,189,17,7,0,3,1,38,0,0,SMB,67297
CUST0522,INV005928,98985.4,2026-01-20,2026-02-19,,Overdue,196,26,6,15,0,1,28,0,0,SMB,4939084
CUST0520,INV005929,5034.8,2026-01-16,2026-03-17,2026-03-19,Paid,0,15,1,4,0,5,31,1,1,SMB,2698202
CUST0917,INV005930,26658.94,2025-03-18,2025-04-17,,Overdue,504,8,1,19,0,3,58,0,0,SMB,1823055
CUST0717,INV005931,19319.68,2025-09-16,2025-10-01,2025-10-24,Paid,0,18,3,23,1,7,54,0,1,Mid-Market,4076390
CUST0315,INV005932,15627.29,2026-02-03,2026-04-04,2026-04-19,Paid,0,8,1,16,1,2,17,0,1,Mid-Market,4060162
CUST1970,INV005933,31367.07,2025-04-10,2025-05-10,,Overdue,481,3,2,20,0,5,22,0,0,SMB,4225318
CUST0709,INV005934,26623.77,2026-05-16,2026-06-30,,Overdue,65,22,7,6,0,6,64,1,1,SMB,805612
CUST0710,INV005935,34800.98,2026-01-18,2026-02-17,2026-02-21,Paid,0,23,2,0,1,3,13,0,1,Mid-Market,4044528
CUST1566,INV005936,25310.53,2025-07-11,2025-08-10,,Overdue,389,19,7,0,1,1,44,1,0,SMB,4866129
CUST1503,INV005937,33445.8,2026-08-03,2026-09-02,,Overdue,1,14,6,8,2,0,85,0,1,SMB,2008691
CUST1937,INV005938,24182.03,2025-12-11,2026-02-09,2026-02-14,Paid,0,2,2,12,0,1,47,0,1,SMB,276256
CUST1995,INV005939,11390.93,2025-01-10,2025-03-11,,Overdue,541,1,1,11,0,3,85,0,0,Mid-Market,1455802
CUST1044,INV005940,22114.78,2025-09-21,2025-10-21,2025-10-30,Paid,0,5,0,14,0,7,6,0,1,Mid-Market,4145077
CUST0560,INV005941,10781.79,2025-09-25,2025-10-25,,Overdue,313,17,5,21,0,4,10,0,0,Mid-Market,642632
CUST0969,INV005942,10093.26,2026-07-25,2026-08-24,,Overdue,10,1,0,28,1,7,58,0,1,Mid-Market,4963478
CUST1154,INV005943,15738.26,2025-07-14,2025-08-13,,Overdue,386,21,6,18,1,4,40,1,0,Mid-Market,4037793
CUST1317,INV005944,19546.99,2026-07-16,2026-08-15,,Overdue,19,16,2,15,3,3,14,1,1,Mid-Market,4205479
CUST1921,INV005945,22816.18,2026-02-11,2026-03-13,2026-03-19,Paid,0,3,2,8,0,4,23,0,1,Mid-Market,4961077
CUST1156,INV005946,55071.02,2025-10-23,2025-11-07,2025-11-07,Paid,0,10,5,0,1,3,71,0,1,Mid-Market,2921656
CUST0356,INV005947,13380.26,2025-04-07,2025-05-07,,Overdue,484,19,5,6,0,0,88,0,0,Mid-Market,535757
CUST1078,INV005948,26818.63,2026-04-07,2026-05-22,2026-06-01,Paid,0,11,4,10,1,3,15,0,1,Mid-Market,2277039
CUST0890,INV005949,24785.84,2025-03-28,2025-05-27,,Overdue,464,23,8,0,1,6,87,0,0,SMB,3422863
CUST0793,INV005950,11984.53,2025-03-18,2025-04-17,2025-04-24,Paid,0,3,0,6,2,0,5,0,1,Mid-Market,4931909
CUST1411,INV005951,23712.1,2026-04-28,2026-06-12,2026-07-08,Paid,0,2,1,24,1,7,41,0,1,SMB,4899433
CUST0265,INV005952,60037.31,2025-05-26,2025-06-25,2025-07-10,Paid,0,3,0,11,1,7,20,0,1,Enterprise,127175
CUST0982,INV005953,26542.6,2025-04-21,2025-05-21,,Overdue,470,15,8,16,3,4,52,1,0,Mid-Market,1424073
CUST1239,INV005954,27627.97,2025-10-24,2025-12-08,,Overdue,269,27,10,25,1,2,10,0,0,Enterprise,3608818
CUST1484,INV005955,10879.89,2026-03-02,2026-04-16,,Overdue,140,20,5,13,0,4,87,0,0,SMB,4074227
CUST1482,INV005956,157764.52,2025-11-30,2025-12-30,,Overdue,247,9,2,13,1,3,27,0,0,SMB,749895
CUST0802,INV005957,11517.74,2026-06-07,2026-07-07,,Overdue,58,15,3,17,1,4,51,0,0,SMB,79336
CUST0043,INV005958,5000.0,2026-08-06,2026-10-05,,Overdue,0,28,1,40,0,2,60,1,0,SMB,1649792
CUST1610,INV005959,52061.66,2026-06-22,2026-07-22,2026-08-06,Paid,0,2,0,12,0,7,6,0,1,Mid-Market,3790030
CUST0862,INV005960,19637.24,2025-06-11,2025-07-11,2025-07-20,Paid,0,6,0,11,0,4,77,1,1,SMB,4926709
CUST1302,INV005961,16268.05,2026-03-06,2026-04-20,2026-05-06,Paid,0,5,1,18,1,2,28,0,1,Enterprise,1496250
CUST1862,INV005962,12764.79,2025-03-10,2025-04-09,,Overdue,512,6,1,19,1,6,16,0,0,Mid-Market,4165741
CUST1778,INV005963,143159.49,2025-05-13,2025-06-12,2025-06-20,Paid,0,5,2,11,2,7,17,0,1,SMB,4822945
CUST1154,INV005964,31400.85,2025-07-08,2025-09-06,2025-09-25,Paid,0,22,5,12,0,1,46,0,1,Mid-Market,4037793
CUST0350,INV005965,38167.94,2026-07-27,2026-08-26,2026-08-30,Paid,0,12,4,11,1,6,10,1,1,Mid-Market,2643659
CUST1730,INV005966,25915.99,2025-10-06,2025-11-05,,Overdue,302,4,1,20,0,3,31,1,0,Mid-Market,827635
CUST1568,INV005967,28855.32,2026-03-06,2026-04-05,,Overdue,151,24,7,0,0,3,59,0,0,SMB,967472
CUST1130,INV005968,89198.96,2026-06-26,2026-07-26,,Overdue,39,28,10,26,2,2,39,0,1,SMB,3712340
CUST0912,INV005969,17139.57,2025-06-10,2025-07-10,2025-07-26,Paid,0,25,8,14,1,0,6,1,1,SMB,2765223
CUST1740,INV005970,5131.03,2026-03-29,2026-04-28,2026-04-28,Paid,0,26,3,0,1,2,84,1,1,SMB,2749134
CUST0001,INV005971,52473.03,2025-06-19,2025-07-19,,Overdue,411,23,6,0,4,7,49,0,0,SMB,1464022
CUST1781,INV005972,36195.92,2025-02-26,2025-03-28,2025-04-21,Paid,0,14,3,11,0,1,21,0,1,SMB,4280987
CUST0584,INV005973,24538.04,2025-08-28,2025-09-27,,Overdue,341,14,4,0,0,3,16,0,0,SMB,1256751
CUST0432,INV005974,35268.77,2025-12-24,2026-01-23,,Overdue,223,11,4,27,1,3,25,0,0,Mid-Market,1947501
CUST1330,INV005975,15203.12,2025-07-20,2025-08-19,2025-09-16,Paid,0,28,2,34,1,4,39,1,1,SMB,4882091
CUST1933,INV005976,22487.0,2026-03-20,2026-04-19,,Overdue,137,1,0,0,0,7,36,0,0,Mid-Market,2067337
CUST1551,INV005977,19308.48,2025-10-29,2025-11-28,,Overdue,279,21,2,2,0,6,34,0,0,Enterprise,1250532
CUST0053,INV005978,12191.71,2025-04-16,2025-05-16,,Overdue,475,23,8,6,0,6,72,1,0,Enterprise,4201785
CUST0940,INV005979,72342.91,2025-04-11,2025-05-26,,Overdue,465,5,1,12,0,2,14,1,0,Mid-Market,2015730
CUST0520,INV005980,5365.48,2025-04-07,2025-05-22,,Overdue,469,5,1,14,1,1,57,0,0,SMB,2698202
CUST1354,INV005981,233487.11,2025-01-29,2025-02-28,,Overdue,552,12,2,2,1,4,49,0,0,Mid-Market,4368420
CUST1582,INV005982,52963.71,2026-05-21,2026-06-05,,Overdue,90,5,0,25,0,0,87,1,1,SMB,3699886
CUST1349,INV005983,5000.0,2026-03-14,2026-03-29,2026-04-11,Paid,0,21,2,19,0,4,76,1,1,Enterprise,2500979
CUST1138,INV005984,17603.16,2026-01-14,2026-02-13,,Overdue,202,13,5,24,0,6,84,0,0,SMB,2635917
CUST0147,INV005985,18610.0,2025-03-14,2025-04-13,,Overdue,508,11,2,12,2,1,60,0,0,Mid-Market,2524653
CUST1190,INV005986,32594.1,2025-09-11,2025-09-26,,Overdue,342,21,8,26,2,6,88,0,0,Mid-Market,1331506
CUST1403,INV005987,8189.61,2026-05-31,2026-06-30,,Overdue,65,1,1,11,2,2,77,0,1,SMB,2872236
CUST1163,INV005988,22743.29,2026-07-04,2026-09-02,2026-09-11,Paid,0,12,3,0,2,0,33,0,1,SMB,1947883
CUST0629,INV005989,19513.87,2025-01-20,2025-03-06,,Overdue,546,6,1,23,0,5,34,1,0,SMB,2731206
CUST0299,INV005990,10534.19,2026-06-19,2026-08-18,2026-08-18,Paid,0,27,8,1,1,3,32,0,1,Mid-Market,3255599
CUST1300,INV005991,9165.92,2026-02-25,2026-03-27,2026-04-05,Paid,0,11,0,8,1,4,55,0,1,Mid-Market,1183754
CUST1940,INV005992,55204.77,2026-03-22,2026-04-06,,Overdue,150,12,5,3,2,1,29,0,0,SMB,600242
CUST0789,INV005993,5000.0,2025-05-16,2025-05-31,,Overdue,460,29,7,26,1,7,27,0,0,SMB,2428907
CUST0850,INV005994,35520.99,2026-05-20,2026-07-19,,Overdue,46,6,1,7,1,6,77,1,1,Mid-Market,606718
CUST1849,INV005995,48898.91,2025-10-28,2025-11-27,,Overdue,280,24,4,15,0,2,86,0,0,Enterprise,2239063
CUST0178,INV005996,17702.15,2025-02-02,2025-03-04,,Overdue,548,5,3,23,1,4,71,0,0,SMB,4465677
CUST0842,INV005997,23210.8,2025-10-05,2025-11-04,2025-11-04,Paid,0,18,6,5,0,5,71,0,1,Mid-Market,794748
CUST1378,INV005998,70508.95,2025-05-13,2025-06-27,2025-07-13,Paid,0,16,5,16,1,1,14,1,1,Mid-Market,1570373
CUST1178,INV005999,10885.08,2026-06-11,2026-07-11,,Overdue,54,13,6,9,0,5,2,1,1,SMB,2223513
CUST1950,INV006000,12068.42,2025-05-06,2025-06-05,,Overdue,455,7,4,14,0,6,7,0,0,SMB,2977503
CUST1225,INV006001,13420.2,2025-12-11,2026-02-09,,Overdue,206,14,2,12,1,7,81,0,0,SMB,902050
CUST0878,INV006002,70638.15,2025-01-17,2025-02-16,2025-03-08,Paid,0,1,1,22,1,0,33,1,1,Mid-Market,4993082
CUST1139,INV006003,80201.2,2026-07-16,2026-08-15,2026-08-27,Paid,0,21,7,11,2,4,22,0,1,SMB,4887231
CUST1695,INV006004,5454.03,2026-01-13,2026-02-12,,Overdue,203,28,7,12,1,6,14,0,0,SMB,4856546
CUST1578,INV006005,60248.97,2025-03-01,2025-04-15,,Overdue,506,21,3,30,1,4,54,0,0,Mid-Market,154927
CUST0759,INV006006,49956.52,2026-04-12,2026-05-12,2026-05-12,Paid,0,12,5,0,2,7,1,1,1,Enterprise,2426219
CUST1092,INV006007,104150.77,2026-01-26,2026-02-25,,Overdue,190,3,0,19,0,2,72,0,0,Mid-Market,4839125
CUST1469,INV006008,32373.91,2025-07-06,2025-08-20,,Overdue,379,18,5,31,0,1,41,0,0,Enterprise,1571722
CUST0445,INV006009,21072.83,2026-05-13,2026-06-12,2026-06-21,Paid,0,11,0,11,0,1,8,0,1,Mid-Market,378821
CUST1350,INV006010,69231.88,2026-08-23,2026-10-22,2026-10-29,Paid,0,20,5,0,2,3,29,1,1,SMB,3955513
CUST1870,INV006011,44307.26,2025-12-27,2026-01-26,2026-02-06,Paid,0,7,2,6,1,6,81,1,1,Mid-Market,548512
CUST0708,INV006012,207917.87,2026-03-25,2026-04-24,,Overdue,132,10,2,9,0,3,45,1,0,Mid-Market,3435744
CUST0602,INV006013,57452.16,2025-06-30,2025-07-15,2025-08-11,Paid,0,19,5,27,1,1,8,1,1,SMB,1088336
CUST1647,INV006014,25682.06,2025-05-10,2025-06-24,2025-06-30,Paid,0,13,2,0,2,6,6,1,1,SMB,4523447
CUST1904,INV006015,6808.29,2025-05-29,2025-07-13,,Overdue,417,14,3,16,2,5,51,0,0,SMB,4450852
CUST1383,INV006016,12321.28,2026-04-17,2026-05-17,,Overdue,109,15,5,0,0,4,23,0,0,Enterprise,3295705
CUST0145,INV006017,5239.83,2026-05-15,2026-06-14,,Overdue,81,6,4,7,2,6,79,0,1,SMB,628688
CUST0275,INV006018,17764.16,2025-12-21,2026-02-19,,Overdue,196,7,2,24,0,0,60,0,1,Mid-Market,213834
CUST0509,INV006019,55607.18,2025-07-30,2025-08-29,2025-09-21,Paid,0,13,4,18,0,3,41,0,1,Enterprise,2846461
CUST1203,INV006020,21945.75,2026-08-19,2026-09-18,,Overdue,0,16,8,16,1,3,14,1,1,SMB,101707
CUST0753,INV006021,61189.16,2025-01-30,2025-03-31,2025-04-27,Paid,0,15,5,22,1,6,27,0,1,Mid-Market,4859479
CUST1862,INV006022,30871.04,2026-07-31,2026-09-14,2026-10-04,Paid,0,18,1,12,0,0,67,1,1,Mid-Market,4165741
CUST1855,INV006023,14719.2,2025-01-24,2025-02-23,,Overdue,557,3,2,14,0,7,12,0,0,Enterprise,4482027
CUST0477,INV006024,24043.62,2025-08-10,2025-10-09,2025-10-20,Paid,0,16,6,11,0,2,67,0,1,SMB,3928450
CUST1867,INV006025,35316.19,2026-08-12,2026-08-27,,Overdue,7,25,5,16,1,4,40,0,0,SMB,2504698
CUST2000,INV006026,25316.8,2026-08-03,2026-08-18,2026-09-06,Paid,0,1,0,16,1,7,65,0,1,SMB,1701348
CUST1438,INV006027,25608.62,2026-02-05,2026-03-22,,Overdue,165,24,9,28,1,6,17,0,1,Mid-Market,575005
CUST1177,INV006028,10208.23,2026-05-27,2026-06-26,2026-06-29,Paid,0,1,0,0,1,5,18,0,1,Mid-Market,3392103
CUST1128,INV006029,14285.83,2025-03-29,2025-05-28,,Overdue,463,19,3,11,0,3,10,0,0,SMB,903392
CUST1099,INV006030,210756.94,2026-04-10,2026-05-25,2026-05-31,Paid,0,6,2,10,0,6,59,0,1,Mid-Market,347675
CUST1152,INV006031,75242.12,2025-02-19,2025-03-21,,Overdue,531,11,3,25,0,2,12,1,0,Mid-Market,2236268
CUST1735,INV006032,5045.03,2025-04-13,2025-06-12,2025-06-16,Paid,0,24,5,3,0,6,17,0,1,SMB,1896357
CUST0666,INV006033,5000.0,2026-01-03,2026-01-18,2026-01-29,Paid,0,7,2,9,0,1,22,1,1,SMB,2024324
CUST0568,INV006034,23770.31,2026-05-07,2026-06-06,,Overdue,89,3,1,12,1,3,14,0,0,SMB,2431486
CUST1814,INV006035,53823.9,2026-07-12,2026-09-10,,Overdue,0,28,7,17,0,7,41,0,1,SMB,1948917
CUST1369,INV006036,13095.95,2025-09-25,2025-11-24,2025-12-07,Paid,0,6,1,10,0,7,8,1,1,SMB,2584957
CUST0531,INV006037,61185.08,2026-02-01,2026-03-03,2026-03-03,Paid,0,1,0,6,1,0,17,0,1,Mid-Market,4324692
CUST0159,INV006038,23380.43,2025-11-16,2025-12-16,,Overdue,261,8,1,5,1,1,79,0,0,SMB,569165
CUST1562,INV006039,18712.34,2026-06-04,2026-07-04,2026-07-04,Paid,0,25,6,1,0,1,6,0,1,SMB,3798294
CUST1450,INV006040,46916.05,2026-03-25,2026-04-24,2026-04-27,Paid,0,25,4,3,0,4,71,0,1,Mid-Market,3198491
CUST0681,INV006041,12940.59,2026-04-21,2026-05-21,,Overdue,105,14,5,8,0,6,50,0,0,Mid-Market,319160
CUST0023,INV006042,16535.98,2026-08-13,2026-08-28,2026-09-02,Paid,0,4,2,5,0,2,43,0,1,SMB,1653546
CUST1071,INV006043,43052.14,2025-08-28,2025-09-27,,Overdue,341,4,2,32,0,4,9,0,0,SMB,4917951
CUST0525,INV006044,21345.67,2025-09-15,2025-10-30,,Overdue,308,23,5,16,1,1,84,0,0,Mid-Market,4422216
CUST0729,INV006045,148564.77,2026-01-25,2026-02-24,2026-03-01,Paid,0,23,7,2,1,4,42,0,1,SMB,2300229
CUST1858,INV006046,44082.82,2025-12-09,2026-01-08,,Overdue,238,16,2,16,0,6,45,0,0,SMB,132806
CUST1730,INV006047,41308.1,2026-01-22,2026-03-23,,Overdue,164,11,2,0,2,0,39,0,1,Mid-Market,827635
CUST0144,INV006048,20962.6,2026-01-29,2026-02-28,2026-03-27,Paid,0,22,2,25,0,3,66,0,1,SMB,1466207
CUST1609,INV006049,52825.78,2025-09-27,2025-11-11,2025-11-18,Paid,0,7,4,7,0,0,64,0,1,SMB,1960332
CUST0668,INV006050,15952.84,2025-05-29,2025-06-28,2025-07-13,Paid,0,1,0,23,0,6,82,1,1,SMB,3438445
CUST1613,INV006051,29213.25,2026-01-15,2026-02-14,,Overdue,201,9,1,13,0,1,61,0,0,Mid-Market,1528081
CUST1443,INV006052,8810.57,2025-01-28,2025-02-27,2025-03-11,Paid,0,29,8,15,0,7,38,0,1,Mid-Market,3500087
CUST0681,INV006053,62282.85,2025-05-29,2025-06-28,,Overdue,432,6,1,13,1,4,66,1,0,Mid-Market,319160
CUST0973,INV006054,29454.58,2026-02-24,2026-03-26,2026-03-26,Paid,0,24,6,0,1,7,79,0,1,Mid-Market,3894886
CUST0799,INV006055,159933.45,2025-10-07,2025-11-06,,Overdue,301,13,5,17,3,2,11,0,0,Mid-Market,473332
CUST0085,INV006056,240938.84,2025-07-01,2025-07-31,,Overdue,399,21,6,2,0,2,3,0,0,SMB,4525156
CUST0416,INV006057,47255.27,2025-06-15,2025-07-15,2025-07-25,Paid,0,12,4,12,1,1,9,0,1,SMB,734029
CUST0694,INV006058,23586.39,2025-01-17,2025-02-16,2025-03-04,Paid,0,23,3,18,1,6,43,0,1,SMB,1466842
CUST0482,INV006059,8552.13,2025-05-30,2025-07-29,,Overdue,401,19,2,26,0,5,87,0,0,Mid-Market,4952825
CUST0456,INV006060,54434.3,2025-12-05,2026-02-03,,Overdue,212,26,7,23,0,3,63,0,0,SMB,295404
CUST0827,INV006061,27181.3,2025-02-14,2025-04-15,2025-04-17,Paid,0,17,2,1,0,6,10,0,1,SMB,3307945
CUST0297,INV006062,37723.36,2026-05-17,2026-07-01,,Overdue,64,23,5,0,1,4,88,0,1,Mid-Market,1054001
CUST1136,INV006063,124217.26,2025-07-08,2025-08-07,2025-08-21,Paid,0,21,6,13,0,0,32,0,1,SMB,2441098
CUST1986,INV006064,9658.34,2025-03-02,2025-04-01,,Overdue,520,1,0,18,0,0,68,0,0,SMB,2251340
CUST1254,INV006065,8740.27,2025-10-21,2025-12-05,2025-12-31,Paid,0,9,1,19,1,2,7,1,1,SMB,54138
CUST1120,INV006066,17388.67,2025-02-02,2025-02-17,,Overdue,563,25,8,21,0,0,45,0,0,SMB,3080855
CUST0950,INV006067,50071.19,2025-10-26,2025-11-25,,Overdue,282,22,8,7,1,3,46,0,0,Mid-Market,756673
CUST0680,INV006068,38363.71,2026-02-19,2026-03-21,2026-04-02,Paid,0,27,5,13,0,1,60,0,1,Enterprise,4424142
CUST0378,INV006069,8993.99,2026-07-03,2026-08-02,2026-08-06,Paid,0,25,9,0,0,4,29,0,1,SMB,3854409
CUST1180,INV006070,46936.59,2026-03-07,2026-04-06,,Overdue,150,23,7,25,1,0,64,0,0,Mid-Market,572154
CUST0421,INV006071,6626.2,2026-05-10,2026-07-09,,Overdue,56,8,2,24,1,6,73,1,1,Mid-Market,3358505
CUST0105,INV006072,9530.56,2025-04-10,2025-05-25,,Overdue,466,27,7,11,0,1,46,0,0,Enterprise,3653110
CUST1729,INV006073,19624.67,2025-01-23,2025-02-22,2025-02-27,Paid,0,2,1,5,2,5,2,0,1,Mid-Market,1601899
CUST0330,INV006074,12664.64,2026-02-24,2026-03-26,2026-03-26,Paid,0,18,5,1,1,7,3,0,1,SMB,2134504
CUST0439,INV006075,53629.76,2026-02-28,2026-03-30,,Overdue,157,4,2,14,0,4,84,0,0,Mid-Market,2229431
CUST1156,INV006076,29330.36,2026-05-02,2026-06-01,2026-06-01,Paid,0,1,0,1,0,7,42,0,1,Mid-Market,2921656
CUST1891,INV006077,128741.42,2025-03-30,2025-05-29,,Overdue,462,24,6,19,1,1,68,0,0,SMB,3929928
CUST0382,INV006078,17202.58,2025-07-28,2025-08-27,2025-09-08,Paid,0,21,2,13,1,0,62,0,1,Mid-Market,3379693
CUST0138,INV006079,19492.75,2025-09-28,2025-11-12,2025-11-17,Paid,0,12,2,9,0,1,30,0,1,Mid-Market,2893236
CUST0943,INV006080,73893.68,2026-02-10,2026-03-12,,Overdue,175,16,6,20,1,7,31,1,0,Mid-Market,4133290
CUST0843,INV006081,20112.15,2025-10-05,2025-11-04,,Overdue,303,23,3,0,0,3,41,0,0,SMB,3686562
CUST0270,INV006082,98125.76,2025-07-25,2025-09-08,,Overdue,360,28,10,16,0,2,22,0,0,SMB,145028
CUST1574,INV006083,37828.88,2026-08-13,2026-09-27,,Overdue,0,18,5,12,1,7,73,0,1,Enterprise,3271131
CUST0396,INV006084,5000.0,2025-11-24,2026-01-08,,Overdue,238,5,3,10,1,4,9,0,0,Enterprise,3351106
CUST1581,INV006085,71508.42,2025-12-02,2026-01-31,,Overdue,215,16,6,19,3,4,31,0,0,SMB,4267690
CUST0913,INV006086,54870.26,2026-08-15,2026-09-29,,Overdue,0,9,4,25,0,3,16,0,0,Mid-Market,662181
CUST0464,INV006087,57029.99,2025-02-07,2025-03-24,2025-04-06,Paid,0,9,2,14,1,1,35,0,1,Mid-Market,2930304
CUST1699,INV006088,5000.0,2025-08-16,2025-09-30,2025-10-21,Paid,0,2,1,17,0,4,22,0,1,Enterprise,3152641
CUST0450,INV006089,11350.42,2026-04-28,2026-05-28,,Overdue,98,14,3,8,1,2,52,0,0,SMB,3677447
CUST1355,INV006090,12225.7,2025-05-14,2025-06-13,2025-06-15,Paid,0,11,1,5,0,0,59,1,1,SMB,705496
CUST1277,INV006091,9498.4,2026-01-25,2026-02-24,,Overdue,191,2,1,15,2,6,13,0,0,SMB,1419391
CUST1705,INV006092,125733.84,2026-03-01,2026-03-31,,Overdue,156,16,5,9,1,4,51,1,0,SMB,2347905
CUST1987,INV006093,21768.78,2026-08-10,2026-09-24,2026-09-25,Paid,0,21,3,8,1,3,39,0,1,Mid-Market,2764766
CUST1309,INV006094,21235.7,2026-05-25,2026-06-09,,Overdue,86,19,6,27,0,7,59,0,1,SMB,394126
CUST1298,INV006095,38254.19,2026-08-18,2026-09-17,,Overdue,0,13,1,25,2,5,39,0,1,SMB,1971672
CUST0020,INV006096,38921.48,2026-03-03,2026-05-02,,Overdue,124,17,4,0,1,3,71,0,0,SMB,983396
CUST0239,INV006097,5000.0,2026-04-19,2026-05-04,,Overdue,122,27,7,22,1,2,89,0,0,Mid-Market,2942371
CUST1294,INV006098,11540.78,2026-07-22,2026-08-21,,Overdue,13,29,3,19,1,3,48,0,1,Mid-Market,2045141
CUST0418,INV006099,5362.64,2025-12-27,2026-01-26,,Overdue,220,1,0,14,0,1,65,1,0,SMB,1802374
CUST1969,INV006100,32869.69,2025-07-30,2025-09-13,2025-10-08,Paid,0,21,5,23,0,4,50,0,1,SMB,4480675
CUST1334,INV006101,16499.87,2025-06-28,2025-07-28,,Overdue,402,19,4,28,0,4,46,0,0,Enterprise,1408126
CUST1055,INV006102,22368.02,2025-02-27,2025-04-28,,Overdue,493,16,6,20,1,4,35,0,0,Enterprise,4073278
CUST1850,INV006103,5000.0,2025-03-14,2025-04-13,,Overdue,508,25,6,8,0,1,63,1,0,Mid-Market,3032202
CUST1128,INV006104,16157.63,2025-08-03,2025-10-02,2025-10-11,Paid,0,13,1,8,1,7,75,1,1,SMB,903392
CUST1706,INV006105,67179.96,2025-03-14,2025-04-13,,Overdue,508,28,5,7,2,1,82,0,0,SMB,4276405
CUST0186,INV006106,90169.77,2026-04-12,2026-05-12,,Overdue,114,19,6,16,1,7,31,0,0,Mid-Market,3301128
CUST1152,INV006107,45200.5,2025-09-28,2025-10-28,2025-11-21,Paid,0,3,2,24,0,4,60,0,1,Mid-Market,2236268
CUST1234,INV006108,5793.75,2026-05-14,2026-05-29,2026-05-31,Paid,0,3,2,0,0,4,16,0,1,SMB,4052981
CUST1438,INV006109,77606.14,2025-12-20,2026-01-19,,Overdue,227,1,0,21,0,3,51,0,0,Mid-Market,575005
CUST1305,INV006110,45433.38,2025-08-22,2025-09-21,2025-10-11,Paid,0,3,0,26,2,6,55,0,1,Mid-Market,3850315
CUST1983,INV006111,19590.71,2025-11-15,2025-12-15,2025-12-15,Paid,0,16,1,0,0,0,37,0,1,SMB,2415885
CUST0253,INV006112,5000.0,2025-01-19,2025-03-20,,Overdue,532,21,5,8,5,6,25,0,0,Enterprise,1126941
CUST0019,INV006113,57159.16,2026-07-29,2026-08-28,2026-08-28,Paid,0,8,2,0,1,1,28,0,1,SMB,2513160
CUST0712,INV006114,12183.45,2026-01-07,2026-03-08,,Overdue,179,23,2,16,4,3,24,0,0,Mid-Market,2191912
CUST1756,INV006115,31137.43,2025-07-03,2025-09-01,2025-09-13,Paid,0,16,1,4,2,4,21,0,1,Mid-Market,1511312
CUST1160,INV006116,23585.65,2025-10-04,2025-11-03,,Overdue,304,28,16,2,2,5,11,0,0,SMB,2376729
CUST0223,INV006117,102579.66,2025-05-25,2025-06-24,,Overdue,436,13,6,25,0,4,53,0,1,SMB,2198091
CUST0003,INV006118,19431.16,2025-03-22,2025-04-21,,Overdue,500,13,2,3,2,6,73,1,0,Mid-Market,1002246
CUST1987,INV006119,21696.07,2025-11-18,2026-01-02,2026-01-16,Paid,0,11,1,15,1,6,16,0,1,Mid-Market,2764766
CUST1260,INV006120,106789.55,2026-03-11,2026-05-10,2026-05-22,Paid,0,4,2,12,0,4,11,0,1,Mid-Market,2270182
CUST0854,INV006121,11404.66,2025-02-12,2025-03-14,2025-03-14,Paid,0,4,1,7,3,7,14,0,1,Enterprise,2397693
CUST1489,INV006122,49727.97,2025-11-09,2025-11-24,,Overdue,283,15,7,11,1,6,43,0,0,SMB,1199734
CUST0228,INV006123,18058.73,2025-10-20,2025-11-19,,Overdue,288,28,7,10,1,0,79,0,0,SMB,4108848
CUST0913,INV006124,8082.51,2025-03-10,2025-05-09,,Overdue,482,4,1,23,2,1,86,0,0,Mid-Market,662181
CUST1678,INV006125,22052.05,2025-02-25,2025-04-11,2025-04-23,Paid,0,8,1,22,0,5,42,1,1,SMB,4659770
CUST0499,INV006126,43989.45,2025-07-23,2025-09-21,,Overdue,347,24,8,16,0,6,86,1,0,Enterprise,3010033
CUST0521,INV006127,85281.25,2026-02-24,2026-04-10,,Overdue,146,2,1,27,0,5,89,0,1,Mid-Market,1242931
CUST0702,INV006128,96249.01,2026-07-21,2026-08-05,2026-08-31,Paid,0,15,3,19,1,6,86,0,1,SMB,4129441
CUST1886,INV006129,16403.27,2026-07-04,2026-09-02,2026-09-06,Paid,0,23,6,5,0,7,67,0,1,SMB,4991064
CUST0917,INV006130,8207.07,2025-08-31,2025-10-30,2025-11-01,Paid,0,28,6,6,1,4,30,0,1,SMB,1823055
CUST1996,INV006131,16014.68,2025-07-20,2025-08-19,,Overdue,380,27,6,32,2,3,65,1,0,Mid-Market,942015
CUST1701,INV006132,6757.91,2026-04-19,2026-05-19,,Overdue,107,14,5,20,2,2,45,0,1,Enterprise,691593
CUST1163,INV006133,17722.92,2026-06-11,2026-07-11,2026-07-22,Paid,0,28,6,14,1,2,3,1,1,SMB,1947883
CUST1300,INV006134,15651.7,2025-03-18,2025-05-02,,Overdue,489,21,7,14,0,0,47,1,0,Mid-Market,1183754
CUST0291,INV006135,45592.12,2026-04-23,2026-05-23,2026-06-05,Paid,0,2,2,13,0,5,81,0,1,SMB,4704548
CUST1077,INV006136,5000.0,2026-03-16,2026-04-15,,Overdue,141,29,7,36,0,1,77,0,0,SMB,4557167
CUST1711,INV006137,10576.52,2025-09-20,2025-10-20,,Overdue,318,3,2,4,2,1,61,0,0,SMB,2559907
CUST1134,INV006138,10662.43,2025-07-04,2025-08-03,2025-08-25,Paid,0,11,2,21,0,6,56,0,1,SMB,204692
CUST0715,INV006139,72195.09,2025-02-24,2025-03-26,,Overdue,526,7,0,24,2,0,8,0,0,SMB,2012889
CUST0948,INV006140,7231.17,2025-11-04,2025-12-04,,Overdue,273,16,2,5,2,5,32,0,0,Enterprise,4350915
CUST0648,INV006141,27630.0,2026-05-31,2026-07-30,,Overdue,35,22,7,4,0,2,57,0,1,Mid-Market,2300397
CUST1028,INV006142,19377.57,2025-10-26,2025-11-25,,Overdue,282,22,3,0,1,2,26,1,0,Mid-Market,4461887
CUST1691,INV006143,62507.54,2026-07-06,2026-08-20,,Overdue,14,28,11,2,2,6,70,0,1,SMB,3201478
CUST0684,INV006144,39967.9,2025-08-18,2025-10-02,,Overdue,336,7,3,20,0,4,76,0,0,Mid-Market,628526
CUST1960,INV006145,24865.68,2026-01-12,2026-02-11,2026-02-19,Paid,0,22,5,11,1,3,8,0,1,Mid-Market,4351828
CUST0870,INV006146,12649.0,2025-10-13,2025-11-12,,Overdue,295,11,3,18,0,4,20,0,1,Enterprise,2972705
CUST1071,INV006147,5000.0,2025-05-18,2025-06-17,2025-07-07,Paid,0,2,1,20,0,6,13,0,1,SMB,4917951
CUST0094,INV006148,28200.24,2026-04-23,2026-05-23,,Overdue,103,8,3,12,0,7,45,1,0,Mid-Market,2261738
CUST0940,INV006149,37439.81,2025-01-07,2025-03-08,2025-03-08,Paid,0,7,2,3,0,5,8,0,1,Mid-Market,2015730
CUST0560,INV006150,5000.0,2026-02-23,2026-04-09,2026-04-28,Paid,0,6,1,18,0,6,18,1,1,Mid-Market,642632
CUST1776,INV006151,6414.43,2026-04-17,2026-05-17,2026-05-22,Paid,0,16,6,0,0,1,26,0,1,SMB,1654243
CUST1883,INV006152,28348.52,2026-02-24,2026-04-25,,Overdue,131,21,2,24,1,6,84,0,0,Mid-Market,2297680
CUST0213,INV006153,30919.48,2025-10-03,2025-12-02,,Overdue,275,11,2,0,0,4,33,0,0,Mid-Market,2726517
CUST0436,INV006154,8179.23,2026-07-15,2026-09-13,,Overdue,0,22,6,0,1,1,8,1,1,Mid-Market,653291
CUST0852,INV006155,12406.0,2026-07-25,2026-08-24,2026-08-30,Paid,0,3,2,8,2,4,76,0,1,Mid-Market,402414
CUST0508,INV006156,5000.0,2025-03-31,2025-05-15,,Overdue,476,18,2,0,1,3,66,0,0,Mid-Market,4374848
CUST0836,INV006157,87313.81,2025-10-09,2025-11-08,,Overdue,299,9,3,0,1,4,16,0,0,SMB,4421545
CUST0651,INV006158,6003.67,2026-07-02,2026-08-16,,Overdue,18,17,4,13,0,4,43,1,1,SMB,1734532
CUST0205,INV006159,37883.06,2025-06-20,2025-07-20,2025-07-27,Paid,0,2,1,7,0,4,11,0,1,Mid-Market,1790534
CUST0381,INV006160,21269.71,2025-12-21,2026-02-04,,Overdue,211,27,6,7,0,1,81,1,1,SMB,1570982
CUST1097,INV006161,79984.94,2025-07-23,2025-08-22,2025-08-30,Paid,0,10,3,10,1,4,44,1,1,SMB,1083668
CUST1540,INV006162,9974.09,2025-10-16,2025-11-30,2025-11-30,Paid,0,10,1,0,1,5,8,0,1,Mid-Market,4713062
CUST1100,INV006163,23417.82,2026-04-07,2026-05-22,,Overdue,104,17,6,19,1,6,87,0,1,SMB,758175
CUST1865,INV006164,5000.0,2025-06-22,2025-07-22,,Overdue,408,8,3,3,1,2,74,0,0,Enterprise,4681889
CUST0077,INV006165,5000.0,2025-10-28,2025-11-27,,Overdue,280,20,8,17,2,7,70,0,0,Mid-Market,3416823
CUST0816,INV006166,39987.96,2026-08-23,2026-10-07,2026-10-21,Paid,0,6,0,10,1,2,65,0,1,Mid-Market,4685352
CUST0768,INV006167,5000.0,2026-06-13,2026-07-13,,Overdue,52,11,4,10,0,6,75,0,0,Enterprise,3337093
CUST0410,INV006168,17531.99,2025-05-20,2025-06-19,,Overdue,441,5,1,8,0,3,87,0,0,SMB,520529
CUST1638,INV006169,60554.28,2025-10-05,2025-11-19,,Overdue,288,24,5,21,0,6,67,0,0,SMB,4788202
CUST0106,INV006170,46475.7,2026-05-26,2026-07-25,,Overdue,40,10,2,23,1,7,78,1,1,SMB,2326787
CUST1869,INV006171,11332.32,2025-12-12,2026-01-11,,Overdue,235,23,5,22,1,0,77,1,0,SMB,2488710
CUST0551,INV006172,5000.0,2025-05-20,2025-06-19,,Overdue,441,1,0,10,2,6,20,0,0,Mid-Market,3661646
CUST1500,INV006173,36661.96,2025-04-24,2025-06-08,,Overdue,452,8,3,12,1,4,49,0,0,Enterprise,1847519
CUST0826,INV006174,84310.09,2026-08-03,2026-10-02,2026-10-03,Paid,0,4,1,4,0,4,15,0,1,Enterprise,812371
CUST1299,INV006175,11358.96,2026-05-22,2026-06-21,,Overdue,74,7,0,7,1,1,5,1,0,Mid-Market,1242503
CUST0088,INV006176,9864.4,2026-01-01,2026-01-31,,Overdue,215,19,5,0,0,0,53,0,0,Mid-Market,2680723
CUST1747,INV006177,13031.15,2026-02-01,2026-03-03,2026-03-06,Paid,0,15,3,6,0,7,41,0,1,SMB,1895700
CUST0881,INV006178,39011.38,2025-04-21,2025-06-20,,Overdue,440,2,2,15,2,5,85,0,1,SMB,3158591
CUST1101,INV006179,75245.97,2025-12-24,2026-01-23,,Overdue,223,17,4,11,0,0,49,0,0,SMB,3725002
CUST1101,INV006180,6376.62,2025-08-26,2025-09-25,2025-10-04,Paid,0,26,3,7,1,6,75,1,1,SMB,3725002
CUST1466,INV006181,5000.0,2025-01-03,2025-01-18,,Overdue,593,21,4,21,0,4,71,0,1,SMB,3963397
CUST0540,INV006182,228661.11,2026-02-08,2026-02-23,2026-03-05,Paid,0,16,3,2,0,4,76,1,1,SMB,4776276
CUST0245,INV006183,18447.37,2025-01-25,2025-03-11,,Overdue,541,27,2,12,1,4,68,1,1,SMB,4000511
CUST0578,INV006184,28364.48,2026-05-24,2026-06-23,,Overdue,72,14,3,36,0,0,23,0,1,Enterprise,4574474
CUST1802,INV006185,11026.64,2026-04-10,2026-05-10,,Overdue,116,3,2,27,1,2,26,0,1,Mid-Market,2979735
CUST1406,INV006186,35952.8,2025-03-02,2025-04-01,,Overdue,520,27,9,7,1,5,48,0,0,SMB,120463
CUST0982,INV006187,57529.95,2026-05-23,2026-06-22,,Overdue,73,19,6,24,1,7,60,0,1,Mid-Market,1424073
CUST0717,INV006188,29726.56,2025-05-03,2025-06-17,,Overdue,443,8,1,6,1,7,66,0,0,Mid-Market,4076390
CUST1594,INV006189,125600.07,2026-05-12,2026-06-11,,Overdue,84,17,3,16,2,1,16,1,1,SMB,3097589
CUST1737,INV006190,15886.98,2025-02-24,2025-04-25,,Overdue,496,29,6,30,2,2,75,0,0,SMB,3693327
CUST1761,INV006191,16934.66,2025-06-12,2025-07-12,2025-07-24,Paid,0,18,2,9,1,5,87,1,1,SMB,2923524
CUST0142,INV006192,27761.53,2025-02-08,2025-03-10,,Overdue,542,1,0,20,2,6,51,0,1,SMB,2010584
CUST0893,INV006193,35065.1,2025-03-24,2025-04-23,2025-05-01,Paid,0,7,2,10,1,5,23,0,1,Mid-Market,1628315
CUST1392,INV006194,27665.66,2026-06-30,2026-08-29,2026-09-07,Paid,0,4,2,6,0,4,51,0,1,SMB,3502814
CUST1108,INV006195,6097.2,2025-04-23,2025-05-23,,Overdue,468,3,0,19,1,7,55,0,0,Mid-Market,665937
CUST1167,INV006196,30107.07,2026-03-01,2026-04-15,,Overdue,141,19,4,17,2,0,45,0,0,Mid-Market,3716344
CUST0352,INV006197,15151.07,2025-08-18,2025-09-17,2025-09-19,Paid,0,10,1,0,1,2,84,0,1,Enterprise,4510276
CUST0545,INV006198,12320.54,2025-10-10,2025-11-09,,Overdue,298,27,6,9,2,0,80,0,0,Mid-Market,3733909
CUST0913,INV006199,22753.68,2025-10-14,2025-11-13,,Overdue,294,3,1,0,3,4,11,0,0,Mid-Market,662181
CUST0152,INV006200,8420.94,2025-06-04,2025-08-03,2025-08-03,Paid,0,2,0,0,0,6,46,1,1,SMB,4002255
CUST1182,INV006201,7077.02,2025-06-14,2025-07-14,2025-07-28,Paid,0,5,2,10,1,2,88,1,1,SMB,1061930
CUST1470,INV006202,5000.0,2025-07-01,2025-08-15,2025-09-02,Paid,0,17,2,15,1,6,58,0,1,Mid-Market,1912205
CUST0653,INV006203,126403.86,2025-08-27,2025-10-26,,Overdue,312,5,1,22,0,0,26,0,0,Mid-Market,1522542
CUST0958,INV006204,38396.87,2025-12-05,2026-01-04,,Overdue,242,26,6,0,0,7,66,1,0,SMB,817876
CUST0763,INV006205,19599.04,2026-05-27,2026-06-26,,Overdue,69,14,3,1,5,3,57,0,0,SMB,214074
CUST1327,INV006206,11302.47,2025-09-23,2025-10-23,,Overdue,315,16,5,27,0,6,79,1,0,SMB,3483372
CUST0624,INV006207,5000.0,2025-07-06,2025-08-05,,Overdue,394,24,10,4,0,2,45,1,0,SMB,209292
CUST0656,INV006208,10630.38,2025-02-09,2025-03-11,,Overdue,541,23,4,0,3,1,22,0,0,SMB,612621
CUST0450,INV006209,45065.23,2026-05-08,2026-06-07,,Overdue,88,14,4,29,1,0,26,1,0,SMB,3677447
CUST0721,INV006210,56510.08,2026-01-26,2026-03-12,,Overdue,175,27,6,11,0,6,49,0,1,Enterprise,1638236
CUST1248,INV006211,41868.62,2025-09-17,2025-11-01,2025-11-17,Paid,0,19,11,7,1,5,68,1,1,SMB,4377802
CUST0043,INV006212,25806.77,2025-06-25,2025-08-24,2025-08-27,Paid,0,13,6,5,0,4,6,0,1,SMB,1649792
CUST0264,INV006213,81135.36,2025-11-25,2025-12-25,2025-12-27,Paid,0,12,1,2,1,4,22,1,1,Mid-Market,3333616
CUST1780,INV006214,15858.53,2025-07-19,2025-08-18,,Overdue,381,25,11,11,2,2,38,1,0,Mid-Market,1688846
CUST1027,INV006215,65198.32,2025-07-15,2025-08-14,,Overdue,385,27,8,15,2,5,23,0,0,Enterprise,1581064
CUST1661,INV006216,14994.18,2026-08-12,2026-09-11,,Overdue,0,26,12,16,0,4,64,0,1,Mid-Market,1811369
CUST1292,INV006217,9125.78,2026-06-15,2026-07-15,,Overdue,50,16,5,0,0,5,89,0,1,SMB,3678104
CUST0596,INV006218,8056.92,2025-03-03,2025-04-02,,Overdue,519,29,5,27,1,3,67,1,0,SMB,2231913
CUST1040,INV006219,7596.96,2025-11-23,2026-01-07,,Overdue,239,23,7,10,1,7,20,0,0,SMB,128077
CUST1358,INV006220,42576.94,2025-10-08,2025-12-07,2025-12-31,Paid,0,17,5,16,0,1,33,0,1,SMB,2213349
CUST1488,INV006221,10480.32,2025-08-15,2025-09-14,,Overdue,354,22,4,20,1,2,20,0,0,Mid-Market,2599565
CUST1083,INV006222,7839.82,2025-02-27,2025-04-13,,Overdue,508,20,6,8,0,2,70,0,0,SMB,4803267
CUST1013,INV006223,44969.3,2026-04-22,2026-06-06,,Overdue,89,6,2,17,0,7,76,1,1,Enterprise,1997238
CUST0177,INV006224,30575.99,2026-01-11,2026-02-10,,Overdue,205,14,8,13,0,4,44,1,1,Mid-Market,4673636
CUST0063,INV006225,57675.74,2025-08-31,2025-09-30,,Overdue,338,16,4,9,1,5,83,0,0,Mid-Market,2989302
CUST0958,INV006226,36775.95,2026-01-02,2026-03-03,,Overdue,184,3,0,13,1,0,25,0,0,SMB,817876
CUST1003,INV006227,10372.24,2026-05-15,2026-06-29,,Overdue,66,21,9,6,1,4,49,1,0,Enterprise,3974221
CUST0561,INV006228,23768.17,2025-09-09,2025-11-08,2025-11-08,Paid,0,19,5,4,1,0,82,0,1,Mid-Market,4087106
CUST1331,INV006229,24962.58,2025-11-18,2025-12-18,2025-12-29,Paid,0,7,1,13,1,4,15,0,1,Mid-Market,723812
CUST1270,INV006230,8785.35,2026-01-11,2026-02-10,2026-02-22,Paid,0,5,0,14,2,6,27,0,1,SMB,4101889
CUST1313,INV006231,7298.14,2026-02-13,2026-03-15,,Overdue,172,20,6,15,1,0,88,1,0,Mid-Market,1720357
CUST1822,INV006232,11150.93,2026-05-03,2026-07-02,2026-07-28,Paid,0,26,4,26,1,5,21,0,1,SMB,922834
CUST0955,INV006233,168818.99,2025-12-09,2026-01-08,,Overdue,238,23,9,15,0,6,79,0,0,SMB,803494
CUST1356,INV006234,14577.81,2025-08-28,2025-09-12,2025-09-24,Paid,0,23,10,8,0,6,26,0,1,Enterprise,2785090
CUST1551,INV006235,75573.94,2025-05-19,2025-06-18,2025-07-04,Paid,0,10,1,14,0,0,10,0,1,Enterprise,1250532
CUST0850,INV006236,13785.04,2025-05-02,2025-06-01,,Overdue,459,9,1,35,4,3,67,0,0,Mid-Market,606718
CUST1279,INV006237,53575.05,2026-02-24,2026-03-26,2026-03-26,Paid,0,3,1,1,3,6,38,0,1,SMB,2632153
CUST0604,INV006238,54311.52,2026-07-15,2026-08-14,,Overdue,20,27,5,29,3,5,55,1,1,SMB,1218932
CUST1534,INV006239,57101.78,2025-10-31,2025-11-30,2025-12-17,Paid,0,27,7,16,0,3,69,1,1,SMB,1820394
CUST1815,INV006240,32462.06,2025-04-25,2025-05-25,2025-06-12,Paid,0,10,2,13,0,3,88,0,1,SMB,789574
CUST1742,INV006241,87322.77,2025-12-09,2025-12-24,2026-01-07,Paid,0,16,5,9,1,4,69,0,1,Mid-Market,4030053
CUST0606,INV006242,32155.99,2025-09-08,2025-10-08,,Overdue,330,24,14,8,1,7,32,1,0,SMB,2581528
CUST1761,INV006243,122214.1,2025-01-07,2025-02-06,2025-02-18,Paid,0,23,5,0,0,5,48,0,1,SMB,2923524
CUST1837,INV006244,5000.0,2026-08-12,2026-09-11,2026-09-29,Paid,0,9,3,14,0,1,27,1,1,SMB,2936569
CUST0830,INV006245,31203.52,2025-06-28,2025-08-12,2025-08-25,Paid,0,2,0,21,0,3,76,1,1,SMB,4746671
CUST1487,INV006246,29240.9,2025-05-25,2025-06-24,2025-07-05,Paid,0,6,3,11,0,2,32,1,1,SMB,3099316
CUST1223,INV006247,8634.15,2026-02-20,2026-03-22,,Overdue,165,5,0,8,2,1,36,0,1,SMB,4235224
CUST1295,INV006248,39323.76,2025-05-01,2025-05-31,2025-06-03,Paid,0,3,1,5,1,2,55,0,1,Mid-Market,3875258
CUST0746,INV006249,5000.0,2025-05-04,2025-06-03,,Overdue,457,7,1,13,3,7,70,1,0,Enterprise,3902256
CUST0558,INV006250,11450.81,2025-05-30,2025-06-29,2025-07-15,Paid,0,15,2,18,0,7,13,0,1,SMB,1280746
CUST0064,INV006251,5000.0,2026-02-01,2026-03-03,,Overdue,184,21,5,22,0,3,50,1,1,SMB,3502501
CUST1254,INV006252,104676.14,2026-01-16,2026-03-02,2026-03-02,Paid,0,6,1,0,0,2,18,0,1,SMB,54138
CUST0942,INV006253,17473.67,2025-01-01,2025-02-15,2025-02-25,Paid,0,4,1,7,0,6,29,0,1,Mid-Market,4370614
CUST1976,INV006254,192313.87,2025-09-01,2025-10-01,,Overdue,337,23,5,19,2,4,10,0,0,Enterprise,3347154
CUST0249,INV006255,49165.62,2026-02-02,2026-03-04,,Overdue,183,29,7,0,2,2,39,1,0,Enterprise,289017
CUST1270,INV006256,34478.74,2025-09-08,2025-10-23,,Overdue,315,13,2,10,1,1,3,0,0,SMB,4101889
CUST0940,INV006257,12256.02,2026-07-30,2026-08-29,,Overdue,5,23,7,20,0,3,82,0,1,Mid-Market,2015730
CUST1611,INV006258,7736.08,2025-10-26,2025-11-25,2025-12-03,Paid,0,5,1,11,0,2,48,0,1,Enterprise,2548578
CUST0157,INV006259,37159.38,2025-10-24,2025-12-08,2025-12-20,Paid,0,15,2,13,1,2,42,1,1,Mid-Market,3025635
CUST0735,INV006260,20506.27,2026-05-15,2026-06-14,2026-06-14,Paid,0,7,0,1,0,2,47,1,1,SMB,2938939
CUST1726,INV006261,5771.74,2025-04-25,2025-06-09,2025-06-09,Paid,0,7,0,7,1,5,26,1,1,SMB,3368843
CUST0985,INV006262,5000.0,2025-01-01,2025-01-31,2025-02-17,Paid,0,10,2,15,1,2,32,0,1,Mid-Market,4422352
CUST1588,INV006263,8444.72,2026-07-07,2026-08-06,,Overdue,28,13,2,20,0,1,27,0,0,SMB,2348354
CUST1974,INV006264,136075.78,2026-08-23,2026-10-22,2026-11-01,Paid,0,24,5,8,0,7,75,0,1,Mid-Market,2648133
CUST1112,INV006265,201446.26,2026-04-27,2026-05-27,,Overdue,99,11,3,24,1,5,70,0,0,SMB,2537111
CUST1337,INV006266,27037.75,2026-08-23,2026-09-22,2026-10-04,Paid,0,1,1,12,2,0,8,1,1,SMB,586644
CUST1875,INV006267,25564.06,2026-05-25,2026-06-24,,Overdue,71,20,2,12,2,4,88,1,1,Mid-Market,429593
CUST1090,INV006268,15735.58,2025-12-01,2025-12-31,2026-02-02,Paid,0,11,1,26,2,3,18,1,1,SMB,4722412
CUST0662,INV006269,8651.73,2026-04-10,2026-04-25,,Overdue,131,1,0,0,3,0,73,1,0,Enterprise,1261569
CUST1044,INV006270,87131.96,2025-05-21,2025-06-20,2025-06-21,Paid,0,3,1,0,1,7,22,0,1,Mid-Market,4145077
CUST0033,INV006271,143426.27,2026-08-06,2026-10-05,2026-10-17,Paid,0,8,2,21,0,5,63,1,1,SMB,1734351
CUST1864,INV006272,9014.42,2025-05-17,2025-07-16,2025-07-29,Paid,0,13,4,9,3,4,50,1,1,Mid-Market,4734013
CUST1817,INV006273,20275.36,2025-06-16,2025-07-16,,Overdue,414,28,4,17,0,2,74,0,0,SMB,375437
CUST0558,INV006274,14046.57,2025-12-09,2026-02-07,2026-02-10,Paid,0,7,2,12,1,7,1,1,1,SMB,1280746
CUST0073,INV006275,14468.96,2026-02-14,2026-03-16,2026-04-10,Paid,0,3,1,17,0,0,3,1,1,SMB,4575121
CUST1890,INV006276,72107.13,2025-03-06,2025-04-05,,Overdue,516,20,8,19,0,4,56,1,0,Enterprise,1187613
CUST0825,INV006277,5931.54,2026-08-04,2026-09-03,2026-10-02,Paid,0,2,0,23,0,4,7,0,1,Mid-Market,4872139
CUST1367,INV006278,35118.02,2025-03-08,2025-04-22,,Overdue,499,18,3,16,1,0,27,0,1,Mid-Market,929854
CUST1157,INV006279,45626.23,2026-03-09,2026-04-08,,Overdue,148,5,2,23,1,2,15,0,0,SMB,4758569
CUST1079,INV006280,19107.74,2025-02-19,2025-03-21,,Overdue,531,29,9,7,0,2,87,0,0,SMB,346063
CUST0061,INV006281,53802.1,2025-11-10,2025-12-25,2026-01-19,Paid,0,18,3,16,0,7,85,0,1,SMB,3334321
CUST1881,INV006282,25531.08,2025-11-05,2025-12-05,2025-12-10,Paid,0,16,5,0,0,5,77,0,1,Mid-Market,2837976
CUST1544,INV006283,74393.95,2025-04-25,2025-05-25,2025-06-03,Paid,0,27,10,5,0,3,32,0,1,SMB,1016649
CUST0272,INV006284,5000.0,2026-07-23,2026-08-22,,Overdue,12,7,2,19,0,4,49,1,1,Mid-Market,4735754
CUST0246,INV006285,15540.81,2025-12-08,2026-01-07,2026-02-02,Paid,0,1,0,20,0,3,84,1,1,Enterprise,2872136
CUST1200,INV006286,20500.14,2026-06-14,2026-07-14,,Overdue,51,9,2,10,1,5,69,0,1,SMB,2766207
CUST0628,INV006287,5000.0,2026-05-10,2026-06-09,2026-07-04,Paid,0,15,1,24,1,2,32,0,1,Mid-Market,3014391
CUST1341,INV006288,7435.69,2025-09-26,2025-10-26,,Overdue,312,26,7,0,0,5,53,0,0,SMB,1757542
CUST1807,INV006289,9763.45,2025-03-21,2025-04-20,,Overdue,501,1,1,22,0,4,28,1,0,Mid-Market,2476277
CUST0705,INV006290,56851.96,2026-04-01,2026-05-01,,Overdue,125,27,12,10,2,7,76,0,1,SMB,1598485
CUST0662,INV006291,10863.42,2025-10-26,2025-12-25,2025-12-25,Paid,0,17,4,0,0,3,70,1,1,Enterprise,1261569
CUST1155,INV006292,9719.81,2025-07-21,2025-08-20,2025-08-26,Paid,0,9,2,2,0,3,81,0,1,Mid-Market,1674777
CUST1126,INV006293,49885.51,2026-05-18,2026-07-02,,Overdue,63,23,3,7,0,3,36,0,1,Mid-Market,634010
CUST0310,INV006294,5000.0,2026-04-30,2026-06-14,,Overdue,81,15,5,2,0,6,62,0,0,SMB,3323523
CUST1806,INV006295,5000.0,2026-08-08,2026-09-07,2026-09-15,Paid,0,10,3,2,0,5,10,1,1,Mid-Market,3461134
CUST1316,INV006296,15342.89,2026-07-14,2026-08-13,,Overdue,21,28,6,17,0,4,80,0,1,Mid-Market,3749509
CUST1746,INV006297,5178.62,2025-01-18,2025-02-17,2025-03-02,Paid,0,20,6,6,1,7,80,0,1,SMB,4647855
CUST0495,INV006298,5379.34,2026-04-23,2026-06-07,2026-06-07,Paid,0,3,1,0,2,6,14,1,1,SMB,485477
CUST1385,INV006299,39082.65,2026-05-03,2026-06-02,,Overdue,93,28,9,15,1,1,25,0,0,Mid-Market,4159545
CUST0338,INV006300,52890.23,2026-03-22,2026-04-06,2026-04-06,Paid,0,5,1,6,0,1,65,0,1,Mid-Market,3880121
CUST0579,INV006301,48477.94,2025-12-06,2025-12-21,,Overdue,256,2,1,26,3,2,39,0,0,SMB,2914140
CUST0010,INV006302,66754.48,2026-06-15,2026-07-15,2026-07-22,Paid,0,22,6,4,1,4,43,0,1,Mid-Market,2288057
CUST0049,INV006303,76201.34,2025-04-26,2025-05-26,,Overdue,465,6,0,0,0,4,80,1,0,Mid-Market,2415600
CUST1511,INV006304,5000.0,2025-03-15,2025-05-14,2025-05-27,Paid,0,16,3,9,0,0,86,0,1,Mid-Market,4698455
CUST0623,INV006305,34558.61,2025-09-26,2025-10-26,,Overdue,312,12,5,1,0,3,50,0,0,SMB,1035132
CUST1345,INV006306,12969.97,2025-04-26,2025-05-26,2025-05-26,Paid,0,17,2,2,0,7,23,1,1,Mid-Market,2042569
CUST0731,INV006307,10431.4,2025-06-13,2025-07-28,2025-08-03,Paid,0,12,2,9,1,2,2,0,1,SMB,1772907
CUST1593,INV006308,38577.12,2026-08-06,2026-09-20,,Overdue,0,26,5,10,0,7,15,1,1,SMB,556453
CUST0795,INV006309,5000.0,2025-08-10,2025-09-09,,Overdue,359,25,4,9,1,4,44,1,0,SMB,2742794
CUST0971,INV006310,5000.0,2025-05-06,2025-06-05,2025-06-15,Paid,0,17,2,10,1,0,44,0,1,Mid-Market,2417108
CUST1649,INV006311,41505.15,2025-06-25,2025-07-25,,Overdue,405,22,5,18,1,0,63,1,0,Mid-Market,453157
CUST0133,INV006312,35874.64,2026-01-10,2026-02-09,2026-02-17,Paid,0,7,3,10,0,4,37,0,1,SMB,825158
CUST1607,INV006313,25253.82,2026-05-13,2026-06-12,,Overdue,83,24,10,14,2,2,5,1,0,SMB,3796328
CUST0083,INV006314,9136.99,2025-03-26,2025-04-25,,Overdue,496,16,4,20,1,2,32,0,0,SMB,874255
CUST0057,INV006315,46343.19,2026-01-18,2026-02-17,,Overdue,198,18,5,6,0,1,87,0,0,SMB,2953030
CUST0376,INV006316,43490.72,2026-04-08,2026-06-07,,Overdue,88,27,8,12,1,7,23,0,0,SMB,3395647
CUST0349,INV006317,23987.89,2026-03-27,2026-04-11,,Overdue,145,8,2,13,1,1,70,1,0,SMB,799971
CUST0271,INV006318,6786.42,2026-06-02,2026-07-02,,Overdue,63,27,9,0,0,2,48,1,1,Mid-Market,1608242
CUST1507,INV006319,14396.66,2026-07-04,2026-09-02,,Overdue,1,26,9,0,1,7,33,1,1,Mid-Market,2003341
CUST0111,INV006320,50910.97,2025-04-26,2025-06-10,,Overdue,450,18,5,12,0,0,20,0,0,SMB,2805063
CUST0869,INV006321,83049.43,2025-01-08,2025-02-07,2025-02-07,Paid,0,2,0,1,1,7,2,1,1,Enterprise,4726029
CUST0887,INV006322,15890.29,2025-08-06,2025-09-05,,Overdue,363,9,2,28,0,5,84,0,0,Mid-Market,862283
CUST0076,INV006323,17159.84,2026-08-13,2026-10-12,,Overdue,0,23,5,19,1,1,87,1,1,Mid-Market,2240421
CUST1182,INV006324,18738.04,2026-02-08,2026-02-23,,Overdue,192,24,5,2,0,0,54,0,0,SMB,1061930
CUST1556,INV006325,28995.42,2026-07-21,2026-09-04,2026-09-08,Paid,0,16,4,0,2,1,26,0,1,SMB,3622401
CUST1957,INV006326,12319.43,2025-10-31,2025-12-30,2025-12-30,Paid,0,17,7,0,2,0,2,0,1,Mid-Market,2066328
CUST1667,INV006327,5000.0,2026-04-12,2026-04-27,,Overdue,129,10,5,13,2,3,66,0,0,SMB,4530967
CUST0329,INV006328,72603.54,2025-03-29,2025-05-13,,Overdue,478,22,5,9,2,7,74,0,0,SMB,3722277
CUST0122,INV006329,132546.52,2025-01-10,2025-03-11,2025-04-01,Paid,0,1,0,19,2,4,28,1,1,Enterprise,2569507
CUST0041,INV006330,11939.41,2025-11-04,2025-12-04,2025-12-08,Paid,0,21,3,1,2,2,15,0,1,SMB,3623465
CUST1191,INV006331,7580.59,2026-03-10,2026-04-09,,Overdue,147,18,6,17,1,3,82,0,0,SMB,339134
CUST0922,INV006332,19204.49,2025-06-13,2025-08-12,,Overdue,387,15,6,15,0,2,52,0,0,SMB,1707153
CUST0642,INV006333,18260.51,2025-08-27,2025-09-26,2025-10-30,Paid,0,9,2,25,0,7,39,0,1,SMB,3264215
CUST1047,INV006334,59606.42,2025-11-13,2025-12-28,,Overdue,249,3,1,14,0,7,76,0,0,SMB,970114
CUST0279,INV006335,23263.47,2025-12-01,2025-12-31,2026-01-01,Paid,0,16,5,3,1,6,14,0,1,Mid-Market,1375569
CUST0763,INV006336,9970.41,2025-01-18,2025-02-02,2025-03-05,Paid,0,26,6,25,0,5,31,1,1,SMB,214074
CUST0469,INV006337,5893.41,2025-03-12,2025-04-11,2025-04-23,Paid,0,23,4,9,2,0,73,0,1,SMB,3815056
CUST1424,INV006338,52346.18,2025-06-24,2025-07-09,2025-07-13,Paid,0,15,2,8,0,1,46,0,1,SMB,3431915
CUST0009,INV006339,40115.23,2025-12-05,2026-01-04,2026-01-17,Paid,0,2,0,13,0,1,40,0,1,Mid-Market,4999982
CUST0013,INV006340,63612.16,2025-09-05,2025-09-20,,Overdue,348,10,3,24,2,6,59,1,0,Mid-Market,3971451
CUST0924,INV006341,8365.01,2025-07-12,2025-08-11,2025-09-08,Paid,0,4,1,23,1,1,26,0,1,Mid-Market,1535255
CUST0923,INV006342,138473.87,2026-02-23,2026-03-25,2026-04-12,Paid,0,26,9,18,1,6,16,1,1,Enterprise,4395398
CUST1843,INV006343,5000.0,2025-11-21,2026-01-20,2026-02-13,Paid,0,19,2,21,1,7,2,0,1,SMB,4260583
CUST1856,INV006344,44783.77,2025-11-02,2025-12-17,,Overdue,260,17,4,16,1,4,81,1,0,SMB,3529000
CUST1076,INV006345,5000.0,2025-07-23,2025-08-22,,Overdue,377,10,2,3,0,4,63,1,0,SMB,3542963
CUST1233,INV006346,9993.28,2025-05-03,2025-06-02,,Overdue,458,22,8,21,1,5,25,1,0,SMB,1958911
CUST1574,INV006347,104927.29,2026-07-24,2026-08-23,2026-08-23,Paid,0,21,7,0,0,2,67,0,1,Enterprise,3271131
CUST1636,INV006348,50582.67,2026-03-23,2026-04-22,,Overdue,134,6,4,12,0,1,41,0,1,SMB,3488780
CUST1729,INV006349,12756.29,2026-05-06,2026-06-05,2026-06-09,Paid,0,1,0,12,0,3,55,0,1,Mid-Market,1601899
CUST1426,INV006350,13110.42,2026-03-09,2026-04-23,,Overdue,133,11,4,34,4,2,3,0,1,Enterprise,2198983
CUST1215,INV006351,24358.16,2025-05-08,2025-05-23,2025-05-23,Paid,0,16,2,2,0,4,27,1,1,Mid-Market,929459
CUST1075,INV006352,36832.69,2026-07-02,2026-08-16,,Overdue,18,24,4,22,1,4,14,0,0,Enterprise,4026974
CUST1417,INV006353,77001.44,2025-02-16,2025-04-02,2025-04-14,Paid,0,20,2,14,0,1,33,0,1,SMB,2998632
CUST0653,INV006354,13957.41,2026-05-20,2026-06-19,,Overdue,76,7,2,9,0,4,85,1,1,Mid-Market,1522542
CUST1704,INV006355,5000.0,2025-04-25,2025-05-25,2025-05-29,Paid,0,24,4,0,0,0,10,0,1,Mid-Market,1584227
CUST1847,INV006356,25770.06,2026-02-20,2026-03-22,,Overdue,165,3,0,14,0,4,53,0,0,SMB,1962493
CUST0621,INV006357,13940.72,2025-08-11,2025-09-10,2025-09-26,Paid,0,14,2,14,0,5,81,0,1,SMB,2157359
CUST1743,INV006358,5999.11,2026-05-18,2026-06-17,,Overdue,78,4,3,9,2,1,71,0,1,Mid-Market,750033
CUST1963,INV006359,29663.39,2025-04-06,2025-05-06,2025-06-06,Paid,0,9,3,28,1,7,40,0,1,Mid-Market,4358080
CUST1324,INV006360,17798.8,2025-04-17,2025-05-17,,Overdue,474,15,3,23,1,2,24,1,0,SMB,903605
CUST1646,INV006361,29926.88,2025-02-01,2025-03-03,,Overdue,549,12,5,10,0,4,10,0,1,Mid-Market,50917
CUST0196,INV006362,9005.18,2026-05-08,2026-05-23,,Overdue,103,25,3,23,2,3,49,0,1,SMB,2053426
CUST0417,INV006363,35836.08,2025-03-07,2025-04-06,,Overdue,515,16,3,25,0,6,28,0,0,SMB,560370
CUST0664,INV006364,5901.15,2025-06-28,2025-07-28,2025-07-29,Paid,0,23,6,5,1,7,33,0,1,SMB,1245885
CUST1444,INV006365,9626.44,2026-03-19,2026-04-18,2026-04-18,Paid,0,19,2,2,0,3,47,0,1,SMB,1543551
CUST1779,INV006366,17276.21,2026-07-03,2026-08-02,2026-08-02,Paid,0,14,2,0,2,0,13,1,1,SMB,755356
CUST1664,INV006367,125720.74,2025-07-20,2025-09-03,,Overdue,365,27,10,22,1,2,44,1,0,SMB,1517172
CUST1641,INV006368,48282.54,2025-02-18,2025-04-04,2025-04-09,Paid,0,4,0,9,1,0,27,0,1,Mid-Market,3006151
CUST1546,INV006369,64679.04,2025-09-20,2025-10-20,,Overdue,318,23,9,5,2,5,75,0,0,SMB,3080555
CUST1380,INV006370,90860.17,2025-05-13,2025-06-12,2025-07-11,Paid,0,29,4,22,0,0,74,0,1,Mid-Market,1040121
CUST0148,INV006371,808416.06,2025-12-10,2026-01-24,,Overdue,222,6,3,9,0,7,29,0,0,Mid-Market,3252209
CUST1001,INV006372,22961.84,2025-06-25,2025-07-25,2025-07-29,Paid,0,22,5,2,0,7,78,0,1,SMB,4201923
CUST1389,INV006373,91162.68,2026-01-26,2026-02-25,,Overdue,190,11,3,27,2,1,85,0,0,Enterprise,4738118
CUST0364,INV006374,60635.47,2025-01-11,2025-02-25,,Overdue,555,4,0,23,0,1,40,1,0,Mid-Market,1644918
CUST1995,INV006375,59637.06,2025-07-20,2025-08-19,,Overdue,380,26,5,6,0,1,89,0,0,Mid-Market,1455802
CUST1676,INV006376,129863.56,2025-01-03,2025-02-02,2025-02-04,Paid,0,8,2,4,1,3,7,1,1,SMB,489439
CUST1726,INV006377,14482.36,2025-08-02,2025-10-01,,Overdue,337,9,2,10,3,4,79,0,0,SMB,3368843
CUST0402,INV006378,13377.31,2025-11-03,2025-12-03,2025-12-17,Paid,0,26,3,19,1,2,72,0,1,Enterprise,4500252
CUST0606,INV006379,30326.15,2026-06-28,2026-08-27,,Overdue,7,23,5,23,0,6,86,1,1,SMB,2581528
CUST1516,INV006380,18348.45,2026-07-14,2026-08-13,,Overdue,21,24,5,1,1,1,77,0,1,SMB,4442541
CUST0229,INV006381,30287.82,2025-11-23,2025-12-23,,Overdue,254,26,9,0,0,2,39,0,0,Enterprise,3530826
CUST1599,INV006382,105108.54,2025-07-18,2025-08-17,2025-08-22,Paid,0,2,1,10,1,7,25,1,1,SMB,2557743
CUST1876,INV006383,13654.89,2025-04-19,2025-06-03,2025-06-03,Paid,0,20,3,1,0,0,28,0,1,Mid-Market,544955
CUST0537,INV006384,16241.44,2025-10-18,2025-11-02,2025-11-15,Paid,0,3,1,9,2,6,51,0,1,Mid-Market,3608539
CUST0268,INV006385,26220.87,2025-04-18,2025-05-18,2025-05-18,Paid,0,6,1,6,0,5,80,0,1,Mid-Market,1407453
CUST1429,INV006386,17530.22,2026-02-12,2026-03-29,,Overdue,158,2,1,0,1,4,71,0,0,Mid-Market,958380
CUST1817,INV006387,5000.0,2026-07-06,2026-08-05,,Overdue,29,23,4,29,2,3,49,1,0,SMB,375437
CUST1035,INV006388,12331.01,2025-02-21,2025-03-23,,Overdue,529,8,0,13,1,6,57,0,0,SMB,3735104
CUST1344,INV006389,43799.31,2025-04-22,2025-05-22,,Overdue,469,20,7,21,0,2,70,0,0,Mid-Market,1224846
CUST1737,INV006390,92739.22,2025-10-22,2025-12-06,,Overdue,271,24,8,0,1,4,15,0,0,SMB,3693327
CUST0126,INV006391,6942.25,2026-08-03,2026-10-02,2026-10-13,Paid,0,8,3,5,0,2,2,0,1,SMB,874143
CUST0306,INV006392,6909.95,2025-07-08,2025-08-07,2025-08-19,Paid,0,3,0,5,0,0,12,1,1,Enterprise,1949054
CUST1726,INV006393,22702.58,2025-03-06,2025-04-05,,Overdue,516,17,1,22,1,1,78,0,0,SMB,3368843
CUST1535,INV006394,5000.0,2026-07-28,2026-08-27,,Overdue,7,11,1,29,0,0,53,1,1,SMB,4186725
CUST1113,INV006395,14115.51,2026-04-10,2026-05-10,2026-05-11,Paid,0,3,2,0,0,2,60,1,1,SMB,2059606
CUST1379,INV006396,5000.0,2025-09-15,2025-10-15,2025-10-30,Paid,0,26,6,14,1,3,66,0,1,SMB,644557
CUST0628,INV006397,86600.54,2025-11-27,2026-01-11,,Overdue,235,12,5,25,0,2,43,0,0,Mid-Market,3014391
CUST1376,INV006398,10205.37,2026-05-16,2026-07-15,,Overdue,50,14,7,5,2,5,34,1,0,Enterprise,2794804
CUST0689,INV006399,115016.88,2025-07-29,2025-09-12,,Overdue,356,29,7,4,0,6,28,1,0,Mid-Market,2313429
CUST1038,INV006400,67071.96,2025-03-30,2025-04-29,,Overdue,492,1,1,17,3,3,5,0,0,Mid-Market,1495065
CUST1281,INV006401,11541.25,2025-01-28,2025-02-27,2025-03-02,Paid,0,12,2,0,0,3,35,0,1,Mid-Market,1780085
CUST1233,INV006402,7540.47,2025-08-26,2025-09-10,,Overdue,358,18,4,0,1,6,16,0,0,SMB,1958911
CUST0281,INV006403,18150.52,2025-12-02,2026-01-01,2026-01-01,Paid,0,24,7,0,1,2,38,1,1,Enterprise,2464165
CUST0443,INV006404,19837.98,2025-03-04,2025-04-03,2025-04-14,Paid,0,4,0,19,0,2,46,0,1,SMB,387913
CUST1864,INV006405,31136.84,2026-07-07,2026-08-06,,Overdue,28,29,6,26,0,3,44,0,0,Mid-Market,4734013
CUST0837,INV006406,10132.03,2026-05-15,2026-06-29,,Overdue,66,25,7,12,3,2,44,0,0,Enterprise,2285883
CUST0389,INV006407,46462.22,2026-06-25,2026-07-25,,Overdue,40,23,7,22,2,4,5,0,0,Mid-Market,2434291
CUST0617,INV006408,28719.4,2026-04-14,2026-06-13,2026-06-14,Paid,0,3,0,0,0,3,46,0,1,SMB,4606766
CUST1507,INV006409,15671.59,2026-08-15,2026-09-14,,Overdue,0,17,4,18,3,5,46,0,0,Mid-Market,2003341
CUST0147,INV006410,10807.11,2025-02-20,2025-03-22,2025-03-29,Paid,0,13,1,13,0,6,77,0,1,Mid-Market,2524653
CUST1303,INV006411,18308.4,2025-04-22,2025-05-22,,Overdue,469,17,8,3,0,3,65,0,0,SMB,1693707
CUST0521,INV006412,9731.26,2025-10-28,2025-11-27,2025-12-09,Paid,0,17,5,16,0,2,29,0,1,Mid-Market,1242931
CUST0630,INV006413,23352.02,2025-03-31,2025-05-30,,Overdue,461,26,7,30,0,0,2,0,0,SMB,1242097
CUST1630,INV006414,23991.11,2025-08-17,2025-09-16,,Overdue,352,19,3,21,0,4,63,0,0,SMB,4651731
CUST0434,INV006415,28615.6,2025-05-30,2025-07-29,,Overdue,401,5,1,6,1,2,81,0,0,SMB,723218
CUST0144,INV006416,128829.15,2025-05-18,2025-06-17,,Overdue,443,8,2,6,0,1,36,0,0,SMB,1466207
CUST0289,INV006417,19294.11,2025-05-15,2025-06-14,,Overdue,446,24,5,16,1,4,38,1,0,SMB,472381
CUST1410,INV006418,60150.07,2026-04-02,2026-05-02,,Overdue,124,2,0,18,2,1,88,1,0,Enterprise,4364380
CUST0014,INV006419,27711.07,2026-05-09,2026-07-08,,Overdue,57,25,4,4,0,6,18,0,1,SMB,616088
CUST0257,INV006420,17357.08,2026-06-11,2026-06-26,,Overdue,69,9,3,30,1,6,8,0,1,Enterprise,1214795
CUST1370,INV006421,19552.15,2025-11-29,2026-01-28,2026-02-08,Paid,0,7,3,11,0,6,28,1,1,SMB,213187
CUST1722,INV006422,20768.1,2025-12-28,2026-01-27,2026-02-10,Paid,0,16,0,23,1,6,4,0,1,SMB,2434775
CUST1369,INV006423,29137.1,2025-06-23,2025-07-23,2025-08-04,Paid,0,12,3,9,0,4,38,0,1,SMB,2584957
CUST1424,INV006424,8439.51,2025-08-01,2025-08-31,,Overdue,368,26,8,34,1,6,82,0,0,SMB,3431915
CUST1231,INV006425,5088.1,2025-12-09,2026-01-08,,Overdue,238,21,8,16,1,3,64,0,0,Enterprise,4890351
CUST0858,INV006426,42374.3,2025-03-02,2025-03-17,,Overdue,535,5,1,0,1,7,72,0,0,SMB,174932
CUST0943,INV006427,54074.82,2025-03-02,2025-04-16,,Overdue,505,24,9,3,1,6,58,0,0,Mid-Market,4133290
CUST1196,INV006428,46426.97,2026-06-08,2026-07-08,,Overdue,57,24,8,17,0,6,63,0,1,Enterprise,964565
CUST0464,INV006429,25718.66,2025-08-04,2025-09-03,2025-09-30,Paid,0,21,5,27,0,7,20,0,1,Mid-Market,2930304
CUST0270,INV006430,47440.17,2026-08-12,2026-09-11,,Overdue,0,22,4,14,1,4,60,1,1,SMB,145028
CUST1245,INV006431,44955.53,2026-08-01,2026-08-16,,Overdue,18,6,2,0,2,2,35,0,0,Mid-Market,3911774
CUST1176,INV006432,48418.12,2026-02-27,2026-03-29,,Overdue,158,22,4,11,0,6,81,1,0,Mid-Market,1563083
CUST0623,INV006433,9325.05,2026-02-27,2026-03-29,,Overdue,158,21,4,16,0,1,37,0,0,SMB,1035132
CUST1207,INV006434,7354.36,2026-01-06,2026-02-20,,Overdue,195,25,6,20,1,0,75,1,0,Mid-Market,1927145
CUST1423,INV006435,14934.52,2025-07-25,2025-08-24,2025-09-25,Paid,0,17,4,26,0,1,63,0,1,SMB,3691141
CUST1875,INV006436,21646.86,2025-10-13,2025-11-27,,Overdue,280,15,2,25,2,5,35,0,0,Mid-Market,429593
CUST0072,INV006437,17293.38,2025-04-15,2025-05-15,,Overdue,476,10,3,12,1,5,52,0,0,SMB,1621951
CUST1442,INV006438,5000.0,2026-06-27,2026-07-12,,Overdue,53,3,3,0,0,7,18,0,0,SMB,4805997
CUST1922,INV006439,123215.81,2025-08-30,2025-09-29,,Overdue,339,7,1,21,1,6,57,0,0,SMB,3196779
CUST1307,INV006440,16746.66,2026-05-06,2026-06-20,2026-06-20,Paid,0,29,7,7,1,3,20,1,1,Mid-Market,3418270
CUST0074,INV006441,26178.78,2026-05-13,2026-06-27,,Overdue,68,25,6,28,0,5,59,1,0,Mid-Market,2879455
CUST0355,INV006442,76461.99,2026-03-11,2026-04-10,,Overdue,146,2,0,19,2,3,68,0,0,SMB,2283706
CUST1751,INV006443,5000.0,2026-04-29,2026-05-14,2026-05-23,Paid,0,13,3,10,0,0,26,0,1,Mid-Market,4137138
CUST0497,INV006444,13204.41,2026-03-23,2026-05-07,,Overdue,119,27,8,33,1,4,13,0,1,Mid-Market,4246656
CUST1352,INV006445,14956.22,2026-01-19,2026-03-20,,Overdue,167,29,7,17,0,5,21,1,0,Mid-Market,111753
CUST0988,INV006446,15735.74,2026-05-25,2026-07-09,,Overdue,56,14,3,24,1,6,88,0,0,SMB,3341070
CUST1559,INV006447,18518.28,2025-06-19,2025-07-19,,Overdue,411,4,1,5,0,7,55,0,0,Mid-Market,2322759
CUST0580,INV006448,93632.68,2025-11-19,2025-12-19,,Overdue,258,8,2,2,1,4,42,0,0,SMB,3614462
CUST0910,INV006449,43194.09,2026-04-19,2026-06-03,2026-06-03,Paid,0,5,1,0,0,6,83,0,1,SMB,474528
CUST1471,INV006450,57413.53,2025-08-20,2025-09-19,,Overdue,349,12,3,21,1,3,23,1,0,Mid-Market,1515915
CUST0373,INV006451,23089.2,2025-12-25,2026-01-24,,Overdue,222,27,4,9,0,0,70,0,0,SMB,1599420
CUST0362,INV006452,5435.07,2025-10-02,2025-11-01,,Overdue,306,24,7,35,0,7,44,0,0,Mid-Market,4157834
CUST0093,INV006453,5000.0,2025-02-01,2025-03-03,,Overdue,549,12,1,15,2,7,26,0,0,Mid-Market,2951717
CUST1345,INV006454,5000.0,2025-06-26,2025-08-25,,Overdue,374,11,4,15,2,3,65,1,0,Mid-Market,2042569
CUST0324,INV006455,31563.79,2025-03-06,2025-05-05,2025-06-05,Paid,0,2,1,26,1,1,76,0,1,SMB,4524017
CUST0384,INV006456,22737.47,2025-01-27,2025-02-26,2025-03-11,Paid,0,28,3,10,3,4,51,0,1,Enterprise,1251838
CUST0575,INV006457,17851.38,2026-04-24,2026-05-24,,Overdue,102,24,8,7,0,1,74,1,0,Enterprise,685719
CUST0736,INV006458,15236.1,2025-09-25,2025-11-09,,Overdue,298,22,6,0,0,1,27,0,0,Enterprise,4036280
CUST0737,INV006459,164673.76,2026-08-20,2026-09-19,,Overdue,0,5,0,13,2,2,37,0,1,SMB,2094940
CUST1905,INV006460,9673.03,2025-03-07,2025-04-06,,Overdue,515,13,8,16,0,7,40,0,0,Mid-Market,4695287
CUST0346,INV006461,55704.68,2025-05-13,2025-06-12,2025-06-23,Paid,0,18,5,7,0,4,27,0,1,Mid-Market,2714496
CUST1873,INV006462,22068.64,2026-01-01,2026-01-31,,Overdue,215,23,5,26,0,3,65,0,0,Mid-Market,525278
CUST1127,INV006463,20724.26,2025-03-23,2025-04-07,2025-04-08,Paid,0,17,6,0,1,3,60,0,1,SMB,142036
CUST1239,INV006464,71441.74,2025-11-24,2025-12-24,,Overdue,253,6,0,20,0,1,56,0,0,Enterprise,3608818
CUST1216,INV006465,95085.37,2025-04-08,2025-04-23,2025-04-23,Paid,0,19,6,1,0,5,78,0,1,SMB,2231533
CUST1696,INV006466,17334.44,2026-08-08,2026-10-07,,Overdue,0,22,3,20,1,0,52,1,1,SMB,4756797
CUST1908,INV006467,48981.73,2025-11-23,2026-01-22,,Overdue,224,17,4,13,1,2,53,0,0,SMB,2999311
CUST0719,INV006468,31694.28,2026-06-26,2026-08-10,2026-08-25,Paid,0,17,2,13,0,2,14,0,1,SMB,717540
CUST0781,INV006469,22190.89,2025-05-05,2025-06-04,2025-06-19,Paid,0,18,5,18,1,6,32,0,1,Mid-Market,757173
CUST1020,INV006470,27017.9,2025-07-29,2025-08-28,2025-09-22,Paid,0,26,6,20,0,7,83,1,1,SMB,3353364
CUST1218,INV006471,11069.97,2025-05-13,2025-06-27,2025-07-01,Paid,0,15,0,9,0,6,72,0,1,Mid-Market,2341136
CUST1404,INV006472,16218.38,2026-05-18,2026-07-17,2026-08-02,Paid,0,23,3,16,0,5,35,0,1,Mid-Market,738332
CUST1427,INV006473,12324.75,2025-06-06,2025-07-06,2025-07-25,Paid,0,28,8,19,1,5,49,1,1,SMB,2992775
CUST0664,INV006474,54251.0,2026-07-13,2026-08-12,2026-09-08,Paid,0,28,6,28,2,1,14,0,1,SMB,1245885
CUST1773,INV006475,20026.24,2026-01-17,2026-02-16,,Overdue,199,20,6,17,1,7,59,1,0,Enterprise,287068
CUST0600,INV006476,6016.65,2025-01-22,2025-02-21,2025-03-01,Paid,0,4,1,8,1,2,5,1,1,SMB,738152
CUST0011,INV006477,10684.64,2026-08-18,2026-09-17,,Overdue,0,4,1,31,1,2,32,0,1,SMB,4514344
CUST0187,INV006478,5000.0,2026-02-23,2026-04-24,,Overdue,132,5,2,25,0,1,88,0,0,Mid-Market,4679375
CUST0726,INV006479,13433.51,2026-04-17,2026-05-17,,Overdue,109,15,6,22,1,3,22,0,0,Mid-Market,3474083
CUST1039,INV006480,22871.46,2025-08-22,2025-09-21,2025-10-07,Paid,0,2,1,15,0,1,61,1,1,SMB,4946799
CUST0778,INV006481,19223.03,2026-07-26,2026-09-24,,Overdue,0,11,4,12,0,1,21,1,1,Mid-Market,1761952
CUST1321,INV006482,159556.66,2026-03-30,2026-04-29,2026-04-29,Paid,0,23,3,0,2,4,33,0,1,SMB,3816001
CUST0411,INV006483,39140.23,2026-07-24,2026-09-22,,Overdue,0,3,0,24,1,3,79,0,1,SMB,3033516
CUST0956,INV006484,37438.39,2025-06-11,2025-06-26,,Overdue,434,11,1,0,2,1,51,1,1,SMB,473177
CUST0585,INV006485,5000.0,2025-10-28,2025-12-27,2026-01-13,Paid,0,3,2,14,1,4,48,0,1,Mid-Market,1003692
CUST1076,INV006486,15296.17,2025-11-02,2025-12-02,2025-12-06,Paid,0,11,3,9,0,6,15,0,1,SMB,3542963
CUST1664,INV006487,13539.1,2025-01-02,2025-03-03,2025-03-14,Paid,0,29,4,17,1,2,3,1,1,SMB,1517172
CUST1052,INV006488,10035.85,2025-09-28,2025-10-28,,Overdue,310,2,0,9,2,6,57,0,0,Mid-Market,3394250
CUST0577,INV006489,9898.31,2026-02-25,2026-03-27,,Overdue,160,22,7,14,2,0,56,0,0,SMB,858258
CUST1041,INV006490,5000.0,2025-05-23,2025-06-22,2025-06-22,Paid,0,20,3,7,0,3,62,0,1,Mid-Market,4559322
CUST1375,INV006491,6149.63,2026-06-19,2026-07-19,,Overdue,46,20,4,13,1,6,18,0,1,SMB,217527
CUST1452,INV006492,52790.86,2025-02-06,2025-03-08,2025-03-08,Paid,0,15,2,4,1,4,72,1,1,Mid-Market,3251208
CUST1674,INV006493,19093.16,2025-04-17,2025-06-16,2025-06-29,Paid,0,8,5,12,0,5,83,0,1,Mid-Market,538051
CUST1855,INV006494,13274.47,2025-10-24,2025-11-23,,Overdue,284,28,6,4,0,3,56,1,0,Enterprise,4482027
CUST1253,INV006495,21907.6,2025-04-07,2025-05-22,2025-06-20,Paid,0,2,1,30,0,7,48,0,1,SMB,94816
CUST1790,INV006496,70784.17,2025-10-08,2025-11-07,2025-11-08,Paid,0,23,9,0,2,4,5,0,1,Mid-Market,3764755
CUST0989,INV006497,22119.4,2025-04-20,2025-06-04,,Overdue,456,18,7,3,1,7,14,1,0,SMB,736268
CUST1234,INV006498,37811.71,2026-07-03,2026-08-02,2026-08-09,Paid,0,22,5,8,0,2,41,0,1,SMB,4052981
CUST1455,INV006499,9446.46,2026-07-06,2026-09-04,,Overdue,0,29,6,7,1,7,60,0,1,SMB,730667
CUST1318,INV006500,11865.26,2026-08-20,2026-09-19,,Overdue,0,21,7,20,2,2,50,0,1,Mid-Market,4538155
CUST0743,INV006501,31381.6,2025-07-07,2025-08-06,,Overdue,393,8,1,12,1,6,63,0,0,Mid-Market,4789400
CUST1777,INV006502,146188.73,2026-05-03,2026-06-02,2026-06-02,Paid,0,22,7,4,0,0,65,1,1,Mid-Market,901161
CUST1606,INV006503,92021.25,2025-12-20,2026-02-03,2026-02-13,Paid,0,12,4,8,0,2,32,0,1,Mid-Market,4340697
CUST1128,INV006504,39451.53,2025-01-19,2025-03-05,,Overdue,547,23,8,18,1,5,18,0,0,SMB,903392
CUST0204,INV006505,25627.82,2026-01-28,2026-03-14,2026-03-14,Paid,0,6,0,0,1,2,18,0,1,Enterprise,4790039
CUST1077,INV006506,89417.29,2025-09-18,2025-10-03,,Overdue,335,24,6,1,3,6,41,0,0,SMB,4557167
CUST0974,INV006507,48760.62,2026-02-14,2026-03-16,,Overdue,171,2,0,9,3,0,75,0,0,SMB,975779
CUST0940,INV006508,5000.0,2026-02-07,2026-04-08,,Overdue,148,12,6,14,0,3,70,0,0,Mid-Market,2015730
CUST1399,INV006509,7677.65,2026-04-29,2026-05-29,,Overdue,97,23,6,12,0,2,51,0,0,Mid-Market,4234238
CUST1866,INV006510,30888.53,2025-10-31,2025-11-15,2025-11-28,Paid,0,21,5,14,0,3,36,0,1,Enterprise,3427932
CUST1078,INV006511,5000.0,2025-01-18,2025-03-04,2025-03-24,Paid,0,12,2,11,0,0,5,0,1,Mid-Market,2277039
CUST1300,INV006512,8976.91,2025-07-03,2025-08-02,2025-08-15,Paid,0,13,5,19,3,1,34,0,1,Mid-Market,1183754
CUST1359,INV006513,10940.04,2026-02-09,2026-03-26,2026-04-05,Paid,0,9,2,9,1,2,15,0,1,SMB,543992
CUST1055,INV006514,17048.78,2025-05-11,2025-06-10,2025-06-21,Paid,0,15,5,5,0,3,9,0,1,Enterprise,4073278
CUST1159,INV006515,16524.01,2026-04-24,2026-06-23,2026-06-24,Paid,0,11,5,0,0,5,81,1,1,Enterprise,4872684
CUST1082,INV006516,16496.11,2025-01-08,2025-03-09,2025-03-17,Paid,0,9,0,9,0,4,11,0,1,SMB,4006778
CUST0105,INV006517,50277.23,2025-11-14,2025-12-29,2026-01-14,Paid,0,24,6,11,2,5,42,0,1,Enterprise,3653110
CUST1290,INV006518,16895.05,2026-01-26,2026-02-25,,Overdue,190,8,2,9,1,4,63,0,0,SMB,476674
CUST1546,INV006519,14993.47,2026-06-03,2026-07-03,2026-07-06,Paid,0,20,4,0,2,1,41,0,1,SMB,3080555
CUST1520,INV006520,5714.88,2025-05-16,2025-07-15,,Overdue,415,28,6,15,0,2,61,0,0,Enterprise,3673425
CUST0253,INV006521,61349.74,2026-06-15,2026-07-15,,Overdue,50,24,6,12,3,2,30,0,0,Enterprise,1126941
CUST0295,INV006522,11254.27,2026-01-02,2026-02-16,,Overdue,199,18,2,18,0,2,13,0,1,SMB,451067
CUST0668,INV006523,7427.69,2026-05-04,2026-06-03,,Overdue,92,11,4,10,2,4,75,1,0,SMB,3438445
CUST1182,INV006524,27257.68,2025-01-11,2025-02-10,2025-02-23,Paid,0,5,1,2,1,1,7,0,1,SMB,1061930
CUST0549,INV006525,10229.78,2026-07-07,2026-08-06,2026-08-06,Paid,0,4,1,11,1,4,58,0,1,Mid-Market,3120771
CUST0631,INV006526,13017.47,2026-03-22,2026-04-21,,Overdue,135,21,4,31,1,2,42,0,1,Mid-Market,237771
CUST1091,INV006527,28522.83,2025-04-24,2025-06-08,,Overdue,452,5,1,5,0,1,64,1,0,Enterprise,3150498
CUST1778,INV006528,15891.15,2025-07-15,2025-08-29,,Overdue,370,21,7,9,0,4,45,1,0,SMB,4822945
CUST0299,INV006529,222261.38,2025-11-19,2025-12-04,2025-12-10,Paid,0,7,1,3,0,5,85,0,1,Mid-Market,3255599
CUST1487,INV006530,20438.41,2026-05-27,2026-06-26,2026-07-03,Paid,0,17,8,11,0,2,71,0,1,SMB,3099316
CUST1749,INV006531,40857.2,2025-06-14,2025-08-13,,Overdue,386,29,7,3,2,7,22,1,0,Mid-Market,3870671
CUST1844,INV006532,5000.0,2025-09-09,2025-10-24,2025-11-07,Paid,0,18,8,9,1,1,4,0,1,Mid-Market,3299479
CUST0101,INV006533,9314.72,2025-02-13,2025-03-15,,Overdue,537,23,10,23,1,6,79,1,0,SMB,4520013
CUST1080,INV006534,7428.55,2026-04-15,2026-05-15,2026-05-28,Paid,0,1,0,19,1,7,39,0,1,Enterprise,1433875
CUST0332,INV006535,8481.31,2026-05-04,2026-07-03,,Overdue,62,16,4,11,1,6,85,0,1,Mid-Market,2304736
CUST0836,INV006536,33374.19,2025-06-30,2025-07-30,,Overdue,400,9,1,11,1,1,41,0,0,SMB,4421545
CUST1775,INV006537,62041.89,2025-03-18,2025-05-17,,Overdue,474,12,5,20,0,0,41,0,0,Mid-Market,4199287
CUST0393,INV006538,31089.66,2026-01-09,2026-02-23,,Overdue,192,19,6,0,0,1,41,1,0,SMB,3294967
CUST1767,INV006539,17559.59,2025-03-08,2025-04-22,2025-05-10,Paid,0,11,3,7,2,5,28,1,1,Mid-Market,647904
CUST0874,INV006540,11721.09,2026-06-09,2026-08-08,,Overdue,26,6,1,26,1,0,43,0,0,SMB,2971989
CUST0381,INV006541,67077.22,2025-04-02,2025-05-17,,Overdue,474,4,2,19,1,2,64,0,0,SMB,1570982
CUST0092,INV006542,174775.13,2025-09-01,2025-09-16,,Overdue,352,16,3,10,1,0,6,0,0,Mid-Market,3816484
CUST1815,INV006543,25211.5,2025-12-07,2026-01-06,2026-01-06,Paid,0,3,1,0,1,7,66,0,1,SMB,789574
CUST0447,INV006544,56351.44,2025-10-31,2025-11-15,2025-11-15,Paid,0,8,1,0,0,2,31,0,1,Enterprise,1751243
CUST0109,INV006545,31050.5,2026-02-02,2026-03-04,2026-03-04,Paid,0,16,5,0,0,2,9,0,1,SMB,1000162
CUST0317,INV006546,46887.43,2026-03-24,2026-04-08,,Overdue,148,29,9,0,1,5,1,1,0,SMB,2820742
CUST1192,INV006547,6873.67,2025-04-07,2025-05-07,2025-05-07,Paid,0,2,0,3,1,3,15,0,1,Mid-Market,2818705
CUST1836,INV006548,13519.17,2025-11-27,2025-12-12,2026-01-05,Paid,0,13,1,22,1,7,23,0,1,Mid-Market,1900924
CUST1944,INV006549,32711.09,2025-07-24,2025-08-23,2025-08-31,Paid,0,19,3,0,2,5,17,0,1,Mid-Market,2572919
CUST1459,INV006550,74049.64,2026-03-25,2026-05-24,,Overdue,102,24,7,4,1,0,58,1,1,SMB,4072261
CUST0442,INV006551,9719.27,2026-02-22,2026-04-08,,Overdue,148,16,2,17,0,1,71,1,0,Enterprise,2588143
CUST0218,INV006552,5000.0,2025-03-18,2025-05-17,,Overdue,474,19,4,13,3,1,67,0,0,Mid-Market,3506653
CUST1246,INV006553,13382.93,2026-07-03,2026-08-02,2026-08-11,Paid,0,8,3,16,2,6,53,0,1,Mid-Market,3683795
CUST0673,INV006554,60483.79,2026-03-01,2026-03-31,,Overdue,156,23,3,11,0,5,83,1,0,SMB,4581211
CUST1552,INV006555,5000.0,2026-03-05,2026-04-04,2026-04-27,Paid,0,2,1,23,0,7,30,0,1,Mid-Market,514462
CUST0278,INV006556,6789.14,2026-04-30,2026-05-30,,Overdue,96,1,0,18,1,6,10,1,1,Mid-Market,3062359
CUST1009,INV006557,25743.01,2025-05-15,2025-06-14,2025-06-14,Paid,0,17,2,1,0,7,55,1,1,SMB,4455813
CUST0569,INV006558,19614.59,2025-09-11,2025-09-26,,Overdue,342,18,4,5,0,7,42,0,0,Enterprise,3726158
CUST1598,INV006559,39913.36,2026-07-14,2026-08-13,,Overdue,21,7,2,14,0,5,48,0,1,SMB,4690176
CUST1010,INV006560,6446.38,2025-09-12,2025-10-27,,Overdue,311,9,2,12,1,6,82,0,0,SMB,3692693
CUST0875,INV006561,15915.06,2026-05-14,2026-06-28,,Overdue,67,23,3,22,2,5,23,0,1,SMB,1034156
CUST0466,INV006562,72779.19,2026-04-29,2026-05-29,,Overdue,97,3,0,24,1,2,87,1,0,SMB,4755907
CUST0839,INV006563,6681.54,2025-02-15,2025-03-17,,Overdue,535,24,5,22,0,0,4,0,0,Mid-Market,814265
CUST0754,INV006564,96462.76,2026-03-19,2026-04-18,,Overdue,138,24,5,11,0,4,73,0,1,SMB,3160691
CUST1626,INV006565,7574.81,2026-08-05,2026-08-20,,Overdue,14,25,4,23,1,1,75,1,1,Mid-Market,3049610
CUST1608,INV006566,51502.29,2026-08-02,2026-10-01,,Overdue,0,11,3,24,1,4,65,0,0,Mid-Market,4211603
CUST0838,INV006567,15169.49,2025-01-04,2025-03-05,2025-03-05,Paid,0,28,6,14,0,0,10,0,1,SMB,2600982
CUST0030,INV006568,7009.99,2025-01-01,2025-01-16,2025-01-16,Paid,0,16,5,0,0,7,14,0,1,SMB,3785444
CUST0359,INV006569,13401.22,2025-10-17,2025-11-16,,Overdue,291,29,8,2,1,1,36,0,0,Enterprise,1235111
CUST1943,INV006570,37984.34,2025-04-19,2025-05-19,,Overdue,472,9,1,7,2,4,88,0,0,Mid-Market,4770553
CUST1312,INV006571,21876.01,2026-07-29,2026-08-28,,Overdue,6,12,4,8,0,7,28,1,1,Enterprise,1187411
CUST0086,INV006572,67404.66,2026-04-05,2026-06-04,2026-06-16,Paid,0,14,3,4,0,6,59,0,1,SMB,2815331
CUST1258,INV006573,92571.82,2025-09-23,2025-11-07,,Overdue,300,25,4,8,1,1,4,1,0,SMB,271552
CUST0747,INV006574,6747.78,2025-05-18,2025-06-17,2025-06-21,Paid,0,4,0,17,0,5,78,0,1,SMB,388540
CUST0313,INV006575,6271.25,2026-03-10,2026-03-25,,Overdue,162,26,7,14,1,7,69,0,0,SMB,3669348
CUST0365,INV006576,5974.2,2025-02-13,2025-03-30,2025-04-08,Paid,0,4,1,7,1,3,17,0,1,Enterprise,4718170
CUST1801,INV006577,8962.49,2026-05-25,2026-06-24,,Overdue,71,11,4,17,1,3,37,0,0,Enterprise,1905797
CUST1823,INV006578,66450.63,2025-09-19,2025-10-19,2025-10-28,Paid,0,2,1,17,0,7,62,0,1,Mid-Market,4687370
CUST1863,INV006579,38575.09,2025-06-01,2025-07-01,,Overdue,429,24,8,16,1,6,31,1,0,SMB,3507521
CUST0905,INV006580,12771.51,2025-08-01,2025-08-31,2025-09-06,Paid,0,18,3,12,1,2,28,0,1,SMB,1148657
CUST1293,INV006581,21783.27,2025-08-22,2025-10-06,2025-10-19,Paid,0,3,0,15,0,0,53,0,1,Mid-Market,4943180
CUST0698,INV006582,89707.13,2025-12-27,2026-01-26,,Overdue,220,25,3,12,3,1,36,0,0,Mid-Market,3752418
CUST0131,INV006583,148451.09,2025-11-16,2025-12-16,2025-12-26,Paid,0,2,0,9,0,4,26,0,1,SMB,2010155
CUST0803,INV006584,28549.2,2025-08-10,2025-09-09,2025-09-19,Paid,0,1,0,18,1,1,86,1,1,Mid-Market,3251078
CUST0789,INV006585,5000.0,2025-07-29,2025-08-28,,Overdue,371,5,2,21,1,1,28,0,0,SMB,2428907
CUST1856,INV006586,29652.07,2026-01-31,2026-03-17,2026-03-22,Paid,0,7,2,4,0,5,61,0,1,SMB,3529000
CUST0351,INV006587,56091.98,2026-08-06,2026-09-05,,Overdue,0,20,6,35,2,4,22,0,1,Mid-Market,4216233
CUST0180,INV006588,27574.1,2026-05-04,2026-06-18,2026-06-21,Paid,0,4,1,1,1,5,50,1,1,SMB,895474
CUST1826,INV006589,45547.68,2026-04-09,2026-05-09,,Overdue,117,27,7,11,0,4,35,0,1,Mid-Market,4162732
CUST1504,INV006590,31478.67,2026-03-28,2026-04-27,2026-05-09,Paid,0,3,0,18,0,5,82,0,1,SMB,4441401
CUST1913,INV006591,6408.33,2026-02-17,2026-04-03,2026-04-13,Paid,0,6,2,15,3,3,69,0,1,Enterprise,2432962
CUST1187,INV006592,9079.38,2026-04-21,2026-06-05,2026-06-05,Paid,0,12,1,2,1,2,11,0,1,Mid-Market,2132963
CUST1807,INV006593,15976.08,2025-09-13,2025-10-13,,Overdue,325,29,6,14,2,7,88,1,0,Mid-Market,2476277
CUST1912,INV006594,63921.74,2025-05-30,2025-06-29,,Overdue,431,16,2,27,0,4,38,0,0,Enterprise,798692
CUST1120,INV006595,10240.6,2025-05-07,2025-05-22,,Overdue,469,8,4,10,0,1,59,0,0,SMB,3080855
CUST0774,INV006596,34748.88,2026-01-27,2026-03-13,,Overdue,174,11,5,0,1,6,45,0,1,SMB,4437373
CUST0510,INV006597,29842.61,2026-04-25,2026-05-10,,Overdue,116,13,5,0,1,3,44,0,1,Mid-Market,3127099
CUST0365,INV006598,107602.3,2026-02-01,2026-03-03,,Overdue,184,14,6,23,2,0,25,0,0,Enterprise,4718170
CUST0981,INV006599,21127.28,2026-02-06,2026-03-08,,Overdue,179,27,7,8,1,7,16,1,0,SMB,2834067
CUST0353,INV006600,5000.0,2025-10-01,2025-10-31,,Overdue,307,18,7,12,0,3,20,0,0,Mid-Market,4125837
CUST0800,INV006601,42060.76,2025-05-19,2025-07-03,,Overdue,427,22,4,15,3,6,54,0,0,Enterprise,342575
CUST1460,INV006602,186848.84,2025-04-13,2025-05-13,2025-05-19,Paid,0,8,2,0,1,3,13,0,1,Mid-Market,4687203
CUST1107,INV006603,44908.54,2025-08-30,2025-09-29,2025-10-23,Paid,0,1,0,22,0,3,35,0,1,SMB,4272102
CUST1249,INV006604,10020.0,2025-04-27,2025-05-12,2025-06-08,Paid,0,4,0,30,0,5,12,0,1,Enterprise,3449752
CUST0412,INV006605,7465.55,2025-08-02,2025-09-01,2025-09-08,Paid,0,17,6,8,0,1,63,0,1,Enterprise,211445
CUST0735,INV006606,8493.29,2026-04-29,2026-05-29,2026-06-15,Paid,0,20,3,11,0,4,4,1,1,SMB,2938939
CUST0981,INV006607,163294.71,2026-06-13,2026-07-13,2026-08-06,Paid,0,27,9,19,0,2,36,0,1,SMB,2834067
CUST0118,INV006608,15877.73,2025-08-12,2025-09-11,2025-09-25,Paid,0,25,9,7,1,6,82,0,1,SMB,4463359
CUST0482,INV006609,11354.35,2025-09-27,2025-11-11,,Overdue,296,22,6,23,0,5,9,1,0,Mid-Market,4952825
CUST0192,INV006610,18799.08,2025-05-14,2025-06-28,2025-07-16,Paid,0,6,0,17,2,6,74,1,1,Enterprise,4402892
CUST0591,INV006611,16044.04,2025-04-24,2025-05-24,2025-06-18,Paid,0,5,1,25,1,6,10,0,1,SMB,1840008
CUST0590,INV006612,105625.0,2026-03-17,2026-04-16,,Overdue,140,14,2,0,0,0,53,1,0,SMB,2752882
CUST0659,INV006613,7986.62,2025-12-31,2026-01-30,2026-02-07,Paid,0,19,3,16,0,2,8,0,1,Mid-Market,1648099
CUST0107,INV006614,71728.49,2025-08-20,2025-09-19,2025-10-08,Paid,0,14,5,16,0,5,59,0,1,SMB,2304614
CUST0382,INV006615,24886.78,2026-04-03,2026-06-02,,Overdue,93,2,0,19,2,1,19,0,0,Mid-Market,3379693
CUST0783,INV006616,73646.1,2026-01-10,2026-03-11,2026-03-30,Paid,0,9,0,11,3,2,44,0,1,SMB,729447
CUST0390,INV006617,107217.96,2025-07-26,2025-08-25,,Overdue,374,25,3,3,3,5,44,0,1,Mid-Market,2145588
CUST0244,INV006618,23975.74,2026-06-04,2026-07-04,,Overdue,61,7,3,0,0,7,34,1,1,SMB,2201061
CUST0585,INV006619,16073.65,2026-04-13,2026-05-28,,Overdue,98,18,5,7,1,6,53,0,1,Mid-Market,1003692
CUST0869,INV006620,23533.47,2026-03-19,2026-04-18,,Overdue,138,20,7,6,0,2,3,0,1,Enterprise,4726029
CUST0468,INV006621,20034.87,2025-11-17,2025-12-17,,Overdue,260,11,2,8,0,0,87,0,0,Enterprise,4751669
CUST0866,INV006622,5000.0,2025-04-03,2025-05-03,2025-05-10,Paid,0,8,1,10,1,7,2,0,1,Mid-Market,339220
CUST0934,INV006623,104034.76,2026-02-12,2026-03-14,,Overdue,173,26,7,0,0,3,60,1,0,Mid-Market,4351400
CUST1562,INV006624,28163.58,2025-06-07,2025-06-22,2025-07-01,Paid,0,22,6,2,0,4,46,0,1,SMB,3798294
CUST1234,INV006625,6883.63,2025-04-09,2025-05-09,2025-05-14,Paid,0,21,2,7,0,6,15,0,1,SMB,4052981
CUST0604,INV006626,5000.0,2025-08-13,2025-09-12,,Overdue,356,27,10,16,4,4,7,0,0,SMB,1218932
CUST1661,INV006627,5000.0,2026-03-17,2026-05-01,,Overdue,125,10,4,6,2,5,61,0,0,Mid-Market,1811369
CUST1015,INV006628,47594.88,2026-08-08,2026-09-22,2026-10-11,Paid,0,18,2,16,1,2,35,1,1,Mid-Market,4859045
CUST1971,INV006629,11861.14,2026-02-05,2026-04-06,,Overdue,150,17,1,29,2,0,35,0,1,SMB,696275
CUST1097,INV006630,13976.03,2026-07-25,2026-08-09,2026-08-23,Paid,0,17,6,12,0,4,69,0,1,SMB,1083668
CUST1659,INV006631,35887.86,2025-03-05,2025-04-04,2025-04-29,Paid,0,1,1,28,1,7,49,1,1,SMB,1597419
CUST1333,INV006632,13147.04,2026-07-14,2026-08-13,,Overdue,21,27,6,24,0,4,83,0,1,SMB,3620118
CUST1720,INV006633,38044.98,2025-10-06,2025-11-20,,Overdue,287,22,4,17,0,7,2,0,0,SMB,1088218
CUST1723,INV006634,24228.0,2026-06-03,2026-07-03,2026-07-08,Paid,0,4,1,7,1,4,34,0,1,SMB,4159404
CUST1734,INV006635,20249.2,2025-09-05,2025-09-20,,Overdue,348,11,3,10,0,7,13,0,0,SMB,881257
CUST1614,INV006636,5000.0,2026-01-03,2026-02-02,,Overdue,213,9,3,21,1,2,64,1,0,SMB,1620889
CUST0860,INV006637,9703.76,2025-04-08,2025-06-07,,Overdue,453,9,3,13,1,7,35,1,0,SMB,1801498
CUST1210,INV006638,40236.72,2025-09-25,2025-11-24,,Overdue,283,3,0,31,1,1,78,0,0,Enterprise,884874
CUST1880,INV006639,11136.44,2025-03-01,2025-03-31,2025-04-05,Paid,0,6,1,9,0,2,35,0,1,Mid-Market,2964611
CUST1277,INV006640,73524.18,2026-05-15,2026-07-14,2026-07-19,Paid,0,6,1,11,1,2,26,0,1,SMB,1419391
CUST0013,INV006641,230130.39,2025-11-04,2025-11-19,,Overdue,288,10,5,31,2,7,44,1,0,Mid-Market,3971451
CUST0299,INV006642,42462.87,2026-05-08,2026-06-07,2026-06-10,Paid,0,10,4,2,0,1,7,0,1,Mid-Market,3255599
CUST1100,INV006643,98010.7,2026-02-15,2026-04-01,,Overdue,155,17,5,33,1,5,39,0,0,SMB,758175
CUST1075,INV006644,45284.82,2025-05-20,2025-06-19,,Overdue,441,15,6,0,0,7,85,1,1,Enterprise,4026974
CUST0787,INV006645,12909.75,2025-11-24,2025-12-24,2025-12-24,Paid,0,25,8,4,2,6,79,0,1,Mid-Market,2803913
CUST0149,INV006646,26907.27,2026-04-09,2026-06-08,2026-06-10,Paid,0,4,1,1,0,4,13,1,1,SMB,4277995
CUST1755,INV006647,164937.34,2025-06-12,2025-07-12,2025-07-18,Paid,0,22,4,0,0,6,84,0,1,Enterprise,1085408
CUST0122,INV006648,13048.73,2025-03-01,2025-04-30,2025-05-05,Paid,0,10,3,5,0,2,4,0,1,Enterprise,2569507
CUST1235,INV006649,7790.6,2025-01-31,2025-03-02,,Overdue,550,28,10,7,2,6,84,0,0,Mid-Market,1469920
CUST1304,INV006650,7085.5,2025-11-29,2025-12-29,2026-01-09,Paid,0,8,3,14,2,3,19,1,1,Mid-Market,4943091
CUST0538,INV006651,17720.38,2025-03-17,2025-04-16,2025-04-20,Paid,0,1,0,0,4,4,31,1,1,SMB,3796037
CUST1709,INV006652,8075.0,2025-11-13,2026-01-12,,Overdue,234,24,5,30,0,5,83,0,0,Mid-Market,4159070
CUST1180,INV006653,117479.54,2026-02-21,2026-03-23,2026-03-25,Paid,0,22,6,6,0,4,43,1,1,Mid-Market,572154
CUST1262,INV006654,27346.85,2025-07-09,2025-08-08,,Overdue,391,17,3,14,1,4,64,0,0,Mid-Market,366462
CUST0376,INV006655,58204.99,2026-05-04,2026-06-03,2026-06-10,Paid,0,12,1,6,3,2,2,0,1,SMB,3395647
CUST0082,INV006656,16339.4,2025-11-11,2025-12-26,,Overdue,251,12,2,12,2,0,22,0,0,Mid-Market,4868750
CUST0492,INV006657,7043.09,2025-10-23,2025-11-22,2025-11-22,Paid,0,25,6,15,1,0,81,0,1,Mid-Market,3255228
CUST0356,INV006658,5946.79,2026-05-16,2026-05-31,,Overdue,95,13,8,19,1,1,88,0,1,Mid-Market,535757
CUST0925,INV006659,8884.01,2025-06-26,2025-07-26,2025-07-30,Paid,0,25,8,0,0,0,76,0,1,SMB,4206004
CUST1297,INV006660,31179.79,2025-08-03,2025-09-02,,Overdue,366,26,5,30,0,4,22,0,0,SMB,1977716
CUST1604,INV006661,37044.79,2026-08-20,2026-09-19,,Overdue,0,14,5,0,0,6,84,1,1,SMB,3282452
CUST1068,INV006662,40263.32,2025-11-28,2025-12-28,,Overdue,249,8,1,14,4,6,67,0,0,SMB,4639058
CUST1005,INV006663,5000.0,2025-05-08,2025-07-07,,Overdue,423,14,4,15,2,3,15,1,0,Mid-Market,99976
CUST1597,INV006664,22017.45,2025-09-26,2025-10-11,2025-10-19,Paid,0,7,3,5,0,3,43,0,1,SMB,3040193
CUST0123,INV006665,7894.63,2026-07-05,2026-07-20,,Overdue,45,17,5,11,1,7,14,0,1,SMB,1306715
CUST1373,INV006666,32907.83,2026-06-19,2026-07-19,2026-07-21,Paid,0,11,1,14,0,4,74,0,1,Enterprise,1612518
CUST0708,INV006667,35563.57,2026-01-01,2026-03-02,2026-03-02,Paid,0,1,1,3,2,7,20,0,1,Mid-Market,3435744
CUST0330,INV006668,6821.45,2025-12-14,2025-12-29,2025-12-29,Paid,0,8,4,0,0,5,23,1,1,SMB,2134504
CUST1433,INV006669,57990.22,2025-05-22,2025-07-06,2025-07-11,Paid,0,13,2,7,0,2,54,1,1,SMB,3140930
CUST0991,INV006670,228392.96,2025-05-25,2025-07-24,,Overdue,406,26,5,31,0,6,73,1,0,Mid-Market,1161009
CUST0323,INV006671,50758.57,2025-09-02,2025-10-02,,Overdue,336,24,9,1,2,7,62,1,0,Mid-Market,412455
CUST1135,INV006672,18716.6,2026-03-18,2026-04-17,2026-04-17,Paid,0,17,8,6,1,2,62,0,1,Mid-Market,4507335
CUST0770,INV006673,16049.84,2025-10-17,2025-12-01,,Overdue,276,24,6,7,1,7,64,0,0,Mid-Market,3644804
CUST1113,INV006674,17871.03,2025-04-22,2025-06-06,2025-06-13,Paid,0,24,2,7,1,4,74,1,1,SMB,2059606
CUST0433,INV006675,10293.48,2025-08-02,2025-09-16,2025-09-25,Paid,0,12,5,0,4,4,53,0,1,Mid-Market,4804619
CUST0710,INV006676,28350.45,2025-07-19,2025-09-02,,Overdue,366,26,2,20,1,6,61,1,0,Mid-Market,4044528
CUST0794,INV006677,7055.32,2026-02-09,2026-03-11,2026-03-25,Paid,0,16,3,15,1,1,53,1,1,Mid-Market,965113
CUST0712,INV006678,5000.0,2026-02-25,2026-04-11,,Overdue,145,10,1,9,3,2,3,0,0,Mid-Market,2191912
CUST1123,INV006679,27435.74,2025-01-07,2025-02-06,,Overdue,574,29,7,0,0,0,12,1,0,Enterprise,1185627
CUST0539,INV006680,22499.16,2026-06-09,2026-07-09,2026-07-19,Paid,0,16,1,5,0,5,20,0,1,SMB,2173238
CUST0601,INV006681,12441.96,2026-08-15,2026-09-14,,Overdue,0,28,5,17,2,6,25,0,0,SMB,452980
CUST1170,INV006682,6107.69,2025-10-13,2025-11-12,,Overdue,295,3,1,16,0,6,89,1,0,SMB,4894747
CUST1718,INV006683,29429.24,2026-01-24,2026-02-08,2026-02-19,Paid,0,1,0,11,0,5,28,0,1,Mid-Market,3888187
CUST0257,INV006684,8183.09,2026-02-20,2026-03-22,,Overdue,165,19,5,17,1,0,16,0,0,Enterprise,1214795
CUST1213,INV006685,19169.11,2025-05-30,2025-06-29,2025-07-23,Paid,0,24,5,32,0,2,51,1,1,SMB,3583716
CUST1264,INV006686,128665.57,2026-03-04,2026-05-03,,Overdue,123,8,1,23,6,6,40,0,1,SMB,1464718
CUST0871,INV006687,42242.82,2025-10-20,2025-11-19,2025-11-19,Paid,0,16,7,0,0,3,21,0,1,SMB,2714749
CUST0899,INV006688,5601.93,2025-11-30,2026-01-14,,Overdue,232,28,8,29,0,4,71,1,0,SMB,2861139
CUST1527,INV006689,6155.79,2025-09-29,2025-10-29,,Overdue,309,15,6,10,1,5,76,1,0,SMB,1725502
CUST1732,INV006690,25637.7,2025-02-12,2025-03-14,2025-03-22,Paid,0,7,2,20,0,1,82,0,1,Mid-Market,328495
CUST0809,INV006691,5567.38,2026-04-13,2026-05-13,,Overdue,113,2,1,9,1,7,82,0,0,SMB,4226426
CUST0677,INV006692,5000.0,2025-11-15,2025-12-15,2025-12-15,Paid,0,13,5,0,0,1,11,0,1,SMB,4915313
CUST1843,INV006693,37510.34,2026-05-07,2026-06-06,2026-06-18,Paid,0,5,4,14,1,5,32,1,1,SMB,4260583
CUST0271,INV006694,30361.66,2026-06-11,2026-08-10,2026-09-13,Paid,0,10,2,25,2,6,47,0,1,Mid-Market,1608242
CUST1544,INV006695,34565.05,2025-06-21,2025-07-21,2025-07-26,Paid,0,8,3,2,0,1,45,1,1,SMB,1016649
CUST0550,INV006696,28653.62,2025-11-17,2025-12-17,2025-12-24,Paid,0,13,2,8,0,7,79,1,1,Mid-Market,1193647
CUST1138,INV006697,20633.87,2025-02-13,2025-02-28,,Overdue,552,19,8,32,1,0,18,0,0,SMB,2635917
CUST1363,INV006698,11359.52,2026-06-16,2026-07-01,,Overdue,64,6,1,25,1,6,86,0,0,Mid-Market,1377042
CUST0568,INV006699,36906.2,2026-03-30,2026-04-14,,Overdue,142,18,7,21,0,5,6,0,1,SMB,2431486
CUST1967,INV006700,101710.26,2025-03-24,2025-05-08,,Overdue,483,8,1,19,0,3,59,0,0,SMB,318449
CUST0986,INV006701,13343.32,2026-06-27,2026-07-27,,Overdue,38,9,2,15,0,3,86,0,0,SMB,1474663
CUST0359,INV006702,7936.76,2025-11-18,2025-12-18,2025-12-18,Paid,0,17,0,3,0,5,6,1,1,Enterprise,1235111
CUST1674,INV006703,7078.95,2025-08-22,2025-09-21,,Overdue,347,4,1,7,1,1,15,0,0,Mid-Market,538051
CUST1638,INV006704,9258.24,2026-06-24,2026-07-24,2026-08-20,Paid,0,22,3,25,1,4,61,1,1,SMB,4788202
CUST1358,INV006705,26973.19,2025-09-09,2025-09-24,,Overdue,344,18,4,10,1,7,30,1,0,SMB,2213349
CUST1713,INV006706,5000.0,2026-03-25,2026-04-24,2026-04-24,Paid,0,6,2,0,0,4,46,0,1,Mid-Market,4039284
CUST1193,INV006707,34172.29,2025-08-27,2025-10-11,,Overdue,327,11,4,13,1,5,84,0,0,SMB,4374660
CUST1363,INV006708,41936.55,2026-05-05,2026-06-04,,Overdue,91,23,5,0,2,4,17,1,0,Mid-Market,1377042
CUST0798,INV006709,5000.0,2026-04-09,2026-05-24,,Overdue,102,22,6,5,1,1,75,0,0,Mid-Market,4631025
CUST1285,INV006710,8273.56,2025-11-10,2025-12-10,2025-12-10,Paid,0,10,1,0,0,4,84,0,1,SMB,486542
CUST0887,INV006711,23853.37,2025-06-24,2025-08-08,,Overdue,391,26,10,12,1,2,84,0,0,Mid-Market,862283
CUST1759,INV006712,19082.56,2025-06-29,2025-08-28,,Overdue,371,11,2,14,0,1,8,0,0,SMB,1521926
CUST1223,INV006713,37035.7,2026-01-20,2026-02-19,,Overdue,196,8,1,27,0,3,50,0,0,SMB,4235224
CUST0211,INV006714,19127.13,2025-10-22,2025-11-21,2025-12-07,Paid,0,21,5,18,1,7,17,0,1,Mid-Market,4070120
CUST0287,INV006715,78023.83,2025-08-03,2025-09-02,2025-09-07,Paid,0,3,1,7,0,0,57,0,1,SMB,3381106
CUST1716,INV006716,15975.8,2025-03-16,2025-04-15,2025-04-15,Paid,0,2,1,3,1,5,58,0,1,Enterprise,4990359
CUST1786,INV006717,8241.74,2025-12-10,2025-12-25,,Overdue,252,18,8,16,1,2,76,0,0,Enterprise,3871615
CUST0743,INV006718,7604.98,2025-05-22,2025-07-06,2025-07-14,Paid,0,2,0,0,1,6,86,0,1,Mid-Market,4789400
CUST1496,INV006719,45957.32,2025-07-18,2025-08-02,2025-08-29,Paid,0,26,3,27,0,0,27,0,1,Mid-Market,1658795
CUST1506,INV006720,22688.67,2025-06-20,2025-07-20,,Overdue,410,12,4,16,2,2,58,0,0,SMB,2759236
CUST1047,INV006721,41511.09,2026-02-10,2026-03-27,2026-04-01,Paid,0,5,2,0,0,1,51,0,1,SMB,970114
CUST1584,INV006722,40664.98,2025-08-16,2025-09-30,,Overdue,338,26,7,4,0,3,47,1,0,SMB,1003122
CUST1133,INV006723,5000.0,2026-02-15,2026-03-02,2026-03-06,Paid,0,4,0,7,1,2,57,0,1,SMB,1040029
CUST0296,INV006724,7043.9,2025-03-03,2025-04-17,,Overdue,504,16,4,11,1,1,50,0,0,Mid-Market,510796
CUST0006,INV006725,7937.67,2025-11-23,2026-01-22,2026-02-03,Paid,0,14,4,15,1,3,31,1,1,SMB,1017561
CUST0550,INV006726,9739.41,2025-05-13,2025-05-28,,Overdue,463,2,0,9,0,0,29,0,0,Mid-Market,1193647
CUST0681,INV006727,14467.28,2026-08-07,2026-09-06,,Overdue,0,21,7,15,0,6,24,1,1,Mid-Market,319160
CUST1892,INV006728,59823.25,2026-08-13,2026-09-27,2026-10-10,Paid,0,7,1,7,0,2,63,1,1,SMB,3905288
CUST0795,INV006729,73019.54,2025-07-08,2025-08-22,,Overdue,377,21,4,26,2,1,68,0,0,SMB,2742794
CUST0203,INV006730,16434.03,2025-12-22,2026-01-21,2026-02-13,Paid,0,11,5,20,1,2,78,0,1,SMB,2700235
CUST0325,INV006731,17132.27,2025-03-12,2025-04-11,,Overdue,510,24,6,23,2,4,77,0,1,Enterprise,1084586
CUST0825,INV006732,10878.75,2025-09-20,2025-11-04,2025-11-17,Paid,0,12,0,16,1,2,23,1,1,Mid-Market,4872139
CUST1809,INV006733,24081.22,2025-11-02,2026-01-01,,Overdue,245,22,4,24,2,5,8,0,0,SMB,2329042
CUST0244,INV006734,26971.09,2026-07-12,2026-08-26,,Overdue,8,29,9,0,4,3,13,1,0,SMB,2201061
CUST0327,INV006735,49339.27,2025-08-12,2025-10-11,2025-10-27,Paid,0,25,3,12,2,6,1,0,1,Mid-Market,3150581
CUST0987,INV006736,48944.33,2025-11-24,2025-12-24,2026-01-14,Paid,0,26,12,27,0,5,63,0,1,Mid-Market,2519146
CUST1071,INV006737,5000.0,2026-08-11,2026-10-10,,Overdue,0,5,3,22,2,4,27,0,1,SMB,4917951
CUST0761,INV006738,18910.17,2025-03-15,2025-04-29,2025-05-22,Paid,0,24,4,18,0,5,81,0,1,SMB,4560784
CUST1615,INV006739,87912.74,2026-05-26,2026-07-25,,Overdue,40,16,6,5,0,3,41,0,1,SMB,2449146
CUST1646,INV006740,14212.61,2025-05-22,2025-06-21,2025-07-13,Paid,0,22,7,19,1,0,9,0,1,Mid-Market,50917
CUST1037,INV006741,68819.46,2026-08-08,2026-09-22,,Overdue,0,7,1,17,1,6,27,0,1,SMB,1798982
CUST0907,INV006742,16212.67,2025-04-12,2025-05-12,2025-05-12,Paid,0,28,5,0,1,4,21,0,1,Mid-Market,3083449
CUST1404,INV006743,26236.94,2026-08-04,2026-08-19,,Overdue,15,8,1,22,1,4,46,0,1,Mid-Market,738332
CUST0365,INV006744,7066.42,2025-03-06,2025-04-05,2025-04-16,Paid,0,4,1,10,0,3,48,1,1,Enterprise,4718170
CUST1626,INV006745,7337.49,2025-07-12,2025-08-11,,Overdue,388,4,1,2,1,6,68,0,0,Mid-Market,3049610
CUST1366,INV006746,45501.09,2025-03-03,2025-03-18,2025-03-18,Paid,0,27,7,0,1,1,14,0,1,SMB,948332
CUST1884,INV006747,53200.24,2026-06-16,2026-08-15,2026-08-20,Paid,0,6,1,7,0,2,42,0,1,Mid-Market,4712315
CUST1816,INV006748,22616.36,2025-08-29,2025-10-13,,Overdue,325,2,0,15,1,6,59,0,0,Enterprise,4121495
CUST1245,INV006749,6454.13,2026-02-14,2026-04-15,,Overdue,141,9,4,8,1,0,75,0,0,Mid-Market,3911774
CUST0073,INV006750,23012.77,2025-10-27,2025-12-26,,Overdue,251,28,10,3,2,0,62,0,0,SMB,4575121
CUST1770,INV006751,77438.16,2025-07-14,2025-08-13,,Overdue,386,8,3,5,1,1,4,0,0,SMB,219934
CUST1796,INV006752,125852.58,2026-03-30,2026-04-29,,Overdue,127,18,3,14,1,3,59,0,0,SMB,4803292
CUST1649,INV006753,16047.24,2026-07-28,2026-08-27,,Overdue,7,28,4,22,0,0,34,0,1,Mid-Market,453157
CUST1070,INV006754,5000.0,2025-10-28,2025-11-27,,Overdue,280,12,3,13,3,2,5,0,0,SMB,2172827
CUST1528,INV006755,51039.93,2026-04-01,2026-05-01,,Overdue,125,16,4,30,0,1,32,1,0,SMB,234514
CUST0274,INV006756,16714.58,2025-07-21,2025-08-20,,Overdue,379,1,0,3,1,6,80,1,0,Enterprise,4998008
CUST1579,INV006757,56559.06,2025-10-29,2025-11-28,,Overdue,279,26,9,6,0,4,66,0,0,Mid-Market,1899916
CUST0208,INV006758,29175.14,2025-12-03,2026-01-02,,Overdue,244,20,6,18,0,2,35,0,0,Mid-Market,2353554
CUST1953,INV006759,9104.79,2025-02-01,2025-03-03,,Overdue,549,27,10,10,0,5,8,1,0,Mid-Market,4874574
CUST1885,INV006760,23347.48,2025-04-08,2025-04-23,,Overdue,498,4,0,23,1,3,57,0,0,SMB,2871839
CUST1639,INV006761,81498.38,2025-07-10,2025-09-08,2025-09-14,Paid,0,14,4,0,1,3,25,0,1,Enterprise,1596933
CUST0124,INV006762,18974.4,2026-06-25,2026-07-10,,Overdue,55,18,7,15,0,1,23,0,0,SMB,130257
CUST1034,INV006763,7825.91,2025-02-17,2025-03-19,,Overdue,533,5,1,19,0,4,36,1,0,SMB,3460580
CUST1353,INV006764,5000.0,2025-09-07,2025-10-07,,Overdue,331,28,11,0,0,5,25,0,0,SMB,1121984
CUST1211,INV006765,10176.49,2025-08-14,2025-09-28,2025-10-04,Paid,0,3,1,0,1,4,17,1,1,SMB,939493
CUST0543,INV006766,14615.88,2025-09-29,2025-10-29,,Overdue,309,19,8,6,0,6,63,1,0,SMB,640381
CUST1692,INV006767,50011.04,2026-04-30,2026-05-30,2026-05-30,Paid,0,12,4,0,1,5,64,1,1,Mid-Market,2488064
CUST0060,INV006768,7180.69,2025-11-24,2025-12-24,2026-01-05,Paid,0,26,6,11,2,1,37,0,1,SMB,3687820
CUST1785,INV006769,104167.13,2025-06-29,2025-08-28,,Overdue,371,28,3,19,0,1,85,0,0,Mid-Market,1852466
CUST0899,INV006770,5783.98,2025-01-23,2025-03-24,,Overdue,528,19,5,7,0,5,5,0,0,SMB,2861139
CUST0886,INV006771,226723.41,2026-01-05,2026-02-04,,Overdue,211,20,4,19,1,1,24,0,0,SMB,1157810
CUST1975,INV006772,123688.13,2025-09-02,2025-10-17,,Overdue,321,11,2,2,3,5,74,0,0,SMB,4511213
CUST0782,INV006773,25366.03,2025-06-09,2025-06-24,2025-06-24,Paid,0,21,2,4,0,6,66,0,1,Mid-Market,4560579
CUST0442,INV006774,5000.0,2026-01-08,2026-02-07,,Overdue,208,20,5,5,1,6,73,0,0,Enterprise,2588143
CUST1241,INV006775,20838.88,2025-10-12,2025-11-11,,Overdue,296,9,1,10,0,6,48,0,1,Enterprise,1411236
CUST0911,INV006776,14960.36,2026-06-05,2026-07-05,2026-07-12,Paid,0,20,9,0,0,4,30,1,1,Mid-Market,2585610
CUST1026,INV006777,6159.27,2026-03-26,2026-05-10,2026-05-11,Paid,0,27,8,0,0,3,39,0,1,SMB,1652970
CUST1560,INV006778,29466.51,2026-08-04,2026-10-03,2026-10-03,Paid,0,23,5,0,1,3,63,0,1,Enterprise,4653623
CUST1742,INV006779,9665.87,2025-05-16,2025-05-31,2025-06-02,Paid,0,26,5,14,1,2,57,0,1,Mid-Market,4030053
CUST0832,INV006780,10776.19,2025-04-06,2025-05-06,,Overdue,485,27,8,15,1,5,72,1,0,SMB,307354
CUST1008,INV006781,17967.53,2025-04-29,2025-05-29,,Overdue,462,5,1,0,2,3,61,0,0,Mid-Market,3417611
CUST1735,INV006782,12395.53,2026-01-09,2026-02-08,,Overdue,207,10,2,28,2,1,3,0,0,SMB,1896357
CUST1380,INV006783,175985.45,2025-10-01,2025-11-30,2025-11-30,Paid,0,9,1,0,0,2,4,0,1,Mid-Market,1040121
CUST0626,INV006784,12891.01,2025-06-26,2025-08-25,,Overdue,374,25,5,21,1,5,89,0,0,SMB,3217759
CUST1816,INV006785,34230.8,2025-10-04,2025-11-03,,Overdue,304,13,1,23,1,7,49,0,0,Enterprise,4121495
CUST1691,INV006786,25476.77,2025-05-18,2025-06-17,,Overdue,443,29,7,23,2,7,16,0,0,SMB,3201478
CUST1189,INV006787,31343.13,2025-05-12,2025-06-26,2025-07-12,Paid,0,29,11,6,0,7,23,0,1,SMB,2635171
CUST0998,INV006788,33829.5,2025-02-13,2025-03-15,,Overdue,537,8,1,13,2,0,26,0,0,SMB,1780992
CUST0734,INV006789,53175.95,2025-05-03,2025-07-02,2025-07-10,Paid,0,22,5,10,2,6,79,1,1,Mid-Market,2920574
CUST0091,INV006790,28751.52,2025-05-16,2025-05-31,,Overdue,460,13,2,30,0,7,26,1,0,SMB,1628638
CUST0167,INV006791,27581.37,2026-01-02,2026-02-01,,Overdue,214,28,6,9,0,4,25,0,0,SMB,3938577
CUST0959,INV006792,23352.91,2026-01-08,2026-01-23,,Overdue,223,27,8,26,1,2,42,0,0,SMB,3754697
CUST0207,INV006793,19179.21,2025-05-06,2025-06-05,2025-06-08,Paid,0,22,5,2,0,5,75,1,1,SMB,1354766
CUST1306,INV006794,8850.26,2026-03-15,2026-04-14,2026-04-18,Paid,0,28,8,6,0,7,77,0,1,Enterprise,3201396
CUST1089,INV006795,20725.74,2026-07-30,2026-09-13,2026-09-19,Paid,0,18,8,9,2,0,44,0,1,Enterprise,1711655
CUST1912,INV006796,28036.64,2025-02-20,2025-04-06,,Overdue,515,23,6,12,2,1,1,0,0,Enterprise,798692
CUST0516,INV006797,32930.83,2025-05-17,2025-06-16,2025-06-28,Paid,0,9,2,11,0,3,36,1,1,SMB,2304103
CUST1181,INV006798,26377.98,2025-06-07,2025-07-07,,Overdue,423,9,2,6,1,3,22,0,1,Enterprise,3518582
CUST1785,INV006799,17449.13,2025-02-25,2025-04-26,2025-05-03,Paid,0,2,1,0,1,2,5,1,1,Mid-Market,1852466
CUST1793,INV006800,20804.41,2026-08-16,2026-09-30,2026-10-02,Paid,0,25,7,0,1,5,19,1,1,Mid-Market,818223
CUST0747,INV006801,12661.91,2026-03-04,2026-04-03,,Overdue,153,7,1,18,1,0,87,0,0,SMB,388540
CUST0306,INV006802,30128.41,2026-03-19,2026-05-03,,Overdue,123,5,2,21,1,7,61,1,0,Enterprise,1949054
CUST1902,INV006803,17656.72,2025-11-22,2026-01-21,,Overdue,225,21,5,9,3,3,86,0,0,SMB,4882094
CUST0395,INV006804,26385.26,2025-03-21,2025-04-20,2025-04-24,Paid,0,6,4,4,1,6,57,0,1,SMB,487625
CUST1098,INV006805,59922.24,2026-04-19,2026-05-19,2026-05-19,Paid,0,13,5,0,1,6,21,1,1,SMB,2523199
CUST0187,INV006806,10836.13,2026-01-12,2026-02-11,,Overdue,204,24,8,26,1,5,67,0,0,Mid-Market,4679375
CUST1598,INV006807,40002.43,2025-11-29,2025-12-29,2026-01-15,Paid,0,18,1,17,0,1,53,0,1,SMB,4690176
CUST1361,INV006808,22770.25,2025-06-24,2025-08-08,,Overdue,391,3,0,0,1,0,60,0,0,Enterprise,4479899
CUST1700,INV006809,166240.96,2026-03-17,2026-04-16,,Overdue,140,10,3,15,0,0,61,0,0,Mid-Market,919446
CUST1592,INV006810,17742.17,2025-05-06,2025-07-05,,Overdue,425,23,6,13,1,3,75,0,0,Enterprise,243839
CUST0623,INV006811,44141.89,2025-08-07,2025-09-06,2025-09-25,Paid,0,3,1,22,1,2,12,0,1,SMB,1035132
CUST0730,INV006812,22367.26,2025-10-05,2025-11-04,,Overdue,303,1,1,14,1,2,42,0,1,SMB,1572534
CUST0240,INV006813,5495.56,2026-04-30,2026-06-14,2026-06-23,Paid,0,6,2,11,0,2,89,1,1,SMB,1862336
CUST0533,INV006814,13086.17,2026-08-18,2026-09-17,,Overdue,0,23,4,18,1,3,48,1,1,Enterprise,289779
CUST0141,INV006815,53128.62,2025-05-21,2025-06-20,,Overdue,440,16,4,22,0,4,85,0,0,Enterprise,4168893
CUST1289,INV006816,14289.86,2025-04-20,2025-05-20,,Overdue,471,25,6,12,2,1,71,0,0,SMB,2112087
CUST0139,INV006817,5000.0,2025-02-21,2025-03-08,2025-03-13,Paid,0,17,6,1,0,1,75,0,1,SMB,3787859
CUST0459,INV006818,21345.52,2025-11-15,2026-01-14,,Overdue,232,27,10,18,2,2,65,0,0,SMB,3705074
CUST0070,INV006819,7388.38,2025-07-18,2025-08-17,,Overdue,382,16,3,18,1,2,78,0,0,Enterprise,1706321
CUST0385,INV006820,25130.0,2025-02-15,2025-04-01,,Overdue,520,25,6,15,2,1,47,0,0,Mid-Market,2214563
CUST0630,INV006821,103896.15,2026-05-20,2026-06-19,,Overdue,76,10,3,16,0,6,23,1,1,SMB,1242097
CUST0198,INV006822,47546.21,2026-06-24,2026-08-08,2026-08-16,Paid,0,7,0,7,0,3,43,0,1,Enterprise,173950
CUST0205,INV006823,102401.42,2026-05-29,2026-06-28,2026-07-10,Paid,0,8,4,13,0,7,69,0,1,Mid-Market,1790534
CUST1750,INV006824,12562.71,2025-01-17,2025-02-16,,Overdue,564,3,1,22,0,6,40,0,0,SMB,4958951
CUST0568,INV006825,19088.35,2025-11-11,2026-01-10,,Overdue,236,5,1,16,0,0,56,0,1,SMB,2431486
CUST1823,INV006826,7750.9,2026-03-12,2026-04-11,,Overdue,145,19,6,21,0,7,69,0,0,Mid-Market,4687370
CUST0982,INV006827,11113.95,2026-01-23,2026-03-09,,Overdue,178,7,3,21,0,1,66,0,0,Mid-Market,1424073
CUST0805,INV006828,8717.74,2025-03-18,2025-04-02,,Overdue,519,18,4,30,1,1,38,0,0,SMB,2657622
CUST1711,INV006829,5962.69,2026-01-06,2026-02-05,,Overdue,210,22,5,23,1,0,70,0,0,SMB,2559907
CUST0859,INV006830,86323.46,2025-06-14,2025-08-13,,Overdue,386,26,9,7,1,0,81,1,0,Mid-Market,318083
CUST0882,INV006831,5000.0,2025-01-24,2025-03-10,2025-03-10,Paid,0,18,6,8,0,4,5,0,1,Mid-Market,3660954
CUST0974,INV006832,86693.91,2025-02-04,2025-03-06,2025-03-06,Paid,0,25,4,0,0,7,78,0,1,SMB,975779
CUST0640,INV006833,76577.53,2026-05-29,2026-07-28,2026-08-10,Paid,0,6,3,4,0,5,60,1,1,SMB,563313
CUST1455,INV006834,36307.97,2026-04-06,2026-05-06,2026-05-27,Paid,0,5,1,17,0,1,47,0,1,SMB,730667
CUST1914,INV006835,7226.37,2025-05-18,2025-06-17,,Overdue,443,6,2,21,1,0,76,0,0,SMB,3516689
CUST0325,INV006836,5000.0,2026-07-28,2026-08-27,2026-09-04,Paid,0,29,8,3,0,5,40,0,1,Enterprise,1084586
CUST0442,INV006837,12728.47,2026-07-25,2026-08-24,,Overdue,10,28,6,20,0,1,24,0,1,Enterprise,2588143
CUST0804,INV006838,41155.81,2025-09-22,2025-10-22,2025-11-01,Paid,0,6,1,14,1,7,18,0,1,Mid-Market,1692425
CUST0288,INV006839,22094.05,2025-11-29,2025-12-29,,Overdue,248,22,7,23,0,0,75,0,0,Mid-Market,902746
CUST0226,INV006840,7758.16,2025-07-07,2025-09-05,,Overdue,363,26,4,24,0,2,89,1,0,SMB,2288673
CUST1088,INV006841,69439.06,2025-03-04,2025-04-03,2025-04-27,Paid,0,22,8,16,0,5,83,0,1,SMB,2620115
CUST0967,INV006842,118703.41,2025-10-06,2025-11-05,,Overdue,302,25,5,9,0,2,68,0,0,Mid-Market,4189289
CUST0938,INV006843,17560.39,2026-06-26,2026-07-11,,Overdue,54,23,5,15,2,5,62,1,0,Enterprise,3820771
CUST0560,INV006844,24571.36,2025-06-20,2025-07-20,2025-08-06,Paid,0,11,2,22,0,2,7,0,1,Mid-Market,642632
CUST0714,INV006845,5000.0,2026-05-18,2026-06-17,2026-07-11,Paid,0,17,3,24,0,7,82,0,1,SMB,335622
CUST0498,INV006846,14553.89,2026-06-17,2026-07-02,,Overdue,63,26,11,9,1,6,15,0,0,SMB,4377308
CUST0849,INV006847,36696.62,2025-10-26,2025-11-25,2025-12-15,Paid,0,9,1,25,0,1,79,0,1,Mid-Market,648506
CUST0926,INV006848,31409.21,2025-07-20,2025-08-19,,Overdue,380,22,6,11,1,1,66,0,0,SMB,1856684
CUST1941,INV006849,13257.68,2025-05-15,2025-06-29,,Overdue,431,16,5,38,0,1,36,0,0,SMB,3547831
CUST0060,INV006850,16743.35,2025-09-29,2025-11-28,,Overdue,279,10,0,7,1,3,59,1,0,SMB,3687820
CUST1421,INV006851,14083.92,2026-06-19,2026-07-19,,Overdue,46,15,6,4,2,5,71,0,1,SMB,3074015
CUST0257,INV006852,16672.82,2026-03-18,2026-04-17,,Overdue,139,8,1,21,1,2,29,0,0,Enterprise,1214795
CUST0577,INV006853,33632.05,2025-03-28,2025-04-12,,Overdue,509,14,4,20,0,7,25,0,0,SMB,858258
CUST0239,INV006854,5000.0,2025-01-31,2025-03-17,2025-03-24,Paid,0,16,5,0,1,0,55,0,1,Mid-Market,2942371
CUST1825,INV006855,20448.21,2025-05-01,2025-06-15,,Overdue,445,19,5,11,0,5,21,0,0,Mid-Market,4122250
CUST0038,INV006856,31256.28,2025-03-10,2025-04-09,2025-04-30,Paid,0,3,1,18,0,5,49,0,1,SMB,2930593
CUST0025,INV006857,12450.49,2026-05-11,2026-06-10,,Overdue,85,13,6,12,0,4,12,0,0,SMB,2009310
CUST0410,INV006858,13638.7,2025-05-26,2025-07-10,,Overdue,420,28,10,22,1,3,8,0,0,SMB,520529
CUST0461,INV006859,14039.16,2025-11-29,2025-12-29,,Overdue,248,9,2,16,1,5,85,0,0,SMB,4812606
CUST1595,INV006860,13642.57,2026-04-26,2026-05-26,,Overdue,100,12,2,20,1,1,41,0,0,Mid-Market,2977053
CUST0988,INV006861,22156.45,2025-09-20,2025-10-20,2025-11-10,Paid,0,25,5,15,0,5,24,0,1,SMB,3341070
CUST1441,INV006862,25059.36,2025-10-20,2025-11-19,,Overdue,288,5,2,22,0,2,36,0,0,Enterprise,1217272
CUST0357,INV006863,5000.0,2026-03-05,2026-04-19,,Overdue,137,21,7,22,2,3,2,0,0,SMB,2104376
CUST0383,INV006864,42314.3,2025-03-27,2025-05-26,2025-05-26,Paid,0,19,4,14,0,7,29,1,1,Mid-Market,4048422
CUST1833,INV006865,16481.62,2025-01-16,2025-03-02,,Overdue,550,7,1,12,1,2,13,0,0,Mid-Market,2062755
CUST1182,INV006866,152201.9,2025-04-28,2025-05-28,,Overdue,463,7,3,9,1,0,89,0,0,SMB,1061930
CUST0569,INV006867,6689.88,2025-09-27,2025-11-11,2025-11-21,Paid,0,19,5,9,1,4,7,0,1,Enterprise,3726158
CUST1457,INV006868,9252.84,2026-01-30,2026-03-01,,Overdue,186,8,1,15,2,3,40,1,1,Mid-Market,2064017
CUST1072,INV006869,17981.36,2025-06-11,2025-07-11,,Overdue,419,6,2,19,0,4,59,0,0,SMB,2118671
CUST1352,INV006870,33297.1,2025-04-14,2025-06-13,,Overdue,447,3,0,24,2,3,58,0,0,Mid-Market,111753
CUST0433,INV006871,5000.0,2025-06-16,2025-07-16,,Overdue,414,22,4,0,3,7,11,0,0,Mid-Market,4804619
CUST1455,INV006872,9613.27,2025-10-27,2025-11-26,2025-11-26,Paid,0,1,0,0,0,2,29,0,1,SMB,730667
CUST0056,INV006873,39787.98,2025-01-28,2025-03-29,,Overdue,523,6,2,11,0,1,17,0,0,Enterprise,738725
CUST0577,INV006874,8534.53,2026-02-28,2026-04-29,2026-05-11,Paid,0,23,4,13,1,2,13,0,1,SMB,858258
CUST0268,INV006875,86684.15,2026-07-16,2026-08-15,2026-08-15,Paid,0,20,9,0,1,1,9,0,1,Mid-Market,1407453
CUST0069,INV006876,13990.26,2025-06-05,2025-06-20,,Overdue,440,20,4,14,1,1,42,1,0,SMB,1487188
CUST1752,INV006877,8960.91,2025-11-20,2025-12-20,,Overdue,257,19,6,1,2,6,9,0,0,SMB,921535
CUST0902,INV006878,40548.1,2025-12-14,2026-02-12,2026-02-20,Paid,0,21,4,13,1,7,21,0,1,SMB,4994490
CUST1625,INV006879,109932.01,2025-05-01,2025-05-31,,Overdue,460,28,6,0,2,1,78,1,0,SMB,1167374
CUST1473,INV006880,33402.84,2026-06-12,2026-08-11,2026-08-11,Paid,0,13,5,6,1,7,27,0,1,Enterprise,1756826
CUST0793,INV006881,77685.93,2026-07-15,2026-07-30,,Overdue,35,27,9,15,0,6,55,0,1,Mid-Market,4931909
CUST0257,INV006882,117787.25,2025-06-13,2025-07-13,,Overdue,417,17,2,18,1,7,35,0,0,Enterprise,1214795
CUST0672,INV006883,8761.67,2025-03-03,2025-04-02,,Overdue,519,22,5,13,2,2,40,0,0,Enterprise,3383178
CUST0490,INV006884,56296.71,2025-12-06,2026-01-05,2026-01-05,Paid,0,18,3,1,0,2,89,0,1,Enterprise,900350
CUST0746,INV006885,5000.0,2025-11-08,2026-01-07,,Overdue,239,20,7,16,0,4,12,0,0,Enterprise,3902256
CUST1667,INV006886,33688.19,2026-01-11,2026-02-10,2026-02-10,Paid,0,6,2,3,0,3,72,1,1,SMB,4530967
CUST0049,INV006887,20510.29,2025-12-12,2026-01-11,2026-02-02,Paid,0,11,3,17,0,1,29,0,1,Mid-Market,2415600
CUST1683,INV006888,76339.84,2025-05-30,2025-06-29,,Overdue,431,27,8,29,1,0,5,0,0,Mid-Market,4964082
CUST0316,INV006889,71129.08,2026-08-08,2026-09-22,,Overdue,0,6,3,9,4,0,60,1,1,Mid-Market,4797395
CUST0413,INV006890,38940.24,2026-08-04,2026-09-03,,Overdue,0,28,6,33,1,1,19,1,1,Enterprise,3884242
CUST0434,INV006891,29685.91,2025-06-26,2025-08-25,,Overdue,374,26,2,18,3,3,35,0,0,SMB,723218
CUST1026,INV006892,36620.69,2025-12-20,2026-01-19,2026-01-30,Paid,0,7,0,10,1,2,46,0,1,SMB,1652970
CUST1865,INV006893,23429.96,2026-05-29,2026-06-28,2026-07-24,Paid,0,1,0,31,0,4,46,1,1,Enterprise,4681889
CUST1976,INV006894,20718.95,2025-11-05,2025-12-05,,Overdue,272,28,4,12,1,0,45,0,0,Enterprise,3347154
CUST1169,INV006895,93207.01,2025-04-29,2025-05-29,2025-05-31,Paid,0,22,6,3,2,3,39,0,1,SMB,793088
CUST1980,INV006896,105123.36,2026-06-03,2026-07-03,,Overdue,62,25,11,6,1,2,41,0,1,Mid-Market,3791104
CUST1390,INV006897,19117.14,2026-04-23,2026-06-22,,Overdue,73,24,5,13,0,6,89,0,0,SMB,1801797
CUST0420,INV006898,27935.02,2026-02-18,2026-03-05,2026-03-10,Paid,0,8,3,5,1,6,18,0,1,Mid-Market,4049694
CUST1597,INV006899,23900.51,2026-08-10,2026-09-09,2026-09-22,Paid,0,27,9,8,1,5,59,1,1,SMB,3040193
CUST1809,INV006900,5000.0,2025-12-17,2026-01-16,,Overdue,230,14,5,6,1,5,87,0,0,SMB,2329042
CUST1585,INV006901,15733.77,2026-05-21,2026-06-20,2026-07-14,Paid,0,22,5,18,0,7,30,0,1,Enterprise,4093763
CUST0844,INV006902,109065.53,2025-07-14,2025-08-28,,Overdue,371,20,5,32,0,6,65,0,0,Enterprise,2104410
CUST1468,INV006903,10406.9,2025-07-06,2025-08-20,2025-08-31,Paid,0,1,0,11,0,1,84,0,1,SMB,4289399
CUST0916,INV006904,182506.94,2026-03-26,2026-04-10,,Overdue,146,5,2,3,2,2,41,0,0,SMB,189227
CUST0434,INV006905,71120.17,2026-05-11,2026-06-25,,Overdue,70,29,6,11,0,2,85,1,0,SMB,723218
CUST0643,INV006906,32908.89,2026-05-30,2026-06-29,,Overdue,66,5,1,2,1,5,55,0,1,SMB,3510989
CUST1579,INV006907,38593.66,2025-09-30,2025-10-30,,Overdue,308,14,4,43,0,5,59,0,0,Mid-Market,1899916
CUST0057,INV006908,8802.52,2025-02-21,2025-03-23,,Overdue,529,7,1,23,1,2,45,1,0,SMB,2953030
CUST1586,INV006909,16894.97,2025-09-20,2025-11-04,,Overdue,303,17,4,28,2,5,84,0,1,SMB,4713754
CUST0964,INV006910,93097.17,2026-01-03,2026-02-02,,Overdue,213,29,8,20,0,4,67,0,0,SMB,96002
CUST0977,INV006911,11914.01,2025-05-13,2025-06-12,,Overdue,448,11,4,0,1,0,17,0,0,Mid-Market,275391
CUST1202,INV006912,63648.55,2025-08-13,2025-09-12,,Overdue,356,22,5,16,2,0,82,0,0,SMB,1620234
CUST1317,INV006913,5557.81,2025-11-06,2025-12-06,2025-12-22,Paid,0,7,2,16,0,6,74,0,1,Mid-Market,4205479
CUST0046,INV006914,6646.47,2026-07-27,2026-08-26,2026-09-25,Paid,0,1,0,23,0,4,20,0,1,Mid-Market,4797647
CUST1194,INV006915,147470.68,2025-01-16,2025-02-15,2025-02-23,Paid,0,15,2,16,1,3,23,0,1,Mid-Market,2916069
CUST1295,INV006916,21767.27,2025-07-14,2025-09-12,,Overdue,356,19,4,4,1,2,64,0,0,Mid-Market,3875258
CUST0417,INV006917,12855.15,2026-03-19,2026-04-18,2026-05-18,Paid,0,10,4,33,0,1,8,1,1,SMB,560370
CUST0848,INV006918,86054.91,2025-10-30,2025-11-29,,Overdue,278,9,4,21,0,5,65,0,0,Enterprise,1084186
CUST0139,INV006919,76559.35,2025-02-17,2025-04-03,,Overdue,518,13,4,9,0,4,60,1,0,SMB,3787859
CUST0247,INV006920,55312.52,2025-05-01,2025-06-15,,Overdue,445,24,5,12,1,2,7,1,0,SMB,565693
CUST1172,INV006921,12457.8,2026-05-14,2026-06-13,,Overdue,82,13,4,17,1,7,4,0,0,Enterprise,109778
CUST0230,INV006922,16532.48,2026-07-16,2026-08-15,2026-08-16,Paid,0,26,4,9,0,2,28,0,1,Mid-Market,859178
CUST0792,INV006923,30080.39,2026-04-14,2026-05-29,2026-06-06,Paid,0,6,0,13,0,0,19,0,1,Mid-Market,2413162
CUST0637,INV006924,44108.13,2025-02-10,2025-03-12,,Overdue,540,8,0,15,0,4,6,0,0,Mid-Market,3652615
CUST1728,INV006925,13246.87,2026-04-01,2026-05-01,,Overdue,125,12,1,10,0,5,26,0,0,Enterprise,2642806
CUST0374,INV006926,26127.33,2026-06-18,2026-07-18,2026-08-12,Paid,0,2,0,19,1,1,40,0,1,Mid-Market,2125915
CUST1104,INV006927,28778.71,2026-01-06,2026-03-07,2026-03-20,Paid,0,29,7,9,2,5,19,0,1,Enterprise,892840
CUST1630,INV006928,79759.39,2025-07-01,2025-07-16,,Overdue,414,16,3,6,0,4,81,0,0,SMB,4651731
CUST0738,INV006929,46838.74,2026-06-01,2026-07-01,,Overdue,64,29,8,22,0,1,21,0,1,Mid-Market,2149409
CUST1089,INV006930,5000.0,2026-08-13,2026-09-12,,Overdue,0,12,8,18,1,7,5,0,1,Enterprise,1711655
CUST0088,INV006931,17789.61,2025-08-19,2025-10-18,,Overdue,320,23,6,12,0,5,17,0,0,Mid-Market,2680723
CUST1112,INV006932,8701.2,2025-12-14,2026-01-13,2026-01-16,Paid,0,18,6,6,0,2,38,0,1,SMB,2537111
CUST0713,INV006933,38874.25,2026-04-24,2026-06-08,,Overdue,87,3,0,21,0,5,62,0,1,SMB,3194311
CUST1750,INV006934,55445.36,2025-07-28,2025-09-11,2025-09-19,Paid,0,18,8,12,2,1,40,0,1,SMB,4958951
CUST1228,INV006935,24380.92,2025-10-05,2025-11-04,2025-11-14,Paid,0,11,2,10,1,2,7,1,1,SMB,4845464
CUST1937,INV006936,16846.07,2025-02-22,2025-04-08,2025-04-16,Paid,0,5,1,6,1,5,27,0,1,SMB,276256
CUST1406,INV006937,23603.96,2025-01-10,2025-01-25,2025-01-25,Paid,0,13,7,0,0,7,31,0,1,SMB,120463
CUST0601,INV006938,27144.22,2026-04-09,2026-06-08,2026-06-30,Paid,0,10,4,22,0,6,62,0,1,SMB,452980
CUST1500,INV006939,11613.23,2026-08-06,2026-09-20,,Overdue,0,21,10,3,2,5,26,0,1,Enterprise,1847519
CUST1597,INV006940,6511.26,2025-06-07,2025-08-06,2025-08-08,Paid,0,22,5,0,0,5,70,1,1,SMB,3040193
CUST1807,INV006941,5000.0,2025-01-19,2025-03-05,,Overdue,547,15,1,11,2,5,31,1,0,Mid-Market,2476277
CUST1630,INV006942,78212.29,2025-02-24,2025-04-25,2025-05-09,Paid,0,6,1,15,0,5,12,0,1,SMB,4651731
CUST1843,INV006943,36183.78,2025-01-21,2025-02-20,,Overdue,560,16,7,27,1,1,15,1,0,SMB,4260583
CUST0539,INV006944,31650.56,2025-10-09,2025-11-08,,Overdue,299,23,5,15,0,0,58,1,0,SMB,2173238
CUST0214,INV006945,78057.33,2026-06-24,2026-07-24,2026-07-27,Paid,0,8,1,0,1,4,1,1,1,SMB,4357086
CUST0074,INV006946,6276.28,2026-02-21,2026-03-23,2026-03-28,Paid,0,20,5,2,0,0,62,0,1,Mid-Market,2879455
CUST0061,INV006947,5000.0,2025-10-12,2025-11-26,,Overdue,281,25,6,27,0,3,59,1,0,SMB,3334321
CUST0698,INV006948,32345.56,2026-06-16,2026-07-16,2026-07-27,Paid,0,3,0,12,0,4,37,0,1,Mid-Market,3752418
CUST1567,INV006949,29533.23,2026-06-16,2026-07-01,2026-07-02,Paid,0,5,1,1,1,4,6,1,1,Mid-Market,4181146
CUST1243,INV006950,5000.0,2026-05-26,2026-07-10,2026-07-10,Paid,0,15,4,0,0,1,24,0,1,Mid-Market,2406632
CUST0012,INV006951,31556.06,2026-01-31,2026-04-01,2026-04-20,Paid,0,3,0,18,1,7,47,0,1,Enterprise,2459029
CUST0814,INV006952,14761.49,2025-04-30,2025-06-14,,Overdue,446,15,2,3,3,6,64,0,0,Enterprise,578714
CUST1439,INV006953,9827.23,2025-04-07,2025-05-22,,Overdue,469,2,1,11,3,2,36,0,1,SMB,3469548
CUST0032,INV006954,15781.23,2025-04-30,2025-05-30,,Overdue,461,12,3,8,2,7,83,0,0,SMB,2642631
CUST1184,INV006955,5000.0,2026-06-21,2026-08-20,,Overdue,14,27,4,30,1,1,56,0,1,Enterprise,1835818
CUST1001,INV006956,12193.1,2025-06-02,2025-07-02,,Overdue,428,5,1,1,2,6,82,0,0,SMB,4201923
CUST0237,INV006957,10891.15,2025-09-02,2025-11-01,,Overdue,306,9,3,26,1,4,80,0,0,SMB,1071469
CUST1763,INV006958,38449.56,2026-05-31,2026-06-30,2026-07-31,Paid,0,22,6,34,0,0,17,0,1,SMB,2319409
CUST1205,INV006959,18802.97,2026-01-28,2026-03-14,2026-03-20,Paid,0,4,0,2,0,7,11,0,1,SMB,3749100
CUST1853,INV006960,41725.55,2025-05-23,2025-06-22,2025-06-22,Paid,0,23,3,0,2,2,4,0,1,Enterprise,497244
CUST0558,INV006961,5000.0,2026-05-19,2026-06-18,,Overdue,77,26,3,15,2,1,80,0,0,SMB,1280746
CUST1365,INV006962,9517.64,2025-08-08,2025-09-22,,Overdue,346,21,4,13,2,0,9,0,0,Mid-Market,4435224
CUST1482,INV006963,38407.08,2025-06-09,2025-07-24,2025-08-19,Paid,0,28,4,26,0,7,87,0,1,SMB,749895
CUST1104,INV006964,16173.6,2025-03-17,2025-05-16,2025-05-16,Paid,0,7,3,0,1,1,74,0,1,Enterprise,892840
CUST0647,INV006965,51300.74,2025-02-01,2025-03-03,,Overdue,549,16,1,14,2,5,39,0,0,Mid-Market,704224
CUST1796,INV006966,5000.0,2025-11-30,2025-12-30,2026-01-15,Paid,0,13,3,16,1,4,67,0,1,SMB,4803292
CUST0987,INV006967,45757.49,2026-06-09,2026-06-24,2026-07-10,Paid,0,2,1,13,1,1,84,0,1,Mid-Market,2519146
CUST0820,INV006968,11624.39,2026-03-16,2026-04-15,,Overdue,141,2,1,8,2,7,81,0,0,SMB,828883
CUST1783,INV006969,10549.17,2025-12-18,2026-01-17,,Overdue,229,9,2,12,1,6,47,1,0,SMB,1509410
CUST0473,INV006970,59340.48,2025-12-05,2026-01-19,,Overdue,227,15,4,43,0,0,28,0,0,SMB,2896274
CUST1695,INV006971,70396.66,2026-02-04,2026-03-06,,Overdue,181,4,3,0,2,7,1,1,0,SMB,4856546
CUST1739,INV006972,61988.22,2026-01-31,2026-03-17,,Overdue,170,17,5,35,1,5,36,0,0,SMB,1772199
CUST0112,INV006973,169167.04,2025-07-21,2025-08-20,2025-08-22,Paid,0,9,4,7,1,0,89,0,1,SMB,1278807
CUST1316,INV006974,78182.69,2026-06-14,2026-07-14,,Overdue,51,15,4,1,2,5,50,0,1,Mid-Market,3749509
CUST1974,INV006975,9942.4,2025-04-03,2025-05-03,2025-05-03,Paid,0,1,0,1,1,0,85,1,1,Mid-Market,2648133
CUST1846,INV006976,25378.0,2025-12-24,2026-02-07,,Overdue,208,27,5,11,0,1,77,0,0,SMB,4330428
CUST1655,INV006977,15364.3,2026-01-31,2026-03-17,,Overdue,170,2,2,13,1,5,39,0,0,SMB,378821
CUST0383,INV006978,167558.84,2025-03-01,2025-03-31,,Overdue,521,9,4,13,0,4,50,0,0,Mid-Market,4048422
CUST0017,INV006979,66494.2,2026-04-22,2026-05-22,2026-05-27,Paid,0,11,2,8,0,6,23,0,1,SMB,2450081
CUST0493,INV006980,18235.4,2025-01-01,2025-01-31,,Overdue,580,19,3,28,3,3,53,0,0,SMB,217647
CUST1355,INV006981,52992.72,2026-07-09,2026-08-23,2026-08-23,Paid,0,27,4,1,0,3,6,0,1,SMB,705496
CUST0926,INV006982,6424.03,2025-11-07,2025-12-22,,Overdue,255,1,1,8,2,3,83,0,0,SMB,1856684
CUST1763,INV006983,28289.95,2025-06-17,2025-07-17,,Overdue,413,19,3,12,0,7,10,0,0,SMB,2319409
CUST1897,INV006984,8622.04,2025-07-11,2025-08-10,2025-08-19,Paid,0,9,2,12,2,2,16,0,1,Mid-Market,2723705
CUST1510,INV006985,5000.0,2025-02-03,2025-03-05,,Overdue,547,28,10,1,1,7,77,1,0,Mid-Market,3952908
CUST1430,INV006986,48268.59,2025-02-03,2025-02-18,2025-02-25,Paid,0,2,0,13,0,4,22,0,1,Enterprise,4670792
CUST0117,INV006987,54643.8,2026-02-21,2026-03-08,,Overdue,179,5,1,16,0,4,66,0,0,Mid-Market,2319070
CUST1579,INV006988,34794.43,2025-06-07,2025-07-07,2025-07-21,Paid,0,17,3,16,0,2,42,0,1,Mid-Market,1899916
CUST0880,INV006989,18343.54,2026-05-15,2026-06-14,2026-06-29,Paid,0,26,4,16,2,3,5,0,1,SMB,1253920
CUST0115,INV006990,6208.29,2026-01-01,2026-01-31,,Overdue,215,1,0,5,1,5,37,1,0,Mid-Market,4513158
CUST1819,INV006991,6895.7,2025-12-06,2026-01-05,,Overdue,241,14,3,1,1,3,86,0,0,Mid-Market,2141013
CUST1573,INV006992,8355.87,2025-12-01,2025-12-31,2026-01-06,Paid,0,12,1,3,0,5,51,1,1,Mid-Market,3682403
CUST0814,INV006993,17436.6,2026-08-06,2026-09-05,,Overdue,0,23,4,4,0,5,82,1,1,Enterprise,578714
CUST1649,INV006994,64613.51,2025-11-23,2026-01-07,2026-01-15,Paid,0,26,8,0,1,2,19,1,1,Mid-Market,453157
CUST1571,INV006995,63602.26,2025-04-24,2025-05-24,,Overdue,467,10,3,10,1,0,4,1,1,Mid-Market,2054517
CUST0644,INV006996,5000.0,2026-02-22,2026-03-24,,Overdue,163,19,5,11,0,7,72,1,1,SMB,2382214
CUST1360,INV006997,11012.28,2026-04-13,2026-05-28,,Overdue,98,15,2,2,3,5,27,0,0,Mid-Market,126240
CUST0336,INV006998,10719.71,2025-05-23,2025-07-22,,Overdue,408,1,1,17,0,4,55,0,0,SMB,4904042
CUST0922,INV006999,5000.0,2025-11-05,2025-12-05,2025-12-13,Paid,0,1,0,10,1,7,7,1,1,SMB,1707153
CUST1913,INV007000,38797.88,2026-02-05,2026-02-20,,Overdue,195,29,9,17,0,6,61,1,0,Enterprise,2432962
CUST1764,INV007001,17220.23,2025-11-16,2026-01-15,2026-01-19,Paid,0,11,1,6,0,6,68,1,1,SMB,1753820
CUST0147,INV007002,19670.15,2025-07-31,2025-09-29,2025-10-04,Paid,0,11,2,7,2,3,26,0,1,Mid-Market,2524653
CUST0122,INV007003,84615.36,2025-11-13,2025-11-28,2025-12-17,Paid,0,5,1,20,0,3,59,1,1,Enterprise,2569507
CUST0081,INV007004,24060.07,2025-07-04,2025-07-19,,Overdue,411,3,0,0,1,2,77,0,0,Enterprise,4435010
CUST0685,INV007005,14317.95,2025-07-24,2025-09-07,,Overdue,361,11,1,12,1,1,75,0,0,Enterprise,887393
CUST1690,INV007006,39029.68,2025-12-30,2026-01-29,2026-02-08,Paid,0,4,1,16,0,5,39,1,1,Mid-Market,2671158
CUST0662,INV007007,63504.87,2025-08-04,2025-10-03,,Overdue,335,6,4,23,1,4,34,1,0,Enterprise,1261569
CUST0375,INV007008,29627.78,2025-09-03,2025-10-03,2025-10-26,Paid,0,18,6,15,0,5,25,1,1,SMB,3398924
CUST1594,INV007009,43878.93,2025-08-27,2025-10-26,,Overdue,312,7,3,2,0,4,85,1,0,SMB,3097589
CUST0063,INV007010,19042.57,2026-01-26,2026-02-10,,Overdue,205,21,6,7,2,4,36,0,0,Mid-Market,2989302
CUST0504,INV007011,20295.25,2026-06-04,2026-07-04,2026-07-07,Paid,0,24,5,0,1,7,66,0,1,Mid-Market,4294402
CUST0668,INV007012,24662.05,2026-08-13,2026-10-12,,Overdue,0,4,1,5,1,6,89,0,1,SMB,3438445
CUST0449,INV007013,10372.14,2025-10-04,2025-11-03,,Overdue,304,14,4,23,0,0,65,0,0,SMB,1862375
CUST1452,INV007014,12480.7,2025-07-21,2025-08-20,,Overdue,379,28,8,25,0,7,6,1,0,Mid-Market,3251208
CUST0868,INV007015,87367.59,2025-08-02,2025-10-01,2025-10-15,Paid,0,8,1,9,1,5,13,1,1,SMB,1445285
CUST1451,INV007016,164054.85,2026-04-23,2026-05-23,2026-06-25,Paid,0,20,4,30,1,1,17,0,1,SMB,405054
CUST1445,INV007017,108249.92,2026-05-23,2026-06-07,2026-06-17,Paid,0,11,2,6,0,4,80,0,1,Enterprise,4023313
CUST1346,INV007018,5864.91,2025-03-16,2025-04-15,,Overdue,506,14,3,14,0,0,38,0,0,SMB,1899395
CUST1937,INV007019,5324.86,2025-05-22,2025-06-21,2025-06-23,Paid,0,21,3,0,0,0,86,0,1,SMB,276256
CUST0680,INV007020,6696.17,2026-08-13,2026-09-27,,Overdue,0,3,1,11,1,5,43,0,0,Enterprise,4424142
CUST1190,INV007021,25194.66,2025-11-18,2026-01-17,,Overdue,229,11,2,13,0,0,41,0,0,Mid-Market,1331506
CUST1621,INV007022,5000.0,2026-04-06,2026-05-06,2026-05-17,Paid,0,4,1,5,0,4,71,0,1,SMB,1000922
CUST1981,INV007023,12224.51,2025-05-26,2025-06-25,2025-07-18,Paid,0,9,1,23,1,4,2,0,1,SMB,1033667
CUST1673,INV007024,89958.1,2025-02-23,2025-03-25,2025-03-25,Paid,0,5,1,0,0,6,1,0,1,Enterprise,4689059
CUST0461,INV007025,58831.86,2025-12-22,2026-02-05,,Overdue,210,13,1,0,0,2,19,0,0,SMB,4812606
CUST0459,INV007026,13238.78,2025-10-04,2025-11-18,2025-11-27,Paid,0,20,3,13,2,5,16,0,1,SMB,3705074
CUST1213,INV007027,14280.42,2026-08-18,2026-10-17,2026-10-17,Paid,0,4,1,0,0,2,34,1,1,SMB,3583716
CUST0464,INV007028,38841.39,2026-02-04,2026-04-05,,Overdue,151,7,1,19,0,1,72,0,1,Mid-Market,2930304
CUST0912,INV007029,56121.19,2026-05-31,2026-06-30,2026-07-13,Paid,0,2,0,10,0,6,11,0,1,SMB,2765223
CUST0379,INV007030,12924.28,2026-05-14,2026-06-13,,Overdue,82,20,8,19,1,6,74,0,1,Mid-Market,3014932
CUST1026,INV007031,17424.53,2025-11-07,2025-12-07,,Overdue,270,19,2,13,1,2,68,1,0,SMB,1652970
CUST1642,INV007032,12506.33,2025-09-28,2025-10-28,2025-11-10,Paid,0,7,2,15,1,5,51,1,1,Mid-Market,1277222
CUST0364,INV007033,5817.64,2026-07-30,2026-08-14,,Overdue,20,20,3,11,3,5,49,0,1,Mid-Market,1644918
CUST0072,INV007034,17681.18,2026-03-25,2026-05-24,,Overdue,102,24,5,24,0,4,23,0,1,SMB,1621951
CUST1451,INV007035,16384.2,2025-04-22,2025-05-22,,Overdue,469,21,6,23,1,2,2,0,0,SMB,405054
CUST0638,INV007036,6243.87,2025-08-27,2025-09-26,2025-10-07,Paid,0,25,11,16,1,1,32,0,1,SMB,1633214
CUST1194,INV007037,42027.56,2025-05-24,2025-06-23,2025-07-13,Paid,0,9,3,15,2,4,54,0,1,Mid-Market,2916069
CUST1229,INV007038,35714.81,2026-01-09,2026-02-23,,Overdue,192,19,7,19,1,3,20,0,1,Enterprise,314237
CUST1849,INV007039,44166.4,2025-01-20,2025-02-19,,Overdue,561,25,4,11,2,7,77,1,0,Enterprise,2239063
CUST0337,INV007040,10218.24,2026-07-30,2026-08-29,,Overdue,5,20,3,16,1,3,67,1,1,Enterprise,2521378
CUST1496,INV007041,5000.0,2025-10-16,2025-11-15,,Overdue,292,25,9,5,0,3,18,0,0,Mid-Market,1658795
CUST0195,INV007042,35148.29,2026-08-16,2026-10-15,,Overdue,0,28,8,0,1,1,70,0,0,SMB,3852177
CUST1694,INV007043,11337.68,2025-07-16,2025-08-15,2025-08-26,Paid,0,2,1,11,1,1,14,0,1,SMB,2048173
CUST1012,INV007044,9039.25,2026-01-17,2026-03-18,,Overdue,169,21,4,22,1,4,68,0,0,Enterprise,1862105
CUST0653,INV007045,6266.33,2026-08-04,2026-09-03,,Overdue,0,16,3,19,0,3,76,0,1,Mid-Market,1522542
CUST1299,INV007046,16725.29,2026-05-07,2026-07-06,2026-07-07,Paid,0,6,0,1,0,5,61,0,1,Mid-Market,1242503
CUST0007,INV007047,106652.09,2025-06-13,2025-08-12,,Overdue,387,19,7,5,2,0,38,0,0,SMB,2048671
CUST0905,INV007048,13287.12,2025-09-06,2025-10-06,,Overdue,332,18,8,8,0,2,58,0,0,SMB,1148657
CUST0979,INV007049,7407.12,2025-03-09,2025-04-08,2025-04-15,Paid,0,17,6,0,1,6,41,1,1,SMB,3682632
CUST0566,INV007050,42274.25,2025-01-21,2025-02-20,2025-02-20,Paid,0,11,2,5,0,5,6,0,1,Mid-Market,3920426
CUST0616,INV007051,26181.6,2026-05-27,2026-07-11,,Overdue,54,23,5,0,1,3,4,0,1,Enterprise,3728621
CUST1878,INV007052,5000.0,2026-08-20,2026-09-19,2026-10-01,Paid,0,4,1,8,0,6,72,0,1,Mid-Market,4890349
CUST1874,INV007053,42716.75,2026-01-25,2026-02-24,,Overdue,191,24,7,7,0,3,44,0,1,Mid-Market,1980440
CUST0573,INV007054,185065.99,2026-06-20,2026-07-20,2026-08-02,Paid,0,8,2,20,2,3,4,1,1,SMB,1967043
CUST0599,INV007055,5000.0,2025-04-21,2025-06-05,,Overdue,455,24,5,15,2,6,28,1,0,SMB,2813398
CUST0770,INV007056,6401.54,2026-08-18,2026-09-02,2026-09-16,Paid,0,18,4,23,0,3,7,0,1,Mid-Market,3644804
CUST1202,INV007057,5000.0,2026-04-05,2026-04-20,2026-04-20,Paid,0,13,4,0,0,5,9,0,1,SMB,1620234
CUST0242,INV007058,20428.69,2025-03-19,2025-04-03,2025-04-11,Paid,0,21,7,1,1,4,67,0,1,Enterprise,513001
CUST1227,INV007059,59301.28,2026-03-10,2026-04-09,2026-04-21,Paid,0,8,3,15,0,2,53,0,1,SMB,2617587
CUST1567,INV007060,24477.28,2026-01-15,2026-02-14,2026-03-04,Paid,0,10,1,15,2,3,20,0,1,Mid-Market,4181146
CUST1825,INV007061,88609.62,2026-03-16,2026-04-30,2026-05-06,Paid,0,18,3,9,1,4,19,0,1,Mid-Market,4122250
CUST1486,INV007062,50541.51,2025-12-05,2026-01-04,2026-01-22,Paid,0,18,4,22,1,6,16,1,1,SMB,1294360
CUST1104,INV007063,120830.9,2026-02-28,2026-03-15,2026-03-24,Paid,0,17,4,12,3,5,3,0,1,Enterprise,892840
CUST1547,INV007064,70277.77,2025-06-18,2025-07-18,2025-08-16,Paid,0,16,5,35,0,3,6,0,1,Mid-Market,1914071
CUST1441,INV007065,14721.39,2025-09-19,2025-11-18,2025-12-04,Paid,0,6,2,13,3,5,54,1,1,Enterprise,1217272
CUST0766,INV007066,23546.36,2026-08-02,2026-09-01,,Overdue,2,14,7,6,1,0,78,0,0,Mid-Market,4533120
CUST0384,INV007067,9240.24,2025-08-17,2025-10-16,2025-11-06,Paid,0,5,1,28,0,7,26,0,1,Enterprise,1251838
CUST0391,INV007068,17489.29,2025-06-10,2025-07-10,,Overdue,420,15,3,12,1,5,34,0,0,Enterprise,2705982
CUST0896,INV007069,23431.39,2026-03-03,2026-04-02,,Overdue,154,13,3,18,2,4,9,0,0,SMB,4630197
CUST1823,INV007070,20233.45,2025-05-02,2025-06-16,,Overdue,444,16,6,2,3,7,55,0,0,Mid-Market,4687370
CUST0688,INV007071,84309.81,2025-05-29,2025-06-28,,Overdue,432,16,5,16,1,7,33,0,0,SMB,784983
CUST1150,INV007072,15832.69,2025-04-21,2025-06-05,2025-06-16,Paid,0,17,4,11,1,0,60,0,1,Enterprise,4086405
CUST1518,INV007073,8672.51,2025-08-09,2025-10-08,,Overdue,330,27,8,19,0,3,19,0,0,Enterprise,3485088
CUST0047,INV007074,9231.61,2025-03-05,2025-04-04,2025-04-11,Paid,0,24,6,9,1,2,73,0,1,SMB,2452187
CUST1742,INV007075,42408.34,2025-12-20,2026-02-03,2026-02-03,Paid,0,24,7,0,0,4,39,0,1,Mid-Market,4030053
CUST1500,INV007076,5414.64,2026-04-19,2026-05-19,2026-06-01,Paid,0,5,0,19,0,0,6,1,1,Enterprise,1847519
CUST1973,INV007077,18012.37,2026-04-30,2026-06-29,2026-07-11,Paid,0,11,3,12,0,5,23,0,1,SMB,689104
CUST0619,INV007078,83075.1,2025-01-13,2025-02-12,,Overdue,568,15,5,5,0,0,57,0,0,Mid-Market,3781404
CUST0464,INV007079,29513.36,2025-06-02,2025-06-17,,Overdue,443,3,0,13,0,2,9,0,0,Mid-Market,2930304
CUST1811,INV007080,20442.98,2025-08-27,2025-09-26,2025-10-08,Paid,0,8,3,14,1,4,10,1,1,Mid-Market,3687967
CUST1873,INV007081,21249.52,2025-07-09,2025-09-07,,Overdue,361,3,1,16,2,7,70,0,0,Mid-Market,525278
CUST0123,INV007082,7867.03,2025-03-27,2025-04-11,2025-04-29,Paid,0,29,8,16,0,1,14,0,1,SMB,1306715
CUST1498,INV007083,9347.51,2025-01-21,2025-02-20,,Overdue,560,4,0,26,1,0,17,0,0,SMB,2093321
CUST0134,INV007084,18120.85,2025-11-15,2025-12-15,,Overdue,262,27,9,9,1,4,68,0,0,SMB,2760527
CUST1643,INV007085,28890.64,2025-06-07,2025-07-22,,Overdue,408,14,1,22,3,1,78,1,0,Mid-Market,3417851
CUST1841,INV007086,56848.78,2026-04-26,2026-05-26,2026-06-02,Paid,0,23,6,8,1,4,24,0,1,SMB,1280796
CUST0841,INV007087,24162.58,2025-03-17,2025-04-16,2025-04-16,Paid,0,23,7,0,1,3,13,0,1,SMB,3030346
CUST1586,INV007088,85201.49,2025-11-25,2025-12-25,,Overdue,252,20,5,25,0,7,59,0,0,SMB,4713754
CUST0849,INV007089,109666.37,2026-02-20,2026-03-07,,Overdue,180,25,4,4,1,0,65,0,0,Mid-Market,648506
CUST0607,INV007090,48789.34,2025-07-22,2025-08-21,,Overdue,378,6,3,20,0,1,38,1,0,SMB,2158542
CUST1804,INV007091,74980.35,2025-08-17,2025-09-16,2025-10-01,Paid,0,24,9,13,2,2,17,0,1,SMB,561162
CUST0023,INV007092,8178.68,2025-06-01,2025-07-01,,Overdue,429,23,6,14,0,6,14,0,0,SMB,1653546
CUST0566,INV007093,6979.98,2025-03-13,2025-04-12,2025-04-29,Paid,0,4,2,23,3,6,81,0,1,Mid-Market,3920426
CUST1910,INV007094,36974.12,2025-08-13,2025-09-12,2025-09-12,Paid,0,12,3,0,0,2,46,0,1,SMB,2685122
CUST0766,INV007095,5760.56,2026-04-18,2026-05-18,,Overdue,108,2,1,20,2,3,16,0,0,Mid-Market,4533120
CUST0965,INV007096,16475.47,2025-12-26,2026-02-09,,Overdue,206,27,4,19,1,7,71,1,0,SMB,4660146
CUST0235,INV007097,47628.75,2026-06-24,2026-07-24,,Overdue,41,29,7,3,0,6,47,0,1,SMB,3282244
CUST0996,INV007098,90524.24,2025-02-15,2025-03-17,,Overdue,535,18,5,12,0,3,76,1,0,SMB,197745
CUST1083,INV007099,17082.06,2025-01-01,2025-01-31,,Overdue,580,14,3,21,0,6,23,0,0,SMB,4803267
CUST1188,INV007100,11499.46,2025-09-02,2025-09-17,2025-09-22,Paid,0,8,2,1,0,5,6,0,1,SMB,4306146
CUST1795,INV007101,30347.26,2025-08-07,2025-10-06,,Overdue,332,8,4,10,0,1,38,0,0,SMB,4148535
CUST0826,INV007102,7528.54,2025-10-18,2025-11-17,,Overdue,290,12,2,23,1,0,30,1,0,Enterprise,812371
CUST0216,INV007103,18522.13,2026-04-03,2026-05-03,2026-05-03,Paid,0,1,1,0,1,0,22,0,1,SMB,493316
CUST1207,INV007104,21850.96,2025-07-23,2025-09-21,,Overdue,347,29,3,15,0,5,1,1,0,Mid-Market,1927145
CUST1593,INV007105,21418.62,2025-07-21,2025-09-04,2025-09-06,Paid,0,1,1,15,0,2,67,0,1,SMB,556453
CUST0657,INV007106,24064.75,2026-07-20,2026-09-03,2026-09-22,Paid,0,4,0,14,2,6,40,0,1,SMB,3579801
CUST0935,INV007107,9561.36,2026-04-27,2026-06-11,2026-06-11,Paid,0,17,3,0,0,3,1,0,1,SMB,4691094
CUST1114,INV007108,10646.72,2026-05-26,2026-06-25,,Overdue,70,10,2,11,1,5,48,0,0,Mid-Market,1609757
CUST1988,INV007109,10434.61,2025-10-05,2025-12-04,2025-12-16,Paid,0,1,0,12,0,6,39,1,1,SMB,2974537
CUST0311,INV007110,5000.0,2025-01-16,2025-03-17,,Overdue,535,26,10,10,1,2,44,0,0,SMB,138668
CUST0557,INV007111,31002.72,2026-06-09,2026-07-09,2026-07-29,Paid,0,11,2,20,1,1,49,0,1,SMB,391207
CUST0972,INV007112,53887.7,2025-12-22,2026-02-05,,Overdue,210,21,3,12,1,2,61,0,0,Enterprise,4639699
CUST0257,INV007113,48840.25,2025-12-22,2026-01-21,,Overdue,225,17,4,14,2,2,75,1,0,Enterprise,1214795
CUST0533,INV007114,16941.19,2026-08-22,2026-10-06,2026-10-16,Paid,0,10,2,0,0,3,54,1,1,Enterprise,289779
CUST1557,INV007115,9788.81,2025-03-19,2025-04-18,,Overdue,503,28,8,3,4,3,19,0,0,Mid-Market,2494975
CUST0052,INV007116,46365.67,2025-03-08,2025-04-07,2025-04-07,Paid,0,6,3,5,0,0,21,0,1,Mid-Market,141006
CUST1362,INV007117,41727.81,2025-08-02,2025-09-01,2025-09-10,Paid,0,4,1,6,1,7,75,1,1,SMB,3941151
CUST1195,INV007118,27375.96,2026-03-25,2026-04-24,2026-05-05,Paid,0,26,7,12,1,0,86,0,1,SMB,787090
CUST1972,INV007119,126034.54,2026-03-09,2026-04-08,2026-04-19,Paid,0,13,2,3,1,6,19,0,1,Mid-Market,174591
CUST1091,INV007120,21452.03,2026-06-29,2026-07-29,2026-07-30,Paid,0,27,5,0,1,5,28,0,1,Enterprise,3150498
CUST1649,INV007121,17036.44,2025-04-25,2025-06-09,,Overdue,451,11,2,13,2,0,19,0,0,Mid-Market,453157
CUST0300,INV007122,14767.48,2026-02-24,2026-04-25,,Overdue,131,5,2,11,1,2,15,0,0,SMB,4736166
CUST0672,INV007123,5000.0,2026-05-14,2026-06-13,,Overdue,82,14,4,15,0,2,5,0,0,Enterprise,3383178
CUST0778,INV007124,42673.78,2026-01-15,2026-03-16,,Overdue,171,25,6,33,1,4,12,0,1,Mid-Market,1761952
CUST0832,INV007125,19821.34,2025-05-23,2025-06-22,,Overdue,438,2,0,0,1,1,23,1,0,SMB,307354
CUST0232,INV007126,36677.96,2025-01-24,2025-03-10,,Overdue,542,3,1,12,1,7,49,0,0,Mid-Market,4720817
CUST0975,INV007127,138951.19,2026-06-23,2026-07-23,,Overdue,42,29,8,12,0,4,81,1,1,SMB,2579832
CUST1861,INV007128,14901.96,2025-03-16,2025-05-15,2025-05-24,Paid,0,3,2,13,0,1,11,0,1,Mid-Market,1328673
CUST1092,INV007129,5000.0,2026-06-19,2026-08-03,,Overdue,31,11,3,33,0,5,41,0,0,Mid-Market,4839125
CUST1530,INV007130,35634.53,2025-02-10,2025-03-12,2025-03-12,Paid,0,9,1,0,1,7,58,1,1,Mid-Market,1907596
CUST0028,INV007131,26026.21,2026-07-22,2026-08-21,2026-09-06,Paid,0,19,1,8,0,3,72,0,1,Mid-Market,2213859
CUST1973,INV007132,10588.74,2026-02-17,2026-04-18,,Overdue,138,10,2,12,0,5,40,0,0,SMB,689104
CUST1652,INV007133,32769.92,2026-02-19,2026-04-05,,Overdue,151,21,2,17,1,2,22,1,0,SMB,1857402
CUST1075,INV007134,48343.95,2026-03-25,2026-04-24,,Overdue,132,6,1,19,2,4,10,1,1,Enterprise,4026974
CUST1717,INV007135,8547.47,2026-03-12,2026-04-11,,Overdue,145,22,4,0,1,5,39,0,0,SMB,1284215
CUST1284,INV007136,16295.89,2026-07-06,2026-08-20,2026-08-30,Paid,0,6,1,10,0,7,51,0,1,SMB,4645130
CUST0591,INV007137,96447.46,2025-08-27,2025-10-26,2025-10-26,Paid,0,1,0,2,0,2,45,0,1,SMB,1840008
CUST0785,INV007138,10704.05,2025-02-11,2025-03-13,,Overdue,539,22,4,16,0,4,70,0,0,SMB,3030248
CUST0620,INV007139,23545.02,2025-01-10,2025-03-11,,Overdue,541,1,0,14,2,0,75,1,0,Mid-Market,1864188
CUST1987,INV007140,5000.0,2025-09-22,2025-10-22,2025-11-02,Paid,0,22,5,6,1,1,18,1,1,Mid-Market,2764766
CUST0586,INV007141,5004.81,2026-08-04,2026-10-03,,Overdue,0,29,10,30,0,0,41,0,0,SMB,267770
CUST1711,INV007142,25784.21,2026-03-21,2026-05-05,2026-05-11,Paid,0,26,3,9,1,5,77,0,1,SMB,2559907
CUST1002,INV007143,75206.11,2025-05-19,2025-06-18,,Overdue,442,22,5,9,0,2,69,0,0,Mid-Market,2033044
CUST0184,INV007144,5641.87,2025-07-15,2025-08-14,2025-08-14,Paid,0,19,6,3,1,7,53,1,1,Enterprise,3397769
CUST1047,INV007145,23731.63,2025-03-15,2025-04-14,2025-04-14,Paid,0,3,1,0,1,3,64,0,1,SMB,970114
CUST1810,INV007146,15127.69,2025-08-13,2025-09-12,,Overdue,356,6,4,13,2,3,46,0,0,SMB,1367621
CUST0129,INV007147,57130.19,2025-04-12,2025-06-11,,Overdue,449,2,0,3,1,0,25,0,0,SMB,4772727
CUST0291,INV007148,6517.18,2025-09-21,2025-11-05,,Overdue,302,15,3,14,1,4,68,1,1,SMB,4704548
CUST1856,INV007149,33862.98,2025-06-10,2025-07-10,,Overdue,420,12,1,42,1,7,47,1,0,SMB,3529000
CUST0501,INV007150,11456.46,2025-08-21,2025-10-20,2025-11-08,Paid,0,21,4,14,1,7,29,1,1,Mid-Market,836261
CUST0186,INV007151,27530.18,2026-05-06,2026-06-05,,Overdue,90,10,3,14,0,7,24,0,0,Mid-Market,3301128
CUST0479,INV007152,23598.33,2025-11-07,2025-12-22,,Overdue,255,19,5,22,0,0,85,0,1,Enterprise,1571466
CUST1595,INV007153,17123.74,2025-08-15,2025-09-29,2025-10-23,Paid,0,21,3,25,0,3,58,1,1,Mid-Market,2977053
CUST0492,INV007154,35518.6,2025-09-30,2025-11-29,,Overdue,278,13,3,14,0,0,75,0,0,Mid-Market,3255228
CUST0513,INV007155,23009.28,2025-11-13,2025-11-28,2025-12-16,Paid,0,3,2,14,0,1,27,1,1,Enterprise,4637878
CUST1667,INV007156,19287.14,2025-03-27,2025-04-26,,Overdue,495,18,4,6,0,0,48,0,0,SMB,4530967
CUST1091,INV007157,15422.51,2025-10-18,2025-11-17,2025-12-02,Paid,0,20,1,18,1,4,41,0,1,Enterprise,3150498
CUST1829,INV007158,23803.75,2026-04-14,2026-05-14,,Overdue,112,5,0,18,0,2,74,0,1,Mid-Market,3870888
CUST0467,INV007159,27502.81,2026-08-01,2026-08-31,2026-09-10,Paid,0,22,5,12,0,0,11,0,1,SMB,665863
CUST0285,INV007160,8191.55,2026-02-08,2026-03-25,2026-03-25,Paid,0,13,4,0,0,1,43,0,1,Mid-Market,1173389
CUST0601,INV007161,15530.0,2026-03-03,2026-04-02,,Overdue,154,29,10,14,1,5,73,0,0,SMB,452980
CUST1441,INV007162,7668.02,2026-01-10,2026-02-09,,Overdue,206,14,7,20,0,4,3,0,0,Enterprise,1217272
CUST1124,INV007163,21166.07,2026-07-21,2026-08-20,,Overdue,14,15,7,2,0,1,49,0,1,Mid-Market,2297805
CUST0189,INV007164,12181.43,2025-09-09,2025-10-09,,Overdue,329,18,5,15,1,4,49,1,0,Mid-Market,2558426
CUST0989,INV007165,47609.29,2026-06-17,2026-08-01,2026-08-08,Paid,0,29,3,20,0,5,44,1,1,SMB,736268
CUST0890,INV007166,43162.48,2025-11-03,2025-12-03,2025-12-16,Paid,0,14,2,15,0,3,6,1,1,SMB,3422863
CUST1882,INV007167,8753.87,2026-03-06,2026-04-05,,Overdue,151,19,4,30,2,3,48,0,0,Enterprise,1358014
CUST0388,INV007168,21975.7,2025-09-21,2025-10-21,,Overdue,317,3,2,5,1,2,89,0,0,SMB,4458285
CUST0241,INV007169,41710.85,2025-03-09,2025-03-24,,Overdue,528,22,2,2,0,2,71,0,0,Enterprise,4383848
CUST1806,INV007170,18484.57,2025-04-17,2025-05-17,,Overdue,474,1,0,3,0,4,27,0,0,Mid-Market,3461134
CUST1755,INV007171,10633.69,2026-02-04,2026-04-05,,Overdue,151,23,6,6,2,6,50,0,0,Enterprise,1085408
CUST0417,INV007172,7387.88,2026-08-02,2026-09-16,2026-09-19,Paid,0,29,6,5,0,1,86,0,1,SMB,560370
CUST1942,INV007173,51754.55,2025-07-18,2025-08-17,,Overdue,382,24,5,20,1,1,83,0,0,SMB,2898439
CUST0176,INV007174,54323.55,2025-07-11,2025-08-10,2025-08-13,Paid,0,7,1,0,1,0,86,0,1,SMB,906047
CUST0387,INV007175,17890.99,2026-05-29,2026-07-28,2026-08-02,Paid,0,20,4,5,1,3,23,0,1,SMB,3635681
CUST1495,INV007176,47388.63,2026-03-18,2026-04-02,,Overdue,154,7,1,22,1,0,76,0,0,Mid-Market,332140
CUST0853,INV007177,5000.0,2025-01-01,2025-01-31,,Overdue,580,17,2,10,1,2,66,0,0,SMB,3013944
CUST1257,INV007178,83079.62,2025-12-24,2026-01-23,2026-01-23,Paid,0,29,5,0,1,7,29,0,1,SMB,3914044
CUST0663,INV007179,18827.15,2025-04-25,2025-06-09,2025-06-12,Paid,0,15,1,7,0,3,14,0,1,Mid-Market,4611307
CUST0452,INV007180,25381.52,2026-08-23,2026-10-22,,Overdue,0,13,3,25,1,1,73,0,1,Mid-Market,118803
CUST0277,INV007181,15986.22,2025-07-16,2025-08-15,2025-08-29,Paid,0,24,7,10,0,5,29,0,1,Mid-Market,1279787
CUST1253,INV007182,88939.13,2025-10-01,2025-10-31,,Overdue,307,26,6,15,0,3,5,1,0,SMB,94816
CUST1195,INV007183,7625.62,2025-06-09,2025-07-24,,Overdue,406,15,4,10,0,5,86,0,0,SMB,787090
CUST1759,INV007184,96226.53,2025-06-22,2025-08-21,,Overdue,378,26,6,28,0,2,59,1,0,SMB,1521926
CUST0213,INV007185,32737.32,2026-06-29,2026-08-28,2026-09-10,Paid,0,3,1,9,1,3,77,0,1,Mid-Market,2726517
CUST1306,INV007186,41054.85,2026-04-03,2026-05-18,2026-05-18,Paid,0,25,5,6,1,2,18,0,1,Enterprise,3201396
CUST0041,INV007187,15847.95,2026-08-08,2026-10-07,,Overdue,0,17,3,19,2,1,71,1,1,SMB,3623465
CUST1146,INV007188,5953.78,2026-03-09,2026-03-24,,Overdue,163,16,7,18,1,4,77,0,0,Enterprise,4623574
CUST1251,INV007189,55854.8,2026-04-26,2026-05-26,,Overdue,100,22,5,10,0,6,61,0,0,Mid-Market,773858
CUST0294,INV007190,30073.76,2026-03-31,2026-04-15,,Overdue,141,1,1,14,2,3,48,0,0,SMB,1570943
CUST0600,INV007191,85958.81,2025-07-15,2025-08-14,,Overdue,385,24,9,19,0,4,85,0,0,SMB,738152
CUST1291,INV007192,18146.33,2026-08-22,2026-09-21,2026-09-25,Paid,0,14,4,6,0,7,44,0,1,SMB,132409
CUST0541,INV007193,14483.55,2025-11-05,2026-01-04,,Overdue,242,3,0,20,0,2,38,0,0,Enterprise,4638727
CUST1783,INV007194,88264.06,2026-07-10,2026-08-09,2026-08-16,Paid,0,20,6,13,1,3,3,0,1,SMB,1509410
CUST1852,INV007195,149028.7,2026-05-09,2026-06-23,,Overdue,72,28,7,15,1,6,28,0,1,Mid-Market,1043978
CUST0451,INV007196,22233.32,2026-03-15,2026-04-14,,Overdue,142,22,10,6,1,7,54,0,0,Mid-Market,3665652
CUST1473,INV007197,10375.91,2025-12-25,2026-02-08,,Overdue,207,4,2,12,3,1,45,0,1,Enterprise,1756826
CUST1780,INV007198,49539.76,2025-02-05,2025-03-07,,Overdue,545,24,8,3,0,3,86,0,0,Mid-Market,1688846
CUST1085,INV007199,17085.4,2025-02-03,2025-03-20,2025-03-30,Paid,0,9,2,7,1,1,43,0,1,Enterprise,2518665
CUST1526,INV007200,40105.26,2025-03-29,2025-04-28,,Overdue,493,21,1,23,0,2,33,0,0,SMB,257352
CUST1171,INV007201,16995.84,2025-01-16,2025-02-15,2025-02-15,Paid,0,1,1,1,0,6,13,1,1,Mid-Market,2645834
CUST1710,INV007202,105241.61,2026-02-25,2026-03-27,2026-03-30,Paid,0,24,2,6,1,5,41,1,1,Mid-Market,3448116
CUST1969,INV007203,10943.6,2026-07-07,2026-08-06,2026-08-11,Paid,0,14,2,4,1,5,57,0,1,SMB,4480675
CUST0790,INV007204,35615.27,2025-05-06,2025-06-05,,Overdue,455,13,5,16,0,4,5,1,0,Enterprise,4582688
CUST0334,INV007205,13511.52,2025-01-08,2025-02-07,2025-03-10,Paid,0,15,2,26,0,0,8,0,1,SMB,2438229
CUST1905,INV007206,16622.18,2026-04-17,2026-05-17,,Overdue,109,18,6,10,1,0,66,0,1,Mid-Market,4695287
CUST1977,INV007207,14587.85,2026-04-13,2026-05-28,2026-05-28,Paid,0,16,3,0,1,7,44,1,1,SMB,1384649
CUST0891,INV007208,46101.84,2026-05-25,2026-07-09,2026-08-04,Paid,0,6,2,19,2,5,43,0,1,Mid-Market,2949033
CUST1166,INV007209,55180.4,2026-02-06,2026-04-07,,Overdue,149,22,6,11,1,3,81,0,0,Mid-Market,702755
CUST0044,INV007210,38474.03,2025-06-25,2025-07-25,,Overdue,405,16,5,17,0,5,4,0,0,Enterprise,4524770
CUST0144,INV007211,19771.89,2026-01-02,2026-02-01,,Overdue,214,11,4,19,0,4,19,0,0,SMB,1466207
CUST1889,INV007212,25341.03,2026-05-03,2026-06-17,,Overdue,78,7,4,6,1,1,34,1,1,Mid-Market,3652571
CUST0333,INV007213,54053.07,2025-01-18,2025-02-17,,Overdue,563,28,4,1,2,0,62,0,0,SMB,3071372
CUST0998,INV007214,55787.86,2025-02-25,2025-03-27,2025-03-28,Paid,0,9,3,0,0,4,81,0,1,SMB,1780992
CUST1521,INV007215,5000.0,2025-02-04,2025-03-21,,Overdue,531,1,1,30,1,4,89,0,0,SMB,3649537
CUST1420,INV007216,16777.23,2026-07-27,2026-08-26,2026-08-30,Paid,0,10,2,7,1,2,5,0,1,Enterprise,4910319
CUST0055,INV007217,17601.53,2026-08-23,2026-09-22,,Overdue,0,29,6,7,1,0,81,0,1,Mid-Market,4373654
CUST1331,INV007218,43012.78,2025-12-13,2026-01-27,,Overdue,219,28,8,18,0,2,11,0,0,Mid-Market,723812
CUST0870,INV007219,20603.77,2025-02-01,2025-03-18,2025-03-23,Paid,0,8,2,11,0,4,58,0,1,Enterprise,2972705
CUST1447,INV007220,45214.96,2025-05-13,2025-06-27,,Overdue,433,11,2,0,2,6,16,0,0,Mid-Market,4215255
CUST1441,INV007221,7490.11,2026-07-30,2026-08-29,2026-08-29,Paid,0,5,0,1,0,0,80,0,1,Enterprise,1217272
CUST1697,INV007222,28568.34,2025-07-18,2025-09-16,2025-10-07,Paid,0,29,5,14,1,1,70,0,1,SMB,3623258
CUST0797,INV007223,54187.51,2025-09-13,2025-10-28,2025-10-28,Paid,0,6,2,2,0,6,82,1,1,Enterprise,2395704
CUST0325,INV007224,5042.3,2025-12-08,2026-01-22,,Overdue,224,24,9,28,1,7,3,0,0,Enterprise,1084586
CUST1734,INV007225,272023.43,2025-08-19,2025-10-03,2025-10-05,Paid,0,24,8,0,0,3,18,0,1,SMB,881257
CUST1695,INV007226,72466.95,2025-10-28,2025-11-27,2025-11-27,Paid,0,12,3,1,2,7,7,0,1,SMB,4856546
CUST0080,INV007227,22056.29,2026-07-01,2026-07-31,,Overdue,34,11,3,2,2,4,75,1,0,SMB,1147353
CUST1055,INV007228,9619.93,2025-01-26,2025-03-12,,Overdue,540,7,2,17,1,7,47,0,0,Enterprise,4073278
CUST0985,INV007229,18488.7,2026-06-19,2026-08-03,2026-08-05,Paid,0,7,2,0,0,5,15,1,1,Mid-Market,4422352
CUST1136,INV007230,23951.89,2026-04-19,2026-05-19,,Overdue,107,12,6,28,0,7,62,0,1,SMB,2441098
CUST0558,INV007231,34223.32,2026-01-22,2026-03-08,,Overdue,179,12,5,25,0,1,78,0,0,SMB,1280746
CUST0865,INV007232,98781.03,2025-10-12,2025-11-11,,Overdue,296,1,0,21,1,3,23,0,0,SMB,2642316
CUST0717,INV007233,13682.89,2026-03-26,2026-04-25,2026-04-26,Paid,0,24,8,0,2,7,36,0,1,Mid-Market,4076390
CUST1588,INV007234,38665.76,2025-11-16,2025-12-16,2026-01-07,Paid,0,19,3,15,0,0,17,1,1,SMB,2348354
CUST1674,INV007235,6048.53,2025-06-05,2025-07-05,,Overdue,425,21,6,0,1,1,22,0,0,Mid-Market,538051
CUST0472,INV007236,14565.33,2026-04-16,2026-05-16,2026-06-07,Paid,0,4,0,26,1,1,24,0,1,Enterprise,3870887
CUST0074,INV007237,32103.39,2026-02-24,2026-04-10,2026-04-24,Paid,0,26,8,15,1,7,27,0,1,Mid-Market,2879455
CUST1577,INV007238,43969.98,2025-04-23,2025-05-23,,Overdue,468,19,1,17,0,7,17,0,0,SMB,2484138
CUST1503,INV007239,10370.99,2026-02-26,2026-03-13,2026-03-15,Paid,0,26,6,8,1,3,23,0,1,SMB,2008691
CUST0589,INV007240,14174.62,2026-08-21,2026-10-20,2026-11-04,Paid,0,21,2,13,3,1,71,1,1,SMB,2487245
CUST1411,INV007241,94897.88,2025-10-12,2025-11-11,,Overdue,296,19,8,12,2,0,1,1,0,SMB,4899433
CUST1723,INV007242,70397.19,2026-07-26,2026-09-09,2026-09-25,Paid,0,25,2,14,0,6,50,0,1,SMB,4159404
CUST1906,INV007243,27131.68,2025-02-23,2025-04-24,2025-05-07,Paid,0,11,1,18,1,0,63,0,1,SMB,2643157
CUST0564,INV007244,5000.0,2025-11-21,2025-12-21,,Overdue,256,29,7,0,2,4,50,0,0,SMB,1522178
CUST1954,INV007245,271341.25,2026-04-03,2026-05-18,,Overdue,108,9,3,14,1,3,37,0,0,Mid-Market,2476105
CUST1457,INV007246,21591.79,2025-09-22,2025-11-21,,Overdue,286,13,4,25,1,2,15,0,0,Mid-Market,2064017
CUST1436,INV007247,16113.83,2026-01-17,2026-03-18,2026-03-18,Paid,0,22,4,8,1,0,56,0,1,SMB,2380344
CUST0467,INV007248,13064.32,2025-08-01,2025-08-31,,Overdue,368,19,4,26,0,7,82,0,0,SMB,665863
CUST0599,INV007249,32092.16,2025-11-29,2025-12-29,2025-12-29,Paid,0,5,1,0,1,2,56,1,1,SMB,2813398
CUST1645,INV007250,32421.68,2025-01-10,2025-02-09,,Overdue,571,11,2,30,0,1,68,0,0,SMB,915256
CUST0992,INV007251,56989.82,2025-12-24,2026-02-07,,Overdue,208,24,8,0,1,3,29,0,0,Mid-Market,2063148
CUST1933,INV007252,8724.91,2025-07-22,2025-09-20,,Overdue,348,25,10,13,0,5,87,1,0,Mid-Market,2067337
CUST0737,INV007253,16114.99,2025-02-27,2025-04-13,,Overdue,508,3,1,15,0,3,43,1,1,SMB,2094940
CUST0994,INV007254,167802.96,2026-05-09,2026-06-08,,Overdue,87,5,0,13,1,0,86,0,0,Mid-Market,1569593
CUST0248,INV007255,27572.95,2026-05-25,2026-06-24,2026-06-24,Paid,0,13,1,4,0,0,20,0,1,Enterprise,2686722
CUST1605,INV007256,18536.1,2025-08-11,2025-09-10,,Overdue,358,14,2,23,2,3,86,1,0,SMB,4997796
CUST1144,INV007257,8590.24,2026-01-04,2026-01-19,2026-01-19,Paid,0,13,2,3,1,5,12,1,1,Mid-Market,4728083
CUST0067,INV007258,36531.65,2026-02-22,2026-04-08,,Overdue,148,2,1,38,0,2,14,0,0,SMB,1429904
CUST0573,INV007259,61760.43,2026-07-01,2026-07-31,2026-07-31,Paid,0,2,1,2,0,3,61,1,1,SMB,1967043
CUST1980,INV007260,52816.96,2025-04-13,2025-05-13,,Overdue,478,18,0,22,1,7,84,0,0,Mid-Market,3791104
CUST1351,INV007261,17003.92,2025-06-10,2025-07-25,2025-07-25,Paid,0,28,7,0,0,5,76,0,1,Enterprise,2082816
CUST1944,INV007262,31610.74,2025-07-19,2025-08-03,,Overdue,396,6,2,5,0,4,61,1,0,Mid-Market,2572919
CUST0703,INV007263,117202.61,2025-06-09,2025-08-08,2025-08-08,Paid,0,19,3,0,0,5,9,0,1,SMB,1010652
CUST0470,INV007264,64272.19,2025-05-16,2025-05-31,,Overdue,460,10,4,25,1,3,88,0,0,Enterprise,3375315
CUST0493,INV007265,10055.12,2026-02-02,2026-04-03,2026-04-19,Paid,0,21,5,18,0,5,73,1,1,SMB,217647
CUST1725,INV007266,5000.0,2026-01-27,2026-02-26,2026-02-26,Paid,0,8,1,0,2,2,24,0,1,Mid-Market,4300167
CUST0663,INV007267,29636.81,2025-04-16,2025-05-16,2025-05-16,Paid,0,5,0,0,0,1,69,0,1,Mid-Market,4611307
CUST0286,INV007268,48950.66,2026-08-06,2026-09-20,,Overdue,0,2,0,0,0,2,8,0,1,SMB,625919
CUST1980,INV007269,7411.41,2026-08-12,2026-10-11,,Overdue,0,6,1,9,1,7,79,0,1,Mid-Market,3791104
CUST1938,INV007270,21833.71,2025-02-23,2025-03-25,,Overdue,527,18,8,8,1,3,45,0,0,Mid-Market,470539
CUST1632,INV007271,16920.83,2025-10-04,2025-11-18,,Overdue,289,29,6,22,0,3,53,0,1,SMB,1151267
CUST0312,INV007272,24447.58,2025-04-21,2025-06-20,2025-06-29,Paid,0,8,4,11,1,1,20,0,1,SMB,2884837
CUST0309,INV007273,12775.74,2025-08-12,2025-09-11,,Overdue,357,2,1,29,1,7,58,0,0,Mid-Market,4224482
CUST0775,INV007274,80058.35,2025-03-16,2025-04-30,,Overdue,491,23,3,0,0,6,79,0,0,Mid-Market,856564
CUST1121,INV007275,25539.18,2026-05-21,2026-06-20,,Overdue,75,20,8,9,1,6,86,0,1,Enterprise,4579275
CUST0965,INV007276,9145.19,2025-01-14,2025-02-13,,Overdue,567,4,0,6,2,5,70,0,1,SMB,4660146
CUST1137,INV007277,55130.71,2026-04-27,2026-05-27,,Overdue,99,15,3,6,1,5,33,0,0,Enterprise,1707888
CUST1661,INV007278,6221.79,2025-07-08,2025-08-07,,Overdue,392,24,9,20,2,5,61,0,0,Mid-Market,1811369
CUST0456,INV007279,79578.11,2025-12-30,2026-01-14,,Overdue,232,20,7,18,0,6,11,0,0,SMB,295404
CUST1487,INV007280,59341.22,2025-08-27,2025-09-26,2025-09-26,Paid,0,24,6,0,0,4,3,1,1,SMB,3099316
CUST1972,INV007281,88413.09,2026-02-05,2026-03-07,,Overdue,180,9,1,11,2,0,49,0,0,Mid-Market,174591
CUST0132,INV007282,18802.66,2025-10-31,2025-11-30,,Overdue,277,24,6,14,0,2,57,1,0,SMB,3674064
CUST0930,INV007283,13411.74,2025-04-01,2025-05-01,,Overdue,490,20,5,26,0,2,67,1,0,SMB,1951740
CUST0965,INV007284,23957.14,2026-01-27,2026-02-26,,Overdue,189,21,11,29,2,3,29,0,0,SMB,4660146
CUST0929,INV007285,20242.98,2025-07-03,2025-08-02,2025-08-16,Paid,0,6,2,16,0,2,11,1,1,Mid-Market,1444316
CUST0121,INV007286,11467.4,2025-01-17,2025-03-18,2025-03-30,Paid,0,9,4,14,0,5,55,0,1,Mid-Market,1498763
CUST1221,INV007287,12662.2,2025-01-12,2025-02-11,2025-02-19,Paid,0,13,7,17,0,5,50,0,1,Enterprise,3143510
CUST1830,INV007288,15269.72,2025-06-15,2025-07-15,2025-07-15,Paid,0,5,1,2,1,1,15,1,1,SMB,3026030
CUST1506,INV007289,6836.26,2025-05-26,2025-06-25,2025-07-03,Paid,0,14,4,6,1,4,4,0,1,SMB,2759236
CUST0634,INV007290,43389.09,2025-10-09,2025-11-23,2025-11-23,Paid,0,14,3,2,1,5,32,0,1,Mid-Market,2782481
CUST1818,INV007291,20904.15,2026-07-03,2026-07-18,,Overdue,47,18,2,23,0,3,52,0,1,Mid-Market,1866760
CUST0897,INV007292,16181.46,2026-08-05,2026-09-04,,Overdue,0,7,2,8,2,7,62,0,0,SMB,3095529
CUST0772,INV007293,7256.45,2025-06-18,2025-08-02,2025-08-15,Paid,0,6,2,10,0,0,74,0,1,Mid-Market,1155710
CUST1063,INV007294,6902.42,2025-06-19,2025-07-19,2025-08-04,Paid,0,27,5,14,1,1,41,0,1,Mid-Market,4834808
CUST0566,INV007295,152651.69,2025-12-12,2026-01-11,,Overdue,235,12,4,17,0,0,82,0,1,Mid-Market,3920426
CUST0512,INV007296,11763.33,2026-05-14,2026-07-13,2026-08-10,Paid,0,14,2,30,0,2,17,0,1,SMB,2671578
CUST1498,INV007297,40559.63,2026-04-05,2026-04-20,2026-05-03,Paid,0,19,5,13,1,2,5,0,1,SMB,2093321
CUST1185,INV007298,25916.48,2025-10-24,2025-11-23,,Overdue,284,16,5,11,4,6,72,1,0,SMB,3001720
CUST0289,INV007299,5000.0,2025-05-22,2025-06-21,,Overdue,439,24,3,24,0,7,69,0,0,SMB,472381
CUST0200,INV007300,132250.19,2025-02-22,2025-03-09,2025-03-24,Paid,0,19,6,11,0,7,81,0,1,Mid-Market,4844821
CUST1812,INV007301,43655.47,2025-04-28,2025-05-28,2025-05-30,Paid,0,10,2,2,1,4,39,0,1,Mid-Market,2417893
CUST0528,INV007302,10222.33,2025-12-31,2026-01-30,,Overdue,216,11,4,0,0,0,32,0,0,SMB,1550134
CUST0917,INV007303,21410.43,2025-05-16,2025-05-31,,Overdue,460,4,0,16,1,1,7,0,0,SMB,1823055
CUST1709,INV007304,6980.09,2026-02-18,2026-03-20,,Overdue,167,25,7,11,0,7,86,0,0,Mid-Market,4159070
CUST1527,INV007305,136792.5,2025-03-18,2025-05-17,,Overdue,474,29,8,28,0,7,76,0,0,SMB,1725502
CUST1272,INV007306,8886.98,2026-07-11,2026-08-25,,Overdue,9,20,3,10,3,0,50,0,1,Enterprise,2200205
CUST1407,INV007307,13054.86,2025-01-18,2025-02-17,2025-02-19,Paid,0,2,1,2,0,0,88,0,1,Mid-Market,1183183
CUST1242,INV007308,10619.41,2026-02-07,2026-03-09,2026-03-20,Paid,0,9,3,20,0,7,49,0,1,Mid-Market,2138062
CUST1111,INV007309,23870.04,2025-07-24,2025-08-23,2025-09-05,Paid,0,10,2,13,0,5,43,0,1,Mid-Market,3606210
CUST1106,INV007310,86709.31,2026-05-14,2026-06-13,,Overdue,82,8,2,21,0,7,17,0,1,SMB,175355
CUST1086,INV007311,131843.97,2025-11-20,2026-01-19,,Overdue,227,4,2,14,2,0,71,1,0,SMB,2959984
CUST0799,INV007312,14779.61,2026-08-18,2026-10-17,,Overdue,0,13,4,14,1,0,81,1,0,Mid-Market,473332
CUST1524,INV007313,32152.93,2026-07-16,2026-08-15,,Overdue,19,27,10,14,0,7,20,1,1,SMB,2259853
CUST1066,INV007314,23906.49,2025-10-08,2025-11-07,2025-11-22,Paid,0,6,2,6,0,7,45,0,1,Mid-Market,92291
CUST0012,INV007315,8253.48,2025-06-15,2025-08-14,,Overdue,385,6,0,13,1,7,74,1,0,Enterprise,2459029
CUST0833,INV007316,248340.38,2025-08-31,2025-10-15,,Overdue,323,27,5,13,0,2,70,0,0,SMB,3256943
CUST1770,INV007317,86056.52,2026-04-24,2026-05-24,,Overdue,102,2,0,29,2,5,48,0,0,SMB,219934
CUST0841,INV007318,26611.96,2025-06-13,2025-07-13,2025-07-25,Paid,0,9,2,12,0,6,32,0,1,SMB,3030346
CUST0643,INV007319,107138.33,2025-11-20,2025-12-20,2026-01-03,Paid,0,6,1,9,1,4,8,0,1,SMB,3510989
CUST1139,INV007320,74021.19,2026-07-22,2026-09-20,2026-10-14,Paid,0,5,1,23,1,1,44,0,1,SMB,4887231
CUST1242,INV007321,23905.44,2026-07-05,2026-08-04,2026-08-05,Paid,0,2,0,3,1,3,62,0,1,Mid-Market,2138062
CUST1673,INV007322,30514.69,2025-07-27,2025-09-10,,Overdue,358,29,6,17,2,5,83,0,0,Enterprise,4689059
CUST0106,INV007323,99920.1,2025-11-11,2025-11-26,,Overdue,281,14,4,0,2,7,83,1,0,SMB,2326787
CUST0691,INV007324,8551.37,2025-10-31,2025-12-30,2025-12-30,Paid,0,10,2,0,0,2,22,1,1,SMB,4325115
CUST0528,INV007325,117440.92,2025-08-27,2025-09-26,2025-10-28,Paid,0,15,3,23,0,2,35,0,1,SMB,1550134
CUST1496,INV007326,17586.51,2025-08-12,2025-09-11,,Overdue,357,17,4,8,0,6,28,0,0,Mid-Market,1658795
CUST1778,INV007327,101182.06,2025-03-29,2025-04-13,2025-04-22,Paid,0,7,5,0,0,5,33,0,1,SMB,4822945
CUST0846,INV007328,21911.64,2026-06-21,2026-07-21,2026-07-24,Paid,0,20,5,4,1,1,6,1,1,SMB,784275
CUST0893,INV007329,30872.04,2026-03-05,2026-04-04,2026-04-07,Paid,0,11,4,10,2,7,12,0,1,Mid-Market,1628315
CUST0387,INV007330,21283.59,2025-08-08,2025-09-07,,Overdue,361,13,3,36,1,5,50,0,0,SMB,3635681
CUST1250,INV007331,12941.01,2025-10-02,2025-11-01,2025-11-05,Paid,0,23,5,0,1,1,61,1,1,Mid-Market,3850986
CUST0481,INV007332,16813.63,2025-03-07,2025-03-22,,Overdue,530,21,8,21,2,4,50,0,0,Mid-Market,832877
CUST1778,INV007333,87475.27,2026-08-15,2026-09-14,,Overdue,0,17,5,7,0,3,76,1,0,SMB,4822945
CUST0408,INV007334,5000.0,2026-02-27,2026-03-29,,Overdue,158,5,1,12,1,2,37,0,0,SMB,2849131
CUST1481,INV007335,6380.71,2025-09-12,2025-10-12,2025-10-20,Paid,0,12,2,5,0,5,67,0,1,Mid-Market,4900334
CUST1677,INV007336,10662.93,2025-05-05,2025-06-04,,Overdue,456,4,0,22,1,4,61,1,0,SMB,3667597
CUST0898,INV007337,7492.48,2025-05-26,2025-06-25,2025-07-12,Paid,0,1,0,15,0,2,11,0,1,Enterprise,2275541
CUST0711,INV007338,99705.85,2026-01-20,2026-02-19,2026-02-20,Paid,0,10,2,3,2,5,80,0,1,Mid-Market,2126475
CUST1648,INV007339,77472.4,2026-03-23,2026-04-22,,Overdue,134,2,1,21,0,4,54,0,1,Mid-Market,312091
CUST0639,INV007340,39816.31,2026-01-22,2026-02-21,,Overdue,194,13,5,26,1,5,67,0,0,SMB,801518
CUST1045,INV007341,11639.92,2026-01-18,2026-02-17,,Overdue,198,13,4,23,0,4,86,0,0,Enterprise,834192
CUST1683,INV007342,83704.82,2025-10-04,2025-11-18,,Overdue,289,25,6,36,0,3,58,0,0,Mid-Market,4964082
CUST1625,INV007343,5000.0,2026-01-17,2026-02-16,,Overdue,199,12,2,23,1,6,49,0,0,SMB,1167374
CUST0815,INV007344,187584.12,2025-05-04,2025-06-03,,Overdue,457,1,0,13,1,0,79,0,0,Enterprise,2961190
CUST0918,INV007345,11107.44,2025-09-24,2025-11-08,,Overdue,299,10,3,6,2,2,84,1,0,Enterprise,742137
CUST0203,INV007346,16949.01,2025-04-21,2025-05-21,,Overdue,470,20,5,21,2,4,43,0,0,SMB,2700235
CUST0417,INV007347,14337.82,2026-01-16,2026-02-15,2026-02-15,Paid,0,24,6,5,0,4,68,0,1,SMB,560370
CUST0416,INV007348,7531.82,2025-06-07,2025-06-22,,Overdue,438,5,1,24,3,1,84,0,0,SMB,734029
CUST1472,INV007349,151011.78,2026-07-02,2026-08-16,2026-08-21,Paid,0,10,3,10,1,0,29,0,1,Mid-Market,400067
CUST1536,INV007350,48479.42,2026-08-22,2026-10-06,,Overdue,0,7,3,16,1,1,14,0,0,SMB,2800025
CUST0085,INV007351,74270.61,2025-04-28,2025-06-12,,Overdue,448,15,5,0,1,6,1,0,0,SMB,4525156
CUST0167,INV007352,6479.06,2025-11-24,2026-01-23,,Overdue,223,27,10,9,1,0,18,1,0,SMB,3938577
CUST0384,INV007353,26395.21,2025-03-09,2025-04-23,2025-04-23,Paid,0,18,6,2,0,3,81,0,1,Enterprise,1251838
CUST0468,INV007354,37087.26,2026-03-10,2026-04-24,,Overdue,132,20,5,29,0,3,15,0,0,Enterprise,4751669
CUST1096,INV007355,28875.72,2025-12-25,2026-01-24,,Overdue,222,4,1,9,0,1,89,0,0,SMB,3869712
CUST0810,INV007356,6902.41,2026-03-19,2026-04-18,,Overdue,138,1,0,11,1,1,13,0,0,SMB,3906756
CUST0997,INV007357,64569.67,2025-06-13,2025-08-12,2025-08-15,Paid,0,28,7,1,1,6,24,0,1,Enterprise,3842824
CUST1545,INV007358,24873.3,2025-12-27,2026-02-25,2026-02-25,Paid,0,8,4,0,2,0,34,0,1,Enterprise,984048
CUST1817,INV007359,8476.36,2026-08-08,2026-09-07,2026-09-11,Paid,0,11,2,3,2,0,11,0,1,SMB,375437
CUST0473,INV007360,5000.0,2025-04-29,2025-05-29,2025-05-29,Paid,0,3,0,3,0,1,62,1,1,SMB,2896274
CUST0993,INV007361,40403.29,2025-07-14,2025-09-12,2025-09-26,Paid,0,28,8,3,0,1,47,0,1,SMB,4517223
CUST1282,INV007362,255366.68,2026-08-11,2026-09-10,,Overdue,0,29,5,3,0,4,25,0,0,Mid-Market,2076110
CUST0275,INV007363,7980.42,2025-08-29,2025-09-28,2025-10-20,Paid,0,12,1,19,0,2,32,1,1,Mid-Market,213834
CUST1774,INV007364,26119.75,2026-05-24,2026-06-23,,Overdue,72,13,7,7,3,1,65,0,0,Enterprise,3689688
CUST1044,INV007365,66869.44,2026-07-19,2026-08-03,2026-08-18,Paid,0,20,4,18,0,0,29,0,1,Mid-Market,4145077
CUST1514,INV007366,6187.88,2025-05-22,2025-06-21,,Overdue,439,18,3,7,0,4,41,0,0,SMB,345866
CUST1769,INV007367,13630.2,2025-01-31,2025-03-17,2025-04-02,Paid,0,12,2,14,1,5,75,1,1,SMB,166841
CUST0490,INV007368,9319.29,2025-08-11,2025-09-10,,Overdue,358,10,2,19,1,3,22,0,0,Enterprise,900350
CUST1757,INV007369,58963.67,2025-09-23,2025-11-22,2025-11-23,Paid,0,21,5,5,1,3,76,0,1,Enterprise,2625606
CUST0326,INV007370,82910.96,2025-10-09,2025-12-08,2025-12-30,Paid,0,28,8,24,0,3,1,0,1,Mid-Market,1796688
CUST0529,INV007371,25823.4,2026-01-16,2026-03-02,2026-03-09,Paid,0,21,3,13,1,4,16,0,1,SMB,2654884
CUST0892,INV007372,9492.58,2026-07-10,2026-09-08,,Overdue,0,15,4,0,1,6,16,0,1,Enterprise,4582669
CUST0089,INV007373,14146.31,2025-03-03,2025-04-02,2025-04-13,Paid,0,3,1,6,0,1,3,1,1,Enterprise,3881661
CUST0486,INV007374,11725.27,2026-06-05,2026-07-05,2026-07-16,Paid,0,24,4,8,0,2,3,0,1,Enterprise,3130977
CUST0708,INV007375,8289.39,2025-03-12,2025-04-26,2025-05-07,Paid,0,15,5,7,1,6,52,0,1,Mid-Market,3435744
CUST0350,INV007376,19889.79,2026-06-20,2026-07-20,2026-07-27,Paid,0,17,4,0,0,6,31,0,1,Mid-Market,2643659
CUST1108,INV007377,39137.11,2025-05-20,2025-06-19,2025-06-24,Paid,0,29,9,1,0,6,35,0,1,Mid-Market,665937
CUST0387,INV007378,35963.41,2025-11-12,2025-12-12,,Overdue,265,16,7,19,0,6,50,0,0,SMB,3635681
CUST0087,INV007379,21845.88,2025-12-06,2026-01-20,2026-01-24,Paid,0,2,0,10,0,3,76,0,1,Mid-Market,638158
CUST0307,INV007380,23319.7,2026-08-13,2026-09-27,,Overdue,0,1,1,15,0,1,89,1,0,Mid-Market,3507550
CUST1874,INV007381,20301.48,2026-06-12,2026-07-27,2026-08-07,Paid,0,22,4,14,0,3,23,0,1,Mid-Market,1980440
CUST1178,INV007382,6019.67,2026-06-25,2026-08-09,,Overdue,25,4,0,10,2,3,81,1,1,SMB,2223513
CUST0440,INV007383,25851.78,2026-02-20,2026-04-06,,Overdue,150,26,7,4,2,3,65,0,0,SMB,4259738
CUST0740,INV007384,12287.95,2026-04-12,2026-05-12,2026-05-15,Paid,0,17,2,6,0,0,81,0,1,SMB,3931857
CUST1984,INV007385,5725.34,2026-01-10,2026-02-09,,Overdue,206,7,2,14,2,5,59,0,0,SMB,930096
CUST0264,INV007386,31910.98,2025-10-18,2025-12-02,2025-12-02,Paid,0,25,5,1,1,7,35,0,1,Mid-Market,3333616
CUST0977,INV007387,11947.41,2025-02-12,2025-02-27,2025-03-12,Paid,0,5,1,16,1,4,63,0,1,Mid-Market,275391
CUST0735,INV007388,27660.31,2025-02-22,2025-04-23,,Overdue,498,23,8,26,0,4,18,1,0,SMB,2938939
CUST0421,INV007389,51412.56,2025-08-20,2025-10-04,2025-10-04,Paid,0,4,0,0,0,0,10,0,1,Mid-Market,3358505
CUST0493,INV007390,8516.5,2025-07-31,2025-09-14,2025-10-11,Paid,0,20,4,17,2,6,47,0,1,SMB,217647
CUST0633,INV007391,24151.97,2025-01-08,2025-03-09,2025-03-18,Paid,0,20,6,10,0,6,33,1,1,Mid-Market,2907281
CUST0993,INV007392,5000.0,2026-04-28,2026-05-28,,Overdue,98,29,6,17,3,7,6,0,0,SMB,4517223
CUST0411,INV007393,101980.11,2025-02-11,2025-02-26,2025-03-06,Paid,0,5,0,6,0,3,21,1,1,SMB,3033516
CUST0173,INV007394,5658.61,2025-11-29,2025-12-29,2026-01-27,Paid,0,8,2,26,0,4,47,0,1,Mid-Market,583634
CUST0004,INV007395,13163.2,2025-08-21,2025-09-20,2025-10-05,Paid,0,20,3,10,0,4,30,1,1,Mid-Market,69675
CUST0854,INV007396,83983.86,2025-03-11,2025-04-10,,Overdue,511,23,5,14,2,7,71,0,0,Enterprise,2397693
CUST1664,INV007397,17421.79,2025-01-16,2025-02-15,,Overdue,565,9,6,16,1,4,21,0,0,SMB,1517172
CUST0986,INV007398,6651.53,2025-03-10,2025-04-24,2025-05-10,Paid,0,6,1,13,0,3,45,0,1,SMB,1474663
CUST1496,INV007399,44939.54,2025-02-22,2025-03-24,2025-04-06,Paid,0,4,2,14,0,3,50,0,1,Mid-Market,1658795
CUST1134,INV007400,43937.9,2026-01-14,2026-02-13,2026-03-01,Paid,0,5,2,15,0,4,3,0,1,SMB,204692
CUST1891,INV007401,11693.8,2026-04-08,2026-05-08,2026-05-12,Paid,0,8,1,7,3,2,76,0,1,SMB,3929928
CUST1061,INV007402,13030.83,2026-06-11,2026-07-11,2026-07-20,Paid,0,20,5,9,1,1,33,0,1,Enterprise,2773408
CUST0583,INV007403,14251.12,2025-03-04,2025-04-03,,Overdue,518,13,6,22,2,1,88,1,0,SMB,3819457
CUST1825,INV007404,17907.52,2025-09-18,2025-10-18,,Overdue,320,4,1,0,0,3,71,0,0,Mid-Market,4122250
CUST1055,INV007405,5000.0,2026-05-15,2026-06-29,2026-07-09,Paid,0,7,3,4,0,2,58,0,1,Enterprise,4073278
CUST1975,INV007406,18371.87,2025-05-01,2025-05-31,2025-05-31,Paid,0,22,5,0,0,5,72,0,1,SMB,4511213
CUST0381,INV007407,131126.03,2025-08-28,2025-09-12,2025-09-17,Paid,0,1,0,0,0,2,47,0,1,SMB,1570982
CUST1292,INV007408,8991.46,2026-04-10,2026-05-10,2026-05-12,Paid,0,9,0,2,1,2,37,1,1,SMB,3678104
CUST1035,INV007409,12289.57,2025-04-17,2025-05-17,,Overdue,474,29,9,10,0,0,54,0,0,SMB,3735104
CUST0344,INV007410,6743.82,2025-06-29,2025-08-13,,Overdue,386,5,2,17,0,0,35,0,0,SMB,4446720
CUST1864,INV007411,40625.93,2025-01-16,2025-03-17,,Overdue,535,10,2,16,0,4,63,0,0,Mid-Market,4734013
CUST1568,INV007412,73364.64,2025-12-21,2026-02-04,2026-02-16,Paid,0,11,2,18,1,7,7,1,1,SMB,967472
CUST1593,INV007413,71705.15,2025-11-05,2025-12-05,,Overdue,272,18,4,6,1,2,4,0,0,SMB,556453
CUST0166,INV007414,6323.26,2026-08-12,2026-09-11,,Overdue,0,5,1,31,0,1,34,0,0,Mid-Market,2046170
CUST0700,INV007415,36307.94,2025-06-30,2025-07-30,2025-08-10,Paid,0,24,3,12,2,6,39,1,1,SMB,3980010
CUST0342,INV007416,92387.78,2025-06-23,2025-07-23,,Overdue,407,22,8,26,0,5,86,0,0,SMB,4318173
CUST1506,INV007417,36668.12,2025-12-20,2026-01-19,,Overdue,227,24,6,8,0,6,33,0,0,SMB,2759236
CUST1043,INV007418,35539.84,2025-12-20,2026-02-03,2026-02-03,Paid,0,21,2,5,1,0,75,0,1,SMB,4495818
CUST1652,INV007419,13744.0,2025-08-07,2025-09-06,,Overdue,362,4,1,15,3,3,9,0,0,SMB,1857402
CUST0980,INV007420,27449.68,2025-11-11,2025-12-11,2025-12-11,Paid,0,26,10,0,1,6,15,0,1,Mid-Market,4658474
CUST1208,INV007421,75835.23,2026-03-10,2026-04-09,2026-04-09,Paid,0,19,2,0,1,3,30,0,1,SMB,2333785
CUST1806,INV007422,30583.29,2025-10-09,2025-11-23,,Overdue,284,16,2,24,0,2,44,0,0,Mid-Market,3461134
CUST0545,INV007423,6321.58,2025-09-16,2025-10-16,,Overdue,322,2,0,13,3,6,23,0,0,Mid-Market,3733909
CUST1034,INV007424,13960.1,2026-07-13,2026-08-12,,Overdue,22,15,5,9,1,5,68,0,0,SMB,3460580
CUST1616,INV007425,73812.22,2025-01-05,2025-01-20,,Overdue,591,9,3,25,1,7,78,0,0,Mid-Market,3121640
CUST0192,INV007426,30477.48,2026-07-28,2026-08-27,2026-09-03,Paid,0,17,4,5,0,5,83,0,1,Enterprise,4402892
CUST0320,INV007427,24811.49,2026-08-19,2026-09-03,,Overdue,0,26,12,38,0,7,88,0,1,SMB,3095915
CUST1726,INV007428,12657.24,2026-01-29,2026-02-28,2026-03-05,Paid,0,2,0,10,0,7,57,0,1,SMB,3368843
CUST0580,INV007429,72301.43,2025-12-02,2026-01-01,2026-01-03,Paid,0,22,7,4,1,4,45,0,1,SMB,3614462
CUST0475,INV007430,116123.85,2025-03-04,2025-04-03,,Overdue,518,29,5,22,1,7,71,0,0,Mid-Market,4445564
CUST1884,INV007431,77900.61,2025-02-13,2025-03-15,,Overdue,537,6,1,5,2,2,18,0,0,Mid-Market,4712315
CUST0637,INV007432,93208.26,2025-06-02,2025-07-17,,Overdue,413,28,6,13,0,3,45,0,0,Mid-Market,3652615
CUST0427,INV007433,15387.24,2025-06-05,2025-07-05,,Overdue,425,1,1,32,0,3,49,0,0,SMB,4716805
CUST1872,INV007434,13357.47,2026-04-23,2026-05-08,,Overdue,118,8,2,9,2,4,15,0,0,SMB,817442
CUST1083,INV007435,18838.44,2025-10-02,2025-11-01,,Overdue,306,11,2,12,0,6,47,1,0,SMB,4803267
CUST1460,INV007436,22892.7,2025-12-24,2026-02-07,2026-02-23,Paid,0,20,5,14,1,7,5,1,1,Mid-Market,4687203
CUST0097,INV007437,92135.89,2026-03-02,2026-04-01,,Overdue,155,23,6,24,1,0,62,0,0,Mid-Market,3183211
CUST0496,INV007438,70677.8,2026-06-16,2026-07-16,,Overdue,49,26,6,10,1,4,84,0,0,SMB,1733523
CUST1811,INV007439,37739.76,2026-04-28,2026-06-12,2026-07-09,Paid,0,15,7,28,0,1,7,1,1,Mid-Market,3687967
CUST0661,INV007440,5264.88,2025-08-02,2025-09-01,,Overdue,367,9,1,10,1,5,74,0,0,SMB,3863233
CUST1302,INV007441,5000.0,2025-03-20,2025-04-19,,Overdue,502,2,0,20,0,3,65,0,0,Enterprise,1496250
CUST1289,INV007442,28014.09,2025-05-19,2025-06-18,,Overdue,442,7,1,6,0,6,87,0,0,SMB,2112087
CUST0009,INV007443,53117.58,2025-04-08,2025-04-23,,Overdue,498,17,5,14,1,1,40,0,0,Mid-Market,4999982
CUST0457,INV007444,20341.8,2025-07-17,2025-09-15,,Overdue,353,3,2,18,0,3,83,0,0,SMB,67297
CUST1819,INV007445,149478.0,2025-06-05,2025-07-05,2025-07-17,Paid,0,4,0,12,2,6,57,1,1,Mid-Market,2141013
CUST0273,INV007446,7461.85,2025-02-19,2025-03-21,2025-03-27,Paid,0,3,2,3,1,3,33,0,1,Enterprise,4369453
CUST0940,INV007447,6579.07,2026-04-24,2026-06-23,,Overdue,72,8,3,8,1,2,80,0,0,Mid-Market,2015730
CUST1837,INV007448,11335.78,2025-08-16,2025-09-30,,Overdue,338,11,4,22,2,3,34,0,0,SMB,2936569
CUST1032,INV007449,10912.92,2026-04-02,2026-05-02,2026-05-03,Paid,0,28,4,8,1,7,30,0,1,Mid-Market,3331941
CUST0208,INV007450,37282.74,2026-06-06,2026-07-21,,Overdue,44,16,7,33,3,7,24,0,0,Mid-Market,2353554
CUST1938,INV007451,14447.67,2025-05-29,2025-07-13,,Overdue,417,28,9,13,0,5,36,0,0,Mid-Market,470539
CUST1661,INV007452,5000.0,2025-02-27,2025-04-13,2025-05-02,Paid,0,14,4,13,1,3,16,0,1,Mid-Market,1811369
CUST1147,INV007453,53722.03,2025-06-11,2025-06-26,2025-07-07,Paid,0,23,3,15,1,7,83,0,1,Mid-Market,4158502
CUST1057,INV007454,5000.0,2026-04-22,2026-05-22,,Overdue,104,19,4,13,4,3,58,1,0,Mid-Market,2049014
CUST1537,INV007455,7546.07,2025-04-17,2025-05-17,,Overdue,474,23,8,29,0,3,3,1,0,SMB,2139934
CUST0204,INV007456,5000.0,2026-03-03,2026-03-18,2026-03-22,Paid,0,2,0,9,2,2,81,0,1,Enterprise,4790039
CUST0518,INV007457,27095.45,2026-01-30,2026-03-01,2026-03-16,Paid,0,12,3,16,1,6,31,0,1,Mid-Market,612060
CUST1833,INV007458,26530.43,2025-07-05,2025-08-04,2025-08-22,Paid,0,11,2,23,0,2,3,0,1,Mid-Market,2062755
CUST1975,INV007459,149709.84,2026-07-12,2026-08-11,2026-09-07,Paid,0,16,1,29,1,5,12,0,1,SMB,4511213
CUST0517,INV007460,54930.64,2026-03-22,2026-04-21,2026-05-03,Paid,0,11,3,16,0,5,38,0,1,SMB,2989362
CUST0443,INV007461,93120.18,2026-03-24,2026-04-23,2026-04-23,Paid,0,3,1,0,1,1,46,0,1,SMB,387913
CUST1616,INV007462,29395.88,2025-03-28,2025-04-27,2025-05-02,Paid,0,23,4,0,1,1,62,1,1,Mid-Market,3121640
CUST1810,INV007463,8292.18,2025-09-06,2025-11-05,,Overdue,302,10,4,16,0,5,70,0,0,SMB,1367621
CUST0689,INV007464,25036.94,2026-03-16,2026-04-30,,Overdue,126,29,7,17,0,1,77,0,1,Mid-Market,2313429
CUST0850,INV007465,39831.81,2025-09-14,2025-11-13,,Overdue,294,5,2,13,1,4,53,0,0,Mid-Market,606718
CUST0833,INV007466,44525.06,2025-10-04,2025-11-03,,Overdue,304,28,8,9,0,7,34,0,0,SMB,3256943
CUST0339,INV007467,13733.42,2026-03-14,2026-04-28,2026-05-14,Paid,0,13,2,11,0,2,5,0,1,SMB,3612944
CUST1462,INV007468,35910.55,2026-05-31,2026-07-30,,Overdue,35,25,9,11,0,5,86,0,1,Mid-Market,4944940
CUST1469,INV007469,8664.35,2026-07-31,2026-09-14,,Overdue,0,24,7,11,2,2,73,0,1,Enterprise,1571722
CUST1160,INV007470,7759.88,2025-07-21,2025-09-04,,Overdue,364,6,0,16,2,0,33,1,0,SMB,2376729
CUST0387,INV007471,7217.15,2026-07-29,2026-08-28,,Overdue,6,28,7,12,2,0,27,0,1,SMB,3635681
CUST1049,INV007472,22575.62,2025-06-29,2025-07-29,2025-07-29,Paid,0,20,5,5,4,7,12,1,1,Enterprise,3579921
CUST0506,INV007473,6782.92,2025-11-21,2026-01-20,,Overdue,226,3,2,9,0,0,18,0,0,SMB,2812081
CUST1349,INV007474,14403.92,2026-04-20,2026-06-04,,Overdue,91,22,3,0,0,5,47,1,1,Enterprise,2500979
CUST1719,INV007475,54334.6,2026-02-04,2026-03-21,,Overdue,166,9,2,0,1,1,42,0,0,Enterprise,4451207
CUST0680,INV007476,7870.45,2025-08-05,2025-09-04,,Overdue,364,21,4,13,0,3,73,0,0,Enterprise,4424142
CUST1362,INV007477,13302.24,2026-03-29,2026-04-28,2026-05-10,Paid,0,28,5,15,0,4,89,0,1,SMB,3941151
CUST0690,INV007478,23662.13,2026-02-08,2026-03-10,2026-03-10,Paid,0,7,0,1,2,7,30,0,1,SMB,3185812
CUST0885,INV007479,28194.63,2025-08-28,2025-10-12,,Overdue,326,23,5,17,0,2,37,1,0,Mid-Market,3961147
CUST1119,INV007480,13369.21,2025-07-05,2025-09-03,2025-09-14,Paid,0,7,1,15,1,1,42,1,1,SMB,873759
CUST1569,INV007481,48380.88,2025-02-17,2025-03-19,,Overdue,533,25,6,5,1,4,16,0,0,Mid-Market,2328581
CUST0623,INV007482,39753.47,2026-01-21,2026-03-07,2026-03-21,Paid,0,2,1,11,0,2,27,0,1,SMB,1035132
CUST1170,INV007483,68861.78,2025-07-27,2025-08-11,,Overdue,388,8,2,0,2,5,23,0,0,SMB,4894747
CUST0893,INV007484,20300.44,2025-06-06,2025-07-06,,Overdue,424,18,3,18,1,4,70,0,0,Mid-Market,1628315
CUST0953,INV007485,13189.56,2025-08-13,2025-09-12,,Overdue,356,27,6,0,1,4,78,0,0,SMB,1211068
CUST1255,INV007486,11129.65,2025-05-24,2025-07-08,2025-07-09,Paid,0,1,0,10,0,2,27,0,1,Mid-Market,4213960
CUST0784,INV007487,29942.3,2026-02-23,2026-04-24,,Overdue,132,28,12,25,0,4,17,1,0,SMB,1111404
CUST1872,INV007488,15105.95,2025-04-21,2025-05-21,2025-06-07,Paid,0,10,1,12,1,0,6,0,1,SMB,817442
CUST0495,INV007489,12466.87,2026-04-10,2026-05-10,2026-05-21,Paid,0,6,1,7,1,6,78,0,1,SMB,485477
CUST1062,INV007490,14068.77,2025-05-12,2025-06-11,2025-06-11,Paid,0,18,4,0,0,0,83,0,1,Enterprise,1898058
CUST1449,INV007491,11117.88,2025-11-30,2025-12-30,,Overdue,247,13,6,33,1,5,10,1,0,Enterprise,3247445
CUST1671,INV007492,26876.86,2025-03-16,2025-05-15,,Overdue,476,21,3,0,2,4,45,0,0,SMB,1449769
CUST1870,INV007493,5363.74,2026-02-16,2026-04-17,,Overdue,139,1,0,24,0,6,56,1,0,Mid-Market,548512
CUST0747,INV007494,29822.44,2026-06-03,2026-07-03,,Overdue,62,23,11,8,1,1,31,1,1,SMB,388540
CUST0437,INV007495,43327.76,2025-02-05,2025-03-07,2025-03-19,Paid,0,29,8,14,0,3,40,1,1,SMB,4952059
CUST1855,INV007496,12321.74,2025-08-11,2025-09-10,2025-09-23,Paid,0,1,0,11,0,5,3,0,1,Enterprise,4482027
CUST1392,INV007497,150547.95,2026-06-14,2026-07-14,,Overdue,51,12,6,0,1,2,47,0,0,SMB,3502814
CUST0345,INV007498,22418.04,2025-08-29,2025-10-13,2025-10-15,Paid,0,28,7,4,1,1,24,0,1,SMB,4120028
CUST1184,INV007499,5000.0,2025-05-14,2025-05-29,,Overdue,462,8,0,25,1,5,11,0,0,Enterprise,1835818
CUST0550,INV007500,16626.57,2026-01-26,2026-03-27,2026-03-27,Paid,0,28,3,0,4,3,75,0,1,Mid-Market,1193647
CUST1686,INV007501,23450.71,2025-04-12,2025-05-12,,Overdue,479,21,6,10,2,2,31,1,0,Enterprise,3169734
CUST1936,INV007502,34508.73,2026-05-13,2026-07-12,,Overdue,53,5,0,29,0,7,47,0,1,Mid-Market,1679753
CUST0820,INV007503,17027.24,2026-05-26,2026-06-10,2026-06-27,Paid,0,3,1,17,0,6,78,0,1,SMB,828883
CUST0541,INV007504,8009.87,2026-06-21,2026-08-05,2026-08-24,Paid,0,18,5,17,1,7,43,0,1,Enterprise,4638727
CUST0144,INV007505,7368.87,2026-06-29,2026-08-13,,Overdue,21,6,2,17,0,3,11,0,1,SMB,1466207
CUST0588,INV007506,11457.51,2025-12-09,2026-01-08,2026-01-14,Paid,0,4,0,11,1,5,56,0,1,SMB,4886917
CUST0657,INV007507,12609.74,2025-01-06,2025-02-05,2025-02-17,Paid,0,15,5,8,1,2,6,0,1,SMB,3579801
CUST1765,INV007508,7079.98,2025-07-13,2025-09-11,,Overdue,357,29,11,24,1,0,1,0,0,SMB,345599
CUST1600,INV007509,10584.93,2025-05-17,2025-06-16,2025-06-20,Paid,0,26,5,0,1,1,76,0,1,Enterprise,1605811
CUST1883,INV007510,42593.57,2026-04-18,2026-05-18,,Overdue,108,28,6,17,0,3,2,0,1,Mid-Market,2297680
CUST0345,INV007511,114509.45,2025-08-04,2025-10-03,2025-10-06,Paid,0,4,2,3,0,7,36,0,1,SMB,4120028
CUST1293,INV007512,46885.41,2025-12-15,2025-12-30,2026-01-03,Paid,0,6,1,6,2,7,73,1,1,Mid-Market,4943180
CUST1864,INV007513,81296.73,2025-07-02,2025-08-01,,Overdue,398,18,5,24,1,0,80,0,1,Mid-Market,4734013
CUST0696,INV007514,58344.39,2025-06-17,2025-08-01,,Overdue,398,18,5,9,1,1,41,0,0,Mid-Market,3739024
CUST1797,INV007515,50672.08,2025-02-07,2025-03-09,2025-03-12,Paid,0,29,10,6,0,4,65,0,1,Mid-Market,1222304
CUST0268,INV007516,15712.37,2026-04-16,2026-05-16,,Overdue,110,26,6,29,2,1,33,0,0,Mid-Market,1407453
CUST0169,INV007517,25359.56,2026-03-28,2026-04-27,,Overdue,129,10,2,2,2,1,66,1,1,SMB,1666596
CUST1795,INV007518,14463.46,2026-05-05,2026-06-19,,Overdue,76,13,2,32,1,0,73,0,0,SMB,4148535
CUST1763,INV007519,17692.44,2025-05-22,2025-06-21,2025-07-02,Paid,0,20,4,14,1,7,8,0,1,SMB,2319409
CUST0033,INV007520,23580.3,2025-04-13,2025-05-28,,Overdue,463,22,3,24,0,0,3,0,0,SMB,1734351
CUST0377,INV007521,44961.69,2025-02-11,2025-03-13,2025-03-16,Paid,0,18,3,4,1,5,44,0,1,Mid-Market,3950379
CUST1238,INV007522,33635.03,2025-05-27,2025-07-11,2025-07-26,Paid,0,7,1,22,2,3,11,1,1,SMB,3798529
CUST1586,INV007523,18735.41,2025-03-07,2025-04-06,,Overdue,515,27,6,21,1,3,1,0,0,SMB,4713754
CUST1464,INV007524,23284.4,2025-07-12,2025-09-10,,Overdue,358,8,3,6,1,4,48,0,0,Mid-Market,3699244
CUST1516,INV007525,33977.83,2025-10-25,2025-11-09,,Overdue,298,25,6,8,0,0,70,0,0,SMB,4442541
CUST0393,INV007526,42932.93,2025-02-07,2025-03-09,2025-03-09,Paid,0,6,0,0,0,7,42,1,1,SMB,3294967
CUST0489,INV007527,5000.0,2026-05-17,2026-06-16,,Overdue,79,2,1,1,0,5,77,1,0,Enterprise,1386092
CUST0722,INV007528,7499.65,2026-03-04,2026-04-03,,Overdue,153,22,6,20,3,0,45,0,0,SMB,4755815
CUST0946,INV007529,66656.68,2025-12-18,2026-01-17,,Overdue,229,8,4,10,0,1,87,0,0,SMB,1938529
CUST1053,INV007530,20725.71,2025-11-22,2026-01-06,,Overdue,240,10,3,0,1,1,34,1,0,Enterprise,3416085
CUST0039,INV007531,14413.54,2025-02-07,2025-04-08,2025-04-25,Paid,0,17,4,17,0,5,32,0,1,Mid-Market,1913236
CUST1883,INV007532,16924.21,2025-04-07,2025-05-07,,Overdue,484,27,5,26,1,4,61,0,0,Mid-Market,2297680
CUST1636,INV007533,16920.73,2025-04-18,2025-05-18,,Overdue,473,22,4,23,2,1,6,0,0,SMB,3488780
CUST1197,INV007534,38481.69,2025-05-31,2025-07-30,2025-08-11,Paid,0,12,2,23,0,1,78,0,1,Enterprise,3885598
CUST1041,INV007535,7273.43,2025-03-15,2025-04-14,2025-04-14,Paid,0,11,2,0,1,3,78,0,1,Mid-Market,4559322
CUST1080,INV007536,22579.05,2025-02-26,2025-03-28,2025-04-18,Paid,0,17,3,17,1,4,88,0,1,Enterprise,1433875
CUST0226,INV007537,28172.95,2025-12-01,2025-12-31,,Overdue,246,16,6,0,0,3,62,0,0,SMB,2288673
CUST1582,INV007538,32737.22,2025-09-09,2025-10-09,,Overdue,329,22,7,0,3,5,35,0,0,SMB,3699886
CUST0067,INV007539,27525.39,2025-09-11,2025-10-11,2025-11-03,Paid,0,10,3,22,1,4,11,0,1,SMB,1429904
CUST1221,INV007540,36897.76,2026-01-20,2026-03-06,,Overdue,181,20,2,16,1,6,14,0,0,Enterprise,3143510
CUST1678,INV007541,12422.99,2026-04-01,2026-05-01,2026-05-23,Paid,0,3,0,26,0,3,45,0,1,SMB,4659770
CUST0835,INV007542,8588.65,2025-09-16,2025-10-31,,Overdue,307,19,5,10,1,3,26,0,0,SMB,3365258
CUST1047,INV007543,257044.49,2026-04-10,2026-05-10,,Overdue,116,4,2,24,0,6,40,0,0,SMB,970114
CUST0999,INV007544,16296.98,2025-02-03,2025-03-05,2025-03-16,Paid,0,19,1,15,0,4,34,0,1,Enterprise,187686
CUST1630,INV007545,18316.28,2026-05-10,2026-06-09,2026-06-09,Paid,0,9,1,3,0,1,79,0,1,SMB,4651731
CUST1778,INV007546,43383.74,2025-11-22,2026-01-21,2026-02-18,Paid,0,20,3,22,1,2,66,0,1,SMB,4822945
CUST0237,INV007547,108671.98,2025-08-26,2025-09-25,,Overdue,343,17,3,12,2,6,22,0,0,SMB,1071469
CUST0957,INV007548,12777.89,2026-06-25,2026-07-25,,Overdue,40,4,1,15,1,0,41,0,1,Mid-Market,692762
CUST0919,INV007549,8112.69,2026-04-11,2026-05-11,2026-05-31,Paid,0,17,2,23,1,4,59,0,1,Mid-Market,331854
CUST1947,INV007550,6360.4,2025-10-31,2025-11-15,,Overdue,292,26,5,35,1,6,82,0,0,SMB,3899091
CUST1590,INV007551,108348.29,2025-04-27,2025-05-12,,Overdue,479,26,7,9,0,2,32,0,0,Mid-Market,1243982
CUST1162,INV007552,7800.11,2025-07-26,2025-08-25,2025-09-07,Paid,0,3,1,18,0,3,35,0,1,SMB,145556
CUST0473,INV007553,21427.79,2026-04-26,2026-05-26,,Overdue,100,20,7,11,0,5,70,1,0,SMB,2896274
CUST1869,INV007554,8289.25,2026-02-07,2026-04-08,2026-04-14,Paid,0,4,0,5,0,1,4,0,1,SMB,2488710
CUST1808,INV007555,5175.26,2026-08-10,2026-09-09,2026-09-28,Paid,0,9,2,11,1,3,76,0,1,SMB,3250450
CUST0553,INV007556,16442.5,2025-08-21,2025-10-05,,Overdue,333,6,3,20,2,4,8,0,0,Mid-Market,2744245
CUST1634,INV007557,8623.22,2025-10-11,2025-11-10,,Overdue,297,19,6,20,0,2,53,1,0,Mid-Market,468829
CUST0695,INV007558,11029.97,2026-04-25,2026-05-25,2026-05-26,Paid,0,7,2,0,0,7,85,0,1,SMB,2381256
CUST1664,INV007559,163751.46,2025-01-09,2025-03-10,,Overdue,542,27,8,9,1,3,31,0,0,SMB,1517172
CUST1253,INV007560,33687.97,2026-01-14,2026-02-28,,Overdue,187,16,4,29,1,1,22,1,1,SMB,94816
CUST0317,INV007561,55908.38,2026-01-16,2026-02-15,,Overdue,200,15,6,0,2,5,14,0,0,SMB,2820742
CUST0598,INV007562,50244.66,2025-12-26,2026-02-09,2026-02-09,Paid,0,16,4,0,1,4,73,0,1,SMB,1615213
CUST0768,INV007563,19913.22,2025-06-25,2025-08-24,,Overdue,375,14,4,24,1,6,33,0,0,Enterprise,3337093
CUST1745,INV007564,14189.84,2026-04-30,2026-05-30,2026-06-05,Paid,0,4,1,9,0,6,16,0,1,SMB,184445
CUST1751,INV007565,28252.43,2026-02-09,2026-03-11,,Overdue,176,23,7,0,0,4,18,1,0,Mid-Market,4137138
CUST0886,INV007566,26067.66,2025-02-02,2025-02-17,2025-02-21,Paid,0,2,1,10,1,3,16,1,1,SMB,1157810
CUST1636,INV007567,12471.42,2026-04-10,2026-05-25,2026-06-05,Paid,0,7,0,6,2,1,30,0,1,SMB,3488780
CUST0561,INV007568,25080.55,2025-06-06,2025-07-21,2025-07-28,Paid,0,24,6,4,0,4,12,0,1,Mid-Market,4087106
CUST1225,INV007569,10869.0,2026-07-19,2026-09-02,,Overdue,1,28,9,35,0,4,14,0,0,SMB,902050
CUST1972,INV007570,18555.88,2025-07-21,2025-08-20,2025-08-20,Paid,0,7,0,0,1,3,85,1,1,Mid-Market,174591
CUST0258,INV007571,15751.9,2025-06-24,2025-08-23,,Overdue,376,6,3,5,0,2,6,1,0,Mid-Market,1439330
CUST1504,INV007572,6192.71,2025-09-01,2025-10-01,,Overdue,337,20,8,14,1,7,24,0,0,SMB,4441401
CUST1912,INV007573,5000.0,2025-09-26,2025-10-26,,Overdue,312,29,5,0,1,6,13,0,0,Enterprise,798692
CUST1202,INV007574,8612.21,2026-03-22,2026-04-06,,Overdue,150,9,2,24,2,0,52,0,0,SMB,1620234
CUST0757,INV007575,133800.43,2025-03-15,2025-05-14,2025-05-18,Paid,0,17,2,4,0,1,81,0,1,Mid-Market,1344315
CUST0123,INV007576,16160.39,2025-04-06,2025-05-06,2025-05-06,Paid,0,21,4,0,2,5,74,1,1,SMB,1306715
CUST0342,INV007577,47856.78,2025-06-22,2025-07-22,2025-08-12,Paid,0,11,3,18,1,5,77,0,1,SMB,4318173
CUST1195,INV007578,5000.0,2026-02-10,2026-04-11,,Overdue,145,16,3,18,3,4,71,0,1,SMB,787090
CUST1869,INV007579,8036.22,2025-06-04,2025-08-03,2025-08-15,Paid,0,1,0,12,1,4,69,1,1,SMB,2488710
CUST1672,INV007580,5684.57,2025-07-02,2025-08-01,,Overdue,398,27,8,2,1,6,14,1,0,Enterprise,2545389
CUST1083,INV007581,17992.31,2025-11-19,2026-01-18,,Overdue,228,26,7,7,2,4,85,1,0,SMB,4803267
CUST1729,INV007582,248191.39,2025-10-16,2025-11-30,,Overdue,277,27,7,12,2,2,82,0,0,Mid-Market,1601899
CUST1489,INV007583,34899.89,2025-09-15,2025-09-30,,Overdue,338,16,3,3,0,5,78,1,0,SMB,1199734
CUST1804,INV007584,120043.87,2026-08-10,2026-09-09,,Overdue,0,17,5,26,2,0,39,0,1,SMB,561162
CUST0260,INV007585,17078.29,2025-06-23,2025-07-23,,Overdue,407,6,1,30,0,3,48,0,0,SMB,2459381
CUST1397,INV007586,86238.27,2025-11-26,2025-12-26,,Overdue,251,22,8,0,1,6,26,0,0,SMB,1659184
CUST1997,INV007587,175125.25,2025-08-19,2025-10-03,,Overdue,335,11,3,29,0,1,28,0,0,Enterprise,4825275
CUST0095,INV007588,19744.51,2025-06-10,2025-07-10,,Overdue,420,7,2,10,0,2,65,0,0,Mid-Market,339768
CUST1149,INV007589,12845.33,2025-07-05,2025-08-19,2025-08-19,Paid,0,16,5,0,0,4,13,0,1,Enterprise,533455
CUST0041,INV007590,5896.94,2025-05-23,2025-07-07,,Overdue,423,26,6,17,0,5,86,0,0,SMB,3623465
CUST1915,INV007591,16170.43,2025-10-09,2025-11-08,,Overdue,299,29,6,9,1,7,45,1,0,SMB,2126775
CUST0254,INV007592,23906.29,2025-01-27,2025-03-28,,Overdue,524,25,4,16,2,5,3,1,1,SMB,515982
CUST0007,INV007593,167871.42,2025-09-03,2025-10-18,2025-10-29,Paid,0,22,6,21,1,5,50,1,1,SMB,2048671
CUST1495,INV007594,6033.16,2026-05-02,2026-06-01,,Overdue,94,2,0,19,2,0,85,0,1,Mid-Market,332140
CUST0728,INV007595,23380.6,2025-07-21,2025-09-04,2025-09-15,Paid,0,20,4,5,2,0,1,0,1,Mid-Market,2951092
CUST1535,INV007596,5000.0,2025-01-21,2025-03-22,,Overdue,530,13,3,29,1,0,52,1,0,SMB,4186725
CUST1605,INV007597,14374.88,2026-08-14,2026-09-13,,Overdue,0,13,4,8,2,3,38,0,1,SMB,4997796
CUST0069,INV007598,30073.37,2025-04-04,2025-06-03,2025-06-18,Paid,0,15,4,20,1,1,10,0,1,SMB,1487188
CUST1105,INV007599,36775.35,2025-01-08,2025-01-23,,Overdue,588,15,4,19,0,4,88,0,0,Enterprise,4444643
CUST0542,INV007600,39696.69,2026-04-17,2026-05-17,,Overdue,109,9,2,16,3,2,63,1,0,Mid-Market,1668963
CUST1609,INV007601,32774.43,2025-12-05,2026-01-19,,Overdue,227,18,5,16,0,2,52,0,0,SMB,1960332
CUST1286,INV007602,39356.72,2025-09-16,2025-10-31,2025-10-31,Paid,0,14,3,2,0,5,8,0,1,Mid-Market,4616701
CUST0089,INV007603,23057.33,2025-02-24,2025-04-10,2025-04-10,Paid,0,23,7,9,0,2,58,0,1,Enterprise,3881661
CUST1939,INV007604,7724.36,2026-07-02,2026-08-01,2026-08-01,Paid,0,14,4,2,0,2,49,0,1,SMB,3423307
CUST1232,INV007605,5000.0,2025-01-06,2025-02-20,2025-03-12,Paid,0,4,0,21,2,4,4,0,1,SMB,2564719
CUST0213,INV007606,12750.33,2026-01-12,2026-02-26,2026-02-26,Paid,0,14,2,7,1,1,34,0,1,Mid-Market,2726517
CUST0834,INV007607,19252.28,2026-07-08,2026-08-07,2026-08-19,Paid,0,10,3,8,2,4,32,0,1,SMB,1967160
CUST0266,INV007608,77182.79,2025-02-19,2025-03-21,2025-03-29,Paid,0,11,2,7,1,6,25,0,1,Mid-Market,2735747
CUST0912,INV007609,19918.38,2025-04-22,2025-06-06,,Overdue,454,22,3,7,0,6,31,0,0,SMB,2765223
CUST0293,INV007610,18095.72,2025-05-26,2025-06-25,2025-07-01,Paid,0,1,1,11,0,2,10,0,1,Mid-Market,4950164
CUST1231,INV007611,32387.48,2025-08-18,2025-09-17,2025-09-25,Paid,0,27,6,8,0,1,35,1,1,Enterprise,4890351
CUST0333,INV007612,16814.35,2026-05-12,2026-05-27,,Overdue,99,14,5,14,0,3,40,0,0,SMB,3071372
CUST1101,INV007613,49540.31,2025-11-02,2025-12-17,,Overdue,260,8,2,10,1,6,77,1,0,SMB,3725002
CUST1312,INV007614,159425.76,2026-06-26,2026-07-26,,Overdue,39,6,3,0,1,6,60,0,1,Enterprise,1187411
CUST1005,INV007615,196965.82,2026-04-06,2026-05-06,2026-06-04,Paid,0,11,0,20,0,7,78,0,1,Mid-Market,99976
CUST0047,INV007616,24271.08,2025-08-14,2025-09-13,,Overdue,355,14,2,15,0,7,68,0,0,SMB,2452187
CUST0622,INV007617,30850.01,2025-02-28,2025-03-15,2025-04-04,Paid,0,7,2,19,0,1,3,0,1,SMB,268401
CUST1224,INV007618,106815.26,2025-03-17,2025-04-16,,Overdue,505,29,6,12,1,3,67,1,0,Enterprise,4497395
CUST0427,INV007619,18959.07,2026-03-04,2026-04-03,,Overdue,153,22,7,17,2,7,3,1,0,SMB,4716805
CUST0210,INV007620,43442.44,2025-05-12,2025-06-11,,Overdue,449,7,2,0,2,4,64,0,0,SMB,4998409
CUST0888,INV007621,7078.66,2026-05-13,2026-06-12,,Overdue,83,21,2,7,2,3,48,0,1,SMB,2964863
CUST1444,INV007622,16141.69,2026-08-16,2026-10-15,,Overdue,0,19,5,18,0,3,53,0,1,SMB,1543551
CUST0154,INV007623,69990.49,2025-11-01,2025-11-16,,Overdue,291,22,7,7,0,1,8,1,0,SMB,289968
CUST1546,INV007624,10740.79,2025-03-08,2025-05-07,,Overdue,484,10,2,25,0,5,47,0,0,SMB,3080555
CUST0415,INV007625,19379.07,2025-08-18,2025-10-02,,Overdue,336,25,4,27,1,4,61,0,0,Mid-Market,4468909
CUST1377,INV007626,5000.0,2025-11-29,2025-12-29,,Overdue,248,22,7,15,0,1,27,0,0,SMB,1637819
CUST1181,INV007627,163696.32,2025-10-04,2025-11-03,2025-11-07,Paid,0,9,4,13,0,0,73,0,1,Enterprise,3518582
CUST1285,INV007628,77888.07,2026-08-07,2026-10-06,,Overdue,0,18,5,32,0,3,70,0,1,SMB,486542
CUST1101,INV007629,26584.92,2025-05-24,2025-06-23,2025-06-23,Paid,0,27,9,0,0,7,20,0,1,SMB,3725002
CUST0769,INV007630,36589.36,2025-09-08,2025-10-08,,Overdue,330,17,10,16,0,7,10,1,0,SMB,1067481
CUST0983,INV007631,32725.12,2025-03-21,2025-04-20,,Overdue,501,13,3,22,5,6,28,0,0,SMB,2585394
CUST1512,INV007632,87931.36,2025-02-26,2025-03-28,2025-03-28,Paid,0,4,2,0,1,1,68,0,1,Mid-Market,2688439
CUST1155,INV007633,13110.91,2026-01-01,2026-02-15,,Overdue,200,21,4,4,3,4,52,0,0,Mid-Market,1674777
CUST0579,INV007634,45810.46,2025-11-04,2026-01-03,2026-01-24,Paid,0,26,8,22,0,1,2,0,1,SMB,2914140
CUST1479,INV007635,64693.53,2025-06-23,2025-07-08,,Overdue,422,7,3,10,0,0,38,1,0,Mid-Market,2320463
CUST0740,INV007636,74259.87,2026-04-07,2026-05-07,2026-05-25,Paid,0,8,2,17,0,3,1,0,1,SMB,3931857
CUST0163,INV007637,5000.0,2026-08-19,2026-09-18,2026-09-24,Paid,0,16,4,0,1,0,43,0,1,Mid-Market,3293484
CUST1039,INV007638,12097.15,2026-05-08,2026-07-07,,Overdue,58,12,6,0,0,7,58,0,1,SMB,4946799
CUST1256,INV007639,7949.22,2026-07-14,2026-08-13,2026-08-23,Paid,0,1,0,7,1,0,64,0,1,SMB,3286904
CUST0195,INV007640,25580.57,2026-01-09,2026-03-10,,Overdue,177,6,1,24,2,3,3,0,0,SMB,3852177
CUST1885,INV007641,5000.0,2025-12-15,2026-01-14,,Overdue,232,1,1,19,0,6,69,0,1,SMB,2871839
CUST0542,INV007642,5000.0,2025-03-08,2025-04-22,2025-04-25,Paid,0,8,1,2,1,7,8,1,1,Mid-Market,1668963
CUST0359,INV007643,192932.37,2025-11-26,2025-12-26,2026-01-13,Paid,0,12,3,4,0,5,16,0,1,Enterprise,1235111
CUST0850,INV007644,40851.11,2025-07-13,2025-09-11,,Overdue,357,16,1,18,1,0,76,0,0,Mid-Market,606718
CUST1355,INV007645,24859.85,2025-06-04,2025-07-04,2025-07-11,Paid,0,1,0,13,0,7,84,0,1,SMB,705496
CUST0427,INV007646,31687.34,2025-06-09,2025-07-24,,Overdue,406,4,1,16,2,3,14,1,0,SMB,4716805
CUST0497,INV007647,25497.63,2025-09-23,2025-10-23,2025-10-28,Paid,0,19,2,8,1,3,33,1,1,Mid-Market,4246656
CUST0828,INV007648,59715.72,2025-06-17,2025-08-01,,Overdue,398,18,3,7,0,7,43,0,0,SMB,3818950
CUST0486,INV007649,11702.48,2025-05-25,2025-06-24,,Overdue,436,8,2,12,2,6,42,0,0,Enterprise,3130977
CUST1832,INV007650,26545.48,2025-07-05,2025-07-20,2025-07-25,Paid,0,6,2,4,1,2,46,0,1,Mid-Market,4451913
CUST1473,INV007651,27651.11,2026-02-27,2026-03-29,,Overdue,158,13,0,4,3,4,47,1,0,Enterprise,1756826
CUST1437,INV007652,7732.15,2026-04-02,2026-05-02,2026-05-06,Paid,0,28,6,0,1,6,88,0,1,SMB,1456150
CUST0330,INV007653,78982.62,2025-12-11,2026-01-10,2026-01-19,Paid,0,20,1,7,2,5,2,0,1,SMB,2134504
CUST1756,INV007654,14105.54,2026-07-08,2026-08-07,,Overdue,27,3,1,0,1,1,70,0,1,Mid-Market,1511312
CUST0889,INV007655,60926.39,2026-05-31,2026-06-30,2026-07-01,Paid,0,15,4,5,0,1,33,1,1,SMB,1871367
CUST0991,INV007656,24708.75,2025-04-14,2025-05-14,2025-05-24,Paid,0,6,2,10,1,4,69,0,1,Mid-Market,1161009
CUST1171,INV007657,112824.05,2025-09-04,2025-10-04,2025-10-19,Paid,0,6,0,20,0,0,59,1,1,Mid-Market,2645834
CUST0259,INV007658,7774.63,2025-01-23,2025-02-22,2025-03-02,Paid,0,5,2,9,1,4,44,0,1,Mid-Market,2727747
CUST0292,INV007659,7444.58,2026-06-09,2026-07-09,,Overdue,56,19,7,13,1,5,88,1,1,SMB,2721252
CUST1835,INV007660,8904.43,2025-05-24,2025-06-23,,Overdue,437,27,6,8,1,3,28,0,0,Mid-Market,2856284
CUST0143,INV007661,25167.17,2025-07-12,2025-08-26,,Overdue,373,10,2,13,3,3,48,0,0,SMB,3783003
CUST1961,INV007662,102895.42,2026-04-10,2026-05-10,,Overdue,116,9,0,11,0,1,64,0,0,SMB,594026
CUST0747,INV007663,108346.92,2026-01-10,2026-02-24,2026-02-24,Paid,0,14,3,0,0,2,58,0,1,SMB,388540
CUST0627,INV007664,5000.0,2025-09-23,2025-10-23,,Overdue,315,22,6,10,0,0,18,0,0,SMB,513937
CUST1389,INV007665,28274.26,2026-01-13,2026-03-14,,Overdue,173,5,0,11,1,4,89,0,1,Enterprise,4738118
CUST0090,INV007666,5000.0,2026-07-04,2026-07-19,,Overdue,46,27,8,15,3,3,37,0,1,SMB,915139
CUST0720,INV007667,48777.86,2026-07-10,2026-08-24,,Overdue,10,7,1,4,0,3,29,0,1,Mid-Market,2245690
CUST1188,INV007668,67384.44,2025-03-15,2025-04-14,,Overdue,507,17,5,8,1,2,52,0,0,SMB,4306146
CUST0481,INV007669,21157.63,2026-03-14,2026-03-29,2026-04-18,Paid,0,23,4,19,1,3,61,0,1,Mid-Market,832877
CUST0084,INV007670,23956.18,2025-08-14,2025-09-13,,Overdue,355,17,6,4,0,6,77,0,0,SMB,3521750
CUST1101,INV007671,23709.68,2025-11-04,2025-12-04,2025-12-25,Paid,0,9,2,6,1,4,53,0,1,SMB,3725002
CUST0673,INV007672,10052.31,2025-12-14,2026-01-13,,Overdue,233,22,6,26,1,1,80,0,0,SMB,4581211
CUST0517,INV007673,33918.16,2026-04-21,2026-05-21,2026-05-21,Paid,0,23,6,2,0,1,77,0,1,SMB,2989362
CUST0485,INV007674,17476.14,2025-11-11,2026-01-10,,Overdue,236,7,3,0,3,7,20,0,0,Mid-Market,3349973
CUST1614,INV007675,55842.57,2026-06-09,2026-07-09,2026-07-27,Paid,0,1,0,20,1,0,67,0,1,SMB,1620889
CUST1627,INV007676,19660.62,2026-03-01,2026-03-31,,Overdue,156,2,0,0,2,5,43,0,0,SMB,2348756
CUST1623,INV007677,9311.23,2026-06-08,2026-07-23,,Overdue,42,10,3,10,0,4,58,1,0,Mid-Market,515590
CUST0782,INV007678,5000.0,2026-07-16,2026-08-30,2026-09-15,Paid,0,19,5,15,0,3,14,1,1,Mid-Market,4560579
CUST0104,INV007679,5000.0,2025-09-06,2025-09-21,2025-10-07,Paid,0,8,0,20,0,3,12,0,1,Mid-Market,71253
CUST1476,INV007680,81839.01,2026-07-23,2026-09-06,2026-09-22,Paid,0,9,2,18,0,4,33,0,1,Mid-Market,2417322
CUST1511,INV007681,13935.72,2025-07-01,2025-07-31,,Overdue,399,15,1,2,0,5,81,0,0,Mid-Market,4698455
CUST0339,INV007682,30901.94,2025-04-16,2025-05-16,,Overdue,475,11,4,27,2,7,82,0,0,SMB,3612944
CUST0687,INV007683,131036.33,2025-07-10,2025-08-09,2025-08-11,Paid,0,24,7,8,0,1,12,0,1,Mid-Market,864422
CUST1590,INV007684,12546.48,2025-05-17,2025-06-01,2025-06-07,Paid,0,12,3,3,1,3,45,0,1,Mid-Market,1243982
CUST0900,INV007685,11760.74,2025-04-30,2025-05-30,,Overdue,461,22,7,21,0,3,26,0,0,SMB,1519793
CUST1502,INV007686,19299.57,2025-03-13,2025-04-12,,Overdue,509,18,3,2,1,4,28,1,0,SMB,3765929
CUST1747,INV007687,22684.4,2025-05-11,2025-06-10,,Overdue,450,2,0,16,1,0,77,0,0,SMB,1895700
CUST0607,INV007688,145444.72,2026-04-02,2026-05-02,2026-05-17,Paid,0,29,3,8,0,4,12,1,1,SMB,2158542
CUST0223,INV007689,105431.91,2026-04-24,2026-06-08,,Overdue,87,28,12,8,1,3,57,0,1,SMB,2198091
CUST1033,INV007690,40981.48,2025-02-21,2025-03-23,2025-04-29,Paid,0,15,1,36,0,4,4,1,1,SMB,2700324
CUST1077,INV007691,93846.31,2026-07-28,2026-09-11,2026-09-27,Paid,0,10,1,13,1,7,84,1,1,SMB,4557167
CUST1101,INV007692,18430.85,2025-04-29,2025-06-28,2025-07-01,Paid,0,7,2,0,0,6,57,1,1,SMB,3725002
CUST1742,INV007693,29707.79,2025-09-21,2025-11-20,2025-11-20,Paid,0,9,2,0,0,7,10,0,1,Mid-Market,4030053
CUST0503,INV007694,16292.93,2025-08-27,2025-10-26,2025-11-12,Paid,0,22,6,14,1,6,49,0,1,SMB,2878630
CUST1340,INV007695,6061.01,2025-12-17,2026-01-16,,Overdue,230,17,6,0,1,4,45,0,0,SMB,2823737
CUST1838,INV007696,73414.35,2025-09-12,2025-10-12,,Overdue,326,14,2,6,0,0,47,0,0,SMB,3400448
CUST0822,INV007697,37485.1,2025-11-05,2025-12-05,,Overdue,272,9,3,20,0,1,74,0,0,SMB,4993772
CUST1866,INV007698,22428.18,2026-05-10,2026-06-09,2026-06-16,Paid,0,7,0,10,2,4,28,1,1,Enterprise,3427932
CUST0624,INV007699,21972.17,2025-02-26,2025-03-28,,Overdue,524,15,5,19,0,4,12,1,0,SMB,209292
CUST1887,INV007700,5000.0,2026-02-07,2026-03-09,2026-03-29,Paid,0,3,1,24,1,5,22,0,1,SMB,348783
CUST0165,INV007701,8287.67,2025-03-08,2025-05-07,,Overdue,484,2,0,19,0,5,64,1,0,SMB,1077557
CUST1303,INV007702,30827.21,2025-02-15,2025-03-17,2025-03-17,Paid,0,3,0,3,0,0,85,1,1,SMB,1693707
CUST1051,INV007703,12976.4,2026-01-04,2026-02-03,2026-02-22,Paid,0,2,1,20,1,5,45,0,1,Enterprise,2535670
CUST1094,INV007704,17717.12,2025-08-20,2025-09-04,2025-09-29,Paid,0,13,5,20,1,6,15,1,1,Mid-Market,1073920
CUST1242,INV007705,19837.79,2026-02-06,2026-03-23,,Overdue,164,27,4,11,2,6,80,0,1,Mid-Market,2138062
CUST1986,INV007706,11131.47,2026-07-15,2026-08-14,2026-08-15,Paid,0,26,7,3,1,3,64,0,1,SMB,2251340
CUST1389,INV007707,8367.26,2025-01-23,2025-02-22,,Overdue,558,13,6,12,1,2,66,1,0,Enterprise,4738118
CUST1725,INV007708,5000.0,2026-07-28,2026-09-26,2026-10-04,Paid,0,2,1,13,1,6,50,0,1,Mid-Market,4300167
CUST1869,INV007709,19024.48,2025-09-24,2025-11-08,2025-11-12,Paid,0,20,7,0,0,2,79,0,1,SMB,2488710
CUST1971,INV007710,40888.68,2025-04-28,2025-06-12,,Overdue,448,22,4,21,0,6,79,1,0,SMB,696275
CUST1330,INV007711,5000.0,2026-08-23,2026-10-22,2026-11-03,Paid,0,19,2,8,2,6,87,0,1,SMB,4882091
CUST1148,INV007712,21503.1,2025-02-24,2025-03-26,,Overdue,526,9,2,12,1,5,82,0,0,Mid-Market,1618146
CUST0019,INV007713,29177.21,2025-06-02,2025-07-17,,Overdue,413,5,1,16,3,3,43,0,0,SMB,2513160
CUST1281,INV007714,8187.96,2025-08-27,2025-09-26,2025-10-08,Paid,0,21,7,14,0,5,33,0,1,Mid-Market,1780085
CUST1320,INV007715,91321.53,2025-09-22,2025-11-06,2025-11-16,Paid,0,7,1,11,0,7,37,1,1,SMB,347986
CUST1952,INV007716,14977.2,2025-09-25,2025-10-10,,Overdue,328,25,5,2,0,3,17,0,0,SMB,400679
CUST1046,INV007717,19905.28,2025-04-23,2025-05-23,,Overdue,468,13,5,27,0,3,26,0,0,Mid-Market,4680232
CUST1904,INV007718,18745.9,2025-06-15,2025-07-15,,Overdue,415,1,1,26,1,1,43,0,0,SMB,4450852
CUST0989,INV007719,5000.0,2025-01-08,2025-01-23,,Overdue,588,9,3,23,1,5,58,0,1,SMB,736268
CUST0450,INV007720,60400.46,2025-08-05,2025-09-04,2025-09-11,Paid,0,2,0,12,0,1,9,0,1,SMB,3677447
CUST0552,INV007721,8471.66,2026-03-07,2026-04-06,2026-04-18,Paid,0,3,0,17,1,6,21,0,1,Enterprise,1466953
CUST1574,INV007722,17387.02,2025-10-19,2025-11-18,2025-11-20,Paid,0,12,3,1,1,0,65,0,1,Enterprise,3271131
CUST1072,INV007723,40041.07,2025-02-19,2025-03-21,,Overdue,531,5,1,12,0,3,63,0,0,SMB,2118671
CUST0695,INV007724,94930.79,2025-04-17,2025-05-17,2025-05-24,Paid,0,26,5,0,2,4,73,0,1,SMB,2381256
CUST0587,INV007725,7480.6,2025-01-09,2025-02-08,2025-02-19,Paid,0,12,1,6,0,3,27,0,1,SMB,4149906
CUST0721,INV007726,14094.17,2026-04-01,2026-05-16,2026-05-25,Paid,0,4,1,17,0,5,78,0,1,Enterprise,1638236
CUST1207,INV007727,87765.05,2025-11-19,2025-12-04,,Overdue,273,21,5,22,0,3,36,0,0,Mid-Market,1927145
CUST1459,INV007728,35021.38,2025-11-05,2025-12-05,2025-12-12,Paid,0,29,4,3,0,4,59,0,1,SMB,4072261
CUST0107,INV007729,43095.39,2025-05-25,2025-07-09,,Overdue,421,26,7,4,0,0,46,0,0,SMB,2304614
CUST1212,INV007730,7699.17,2026-02-16,2026-03-03,2026-03-18,Paid,0,21,0,16,1,3,30,1,1,SMB,828799
CUST0776,INV007731,15074.96,2025-04-24,2025-05-24,2025-05-25,Paid,0,12,1,0,1,7,82,0,1,SMB,3968949
CUST1110,INV007732,18623.22,2026-07-29,2026-08-28,,Overdue,6,5,0,26,1,6,17,1,0,SMB,69477
CUST1860,INV007733,9340.41,2026-02-03,2026-04-04,,Overdue,152,14,4,3,1,6,81,0,1,Mid-Market,2879045
CUST1867,INV007734,5000.0,2025-10-02,2025-11-01,2025-11-04,Paid,0,14,3,10,1,4,52,0,1,SMB,2504698
CUST1480,INV007735,13220.2,2025-05-04,2025-06-03,,Overdue,457,10,4,18,0,2,47,1,0,SMB,884440
CUST1161,INV007736,85330.58,2025-03-27,2025-05-26,,Overdue,465,26,5,10,1,2,88,1,1,Mid-Market,3957129
CUST1882,INV007737,23369.18,2026-08-05,2026-09-04,2026-09-07,Paid,0,10,1,8,0,4,37,0,1,Enterprise,1358014
CUST0898,INV007738,87054.61,2025-02-16,2025-03-18,2025-04-15,Paid,0,5,2,17,2,3,14,0,1,Enterprise,2275541
CUST0336,INV007739,26344.66,2025-07-20,2025-08-04,2025-08-15,Paid,0,27,6,7,1,6,36,0,1,SMB,4904042
CUST0607,INV007740,10252.66,2025-10-03,2025-12-02,2025-12-13,Paid,0,18,3,15,0,1,35,0,1,SMB,2158542
CUST0838,INV007741,79032.86,2026-07-03,2026-08-17,,Overdue,17,27,6,12,1,1,58,0,0,SMB,2600982
CUST1781,INV007742,27236.85,2025-05-10,2025-06-09,2025-06-09,Paid,0,17,4,0,1,3,50,1,1,SMB,4280987
CUST1493,INV007743,57632.32,2026-03-24,2026-04-08,,Overdue,148,10,3,24,2,4,6,0,1,SMB,956450
CUST0602,INV007744,7567.91,2026-01-24,2026-02-08,2026-02-11,Paid,0,11,0,8,2,0,62,0,1,SMB,1088336
CUST1595,INV007745,62240.19,2026-07-30,2026-08-29,2026-09-19,Paid,0,15,3,16,1,1,62,0,1,Mid-Market,2977053
CUST0403,INV007746,64144.22,2025-09-20,2025-10-20,2025-10-22,Paid,0,24,6,4,1,2,38,0,1,Mid-Market,1620057
CUST0540,INV007747,29429.92,2025-10-05,2025-11-04,2025-11-04,Paid,0,19,5,0,2,0,85,0,1,SMB,4776276
CUST1096,INV007748,9828.86,2025-02-15,2025-03-17,2025-04-09,Paid,0,12,2,23,0,2,9,0,1,SMB,3869712
CUST1806,INV007749,21036.01,2025-06-17,2025-08-01,2025-08-11,Paid,0,16,2,12,1,6,13,1,1,Mid-Market,3461134
CUST0024,INV007750,40590.57,2026-03-21,2026-04-20,2026-05-03,Paid,0,23,7,14,1,3,80,0,1,SMB,2142101
CUST0624,INV007751,27849.49,2025-02-15,2025-03-17,,Overdue,535,24,8,12,2,0,23,0,0,SMB,209292
CUST1836,INV007752,40178.32,2026-06-24,2026-08-08,,Overdue,26,27,4,33,0,5,33,0,0,Mid-Market,1900924
CUST1509,INV007753,60611.86,2025-03-28,2025-04-27,,Overdue,494,12,7,20,1,5,54,0,0,Mid-Market,1183387
CUST1080,INV007754,11516.7,2026-01-20,2026-03-06,,Overdue,181,22,5,18,1,5,45,0,0,Enterprise,1433875
CUST0986,INV007755,6939.08,2025-09-22,2025-10-22,2025-10-24,Paid,0,22,6,6,0,3,48,1,1,SMB,1474663
CUST0223,INV007756,21214.95,2025-01-22,2025-03-08,,Overdue,544,27,7,10,0,7,85,0,0,SMB,2198091
CUST1656,INV007757,15839.42,2026-03-26,2026-05-25,,Overdue,101,19,4,12,1,1,68,0,0,Enterprise,709987
CUST0179,INV007758,48331.87,2025-08-20,2025-09-19,,Overdue,349,25,6,18,0,3,61,0,0,Enterprise,1456368
CUST0800,INV007759,7521.36,2025-07-05,2025-08-04,2025-08-14,Paid,0,3,1,9,0,5,52,0,1,Enterprise,342575
CUST0434,INV007760,61107.01,2025-11-22,2025-12-07,2025-12-15,Paid,0,13,4,8,4,1,46,1,1,SMB,723218
CUST1961,INV007761,85272.91,2025-07-02,2025-08-01,2025-08-20,Paid,0,21,6,20,1,6,44,0,1,SMB,594026
CUST1474,INV007762,22033.18,2026-02-01,2026-03-03,,Overdue,184,22,5,28,2,1,75,1,1,SMB,2109385
CUST0793,INV007763,23405.73,2026-04-26,2026-05-11,2026-05-11,Paid,0,15,2,0,0,4,49,1,1,Mid-Market,4931909
CUST0884,INV007764,10223.59,2026-02-07,2026-03-24,,Overdue,163,29,3,21,1,3,37,0,1,SMB,1206618
CUST0492,INV007765,12801.77,2026-04-08,2026-05-23,,Overdue,103,17,5,9,1,0,41,0,0,Mid-Market,3255228
CUST1213,INV007766,14642.2,2026-02-21,2026-04-22,,Overdue,134,11,3,18,2,5,22,1,1,SMB,3583716
CUST1602,INV007767,93240.74,2025-07-21,2025-08-20,,Overdue,379,25,10,10,0,5,42,0,0,SMB,3895474
CUST0810,INV007768,20498.96,2025-03-06,2025-04-05,,Overdue,516,23,3,8,2,0,58,0,1,SMB,3906756
CUST0961,INV007769,5871.27,2026-07-09,2026-09-07,2026-09-24,Paid,0,27,4,13,1,4,52,0,1,SMB,1810511
CUST0420,INV007770,28434.38,2025-01-17,2025-02-16,2025-02-16,Paid,0,12,2,0,2,3,53,0,1,Mid-Market,4049694
CUST1273,INV007771,50326.65,2025-07-02,2025-08-16,,Overdue,383,17,4,2,1,4,49,0,0,Mid-Market,4330650
CUST1612,INV007772,21473.79,2026-01-26,2026-02-25,2026-03-09,Paid,0,22,4,7,1,1,13,0,1,Mid-Market,3862010
CUST0649,INV007773,95722.96,2025-02-13,2025-03-15,,Overdue,537,23,5,12,3,7,62,1,0,Mid-Market,2049284
CUST1188,INV007774,47930.56,2026-04-27,2026-05-12,,Overdue,114,5,1,24,0,3,36,1,0,SMB,4306146
CUST1769,INV007775,7714.61,2025-09-20,2025-10-05,,Overdue,333,29,15,20,0,0,52,0,0,SMB,166841
CUST1279,INV007776,12689.97,2025-06-23,2025-07-23,,Overdue,407,5,3,10,4,5,41,0,0,SMB,2632153
CUST0476,INV007777,27618.09,2026-03-17,2026-04-16,2026-04-21,Paid,0,7,1,1,2,7,37,0,1,Enterprise,426794
CUST1830,INV007778,5000.0,2026-07-20,2026-09-03,2026-09-11,Paid,0,3,1,12,1,5,19,0,1,SMB,3026030
CUST1441,INV007779,30833.49,2025-08-08,2025-09-07,,Overdue,361,3,0,17,0,5,58,1,0,Enterprise,1217272
CUST0170,INV007780,5000.0,2026-07-12,2026-08-11,2026-08-15,Paid,0,17,2,7,0,1,24,1,1,Mid-Market,1835559
CUST1341,INV007781,61293.77,2026-01-29,2026-02-28,,Overdue,187,24,3,9,2,4,63,1,0,SMB,1757542
CUST0174,INV007782,54571.86,2025-07-14,2025-08-13,,Overdue,386,2,0,24,1,6,55,0,0,SMB,3982747
CUST0470,INV007783,36489.56,2026-02-13,2026-02-28,2026-03-15,Paid,0,15,5,14,0,7,4,0,1,Enterprise,3375315
CUST0345,INV007784,11205.07,2026-04-16,2026-05-16,2026-06-03,Paid,0,19,4,12,0,7,25,0,1,SMB,4120028
CUST0445,INV007785,26113.37,2025-12-13,2026-01-12,,Overdue,234,23,8,11,0,7,61,0,0,Mid-Market,378821
CUST1042,INV007786,13182.2,2026-04-07,2026-04-22,,Overdue,134,10,4,25,2,6,31,0,0,Mid-Market,1691232
CUST1094,INV007787,7857.19,2025-03-02,2025-04-01,2025-04-01,Paid,0,26,5,0,0,7,21,0,1,Mid-Market,1073920
CUST1362,INV007788,15697.5,2025-06-15,2025-07-30,,Overdue,400,11,2,16,0,6,5,0,0,SMB,3941151
CUST0628,INV007789,44278.99,2025-05-31,2025-06-30,2025-07-03,Paid,0,24,5,0,1,4,68,0,1,Mid-Market,3014391
CUST0592,INV007790,23012.99,2025-04-21,2025-05-21,2025-05-21,Paid,0,9,2,7,0,4,5,0,1,Mid-Market,1876525
CUST0527,INV007791,93968.03,2026-05-03,2026-07-02,,Overdue,63,14,0,0,1,5,16,0,1,SMB,652276
CUST1712,INV007792,47371.71,2026-07-03,2026-08-02,,Overdue,32,24,2,16,1,3,12,0,0,SMB,1856210
CUST0456,INV007793,42560.88,2025-01-03,2025-01-18,2025-01-18,Paid,0,7,2,0,0,7,65,0,1,SMB,295404
CUST1293,INV007794,5000.0,2026-04-28,2026-05-13,,Overdue,113,10,4,0,0,7,66,0,1,Mid-Market,4943180
CUST1655,INV007795,16561.59,2025-01-13,2025-02-12,2025-02-19,Paid,0,1,0,11,0,6,72,0,1,SMB,378821
CUST0811,INV007796,7597.9,2025-06-11,2025-07-11,,Overdue,419,1,0,12,0,4,43,0,0,Enterprise,1548339
CUST0188,INV007797,18342.89,2025-12-10,2025-12-25,,Overdue,252,14,2,28,1,1,25,1,0,Mid-Market,3539429
CUST1021,INV007798,11011.81,2026-03-25,2026-04-24,,Overdue,132,27,8,29,1,5,46,1,0,Mid-Market,3289254
CUST1593,INV007799,15099.17,2025-11-28,2026-01-27,2026-01-27,Paid,0,8,2,0,1,5,1,0,1,SMB,556453
CUST0711,INV007800,63650.52,2025-09-21,2025-10-21,,Overdue,317,14,5,6,3,3,78,0,0,Mid-Market,2126475
CUST0529,INV007801,35427.72,2025-03-24,2025-04-23,2025-04-23,Paid,0,7,4,7,0,3,32,0,1,SMB,2654884
CUST0434,INV007802,60301.63,2025-11-30,2025-12-30,,Overdue,247,18,5,22,0,5,61,0,0,SMB,723218
CUST0288,INV007803,5000.0,2026-01-15,2026-02-14,,Overdue,201,25,9,8,1,1,29,0,0,Mid-Market,902746
CUST1942,INV007804,23341.19,2025-08-07,2025-09-06,2025-09-11,Paid,0,26,3,0,1,5,48,0,1,SMB,2898439
CUST1591,INV007805,57913.45,2026-03-30,2026-05-29,,Overdue,97,23,5,20,1,0,83,1,0,Mid-Market,669003
CUST0499,INV007806,99339.24,2025-03-30,2025-04-14,2025-04-29,Paid,0,9,2,7,2,3,23,1,1,Enterprise,3010033
CUST1465,INV007807,5000.0,2025-11-29,2026-01-28,,Overdue,218,27,6,28,2,1,69,0,0,Enterprise,4664466
CUST1805,INV007808,15498.78,2025-11-06,2025-12-06,,Overdue,271,15,3,16,1,3,87,0,0,SMB,2620725
CUST0303,INV007809,61958.91,2026-02-24,2026-03-26,2026-04-22,Paid,0,1,0,20,1,0,53,0,1,Mid-Market,2370715
CUST0087,INV007810,18173.53,2025-12-20,2026-01-04,,Overdue,242,11,3,19,0,0,71,0,0,Mid-Market,638158
CUST0830,INV007811,8862.48,2025-04-10,2025-05-10,,Overdue,481,19,2,2,1,2,78,0,0,SMB,4746671
CUST0438,INV007812,5000.0,2025-05-25,2025-06-24,,Overdue,436,10,5,0,0,6,87,0,0,Mid-Market,2711198
CUST0541,INV007813,8529.61,2025-01-10,2025-02-24,,Overdue,556,18,7,28,1,3,26,0,0,Enterprise,4638727
CUST1046,INV007814,5000.0,2025-02-13,2025-03-15,2025-03-31,Paid,0,22,5,19,1,3,71,0,1,Mid-Market,4680232
CUST0833,INV007815,23352.53,2026-01-21,2026-02-20,,Overdue,195,26,5,1,1,7,21,0,0,SMB,3256943
CUST0797,INV007816,53976.83,2026-05-10,2026-06-24,2026-06-30,Paid,0,4,1,0,2,1,88,1,1,Enterprise,2395704
CUST0560,INV007817,6241.81,2026-05-08,2026-05-23,,Overdue,103,18,2,26,2,7,81,0,1,Mid-Market,642632
CUST1541,INV007818,28502.01,2025-06-18,2025-07-18,,Overdue,412,18,4,14,2,7,60,0,0,Mid-Market,3845830
CUST0762,INV007819,51291.02,2026-06-15,2026-07-15,,Overdue,50,22,6,24,1,1,55,0,0,SMB,1339467
CUST1699,INV007820,21966.89,2025-12-02,2026-01-01,,Overdue,245,25,6,16,1,2,73,0,0,Enterprise,3152641
CUST1527,INV007821,5000.0,2026-05-28,2026-07-12,2026-07-22,Paid,0,22,10,6,1,1,79,1,1,SMB,1725502
CUST1738,INV007822,32409.65,2025-05-10,2025-06-09,,Overdue,451,20,6,6,0,0,68,0,0,SMB,1373173
CUST0467,INV007823,20855.08,2026-06-23,2026-08-22,,Overdue,12,12,5,11,1,4,88,0,0,SMB,665863
CUST1125,INV007824,18835.44,2026-05-29,2026-07-28,,Overdue,37,9,4,11,2,3,12,0,1,Mid-Market,295300
CUST1607,INV007825,12748.42,2025-09-07,2025-10-07,2025-10-07,Paid,0,18,2,1,2,7,8,1,1,SMB,3796328
CUST1966,INV007826,24023.49,2025-05-18,2025-06-02,,Overdue,458,6,2,11,0,7,17,0,0,Mid-Market,1440254
CUST0675,INV007827,36673.8,2025-10-02,2025-11-16,,Overdue,291,23,6,20,0,5,43,0,0,SMB,1858286
CUST0685,INV007828,240541.55,2026-04-09,2026-06-08,,Overdue,87,29,4,12,0,2,9,0,1,Enterprise,887393
CUST1165,INV007829,24645.07,2025-05-21,2025-06-20,,Overdue,440,19,4,18,1,5,17,0,0,SMB,1605537
CUST0138,INV007830,99821.73,2025-09-13,2025-11-12,2025-11-26,Paid,0,20,5,15,0,3,16,0,1,Mid-Market,2893236
CUST0578,INV007831,31500.39,2026-04-01,2026-05-31,2026-06-29,Paid,0,23,6,24,0,2,51,0,1,Enterprise,4574474
CUST0710,INV007832,19939.77,2026-03-10,2026-04-09,,Overdue,147,25,8,17,0,4,35,1,0,Mid-Market,4044528
CUST1864,INV007833,25553.96,2025-06-22,2025-08-06,2025-08-08,Paid,0,15,4,3,1,2,52,0,1,Mid-Market,4734013
CUST0228,INV007834,6491.6,2026-04-18,2026-05-18,2026-05-18,Paid,0,5,1,0,2,2,77,0,1,SMB,4108848
CUST0281,INV007835,29907.37,2026-02-27,2026-03-29,,Overdue,158,11,4,30,0,5,12,0,0,Enterprise,2464165
CUST0684,INV007836,5000.0,2026-03-15,2026-04-14,2026-04-14,Paid,0,13,3,2,1,6,67,1,1,Mid-Market,628526
CUST0828,INV007837,9295.95,2025-02-26,2025-03-28,,Overdue,524,2,1,9,0,6,69,0,0,SMB,3818950
CUST0431,INV007838,24583.8,2026-05-13,2026-06-27,,Overdue,68,8,4,11,1,4,13,0,0,SMB,1829685
CUST1064,INV007839,72691.68,2025-06-18,2025-07-03,,Overdue,427,25,7,6,1,6,13,1,0,SMB,2209173
CUST1543,INV007840,92099.46,2026-08-05,2026-09-04,2026-09-29,Paid,0,27,7,23,0,1,28,0,1,Mid-Market,2173091
CUST1710,INV007841,17386.57,2026-07-15,2026-09-13,2026-09-26,Paid,0,11,3,12,1,0,47,0,1,Mid-Market,3448116
CUST1687,INV007842,25737.83,2026-03-04,2026-04-03,2026-04-03,Paid,0,18,6,0,1,2,44,0,1,Enterprise,761943
CUST1235,INV007843,58945.14,2026-02-23,2026-03-25,,Overdue,162,26,8,15,2,7,63,0,1,Mid-Market,1469920
CUST0302,INV007844,5828.45,2025-12-13,2026-01-12,,Overdue,234,10,3,10,1,6,69,0,1,Mid-Market,805111
CUST1110,INV007845,33016.0,2026-06-01,2026-07-01,2026-07-18,Paid,0,1,1,17,2,0,20,0,1,SMB,69477
CUST1421,INV007846,9624.88,2026-03-31,2026-05-15,2026-06-06,Paid,0,4,0,31,1,2,36,0,1,SMB,3074015
CUST1277,INV007847,18549.07,2025-07-21,2025-08-20,,Overdue,379,29,9,5,1,4,45,0,0,SMB,1419391
CUST0533,INV007848,13918.54,2025-06-28,2025-07-28,2025-08-02,Paid,0,17,3,0,1,0,82,0,1,Enterprise,289779
CUST0769,INV007849,34042.27,2025-02-26,2025-03-28,,Overdue,524,17,6,41,0,5,57,0,0,SMB,1067481
CUST1915,INV007850,38189.03,2026-05-16,2026-05-31,2026-05-31,Paid,0,5,0,0,0,6,87,0,1,SMB,2126775
CUST1939,INV007851,53695.19,2025-04-22,2025-05-22,,Overdue,469,23,1,31,0,3,2,1,0,SMB,3423307
CUST1405,INV007852,31200.79,2025-05-28,2025-06-12,,Overdue,448,3,0,32,1,0,42,0,0,Mid-Market,776448
CUST0444,INV007853,26151.29,2026-01-13,2026-02-12,2026-02-20,Paid,0,7,1,9,0,4,50,0,1,SMB,3965770
CUST1057,INV007854,140649.15,2025-12-14,2026-01-13,2026-02-12,Paid,0,5,0,24,0,1,31,0,1,Mid-Market,2049014
CUST0260,INV007855,5000.0,2025-12-24,2026-01-08,,Overdue,238,10,3,1,1,5,82,1,0,SMB,2459381
CUST1258,INV007856,120043.55,2025-02-25,2025-03-12,2025-03-25,Paid,0,27,6,18,2,1,48,0,1,SMB,271552
CUST1539,INV007857,16484.54,2025-11-12,2025-12-12,,Overdue,265,24,6,22,2,0,87,0,0,SMB,2564399
CUST1883,INV007858,38983.42,2025-07-04,2025-08-18,,Overdue,381,7,1,2,0,7,80,0,0,Mid-Market,2297680
CUST1332,INV007859,15904.23,2025-02-23,2025-03-25,,Overdue,527,17,5,25,0,4,26,1,0,Mid-Market,2982977
CUST0739,INV007860,10910.25,2025-02-06,2025-03-08,,Overdue,544,29,8,21,0,5,25,0,0,SMB,3222382
CUST0796,INV007861,35759.71,2025-09-27,2025-11-26,,Overdue,281,17,3,29,0,1,35,0,0,Enterprise,2261549
CUST0070,INV007862,62450.42,2026-05-23,2026-07-22,2026-08-03,Paid,0,7,1,14,0,1,86,1,1,Enterprise,1706321
CUST1478,INV007863,35348.38,2025-08-16,2025-09-15,2025-09-15,Paid,0,6,2,0,1,1,73,0,1,Mid-Market,3788858
CUST1463,INV007864,12808.76,2026-03-04,2026-04-03,,Overdue,153,9,3,14,0,0,34,0,0,SMB,2049482
CUST1849,INV007865,815331.5,2025-01-01,2025-01-31,2025-02-15,Paid,0,8,2,11,0,1,45,0,1,Enterprise,2239063
CUST1388,INV007866,73026.21,2025-01-23,2025-03-24,,Overdue,528,29,12,23,0,7,23,0,0,SMB,3981814
CUST0983,INV007867,56013.18,2026-05-18,2026-06-17,2026-06-17,Paid,0,14,2,0,0,7,74,0,1,SMB,2585394
CUST1790,INV007868,15475.85,2026-03-24,2026-05-23,,Overdue,103,22,5,36,1,4,16,1,0,Mid-Market,3764755
CUST0481,INV007869,11787.96,2026-05-11,2026-06-10,,Overdue,85,6,2,14,0,5,4,0,0,Mid-Market,832877
CUST1168,INV007870,16649.92,2026-03-01,2026-03-31,2026-05-07,Paid,0,9,6,27,3,6,54,0,1,Mid-Market,3576362
CUST0024,INV007871,64952.18,2025-01-18,2025-03-04,,Overdue,548,28,7,0,2,6,68,0,0,SMB,2142101
CUST0965,INV007872,8179.58,2026-03-21,2026-05-05,,Overdue,121,20,5,10,1,4,53,1,0,SMB,4660146
CUST1449,INV007873,7568.85,2026-07-15,2026-08-29,,Overdue,5,25,9,31,0,5,14,0,1,Enterprise,3247445
CUST0746,INV007874,37780.47,2026-07-13,2026-09-11,2026-09-11,Paid,0,11,3,4,1,3,80,0,1,Enterprise,3902256
CUST0845,INV007875,30308.89,2025-02-08,2025-03-25,2025-03-25,Paid,0,11,5,0,1,1,83,0,1,SMB,2527748
CUST1199,INV007876,10195.34,2025-07-29,2025-08-28,2025-09-08,Paid,0,8,3,12,0,3,3,0,1,Mid-Market,827567
CUST1868,INV007877,7396.75,2025-07-30,2025-08-29,,Overdue,370,3,0,22,3,7,42,0,0,SMB,2329023
CUST0325,INV007878,92771.71,2026-07-19,2026-08-18,2026-08-31,Paid,0,11,1,8,2,7,67,1,1,Enterprise,1084586
CUST1893,INV007879,31476.75,2025-10-08,2025-11-07,2025-11-17,Paid,0,4,1,11,1,3,50,0,1,Mid-Market,2165226
CUST1695,INV007880,5633.38,2025-05-13,2025-06-12,2025-06-28,Paid,0,23,3,13,0,7,20,0,1,SMB,4856546
CUST1884,INV007881,6041.3,2026-03-25,2026-04-24,2026-04-29,Paid,0,3,1,9,0,7,55,1,1,Mid-Market,4712315
CUST1372,INV007882,15344.13,2025-09-21,2025-10-21,,Overdue,317,13,5,18,0,7,66,1,0,SMB,4753855
CUST0798,INV007883,45836.77,2025-04-21,2025-05-21,,Overdue,470,19,4,0,2,1,84,0,0,Mid-Market,4631025
CUST0018,INV007884,39935.02,2026-07-09,2026-09-07,2026-09-08,Paid,0,8,2,0,0,3,53,0,1,Mid-Market,855113
CUST0044,INV007885,68300.92,2025-08-26,2025-09-10,,Overdue,358,21,10,16,0,1,26,1,0,Enterprise,4524770
CUST0155,INV007886,5000.0,2026-04-02,2026-05-02,,Overdue,124,28,5,6,1,2,19,0,0,Enterprise,338963
CUST0867,INV007887,27552.45,2026-05-31,2026-06-30,,Overdue,65,21,4,23,2,4,63,0,0,SMB,4026765
CUST0922,INV007888,91666.32,2025-06-22,2025-07-22,2025-08-08,Paid,0,24,2,8,0,2,33,0,1,SMB,1707153
CUST1401,INV007889,83516.69,2025-07-12,2025-08-11,,Overdue,388,22,4,17,0,6,28,0,0,SMB,534273
CUST0743,INV007890,31536.79,2026-05-30,2026-06-29,,Overdue,66,21,7,18,1,5,48,0,0,Mid-Market,4789400
CUST1907,INV007891,230502.85,2026-07-22,2026-08-21,,Overdue,13,1,0,8,1,0,53,0,0,Enterprise,2847909
CUST1852,INV007892,40509.23,2026-02-13,2026-03-30,,Overdue,157,21,7,12,0,0,56,0,0,Mid-Market,1043978
CUST1426,INV007893,62489.05,2025-03-25,2025-05-09,,Overdue,482,8,2,13,2,3,49,1,0,Enterprise,2198983
CUST0225,INV007894,23027.58,2025-03-21,2025-04-20,2025-04-20,Paid,0,9,3,2,0,2,78,0,1,SMB,1810462
CUST0217,INV007895,10087.22,2026-08-01,2026-09-15,,Overdue,0,6,2,23,2,2,63,1,1,SMB,3567741
CUST1592,INV007896,9180.08,2025-07-28,2025-08-27,2025-08-29,Paid,0,11,2,7,1,1,14,0,1,Enterprise,243839
CUST0031,INV007897,26413.1,2026-06-06,2026-07-21,2026-07-26,Paid,0,29,7,3,0,3,29,0,1,Mid-Market,3591483
CUST1893,INV007898,17827.51,2025-07-18,2025-08-17,,Overdue,382,29,7,13,1,4,53,0,0,Mid-Market,2165226
CUST1083,INV007899,5000.0,2026-07-25,2026-08-24,,Overdue,10,10,5,25,0,2,26,0,1,SMB,4803267
CUST1916,INV007900,7896.75,2025-08-22,2025-10-06,2025-10-25,Paid,0,3,2,11,1,2,33,1,1,Mid-Market,1664694
CUST0898,INV007901,16020.05,2025-09-01,2025-10-01,,Overdue,337,8,5,10,0,6,69,0,0,Enterprise,2275541
CUST1377,INV007902,45582.51,2026-01-28,2026-02-27,,Overdue,188,29,3,14,1,1,66,0,0,SMB,1637819
CUST0935,INV007903,21675.25,2026-07-20,2026-08-19,,Overdue,15,5,2,10,1,1,73,1,0,SMB,4691094
CUST0445,INV007904,20494.99,2026-03-22,2026-05-06,,Overdue,120,2,1,4,1,4,19,0,1,Mid-Market,378821
CUST1259,INV007905,8209.83,2026-01-28,2026-02-27,,Overdue,188,16,5,13,1,3,59,0,0,SMB,93764
CUST1131,INV007906,22542.69,2025-01-09,2025-02-08,,Overdue,572,1,0,9,1,1,78,0,0,Mid-Market,1240456
CUST1215,INV007907,82380.25,2025-06-02,2025-07-17,2025-07-18,Paid,0,27,8,0,1,0,3,0,1,Mid-Market,929459
CUST0530,INV007908,25734.17,2025-04-20,2025-06-19,2025-06-30,Paid,0,24,6,10,0,2,58,0,1,Enterprise,1755243
CUST1937,INV007909,5000.0,2025-09-23,2025-10-23,,Overdue,315,2,1,9,2,0,21,1,0,SMB,276256
CUST0738,INV007910,6301.09,2026-01-08,2026-02-07,,Overdue,208,27,8,10,2,0,46,0,0,Mid-Market,2149409
CUST1703,INV007911,39687.39,2025-06-01,2025-07-01,,Overdue,429,3,1,0,1,2,40,0,0,SMB,1517130
CUST1607,INV007912,17600.53,2026-08-18,2026-09-02,2026-09-17,Paid,0,9,3,18,0,2,72,0,1,SMB,3796328
CUST0874,INV007913,20443.49,2026-02-19,2026-04-05,,Overdue,151,17,2,23,1,1,70,0,1,SMB,2971989
CUST0566,INV007914,11935.42,2025-11-22,2026-01-06,,Overdue,240,24,9,11,2,6,66,0,0,Mid-Market,3920426
CUST1269,INV007915,36439.63,2026-07-05,2026-08-04,,Overdue,30,12,2,9,0,6,57,0,0,Mid-Market,162935
CUST1886,INV007916,16302.64,2025-06-25,2025-07-25,2025-08-06,Paid,0,2,0,15,1,3,6,1,1,SMB,4991064
CUST0076,INV007917,18276.78,2026-06-09,2026-06-24,,Overdue,71,24,6,15,0,2,59,1,0,Mid-Market,2240421
CUST0547,INV007918,9402.93,2025-11-11,2025-12-11,,Overdue,266,2,1,6,0,3,39,0,0,SMB,2277503
CUST0267,INV007919,55364.36,2025-03-08,2025-04-07,,Overdue,514,23,7,18,0,2,75,0,0,Mid-Market,2128808
CUST0317,INV007920,17656.64,2026-07-07,2026-08-06,,Overdue,28,19,8,5,0,5,69,0,0,SMB,2820742
CUST1836,INV007921,40452.36,2025-07-03,2025-08-02,,Overdue,397,20,3,0,1,6,74,0,1,Mid-Market,1900924
CUST1145,INV007922,6676.9,2025-02-04,2025-03-06,,Overdue,546,28,7,10,1,0,52,0,0,SMB,4814812
CUST1860,INV007923,124727.06,2026-05-20,2026-06-19,2026-07-02,Paid,0,27,5,14,1,0,38,1,1,Mid-Market,2879045
CUST0025,INV007924,79013.5,2025-03-17,2025-04-16,,Overdue,505,17,5,10,2,6,71,1,0,SMB,2009310
CUST1456,INV007925,5000.0,2026-04-17,2026-05-17,2026-06-07,Paid,0,28,5,19,0,4,82,0,1,Enterprise,2898883
CUST0160,INV007926,9877.97,2026-08-05,2026-09-04,,Overdue,0,26,9,11,0,1,74,1,0,Mid-Market,4464084
CUST0596,INV007927,35512.3,2026-06-07,2026-07-07,,Overdue,58,17,8,25,0,6,57,0,0,SMB,2231913
CUST1138,INV007928,5885.64,2025-10-10,2025-11-24,2025-12-03,Paid,0,13,2,21,0,6,7,1,1,SMB,2635917
CUST1759,INV007929,19310.53,2026-06-20,2026-08-04,2026-08-10,Paid,0,12,4,0,2,1,36,0,1,SMB,1521926
CUST0900,INV007930,33746.49,2025-10-01,2025-11-15,,Overdue,292,11,3,7,1,2,50,1,0,SMB,1519793
CUST0502,INV007931,18311.31,2026-06-23,2026-07-23,2026-08-05,Paid,0,26,6,4,0,2,72,0,1,Mid-Market,3544708
CUST1190,INV007932,37753.7,2025-02-23,2025-03-25,2025-04-14,Paid,0,28,5,17,0,7,40,0,1,Mid-Market,1331506
CUST1013,INV007933,11011.22,2025-02-24,2025-03-26,,Overdue,526,11,4,19,0,1,74,0,0,Enterprise,1997238
CUST0703,INV007934,5000.0,2025-10-04,2025-12-03,,Overdue,274,24,4,19,1,4,40,0,0,SMB,1010652
CUST1199,INV007935,58812.83,2026-03-19,2026-05-18,2026-05-18,Paid,0,8,1,0,2,6,51,0,1,Mid-Market,827567
CUST0001,INV007936,58443.44,2026-02-22,2026-04-08,,Overdue,148,18,7,9,0,2,20,0,0,SMB,1464022
CUST1923,INV007937,269314.91,2025-08-13,2025-08-28,2025-09-13,Paid,0,4,1,22,1,3,2,1,1,Mid-Market,1995537
CUST0741,INV007938,5000.0,2026-07-24,2026-09-07,,Overdue,0,18,6,16,1,2,87,1,0,SMB,4587871
CUST1110,INV007939,46668.85,2025-09-12,2025-11-11,2025-11-12,Paid,0,29,9,0,0,3,23,0,1,SMB,69477
CUST1598,INV007940,5000.0,2025-06-25,2025-07-10,,Overdue,420,15,3,30,0,7,81,0,0,SMB,4690176
CUST0320,INV007941,127579.28,2026-07-20,2026-08-19,2026-09-05,Paid,0,24,4,12,1,3,41,0,1,SMB,3095915
CUST1425,INV007942,35877.54,2025-05-26,2025-06-25,2025-07-13,Paid,0,7,0,16,0,7,57,1,1,Enterprise,92056
CUST0382,INV007943,8502.12,2026-01-20,2026-02-19,2026-02-28,Paid,0,23,10,12,2,0,21,1,1,Mid-Market,3379693
CUST1742,INV007944,48060.82,2025-09-19,2025-10-19,,Overdue,319,26,5,7,1,5,39,0,0,Mid-Market,4030053
CUST1641,INV007945,12669.53,2026-06-15,2026-08-14,,Overdue,20,15,4,0,1,5,26,0,1,Mid-Market,3006151
CUST1342,INV007946,29744.99,2026-01-06,2026-03-07,2026-03-13,Paid,0,19,6,7,0,6,72,1,1,SMB,4241896
CUST1827,INV007947,27064.03,2025-07-16,2025-09-14,,Overdue,354,28,5,17,3,5,51,0,1,SMB,4364366
CUST1274,INV007948,126016.5,2026-08-08,2026-09-07,,Overdue,0,27,8,10,1,7,71,0,0,SMB,4573535
CUST1549,INV007949,135256.18,2026-08-20,2026-09-19,2026-10-09,Paid,0,21,1,16,3,7,21,0,1,SMB,1477989
CUST1699,INV007950,12121.48,2025-10-11,2025-11-25,,Overdue,282,17,4,7,0,0,58,0,0,Enterprise,3152641
CUST1579,INV007951,63456.23,2025-10-29,2025-11-28,2025-11-28,Paid,0,10,2,9,0,4,50,0,1,Mid-Market,1899916
CUST0898,INV007952,31408.7,2025-05-12,2025-05-27,,Overdue,464,11,5,16,0,6,23,1,0,Enterprise,2275541
CUST1976,INV007953,5363.21,2025-04-30,2025-06-14,2025-06-24,Paid,0,14,7,10,1,5,77,0,1,Enterprise,3347154
CUST1647,INV007954,10979.35,2025-05-16,2025-06-15,,Overdue,445,4,0,8,1,0,42,0,0,SMB,4523447
CUST0717,INV007955,227782.41,2026-07-27,2026-08-11,,Overdue,23,4,1,18,0,7,42,1,1,Mid-Market,4076390
CUST1920,INV007956,31503.51,2026-06-13,2026-06-28,2026-07-09,Paid,0,1,0,11,0,3,40,0,1,SMB,3931143
CUST1280,INV007957,59860.95,2025-02-03,2025-04-04,2025-04-04,Paid,0,12,2,3,2,4,27,0,1,SMB,903329
CUST0307,INV007958,17817.84,2026-06-16,2026-07-16,2026-08-01,Paid,0,7,2,11,0,0,20,0,1,Mid-Market,3507550
CUST1974,INV007959,12836.63,2025-07-27,2025-08-26,2025-09-01,Paid,0,5,1,8,1,0,62,0,1,Mid-Market,2648133
CUST1168,INV007960,22635.27,2025-10-26,2025-12-25,2025-12-30,Paid,0,1,0,2,1,5,13,1,1,Mid-Market,3576362
CUST1682,INV007961,16880.19,2026-06-06,2026-07-06,,Overdue,59,21,7,32,1,3,42,0,1,Enterprise,997272
CUST0391,INV007962,5000.0,2025-04-04,2025-04-19,,Overdue,502,24,6,5,0,2,66,0,0,Enterprise,2705982
CUST1837,INV007963,8076.18,2026-02-18,2026-03-20,,Overdue,167,26,5,15,0,5,43,0,0,SMB,2936569
CUST1700,INV007964,44706.96,2026-01-06,2026-01-21,2026-01-29,Paid,0,8,2,9,0,6,83,1,1,Mid-Market,919446
CUST1193,INV007965,15052.65,2026-02-13,2026-02-28,,Overdue,187,29,7,24,1,4,49,0,0,SMB,4374660
CUST0990,INV007966,22599.99,2026-01-18,2026-03-19,,Overdue,168,18,6,25,0,0,79,0,0,Mid-Market,851955
CUST0298,INV007967,27859.33,2026-03-17,2026-04-16,,Overdue,140,13,5,17,2,3,12,0,0,SMB,362023
CUST0233,INV007968,30123.17,2026-03-23,2026-05-07,2026-05-22,Paid,0,17,4,20,0,7,40,0,1,Mid-Market,2612605
CUST1927,INV007969,69326.26,2025-03-12,2025-04-11,,Overdue,510,2,0,0,0,0,74,0,0,Mid-Market,2072643
CUST0271,INV007970,7341.54,2025-03-25,2025-04-24,,Overdue,497,6,2,24,1,2,68,1,0,Mid-Market,1608242
CUST1084,INV007971,38958.52,2025-07-28,2025-08-27,2025-09-18,Paid,0,29,10,19,0,1,4,0,1,Enterprise,2937757
CUST1320,INV007972,46865.06,2025-09-16,2025-10-01,2025-10-14,Paid,0,21,3,5,2,4,42,0,1,SMB,347986
CUST1491,INV007973,59032.99,2025-08-27,2025-09-26,2025-09-26,Paid,0,4,2,6,0,6,12,0,1,SMB,3010883
CUST1259,INV007974,5361.95,2025-10-29,2025-11-28,,Overdue,279,8,2,10,0,4,22,0,0,SMB,93764
CUST0677,INV007975,28419.17,2025-08-20,2025-09-19,,Overdue,349,15,6,33,1,3,68,0,0,SMB,4915313
CUST0706,INV007976,122525.68,2025-10-09,2025-11-23,,Overdue,284,5,1,9,1,6,89,0,0,Enterprise,1617343
CUST0234,INV007977,19947.91,2026-01-29,2026-02-13,2026-02-18,Paid,0,20,7,5,1,5,72,0,1,SMB,771037
CUST1392,INV007978,35721.02,2026-02-22,2026-03-24,2026-03-24,Paid,0,29,7,5,1,3,71,0,1,SMB,3502814
CUST1719,INV007979,48069.14,2025-07-25,2025-09-08,2025-09-08,Paid,0,11,1,0,1,0,8,0,1,Enterprise,4451207
CUST0845,INV007980,7899.31,2025-09-21,2025-10-21,2025-11-09,Paid,0,8,0,19,0,4,18,1,1,SMB,2527748
CUST1256,INV007981,137836.67,2025-11-07,2026-01-06,,Overdue,240,28,8,20,0,5,60,1,0,SMB,3286904
CUST1897,INV007982,36297.38,2025-03-20,2025-04-19,,Overdue,502,17,5,0,1,0,73,0,0,Mid-Market,2723705
CUST0491,INV007983,37030.71,2025-12-08,2026-02-06,,Overdue,209,9,1,27,1,1,61,1,1,SMB,3529027
CUST1643,INV007984,5000.0,2026-07-16,2026-08-15,2026-08-24,Paid,0,18,6,10,0,5,31,0,1,Mid-Market,3417851
CUST0503,INV007985,48754.11,2025-04-05,2025-06-04,,Overdue,456,14,5,6,1,4,6,0,0,SMB,2878630
CUST0890,INV007986,36549.05,2025-12-17,2026-01-16,,Overdue,230,24,8,0,1,6,79,0,0,SMB,3422863
CUST1759,INV007987,111769.2,2025-03-03,2025-04-17,2025-04-17,Paid,0,9,4,0,1,1,18,0,1,SMB,1521926
CUST0592,INV007988,16134.82,2025-05-22,2025-07-21,,Overdue,409,10,2,16,1,0,54,0,0,Mid-Market,1876525
CUST0746,INV007989,8203.71,2025-04-21,2025-05-21,,Overdue,470,24,7,21,0,5,40,1,0,Enterprise,3902256
CUST1405,INV007990,11134.02,2026-06-11,2026-08-10,,Overdue,24,25,9,1,0,7,51,0,1,Mid-Market,776448
CUST1720,INV007991,13293.38,2025-06-06,2025-07-06,,Overdue,424,20,5,0,0,6,74,1,1,SMB,1088218
CUST0428,INV007992,7195.09,2026-06-23,2026-07-23,,Overdue,42,27,7,9,2,2,72,0,0,Enterprise,1247162
CUST0697,INV007993,80030.25,2026-08-20,2026-09-19,,Overdue,0,2,0,2,2,1,89,0,1,SMB,4446650
CUST0646,INV007994,83091.51,2025-01-09,2025-02-08,,Overdue,572,3,2,13,4,6,36,0,0,Enterprise,1913462
CUST0732,INV007995,18109.8,2025-10-03,2025-11-02,,Overdue,305,29,7,21,2,5,6,1,0,Mid-Market,2565967
CUST0800,INV007996,14872.07,2025-08-15,2025-10-14,,Overdue,324,24,5,2,0,7,23,0,0,Enterprise,342575
CUST0364,INV007997,5000.0,2025-07-05,2025-08-19,2025-09-05,Paid,0,5,1,16,0,2,48,1,1,Mid-Market,1644918
CUST0202,INV007998,44177.07,2026-08-14,2026-09-28,,Overdue,0,27,5,24,0,4,20,0,0,SMB,4282851
CUST0882,INV007999,115086.59,2025-08-04,2025-09-03,,Overdue,365,4,2,14,2,2,61,1,0,Mid-Market,3660954
CUST0146,INV008000,11647.02,2026-03-09,2026-04-08,2026-04-28,Paid,0,3,2,17,1,2,87,0,1,SMB,4276156
CUST0836,INV008001,19598.64,2026-07-23,2026-08-22,,Overdue,12,27,6,4,3,5,55,0,0,SMB,4421545
CUST0639,INV008002,34005.97,2025-12-22,2026-01-21,,Overdue,225,19,4,25,2,0,87,1,0,SMB,801518
CUST1481,INV008003,123552.12,2026-01-27,2026-02-11,,Overdue,204,10,1,17,1,0,36,0,1,Mid-Market,4900334
CUST0135,INV008004,26897.17,2026-08-02,2026-09-16,,Overdue,0,26,5,2,2,6,45,0,0,Enterprise,1818967
CUST0626,INV008005,26780.52,2025-10-02,2025-11-16,,Overdue,291,7,0,30,1,0,86,0,0,SMB,3217759
CUST1288,INV008006,26352.5,2026-05-09,2026-06-08,,Overdue,87,27,8,0,0,0,87,0,0,SMB,3030672
CUST0064,INV008007,5297.38,2026-03-27,2026-04-11,2026-04-27,Paid,0,12,2,23,0,6,42,0,1,SMB,3502501
CUST0491,INV008008,5183.36,2026-02-24,2026-03-26,,Overdue,161,8,0,0,0,4,73,0,1,SMB,3529027
CUST1671,INV008009,9818.32,2025-06-13,2025-07-13,2025-07-26,Paid,0,29,5,12,0,6,29,0,1,SMB,1449769
CUST0041,INV008010,60650.95,2026-07-17,2026-08-16,,Overdue,18,5,1,24,1,7,21,0,1,SMB,3623465
CUST1320,INV008011,15750.74,2026-08-15,2026-09-14,,Overdue,0,24,6,0,1,0,62,0,0,SMB,347986
CUST1027,INV008012,12970.02,2025-07-02,2025-08-01,2025-08-21,Paid,0,13,5,16,3,4,37,0,1,Enterprise,1581064
CUST0913,INV008013,12744.12,2025-11-06,2026-01-05,2026-01-10,Paid,0,9,1,0,0,4,37,0,1,Mid-Market,662181
CUST1730,INV008014,19193.81,2025-01-17,2025-02-16,2025-02-23,Paid,0,4,1,9,1,5,30,0,1,Mid-Market,827635
CUST0975,INV008015,120826.14,2026-03-22,2026-05-06,2026-05-21,Paid,0,2,1,26,0,7,67,1,1,SMB,2579832
CUST1134,INV008016,18935.67,2025-06-19,2025-07-19,2025-07-26,Paid,0,5,2,10,0,2,33,0,1,SMB,204692
CUST1245,INV008017,10033.68,2025-10-07,2025-11-06,2025-12-07,Paid,0,2,0,21,1,4,61,0,1,Mid-Market,3911774
CUST1394,INV008018,22589.62,2025-12-06,2026-01-20,,Overdue,226,26,5,20,1,0,48,0,0,Mid-Market,4628887
CUST0368,INV008019,127399.56,2026-06-03,2026-07-03,,Overdue,62,18,2,0,0,6,43,1,1,Enterprise,4952444
CUST1460,INV008020,13322.04,2025-01-11,2025-01-26,2025-01-26,Paid,0,6,1,0,1,3,80,1,1,Mid-Market,4687203
CUST0918,INV008021,6761.47,2026-06-08,2026-06-23,,Overdue,72,26,6,18,0,7,28,0,0,Enterprise,742137
CUST1028,INV008022,13346.49,2025-05-13,2025-06-27,2025-07-06,Paid,0,11,3,16,0,2,20,0,1,Mid-Market,4461887
CUST0244,INV008023,25053.37,2025-05-28,2025-06-27,2025-06-29,Paid,0,10,2,3,0,6,43,1,1,SMB,2201061
CUST0902,INV008024,43837.33,2026-07-20,2026-08-19,,Overdue,15,1,0,9,2,4,74,1,1,SMB,4994490
CUST0166,INV008025,60287.71,2025-03-20,2025-04-19,2025-04-28,Paid,0,2,1,14,0,2,28,1,1,Mid-Market,2046170
CUST1050,INV008026,7740.97,2025-12-12,2026-01-11,2026-01-11,Paid,0,21,5,5,0,5,8,1,1,SMB,2232926
CUST1419,INV008027,8511.34,2025-09-06,2025-10-21,,Overdue,317,10,0,21,2,4,88,0,0,SMB,3718508
CUST1498,INV008028,15942.4,2026-06-26,2026-08-10,2026-08-16,Paid,0,5,1,12,0,4,65,0,1,SMB,2093321
CUST1041,INV008029,43673.34,2025-01-24,2025-02-23,,Overdue,557,26,5,10,1,2,17,0,0,Mid-Market,4559322
CUST0728,INV008030,6247.85,2026-04-16,2026-05-16,,Overdue,110,12,1,8,0,2,60,0,1,Mid-Market,2951092
CUST1116,INV008031,12000.13,2025-07-20,2025-09-18,,Overdue,350,19,4,17,0,1,20,0,0,Mid-Market,3482207
CUST0483,INV008032,12176.42,2025-05-11,2025-06-10,,Overdue,450,21,10,11,0,1,13,0,0,SMB,3935180
CUST0543,INV008033,56486.04,2025-12-22,2026-02-05,2026-02-05,Paid,0,25,8,0,0,0,13,1,1,SMB,640381
CUST1229,INV008034,37356.45,2025-05-30,2025-06-14,,Overdue,446,2,1,30,2,4,31,0,0,Enterprise,314237
CUST1526,INV008035,54378.19,2026-06-10,2026-07-10,,Overdue,55,29,10,0,0,2,22,0,0,SMB,257352
CUST0931,INV008036,84008.9,2025-10-31,2025-12-30,,Overdue,247,6,3,26,0,6,15,0,0,SMB,4312627
CUST0400,INV008037,16225.67,2026-06-25,2026-07-25,2026-07-25,Paid,0,15,3,3,1,5,79,1,1,Mid-Market,4068280
CUST1231,INV008038,6718.32,2025-02-19,2025-04-05,2025-04-14,Paid,0,8,1,6,1,5,47,1,1,Enterprise,4890351
CUST0619,INV008039,6761.75,2026-04-09,2026-05-24,2026-07-08,Paid,0,16,3,31,1,7,36,0,1,Mid-Market,3781404
CUST1170,INV008040,5000.0,2025-08-28,2025-09-27,2025-09-29,Paid,0,19,6,0,1,3,13,0,1,SMB,4894747
CUST0879,INV008041,13922.11,2026-04-27,2026-06-11,,Overdue,84,18,6,11,0,5,84,0,0,SMB,2287035
CUST0101,INV008042,14999.58,2026-03-31,2026-04-30,2026-05-26,Paid,0,27,2,25,0,6,25,1,1,SMB,4520013
CUST0880,INV008043,48414.44,2025-10-10,2025-11-24,,Overdue,283,17,7,6,0,5,53,0,0,SMB,1253920
CUST0830,INV008044,22402.19,2025-12-01,2026-01-30,,Overdue,216,29,6,16,0,2,86,0,0,SMB,4746671
CUST1904,INV008045,13489.56,2025-12-18,2026-02-16,,Overdue,199,1,0,23,1,6,67,0,0,SMB,4450852
CUST1265,INV008046,19614.05,2025-11-23,2026-01-07,2026-01-23,Paid,0,11,3,11,0,1,41,1,1,SMB,2207280
CUST1947,INV008047,7793.35,2025-12-02,2026-01-01,,Overdue,245,4,0,26,1,6,29,1,1,SMB,3899091
CUST0759,INV008048,61414.83,2025-03-22,2025-05-06,,Overdue,485,28,8,12,3,6,41,1,0,Enterprise,2426219
CUST0163,INV008049,10037.51,2025-03-28,2025-05-12,2025-05-19,Paid,0,6,1,6,1,2,68,0,1,Mid-Market,3293484
CUST1908,INV008050,7044.97,2025-09-15,2025-09-30,2025-10-24,Paid,0,7,2,17,0,5,82,0,1,SMB,2999311
CUST1197,INV008051,49905.27,2025-07-04,2025-08-03,,Overdue,396,29,7,23,1,3,54,0,0,Enterprise,3885598
CUST0502,INV008052,39111.2,2025-05-03,2025-06-02,2025-06-08,Paid,0,8,3,5,0,2,40,0,1,Mid-Market,3544708
CUST0547,INV008053,5000.0,2025-04-06,2025-04-21,,Overdue,500,24,7,9,0,2,21,0,0,SMB,2277503
CUST1308,INV008054,51792.55,2026-05-30,2026-07-29,2026-07-29,Paid,0,10,1,0,0,7,17,1,1,Mid-Market,2302641
CUST1383,INV008055,10492.41,2026-03-19,2026-04-18,2026-04-30,Paid,0,17,5,8,1,3,89,1,1,Enterprise,3295705
CUST0381,INV008056,15152.12,2026-05-29,2026-06-28,,Overdue,67,12,3,7,1,1,4,0,0,SMB,1570982
CUST0870,INV008057,26556.24,2026-01-06,2026-02-05,,Overdue,210,8,0,15,1,7,60,0,0,Enterprise,2972705
CUST0905,INV008058,39601.6,2025-11-01,2025-12-31,,Overdue,246,12,3,0,1,2,38,0,0,SMB,1148657
CUST1996,INV008059,34388.56,2025-12-23,2026-02-21,,Overdue,194,26,6,10,0,5,66,1,0,Mid-Market,942015
CUST1935,INV008060,20956.03,2025-05-28,2025-06-27,,Overdue,433,17,6,20,0,1,52,0,0,Mid-Market,2278531
CUST1557,INV008061,14405.37,2025-10-12,2025-11-26,,Overdue,281,3,0,17,1,3,67,1,1,Mid-Market,2494975
CUST1844,INV008062,33263.66,2025-09-19,2025-10-19,,Overdue,319,14,3,20,1,2,29,0,0,Mid-Market,3299479
CUST1187,INV008063,19567.24,2026-07-28,2026-08-27,,Overdue,7,12,1,19,1,2,28,0,1,Mid-Market,2132963
CUST1002,INV008064,133967.76,2026-05-06,2026-06-20,2026-07-08,Paid,0,5,2,20,0,4,60,0,1,Mid-Market,2033044
CUST0609,INV008065,39593.06,2025-01-31,2025-03-02,2025-03-04,Paid,0,13,3,2,0,0,7,0,1,Mid-Market,3552626
CUST0307,INV008066,8748.03,2025-09-25,2025-10-25,2025-10-25,Paid,0,11,4,4,0,6,21,0,1,Mid-Market,3507550
CUST1363,INV008067,13662.36,2025-01-12,2025-02-11,2025-03-07,Paid,0,16,5,20,0,3,38,1,1,Mid-Market,1377042
CUST0055,INV008068,23113.96,2025-07-10,2025-07-25,2025-07-25,Paid,0,26,5,0,1,5,78,0,1,Mid-Market,4373654
CUST0983,INV008069,80775.68,2026-02-04,2026-03-06,2026-03-06,Paid,0,10,3,0,0,1,44,1,1,SMB,2585394
CUST0333,INV008070,90319.17,2026-06-21,2026-07-21,,Overdue,44,28,7,9,1,3,87,0,1,SMB,3071372
CUST0127,INV008071,14821.96,2025-04-01,2025-05-01,2025-05-17,Paid,0,24,5,11,1,7,52,0,1,Mid-Market,3064938
CUST1964,INV008072,8659.1,2026-08-23,2026-09-22,2026-09-22,Paid,0,8,2,6,1,4,73,0,1,SMB,4424798
CUST0705,INV008073,7619.78,2026-05-16,2026-06-15,2026-06-21,Paid,0,6,2,0,0,5,51,1,1,SMB,1598485
CUST0243,INV008074,28351.32,2025-10-28,2025-11-27,,Overdue,280,20,6,23,0,3,23,0,0,Enterprise,3230246
CUST1885,INV008075,220528.96,2025-04-21,2025-06-20,2025-07-03,Paid,0,20,5,5,1,0,69,0,1,SMB,2871839
CUST0600,INV008076,37763.34,2025-03-21,2025-04-20,2025-04-25,Paid,0,24,5,0,0,5,14,1,1,SMB,738152
CUST1872,INV008077,5000.0,2026-03-09,2026-05-08,,Overdue,118,27,9,0,0,6,15,0,0,SMB,817442
CUST1433,INV008078,10657.25,2026-02-21,2026-03-08,2026-03-23,Paid,0,3,0,20,0,3,15,0,1,SMB,3140930
CUST0503,INV008079,11802.73,2025-08-02,2025-09-16,2025-09-27,Paid,0,24,7,11,0,1,35,1,1,SMB,2878630
CUST1751,INV008080,9681.75,2026-03-23,2026-04-07,2026-04-10,Paid,0,20,3,3,1,5,11,1,1,Mid-Market,4137138
CUST0604,INV008081,14944.61,2025-01-18,2025-03-04,2025-03-17,Paid,0,10,3,20,2,1,37,0,1,SMB,1218932
CUST0303,INV008082,31869.19,2025-02-23,2025-03-25,,Overdue,527,25,10,18,3,0,72,0,0,Mid-Market,2370715
CUST1488,INV008083,43563.77,2025-08-28,2025-09-27,2025-10-10,Paid,0,28,7,13,2,4,21,0,1,Mid-Market,2599565
CUST0235,INV008084,65628.38,2026-02-22,2026-03-24,,Overdue,163,18,5,12,3,5,15,0,0,SMB,3282244
CUST1720,INV008085,37205.15,2026-05-01,2026-05-31,,Overdue,95,10,4,8,2,6,45,1,0,SMB,1088218
CUST1062,INV008086,5000.0,2026-03-20,2026-05-04,,Overdue,122,13,5,17,0,2,76,0,0,Enterprise,1898058
CUST0139,INV008087,7651.79,2026-07-20,2026-09-18,2026-09-18,Paid,0,14,7,0,2,2,8,0,1,SMB,3787859
CUST0195,INV008088,18805.52,2026-08-22,2026-09-21,,Overdue,0,1,0,8,2,7,24,0,1,SMB,3852177
CUST1551,INV008089,25521.59,2025-05-03,2025-07-02,2025-07-02,Paid,0,20,5,0,0,0,32,0,1,Enterprise,1250532
CUST1793,INV008090,52125.96,2026-02-24,2026-03-26,2026-04-10,Paid,0,15,3,15,1,6,71,0,1,Mid-Market,818223
CUST0647,INV008091,22998.5,2026-07-20,2026-09-03,,Overdue,0,25,6,21,1,0,25,0,1,Mid-Market,704224
CUST0001,INV008092,23172.17,2025-08-04,2025-10-03,2025-10-15,Paid,0,12,5,12,0,1,46,0,1,SMB,1464022
CUST0561,INV008093,27939.52,2026-02-24,2026-03-26,,Overdue,161,16,3,10,1,0,81,0,0,Mid-Market,4087106
CUST1120,INV008094,17068.3,2026-07-05,2026-08-04,2026-08-10,Paid,0,7,3,0,0,7,10,1,1,SMB,3080855
CUST0713,INV008095,24025.84,2025-08-16,2025-09-15,2025-09-25,Paid,0,14,4,15,0,6,50,0,1,SMB,3194311
CUST0413,INV008096,67902.77,2025-08-25,2025-09-24,2025-10-14,Paid,0,9,2,20,2,1,56,1,1,Enterprise,3884242
CUST0538,INV008097,20253.63,2025-11-26,2026-01-10,,Overdue,236,9,2,11,0,3,72,1,0,SMB,3796037
CUST1879,INV008098,21370.94,2026-04-14,2026-05-29,2026-06-03,Paid,0,10,3,6,0,1,1,0,1,SMB,1676528
CUST0429,INV008099,21298.98,2026-05-02,2026-07-01,,Overdue,64,9,3,3,0,1,9,1,0,SMB,1096161
CUST0235,INV008100,80641.91,2026-07-03,2026-08-02,,Overdue,32,25,6,24,2,3,48,0,1,SMB,3282244
CUST0349,INV008101,7273.16,2026-08-02,2026-09-01,,Overdue,2,16,5,31,1,1,26,0,0,SMB,799971
CUST1780,INV008102,130072.45,2026-02-19,2026-03-21,,Overdue,166,23,5,11,2,7,10,0,1,Mid-Market,1688846
CUST1894,INV008103,6792.8,2025-08-07,2025-10-06,,Overdue,332,8,1,11,1,2,58,0,1,SMB,1390683
CUST1505,INV008104,11450.4,2026-01-16,2026-01-31,,Overdue,215,28,6,14,1,1,45,0,0,SMB,2978100
CUST1863,INV008105,46385.32,2025-03-28,2025-05-27,2025-06-29,Paid,0,2,1,21,0,7,18,0,1,SMB,3507521
CUST0396,INV008106,61717.12,2026-04-06,2026-05-06,,Overdue,120,25,9,20,0,0,59,0,0,Enterprise,3351106
CUST1375,INV008107,5412.69,2026-02-15,2026-03-17,2026-03-28,Paid,0,18,6,25,0,1,57,0,1,SMB,217527
CUST0416,INV008108,7385.68,2026-06-09,2026-07-09,,Overdue,56,24,5,14,0,3,67,0,0,SMB,734029
CUST1910,INV008109,29081.07,2026-03-23,2026-05-22,,Overdue,104,18,5,34,0,0,28,0,1,SMB,2685122
CUST0916,INV008110,229674.73,2025-10-27,2025-11-26,2025-12-10,Paid,0,27,6,18,0,5,81,1,1,SMB,189227
CUST1911,INV008111,76593.14,2026-02-12,2026-03-29,,Overdue,158,12,4,11,2,3,15,0,0,SMB,3516032
CUST1075,INV008112,17186.9,2026-01-10,2026-02-09,,Overdue,206,24,6,24,1,3,35,0,0,Enterprise,4026974
CUST0081,INV008113,5000.0,2025-08-21,2025-09-20,2025-11-01,Paid,0,3,1,37,0,2,42,0,1,Enterprise,4435010
CUST0036,INV008114,23900.22,2025-02-18,2025-03-05,,Overdue,547,2,0,6,4,5,25,0,0,Mid-Market,3607689
CUST1091,INV008115,31643.78,2025-07-05,2025-08-19,2025-08-19,Paid,0,6,1,9,0,4,13,0,1,Enterprise,3150498
CUST0641,INV008116,15022.51,2025-07-24,2025-08-23,,Overdue,376,6,3,14,1,2,66,0,0,SMB,3981586
CUST0882,INV008117,9407.63,2025-03-19,2025-05-03,2025-05-15,Paid,0,17,3,5,1,6,57,0,1,Mid-Market,3660954
CUST1691,INV008118,25826.73,2026-04-26,2026-05-26,,Overdue,100,16,3,22,4,3,61,0,1,SMB,3201478
CUST0757,INV008119,8584.72,2026-01-21,2026-02-20,,Overdue,195,23,7,8,2,6,86,1,0,Mid-Market,1344315
CUST0623,INV008120,143264.62,2025-07-13,2025-08-12,,Overdue,387,28,4,7,1,3,82,0,1,SMB,1035132
CUST1704,INV008121,100382.66,2025-04-13,2025-05-13,,Overdue,478,13,2,17,0,6,85,0,0,Mid-Market,1584227
CUST1505,INV008122,42527.77,2026-01-11,2026-02-25,,Overdue,190,12,4,29,0,3,11,0,0,SMB,2978100
CUST0468,INV008123,24093.82,2025-10-14,2025-11-28,2025-11-29,Paid,0,11,5,1,0,3,57,0,1,Enterprise,4751669
CUST1166,INV008124,11382.54,2026-04-27,2026-05-27,,Overdue,99,15,5,0,2,3,43,0,0,Mid-Market,702755
CUST0356,INV008125,21573.32,2025-09-07,2025-11-06,,Overdue,301,28,5,13,0,7,47,0,0,Mid-Market,535757
CUST0709,INV008126,113470.38,2025-07-20,2025-08-19,2025-08-19,Paid,0,17,6,0,0,2,42,0,1,SMB,805612
CUST1495,INV008127,52504.49,2026-06-20,2026-08-19,2026-08-19,Paid,0,20,5,6,1,4,4,1,1,Mid-Market,332140
CUST1645,INV008128,27002.7,2026-04-06,2026-05-06,2026-05-17,Paid,0,29,9,10,1,3,62,0,1,SMB,915256
CUST1020,INV008129,55490.9,2025-10-27,2025-11-11,2025-12-04,Paid,0,22,4,22,1,5,25,1,1,SMB,3353364
CUST1912,INV008130,38010.23,2026-04-23,2026-05-23,,Overdue,103,24,5,0,0,4,34,0,0,Enterprise,798692
CUST1615,INV008131,32737.53,2025-03-24,2025-04-23,,Overdue,498,27,10,10,0,0,56,0,0,SMB,2449146
CUST0902,INV008132,58721.62,2026-04-03,2026-06-02,,Overdue,93,27,10,5,2,1,69,0,0,SMB,4994490
CUST0673,INV008133,36939.16,2025-10-25,2025-11-24,,Overdue,283,8,1,3,0,5,41,0,0,SMB,4581211
CUST0439,INV008134,51976.73,2025-12-30,2026-01-14,,Overdue,232,26,4,14,2,3,33,0,0,Mid-Market,2229431
CUST0531,INV008135,25884.17,2025-02-09,2025-02-24,,Overdue,556,7,3,17,2,5,44,0,0,Mid-Market,4324692
CUST0127,INV008136,17083.6,2025-12-06,2026-01-05,,Overdue,241,11,2,11,1,6,71,0,0,Mid-Market,3064938
CUST0205,INV008137,12731.53,2026-05-31,2026-06-30,2026-07-06,Paid,0,21,3,16,3,6,84,0,1,Mid-Market,1790534
CUST0029,INV008138,11301.5,2025-04-18,2025-05-18,2025-05-19,Paid,0,29,6,1,0,7,74,0,1,Mid-Market,4495655
CUST0445,INV008139,5000.0,2025-11-12,2025-12-12,,Overdue,265,22,4,17,1,7,30,0,0,Mid-Market,378821
CUST0966,INV008140,8849.0,2025-04-24,2025-05-09,2025-05-29,Paid,0,8,0,18,1,6,67,0,1,SMB,765339
CUST1743,INV008141,8596.81,2025-06-16,2025-07-16,2025-08-01,Paid,0,19,9,18,0,6,28,1,1,Mid-Market,750033
CUST0464,INV008142,13261.96,2025-09-18,2025-10-18,2025-10-24,Paid,0,6,1,0,1,5,40,0,1,Mid-Market,2930304
CUST1304,INV008143,105055.52,2025-08-12,2025-09-26,,Overdue,342,20,4,19,0,3,31,0,0,Mid-Market,4943091
CUST0151,INV008144,18815.53,2025-09-19,2025-11-03,,Overdue,304,29,7,17,1,5,66,1,0,Enterprise,582726
CUST0240,INV008145,28050.64,2025-09-08,2025-10-23,,Overdue,315,19,4,24,0,3,18,0,0,SMB,1862336
CUST0266,INV008146,28949.83,2026-06-10,2026-08-09,,Overdue,25,19,4,0,1,5,10,0,1,Mid-Market,2735747
CUST1718,INV008147,107751.28,2025-05-06,2025-07-05,2025-07-19,Paid,0,4,2,15,1,6,32,0,1,Mid-Market,3888187
CUST1129,INV008148,12387.15,2025-07-25,2025-08-24,,Overdue,375,22,2,8,0,1,72,1,0,SMB,331696
CUST1961,INV008149,17632.13,2025-05-20,2025-06-19,,Overdue,441,15,6,0,0,7,85,0,0,SMB,594026
CUST1457,INV008150,19807.2,2025-03-03,2025-05-02,,Overdue,489,27,8,13,0,4,85,1,0,Mid-Market,2064017
CUST0913,INV008151,68633.42,2025-10-10,2025-11-09,2025-11-09,Paid,0,17,5,0,0,5,43,0,1,Mid-Market,662181
CUST0497,INV008152,84466.11,2025-02-23,2025-03-25,,Overdue,527,18,3,9,1,2,46,0,0,Mid-Market,4246656
CUST1464,INV008153,35404.13,2025-12-12,2026-01-11,2026-01-22,Paid,0,29,6,10,0,3,85,0,1,Mid-Market,3699244
CUST1772,INV008154,75577.16,2026-06-08,2026-08-07,2026-08-07,Paid,0,20,2,6,0,1,27,0,1,Mid-Market,1185270
CUST0685,INV008155,26308.86,2025-05-16,2025-06-30,2025-07-11,Paid,0,12,4,14,2,0,78,1,1,Enterprise,887393
CUST0158,INV008156,18534.64,2025-11-26,2025-12-26,2025-12-26,Paid,0,10,2,0,0,1,9,0,1,Mid-Market,3351017
CUST0172,INV008157,71590.96,2025-05-24,2025-07-23,2025-07-23,Paid,0,9,2,3,0,3,11,0,1,SMB,3897125
CUST0494,INV008158,35868.6,2026-03-12,2026-05-11,,Overdue,115,8,3,29,0,6,71,0,0,SMB,2383679
CUST0970,INV008159,10556.21,2025-10-09,2025-11-08,2025-11-12,Paid,0,26,7,6,0,7,5,0,1,SMB,678889
CUST1335,INV008160,59719.92,2025-05-16,2025-07-15,2025-07-17,Paid,0,8,0,7,1,6,72,0,1,Enterprise,3867042
CUST1427,INV008161,17881.24,2026-05-04,2026-07-03,2026-07-13,Paid,0,11,1,4,0,4,59,0,1,SMB,2992775
CUST1693,INV008162,15822.31,2026-02-05,2026-02-20,,Overdue,195,23,8,22,0,4,67,0,0,SMB,4280207
CUST1794,INV008163,53798.69,2026-03-25,2026-05-09,,Overdue,117,12,2,16,1,6,33,0,1,Mid-Market,4353677
CUST0676,INV008164,20154.2,2025-09-27,2025-10-27,2025-10-27,Paid,0,22,5,1,0,0,83,0,1,Enterprise,4649757
CUST0659,INV008165,32498.8,2025-01-17,2025-03-03,,Overdue,549,23,4,14,0,3,47,1,1,Mid-Market,1648099
CUST0903,INV008166,42699.38,2025-09-26,2025-11-25,,Overdue,282,6,2,22,0,0,32,0,0,SMB,2947706
CUST0666,INV008167,10067.39,2026-04-27,2026-05-27,,Overdue,99,3,0,18,0,5,41,0,0,SMB,2024324
CUST1487,INV008168,32365.57,2025-08-07,2025-09-06,2025-09-25,Paid,0,15,3,21,0,7,9,0,1,SMB,3099316
CUST0367,INV008169,84920.7,2025-11-15,2026-01-14,2026-02-13,Paid,0,28,8,29,0,0,11,0,1,Enterprise,2754716
CUST0550,INV008170,8463.63,2025-08-26,2025-10-25,2025-10-27,Paid,0,6,2,0,2,3,35,1,1,Mid-Market,1193647
CUST0643,INV008171,34541.23,2026-06-29,2026-07-14,,Overdue,51,28,9,17,0,6,12,0,0,SMB,3510989
CUST1894,INV008172,9609.74,2025-10-12,2025-12-11,2025-12-19,Paid,0,7,2,4,0,4,12,1,1,SMB,1390683
CUST0255,INV008173,61169.11,2025-02-06,2025-02-21,2025-03-02,Paid,0,6,1,4,0,4,50,0,1,SMB,2588568
CUST0208,INV008174,60591.24,2025-04-13,2025-05-13,,Overdue,478,27,5,14,4,4,51,1,0,Mid-Market,2353554
CUST0450,INV008175,15454.84,2026-03-06,2026-04-20,2026-04-20,Paid,0,2,0,1,1,4,36,0,1,SMB,3677447
CUST0095,INV008176,200712.47,2025-08-27,2025-10-11,2025-10-25,Paid,0,6,2,10,0,4,30,0,1,Mid-Market,339768
CUST1884,INV008177,66611.02,2025-05-05,2025-06-19,,Overdue,441,29,6,25,1,7,41,1,0,Mid-Market,4712315
CUST0839,INV008178,44664.26,2026-07-19,2026-08-03,2026-08-28,Paid,0,29,7,20,1,0,3,0,1,Mid-Market,814265
CUST0478,INV008179,42218.38,2026-08-23,2026-09-22,,Overdue,0,2,0,0,1,6,49,0,1,Mid-Market,3083349
CUST0683,INV008180,58919.47,2025-07-07,2025-09-05,,Overdue,363,1,0,0,1,5,55,0,0,SMB,491904
CUST0762,INV008181,8138.47,2025-09-13,2025-09-28,,Overdue,340,15,3,10,0,2,32,0,0,SMB,1339467
CUST0190,INV008182,26758.5,2026-08-08,2026-08-23,2026-09-09,Paid,0,10,1,6,0,3,79,0,1,SMB,2581086
CUST0711,INV008183,32311.88,2026-06-14,2026-07-29,,Overdue,36,10,2,18,1,7,8,1,1,Mid-Market,2126475
CUST1508,INV008184,14762.77,2026-01-27,2026-02-26,2026-02-26,Paid,0,10,3,1,0,5,51,1,1,Mid-Market,1023737
CUST1757,INV008185,35059.27,2026-04-13,2026-05-13,2026-05-27,Paid,0,5,2,14,0,5,49,1,1,Enterprise,2625606
CUST1560,INV008186,75485.38,2025-09-10,2025-10-10,,Overdue,328,4,0,16,0,2,73,0,0,Enterprise,4653623
CUST0756,INV008187,14446.84,2026-07-15,2026-09-13,,Overdue,0,25,7,11,1,0,63,0,1,Mid-Market,3350354
CUST1447,INV008188,20859.73,2025-06-25,2025-08-24,,Overdue,375,15,3,13,1,7,22,0,1,Mid-Market,4215255
CUST0836,INV008189,9695.48,2026-04-11,2026-04-26,,Overdue,130,9,1,31,0,6,38,0,1,SMB,4421545
CUST1664,INV008190,5000.0,2026-07-31,2026-08-30,2026-09-12,Paid,0,16,1,10,0,7,33,1,1,SMB,1517172
CUST1629,INV008191,47998.84,2025-10-16,2025-11-15,2025-12-17,Paid,0,9,2,20,1,3,14,0,1,SMB,80257
CUST1836,INV008192,21466.87,2025-02-19,2025-04-05,,Overdue,516,19,6,1,0,0,69,0,0,Mid-Market,1900924
CUST0133,INV008193,23099.8,2025-01-04,2025-02-03,,Overdue,577,14,4,6,2,5,10,0,0,SMB,825158
CUST0055,INV008194,8210.97,2026-05-15,2026-06-29,,Overdue,66,26,8,4,0,7,44,1,1,Mid-Market,4373654
CUST0510,INV008195,18297.07,2025-08-11,2025-09-10,,Overdue,358,12,3,21,1,3,25,0,0,Mid-Market,3127099
CUST0670,INV008196,65946.15,2025-09-19,2025-10-19,,Overdue,319,12,5,17,1,5,84,0,0,SMB,3542099
CUST1565,INV008197,22044.56,2026-06-19,2026-08-18,2026-09-07,Paid,0,3,0,20,1,1,52,0,1,Mid-Market,2530017
CUST0410,INV008198,22678.75,2026-01-11,2026-02-10,2026-02-20,Paid,0,29,9,11,0,0,75,1,1,SMB,520529
CUST1235,INV008199,27106.49,2025-03-02,2025-04-16,,Overdue,505,19,5,0,0,0,51,1,0,Mid-Market,1469920
CUST1690,INV008200,6397.21,2025-12-22,2026-01-21,,Overdue,225,11,4,17,0,1,51,0,0,Mid-Market,2671158
CUST1317,INV008201,41147.58,2025-01-24,2025-02-23,2025-03-12,Paid,0,26,5,15,0,5,34,0,1,Mid-Market,4205479
CUST0987,INV008202,6277.97,2025-10-20,2025-11-19,,Overdue,288,5,1,23,1,6,16,0,0,Mid-Market,2519146
CUST0734,INV008203,8607.46,2026-07-11,2026-08-10,,Overdue,24,6,2,18,0,4,68,0,1,Mid-Market,2920574
CUST1139,INV008204,7713.95,2025-12-22,2026-01-21,,Overdue,225,6,1,14,0,1,57,0,0,SMB,4887231
CUST1973,INV008205,18486.11,2026-07-29,2026-09-12,2026-09-21,Paid,0,19,4,16,1,1,53,0,1,SMB,689104
CUST1694,INV008206,15483.76,2025-01-29,2025-02-28,2025-03-25,Paid,0,14,5,21,0,2,52,0,1,SMB,2048173
CUST0259,INV008207,21999.5,2025-12-23,2026-02-21,2026-03-10,Paid,0,16,2,20,0,2,28,1,1,Mid-Market,2727747
CUST1787,INV008208,8908.35,2025-12-31,2026-01-30,2026-02-06,Paid,0,12,3,8,0,7,74,0,1,Mid-Market,2432865
CUST1146,INV008209,60204.08,2026-02-13,2026-03-15,,Overdue,172,18,6,0,1,4,88,0,0,Enterprise,4623574
CUST0299,INV008210,50717.56,2025-09-23,2025-10-23,,Overdue,315,22,8,19,2,2,48,1,0,Mid-Market,3255599
CUST1799,INV008211,18512.22,2025-10-18,2025-12-17,,Overdue,260,13,1,12,1,4,73,0,0,SMB,2049117
CUST1405,INV008212,13651.89,2026-07-21,2026-08-05,2026-08-15,Paid,0,20,7,10,0,5,6,0,1,Mid-Market,776448
CUST0561,INV008213,12340.51,2025-06-02,2025-07-02,,Overdue,428,9,0,23,2,1,37,0,0,Mid-Market,4087106
CUST1913,INV008214,16152.9,2025-08-07,2025-08-22,,Overdue,377,18,6,10,0,5,10,0,0,Enterprise,2432962
CUST1865,INV008215,5430.33,2025-06-22,2025-07-22,2025-08-16,Paid,0,4,0,16,0,2,61,0,1,Enterprise,4681889
CUST1525,INV008216,8437.09,2025-01-12,2025-02-11,2025-03-06,Paid,0,11,3,26,1,5,41,0,1,SMB,4141685
CUST0297,INV008217,52058.35,2026-05-31,2026-06-15,,Overdue,80,27,2,17,0,4,52,0,1,Mid-Market,1054001
CUST0362,INV008218,29786.56,2025-12-28,2026-01-27,2026-02-07,Paid,0,18,6,5,0,5,34,0,1,Mid-Market,4157834
CUST0589,INV008219,112901.89,2026-08-02,2026-09-01,,Overdue,2,21,5,9,1,4,9,0,1,SMB,2487245
CUST1487,INV008220,16330.75,2026-04-22,2026-06-06,2026-06-08,Paid,0,3,2,13,1,6,29,1,1,SMB,3099316
CUST1462,INV008221,15344.11,2026-07-31,2026-09-14,2026-10-05,Paid,0,4,1,18,0,2,41,0,1,Mid-Market,4944940
CUST0127,INV008222,14648.62,2025-03-23,2025-05-07,,Overdue,484,9,4,17,0,3,1,0,0,Mid-Market,3064938
CUST0197,INV008223,16007.87,2025-12-06,2026-01-05,,Overdue,241,13,4,6,1,2,64,1,0,Mid-Market,3401463
CUST0221,INV008224,11384.93,2026-03-17,2026-04-16,2026-05-08,Paid,0,15,5,17,1,6,12,0,1,Mid-Market,1938806
CUST0995,INV008225,28882.42,2025-08-14,2025-09-28,,Overdue,340,10,3,46,0,6,23,0,0,SMB,2494291
CUST0091,INV008226,22676.95,2026-01-06,2026-02-05,2026-02-24,Paid,0,27,5,15,1,4,1,0,1,SMB,1628638
CUST0411,INV008227,13227.93,2025-01-28,2025-02-27,2025-03-02,Paid,0,21,6,7,0,3,25,0,1,SMB,3033516
CUST0008,INV008228,76968.3,2025-01-16,2025-03-17,,Overdue,535,9,4,25,1,2,38,0,0,Enterprise,536799
CUST0544,INV008229,146764.26,2025-10-04,2025-12-03,,Overdue,274,16,6,5,1,1,4,1,0,Mid-Market,2982235
CUST0468,INV008230,70726.61,2025-11-29,2026-01-28,2026-02-25,Paid,0,16,3,26,1,5,43,1,1,Enterprise,4751669
CUST0320,INV008231,38488.86,2026-04-28,2026-06-27,2026-07-11,Paid,0,13,2,10,0,0,61,1,1,SMB,3095915
CUST1418,INV008232,47182.09,2026-07-20,2026-09-18,,Overdue,0,5,2,18,1,2,32,0,1,SMB,614430
CUST0269,INV008233,140985.95,2025-10-15,2025-11-29,,Overdue,278,10,4,6,1,6,28,1,0,SMB,3061786
CUST1215,INV008234,47113.71,2025-04-24,2025-05-24,,Overdue,467,25,3,17,0,6,33,0,0,Mid-Market,929459
CUST1885,INV008235,12268.79,2025-02-07,2025-04-08,2025-04-21,Paid,0,24,3,16,1,2,27,0,1,SMB,2871839
CUST1699,INV008236,32606.68,2026-03-30,2026-05-29,2026-06-15,Paid,0,1,1,22,1,0,1,0,1,Enterprise,3152641
CUST0061,INV008237,41202.09,2025-06-15,2025-07-15,,Overdue,415,29,7,9,0,3,8,0,0,SMB,3334321
CUST1462,INV008238,8146.0,2025-07-24,2025-08-23,,Overdue,376,3,1,25,3,7,85,0,0,Mid-Market,4944940
CUST1288,INV008239,16565.36,2025-09-02,2025-09-17,,Overdue,351,21,7,16,1,0,23,0,0,SMB,3030672
CUST0797,INV008240,66197.09,2025-11-29,2026-01-28,2026-01-31,Paid,0,28,9,0,0,6,32,0,1,Enterprise,2395704
CUST1119,INV008241,5000.0,2026-01-31,2026-03-02,2026-03-13,Paid,0,3,1,15,0,3,3,0,1,SMB,873759
CUST0553,INV008242,6307.98,2026-05-22,2026-06-21,,Overdue,74,10,2,0,2,4,44,1,0,Mid-Market,2744245
CUST0926,INV008243,18464.27,2025-05-01,2025-05-31,2025-06-01,Paid,0,17,2,0,1,6,54,0,1,SMB,1856684
CUST1494,INV008244,31372.27,2025-09-16,2025-11-15,2025-11-28,Paid,0,27,7,9,0,6,6,0,1,SMB,1532795
CUST0661,INV008245,5666.73,2026-02-14,2026-03-16,,Overdue,171,18,8,0,1,3,70,0,0,SMB,3863233
CUST0716,INV008246,19403.54,2025-11-06,2025-12-06,2025-12-06,Paid,0,13,2,4,1,1,49,1,1,Enterprise,1956862
CUST0779,INV008247,69826.48,2025-03-09,2025-04-08,2025-04-17,Paid,0,2,0,11,0,0,59,0,1,Mid-Market,787954
CUST1538,INV008248,23591.73,2025-04-24,2025-05-09,2025-05-16,Paid,0,16,5,11,1,7,57,0,1,Mid-Market,2976979
CUST1714,INV008249,56335.99,2025-08-08,2025-08-23,2025-08-27,Paid,0,4,0,3,0,1,89,0,1,SMB,76616
CUST1961,INV008250,12184.09,2025-08-08,2025-09-07,,Overdue,361,22,7,13,1,1,61,0,0,SMB,594026
CUST0194,INV008251,9799.47,2026-04-18,2026-05-18,2026-06-14,Paid,0,18,3,26,3,0,56,0,1,Mid-Market,3807985
CUST0482,INV008252,51476.15,2026-01-21,2026-02-20,2026-03-03,Paid,0,14,2,11,0,3,41,1,1,Mid-Market,4952825
CUST1923,INV008253,31865.06,2025-10-25,2025-11-24,,Overdue,283,6,2,7,0,1,14,0,0,Mid-Market,1995537
CUST1360,INV008254,6730.5,2025-09-10,2025-09-25,2025-10-16,Paid,0,11,2,16,0,1,83,0,1,Mid-Market,126240
CUST1459,INV008255,9888.81,2026-02-09,2026-04-10,2026-04-13,Paid,0,17,5,2,1,5,77,0,1,SMB,4072261
CUST1220,INV008256,105301.32,2026-05-07,2026-06-06,,Overdue,89,8,4,23,0,6,37,1,1,SMB,3893139
CUST0855,INV008257,8738.07,2025-12-23,2026-01-07,2026-01-30,Paid,0,3,0,24,1,3,41,0,1,SMB,2813545
CUST1273,INV008258,56068.46,2026-03-04,2026-04-03,,Overdue,153,24,9,31,1,1,30,1,0,Mid-Market,4330650
CUST0498,INV008259,13654.35,2025-08-03,2025-08-18,,Overdue,381,3,2,17,2,2,42,0,1,SMB,4377308
CUST0212,INV008260,21956.62,2026-01-15,2026-02-14,2026-02-15,Paid,0,17,3,1,1,0,36,0,1,Mid-Market,2996862
CUST0665,INV008261,29572.28,2025-08-02,2025-09-01,,Overdue,367,4,1,22,1,7,56,0,0,SMB,1206083
CUST0670,INV008262,5000.0,2025-04-08,2025-05-23,2025-05-25,Paid,0,19,9,0,0,3,71,0,1,SMB,3542099
CUST1490,INV008263,5101.46,2026-06-12,2026-07-12,2026-08-15,Paid,0,8,1,24,2,2,83,0,1,SMB,1896585
CUST1898,INV008264,24012.58,2026-06-12,2026-07-12,,Overdue,53,17,4,13,3,6,78,0,1,SMB,3647170
CUST1675,INV008265,10675.35,2026-06-19,2026-08-18,2026-08-27,Paid,0,25,6,7,2,2,26,0,1,Mid-Market,875782
CUST0221,INV008266,59669.8,2026-07-08,2026-08-07,,Overdue,27,27,9,8,1,5,84,0,0,Mid-Market,1938806
CUST0273,INV008267,5000.0,2026-07-03,2026-08-17,2026-08-21,Paid,0,25,4,10,0,3,14,0,1,Enterprise,4369453
CUST1178,INV008268,38764.3,2025-11-24,2025-12-24,,Overdue,253,22,4,23,1,4,39,1,0,SMB,2223513
CUST1273,INV008269,5562.37,2025-06-14,2025-07-14,,Overdue,416,5,0,0,2,1,60,0,0,Mid-Market,4330650
CUST0279,INV008270,15489.15,2025-04-26,2025-05-26,2025-06-08,Paid,0,11,1,16,0,5,28,0,1,Mid-Market,1375569
CUST1464,INV008271,7597.86,2025-05-30,2025-06-29,2025-07-14,Paid,0,12,2,20,1,6,44,0,1,Mid-Market,3699244
CUST1972,INV008272,147624.9,2026-06-02,2026-08-01,2026-08-01,Paid,0,21,5,1,0,1,45,0,1,Mid-Market,174591
CUST0816,INV008273,5770.46,2025-02-01,2025-02-16,,Overdue,564,15,5,29,1,6,18,0,0,Mid-Market,4685352
CUST0276,INV008274,19495.53,2025-10-20,2025-11-19,2025-12-13,Paid,0,12,2,24,0,4,30,0,1,Mid-Market,2417555
CUST1005,INV008275,5000.0,2025-06-26,2025-07-26,2025-08-01,Paid,0,22,5,5,0,7,70,0,1,Mid-Market,99976
CUST0514,INV008276,109050.91,2025-03-02,2025-03-17,,Overdue,535,7,3,14,4,4,70,0,0,Enterprise,1722795
CUST1112,INV008277,32901.79,2026-08-12,2026-09-26,2026-09-26,Paid,0,24,6,2,2,6,3,1,1,SMB,2537111
CUST1823,INV008278,25259.89,2026-02-20,2026-03-22,2026-04-07,Paid,0,3,1,8,0,4,7,0,1,Mid-Market,4687370
CUST0923,INV008279,96212.34,2026-01-18,2026-03-04,2026-03-04,Paid,0,10,2,0,1,1,34,0,1,Enterprise,4395398
CUST0642,INV008280,25525.22,2026-08-21,2026-10-05,,Overdue,0,16,5,13,0,5,82,0,0,SMB,3264215
CUST0505,INV008281,27434.9,2025-01-07,2025-02-06,2025-02-06,Paid,0,1,0,0,1,6,65,0,1,Mid-Market,3129042
CUST0590,INV008282,25127.68,2025-03-26,2025-04-25,,Overdue,496,21,10,2,3,0,27,1,0,SMB,2752882
CUST0772,INV008283,38701.53,2026-02-02,2026-03-04,2026-03-10,Paid,0,11,4,16,0,5,54,0,1,Mid-Market,1155710
CUST1265,INV008284,13461.09,2026-01-28,2026-02-27,,Overdue,188,17,4,15,2,1,79,0,0,SMB,2207280
CUST1677,INV008285,17777.92,2025-02-16,2025-03-03,2025-03-07,Paid,0,14,3,3,1,0,43,1,1,SMB,3667597
CUST0740,INV008286,49530.04,2025-12-07,2026-02-05,,Overdue,210,18,6,0,3,7,24,0,0,SMB,3931857
CUST0675,INV008287,29067.41,2026-05-13,2026-06-12,2026-07-03,Paid,0,12,3,18,2,1,62,0,1,SMB,1858286
CUST1260,INV008288,19648.5,2026-04-23,2026-05-08,,Overdue,118,16,4,19,1,7,84,1,1,Mid-Market,2270182
CUST1014,INV008289,5428.82,2026-03-02,2026-03-17,2026-04-10,Paid,0,8,3,22,0,0,40,0,1,SMB,1445796
CUST0128,INV008290,98523.49,2026-03-02,2026-04-01,,Overdue,155,3,0,22,2,5,30,1,0,Enterprise,3852986
CUST0503,INV008291,11367.87,2026-05-30,2026-06-14,,Overdue,81,11,2,16,1,0,44,1,0,SMB,2878630
CUST1224,INV008292,59114.84,2025-05-09,2025-06-08,,Overdue,452,26,3,10,0,2,82,1,0,Enterprise,4497395
CUST1986,INV008293,26258.73,2025-09-06,2025-09-21,,Overdue,347,15,2,6,0,1,83,1,0,SMB,2251340
CUST0902,INV008294,6042.36,2025-05-11,2025-05-26,2025-06-14,Paid,0,4,1,18,0,7,15,0,1,SMB,4994490
CUST0543,INV008295,77055.06,2025-11-19,2026-01-03,2026-01-10,Paid,0,27,3,3,0,5,49,0,1,SMB,640381
CUST1526,INV008296,28411.25,2026-06-27,2026-08-26,,Overdue,8,16,3,16,1,0,87,0,1,SMB,257352
CUST1674,INV008297,83729.39,2025-03-07,2025-04-06,,Overdue,515,22,5,0,0,2,43,0,0,Mid-Market,538051
CUST0492,INV008298,18353.79,2025-04-11,2025-05-26,,Overdue,465,24,3,18,0,1,6,0,0,Mid-Market,3255228
CUST1045,INV008299,44535.92,2025-01-31,2025-02-15,,Overdue,565,17,2,14,2,0,50,0,0,Enterprise,834192
CUST1258,INV008300,5000.0,2025-07-10,2025-08-24,2025-09-02,Paid,0,14,0,3,2,2,46,1,1,SMB,271552
CUST0714,INV008301,13356.84,2026-08-01,2026-08-16,2026-08-29,Paid,0,2,0,11,0,4,40,0,1,SMB,335622
CUST0791,INV008302,6167.24,2026-02-19,2026-04-05,,Overdue,151,27,4,11,0,0,30,1,0,SMB,2879915
CUST1667,INV008303,15141.83,2026-05-15,2026-07-14,,Overdue,51,22,6,29,0,2,74,0,1,SMB,4530967
CUST0416,INV008304,35306.12,2026-08-18,2026-10-02,2026-10-15,Paid,0,15,4,9,1,0,30,1,1,SMB,734029
CUST0148,INV008305,12033.14,2025-02-15,2025-04-01,,Overdue,520,24,2,15,1,5,1,0,0,Mid-Market,3252209
CUST0970,INV008306,52252.45,2025-03-30,2025-04-29,,Overdue,492,28,4,17,2,1,29,0,0,SMB,678889
CUST0029,INV008307,9352.39,2026-01-10,2026-02-09,,Overdue,206,8,4,9,0,7,89,1,0,Mid-Market,4495655
CUST1385,INV008308,53382.41,2025-09-03,2025-10-03,2025-10-22,Paid,0,13,1,27,0,2,15,0,1,Mid-Market,4159545
CUST0308,INV008309,81614.09,2026-07-12,2026-08-11,2026-08-26,Paid,0,3,1,13,0,1,17,1,1,SMB,1600184
CUST1907,INV008310,60689.51,2025-09-14,2025-09-29,2025-09-29,Paid,0,4,0,0,1,2,8,0,1,Enterprise,2847909
CUST1966,INV008311,15612.25,2025-12-18,2026-01-17,,Overdue,229,26,5,12,1,0,74,1,0,Mid-Market,1440254
CUST0162,INV008312,5000.0,2026-07-27,2026-09-10,,Overdue,0,4,0,34,0,6,46,0,0,Mid-Market,3928363
CUST0869,INV008313,39425.46,2025-04-15,2025-04-30,2025-05-05,Paid,0,4,1,7,3,7,57,0,1,Enterprise,4726029
CUST0852,INV008314,19433.73,2025-12-03,2026-01-02,,Overdue,244,2,0,16,3,1,79,0,0,Mid-Market,402414
CUST0061,INV008315,8280.07,2026-06-10,2026-07-25,,Overdue,40,13,4,5,1,5,28,1,0,SMB,3334321
CUST0125,INV008316,12628.62,2025-10-28,2025-11-27,,Overdue,280,22,8,10,1,6,84,0,0,SMB,1576534
CUST1480,INV008317,92450.19,2025-03-18,2025-04-17,,Overdue,504,8,2,24,1,7,77,0,0,SMB,884440
CUST1095,INV008318,7063.24,2026-05-26,2026-07-25,2026-08-14,Paid,0,9,5,20,0,3,31,0,1,SMB,3861666
CUST0838,INV008319,35182.68,2025-08-18,2025-10-17,2025-11-07,Paid,0,29,5,15,0,5,51,1,1,SMB,2600982
CUST1931,INV008320,27390.68,2026-08-01,2026-08-31,2026-09-12,Paid,0,1,0,13,1,6,78,0,1,Mid-Market,3578880
CUST1900,INV008321,15407.54,2025-02-01,2025-03-03,,Overdue,549,1,1,11,0,3,29,0,0,Mid-Market,503222
CUST0466,INV008322,41962.54,2025-02-27,2025-03-29,,Overdue,523,9,2,15,1,7,78,0,0,SMB,4755907
CUST0243,INV008323,112673.02,2025-04-14,2025-04-29,,Overdue,492,11,3,23,2,5,14,0,0,Enterprise,3230246
CUST1514,INV008324,16383.48,2025-11-08,2025-12-08,,Overdue,269,16,4,12,1,3,84,0,0,SMB,345866
CUST1785,INV008325,17271.6,2025-03-08,2025-05-07,,Overdue,484,29,3,15,3,3,41,1,0,Mid-Market,1852466
CUST1245,INV008326,41030.25,2026-01-09,2026-03-10,,Overdue,177,4,0,1,0,2,35,0,0,Mid-Market,3911774
CUST0473,INV008327,55173.76,2025-08-23,2025-10-07,2025-10-07,Paid,0,15,2,4,0,5,5,1,1,SMB,2896274
CUST0959,INV008328,19385.74,2025-04-22,2025-05-22,2025-06-09,Paid,0,27,5,26,0,1,64,0,1,SMB,3754697
CUST0533,INV008329,16230.16,2026-01-24,2026-02-23,,Overdue,192,7,0,20,1,2,79,0,0,Enterprise,289779
CUST0494,INV008330,5000.0,2026-02-12,2026-03-14,,Overdue,173,2,0,17,1,1,56,1,1,SMB,2383679
CUST0899,INV008331,10117.19,2025-02-23,2025-03-25,,Overdue,527,10,3,23,0,5,77,0,0,SMB,2861139
CUST0082,INV008332,7049.33,2025-08-27,2025-09-26,,Overdue,342,17,2,15,1,3,1,0,0,Mid-Market,4868750
CUST0856,INV008333,43679.1,2025-10-22,2025-12-06,2025-12-23,Paid,0,11,3,15,0,4,7,0,1,SMB,3566144
CUST0879,INV008334,17259.14,2025-04-22,2025-06-06,,Overdue,454,23,3,8,1,0,12,0,0,SMB,2287035
CUST1546,INV008335,16597.02,2025-03-29,2025-05-13,,Overdue,478,22,4,15,1,3,21,0,0,SMB,3080555
CUST0923,INV008336,21827.89,2026-04-21,2026-05-21,,Overdue,105,19,8,1,2,3,76,0,0,Enterprise,4395398
CUST0012,INV008337,9226.39,2025-10-31,2025-12-15,2025-12-18,Paid,0,10,0,3,0,4,36,0,1,Enterprise,2459029
CUST1287,INV008338,104114.57,2025-11-01,2025-11-16,2025-11-16,Paid,0,4,2,4,0,2,33,1,1,SMB,4189394
CUST1681,INV008339,80675.8,2025-10-17,2025-12-01,,Overdue,276,29,9,28,1,2,4,0,0,SMB,4765700
CUST0449,INV008340,111091.2,2025-07-27,2025-08-26,,Overdue,373,13,6,12,1,1,51,0,0,SMB,1862375
CUST1216,INV008341,43626.38,2026-08-05,2026-09-04,2026-09-18,Paid,0,1,1,16,0,5,49,1,1,SMB,2231533
CUST0762,INV008342,21386.64,2026-01-05,2026-01-20,2026-02-03,Paid,0,7,3,6,1,0,73,0,1,SMB,1339467
CUST1138,INV008343,110716.63,2025-08-08,2025-09-07,2025-09-17,Paid,0,9,1,10,0,1,39,0,1,SMB,2635917
CUST0026,INV008344,11148.2,2025-08-19,2025-10-18,2025-10-22,Paid,0,1,1,7,0,3,71,1,1,Mid-Market,1506081
CUST1807,INV008345,9216.87,2025-12-15,2026-01-14,2026-01-14,Paid,0,18,4,0,0,2,18,1,1,Mid-Market,2476277
CUST1523,INV008346,12070.12,2025-09-12,2025-11-11,,Overdue,296,18,4,4,0,3,59,0,0,SMB,2032847
CUST0508,INV008347,37155.66,2026-03-28,2026-04-27,2026-04-27,Paid,0,16,2,0,1,3,23,0,1,Mid-Market,4374848
CUST1569,INV008348,10279.38,2025-05-22,2025-06-21,2025-07-01,Paid,0,22,0,14,1,6,20,0,1,Mid-Market,2328581
CUST0062,INV008349,18856.76,2025-03-10,2025-04-09,,Overdue,512,16,5,22,0,5,31,0,0,SMB,728841
CUST0229,INV008350,5000.0,2025-03-30,2025-04-29,,Overdue,492,5,2,8,0,5,89,0,0,Enterprise,3530826
CUST1839,INV008351,35635.5,2025-05-16,2025-06-15,,Overdue,445,14,3,17,0,7,67,0,0,Enterprise,1664099
CUST0607,INV008352,5000.0,2026-06-07,2026-07-07,2026-07-16,Paid,0,22,4,9,0,2,53,1,1,SMB,2158542
CUST1059,INV008353,8671.86,2026-03-18,2026-05-02,2026-05-21,Paid,0,1,0,21,2,5,54,1,1,SMB,1608141
CUST1729,INV008354,74396.72,2025-02-07,2025-03-09,,Overdue,543,6,0,11,1,6,62,1,0,Mid-Market,1601899
CUST1480,INV008355,71705.18,2025-07-27,2025-08-26,,Overdue,373,27,3,27,2,3,20,0,0,SMB,884440
CUST1612,INV008356,32026.31,2025-07-29,2025-08-28,2025-09-09,Paid,0,6,1,8,1,3,25,0,1,Mid-Market,3862010
CUST0891,INV008357,29017.77,2026-05-28,2026-07-12,,Overdue,53,23,6,29,0,0,51,0,1,Mid-Market,2949033
CUST1526,INV008358,12952.45,2025-12-26,2026-02-09,2026-02-09,Paid,0,12,3,0,1,6,21,1,1,SMB,257352
CUST0761,INV008359,10168.97,2026-07-31,2026-08-30,2026-09-08,Paid,0,18,2,13,1,6,48,0,1,SMB,4560784
CUST0595,INV008360,15332.93,2025-01-01,2025-01-31,,Overdue,580,22,7,6,1,1,54,0,0,Enterprise,4516951
CUST1049,INV008361,5000.0,2026-01-16,2026-02-15,2026-03-08,Paid,0,9,1,17,1,0,16,0,1,Enterprise,3579921
CUST1593,INV008362,28351.88,2026-06-21,2026-08-20,2026-08-20,Paid,0,16,4,0,0,6,87,0,1,SMB,556453
CUST1056,INV008363,23128.74,2026-01-29,2026-02-28,2026-02-28,Paid,0,15,3,2,1,4,60,0,1,SMB,587977
CUST1855,INV008364,8660.94,2025-02-19,2025-04-05,,Overdue,516,25,7,5,0,0,75,0,0,Enterprise,4482027
CUST1036,INV008365,105734.01,2026-01-31,2026-03-02,2026-03-02,Paid,0,2,0,4,1,1,12,0,1,Mid-Market,1470858
CUST1343,INV008366,40413.28,2025-02-01,2025-03-03,,Overdue,549,5,2,9,3,7,69,0,0,Enterprise,1524620
CUST1869,INV008367,43995.46,2026-06-29,2026-08-28,,Overdue,6,29,8,0,2,6,56,0,1,SMB,2488710
CUST1628,INV008368,13529.94,2025-08-22,2025-09-21,2025-10-01,Paid,0,23,6,16,0,0,44,0,1,Mid-Market,2838107
CUST0001,INV008369,21997.19,2025-01-26,2025-03-12,2025-03-27,Paid,0,21,4,19,0,4,38,0,1,SMB,1464022
CUST1459,INV008370,41248.61,2026-07-08,2026-08-07,2026-08-07,Paid,0,13,3,0,0,6,22,0,1,SMB,4072261
CUST1862,INV008371,25662.41,2026-03-10,2026-04-09,,Overdue,147,19,7,21,0,6,81,1,0,Mid-Market,4165741
CUST1160,INV008372,109305.37,2025-03-02,2025-04-16,2025-04-16,Paid,0,1,0,2,1,6,21,0,1,SMB,2376729
CUST1220,INV008373,17965.57,2026-07-07,2026-09-05,2026-09-05,Paid,0,29,8,7,0,3,13,0,1,SMB,3893139
CUST0133,INV008374,13298.94,2026-03-17,2026-05-01,,Overdue,125,16,2,12,3,3,46,0,0,SMB,825158
CUST0086,INV008375,41533.39,2025-05-10,2025-06-09,2025-06-18,Paid,0,7,1,8,1,6,59,0,1,SMB,2815331
CUST1500,INV008376,6218.93,2025-12-20,2026-01-19,,Overdue,227,13,4,2,2,0,79,0,0,Enterprise,1847519
CUST1831,INV008377,55508.8,2025-07-17,2025-08-16,2025-08-21,Paid,0,24,6,5,1,7,18,1,1,Enterprise,2381348
CUST1815,INV008378,5998.64,2026-01-06,2026-02-05,,Overdue,210,22,6,11,0,4,43,0,0,SMB,789574
CUST1348,INV008379,41713.69,2025-05-27,2025-06-26,,Overdue,434,16,7,8,0,1,55,1,0,SMB,3188102
CUST1204,INV008380,11518.69,2026-05-13,2026-06-12,,Overdue,83,28,11,6,0,6,75,0,1,SMB,330833
CUST0516,INV008381,35475.02,2025-02-17,2025-04-03,,Overdue,518,12,5,8,2,4,71,0,0,SMB,2304103
CUST1662,INV008382,54575.64,2025-06-21,2025-08-05,,Overdue,394,7,2,17,0,0,32,1,0,Mid-Market,3298140
CUST0175,INV008383,25678.8,2025-11-11,2025-12-26,,Overdue,251,25,5,12,0,2,77,0,0,Mid-Market,240237
CUST0763,INV008384,6636.76,2026-01-11,2026-03-12,2026-03-13,Paid,0,14,2,0,1,7,16,0,1,SMB,214074
CUST1045,INV008385,8984.22,2026-06-17,2026-07-17,2026-08-04,Paid,0,18,5,13,0,2,40,1,1,Enterprise,834192
CUST0997,INV008386,10628.99,2026-02-24,2026-04-25,,Overdue,131,21,5,22,3,5,41,1,0,Enterprise,3842824
CUST1976,INV008387,5000.0,2026-01-31,2026-03-17,,Overdue,170,19,10,14,1,7,54,0,1,Enterprise,3347154
CUST1129,INV008388,68014.61,2026-06-06,2026-08-05,,Overdue,29,28,7,26,0,4,34,0,1,SMB,331696
CUST0578,INV008389,24590.31,2025-07-06,2025-08-05,,Overdue,394,13,2,0,0,0,85,0,0,Enterprise,4574474
CUST1467,INV008390,7076.13,2025-02-02,2025-03-04,,Overdue,548,2,1,8,0,4,18,0,0,Enterprise,3138589
CUST1799,INV008391,94435.74,2025-03-10,2025-04-24,,Overdue,497,19,2,31,2,0,20,1,0,SMB,2049117
CUST0049,INV008392,10923.5,2026-08-15,2026-10-14,,Overdue,0,4,0,17,0,1,76,1,1,Mid-Market,2415600
CUST0528,INV008393,28298.74,2025-07-10,2025-08-24,,Overdue,375,14,4,0,1,6,85,1,0,SMB,1550134
CUST0145,INV008394,9650.16,2025-04-11,2025-05-26,2025-06-07,Paid,0,2,0,17,2,6,9,1,1,SMB,628688
CUST1364,INV008395,5000.0,2026-04-30,2026-05-30,,Overdue,96,18,6,10,1,7,47,1,0,Mid-Market,1998061
CUST0762,INV008396,5628.28,2025-10-12,2025-11-26,2025-12-21,Paid,0,24,3,20,2,2,61,1,1,SMB,1339467
CUST1879,INV008397,14065.91,2026-01-25,2026-03-11,,Overdue,176,19,5,10,1,7,11,1,0,SMB,1676528
CUST1378,INV008398,54084.17,2026-07-19,2026-09-02,2026-09-08,Paid,0,19,6,21,1,3,11,0,1,Mid-Market,1570373
CUST1099,INV008399,31148.87,2025-06-09,2025-07-24,,Overdue,406,4,2,10,1,2,28,0,0,Mid-Market,347675
CUST1826,INV008400,25341.66,2026-07-08,2026-07-23,,Overdue,42,27,9,15,0,3,81,0,0,Mid-Market,4162732
CUST0929,INV008401,5000.0,2025-02-16,2025-04-02,,Overdue,519,21,4,26,0,0,24,0,0,Mid-Market,1444316
CUST0794,INV008402,78439.75,2025-06-08,2025-07-08,,Overdue,422,19,6,14,0,3,21,0,0,Mid-Market,965113
CUST1602,INV008403,27547.85,2026-03-22,2026-05-21,,Overdue,105,22,3,0,2,1,35,1,0,SMB,3895474
CUST1661,INV008404,19547.1,2026-06-07,2026-07-07,2026-07-18,Paid,0,26,9,2,0,6,37,1,1,Mid-Market,1811369
CUST0319,INV008405,68351.8,2025-06-04,2025-07-04,,Overdue,426,3,2,24,1,6,11,0,0,SMB,3632299
CUST1111,INV008406,76687.71,2025-12-05,2026-02-03,,Overdue,212,8,3,0,1,0,32,0,0,Mid-Market,3606210
CUST1577,INV008407,69883.88,2025-12-31,2026-01-15,,Overdue,231,4,0,5,3,2,26,1,0,SMB,2484138
CUST0698,INV008408,17204.28,2026-07-28,2026-08-27,,Overdue,7,21,2,41,1,2,18,0,0,Mid-Market,3752418
CUST1890,INV008409,8074.96,2025-05-28,2025-07-12,2025-07-21,Paid,0,3,0,8,1,4,76,1,1,Enterprise,1187613
CUST1916,INV008410,59214.57,2025-05-24,2025-06-23,,Overdue,437,5,1,15,1,5,20,0,0,Mid-Market,1664694
CUST0847,INV008411,5624.83,2025-04-13,2025-05-13,,Overdue,478,11,3,4,0,3,34,0,0,SMB,1347819
CUST1802,INV008412,154393.02,2025-04-03,2025-06-02,2025-06-24,Paid,0,29,7,16,2,0,54,1,1,Mid-Market,2979735
CUST0783,INV008413,22651.91,2025-10-13,2025-11-12,,Overdue,295,23,3,20,1,5,65,0,0,SMB,729447
CUST0042,INV008414,7624.45,2026-02-28,2026-03-30,,Overdue,157,19,7,8,0,3,79,0,0,SMB,3817255
CUST1117,INV008415,6426.15,2025-04-29,2025-05-29,,Overdue,462,19,7,13,2,1,14,0,0,SMB,4517890
CUST1721,INV008416,6138.87,2025-01-29,2025-02-13,,Overdue,567,17,6,1,1,1,43,1,0,SMB,402365
CUST1751,INV008417,25345.66,2026-05-26,2026-06-25,2026-06-29,Paid,0,2,0,7,0,4,27,0,1,Mid-Market,4137138
CUST1531,INV008418,21886.11,2025-01-30,2025-03-01,,Overdue,551,20,5,12,0,0,67,1,0,SMB,1308624
CUST0529,INV008419,6400.16,2026-01-01,2026-03-02,,Overdue,185,28,5,32,0,7,2,0,1,SMB,2654884
CUST1980,INV008420,15421.91,2025-05-18,2025-06-17,2025-06-17,Paid,0,9,3,0,0,6,76,0,1,Mid-Market,3791104
CUST1289,INV008421,5608.65,2026-04-20,2026-05-05,,Overdue,121,3,1,17,0,0,63,0,0,SMB,2112087
CUST1650,INV008422,39707.76,2026-07-17,2026-08-16,2026-09-01,Paid,0,10,3,22,0,3,51,1,1,Mid-Market,299265
CUST0292,INV008423,20856.2,2026-01-27,2026-02-26,,Overdue,189,21,5,9,0,4,87,0,1,SMB,2721252
CUST0969,INV008424,15087.13,2026-03-11,2026-04-10,,Overdue,146,9,3,19,0,5,49,1,1,Mid-Market,4963478
CUST1488,INV008425,6074.71,2025-08-22,2025-09-21,,Overdue,347,20,3,23,0,6,73,0,0,Mid-Market,2599565
CUST1828,INV008426,16315.07,2025-02-24,2025-04-25,2025-05-31,Paid,0,4,0,32,0,2,15,0,1,Enterprise,1082499
CUST1584,INV008427,14548.92,2025-10-19,2025-11-18,,Overdue,289,22,4,30,1,0,1,0,0,SMB,1003122
CUST1843,INV008428,30264.38,2025-11-08,2025-12-08,2025-12-10,Paid,0,7,2,0,2,0,37,0,1,SMB,4260583
CUST0097,INV008429,26030.34,2026-07-02,2026-08-16,2026-08-20,Paid,0,12,6,7,3,0,10,1,1,Mid-Market,3183211
CUST1911,INV008430,48633.12,2025-03-30,2025-04-29,2025-05-19,Paid,0,11,4,16,0,4,21,1,1,SMB,3516032
CUST1119,INV008431,13567.38,2025-07-31,2025-08-15,2025-08-20,Paid,0,22,4,13,0,5,35,0,1,SMB,873759
CUST1350,INV008432,5000.0,2025-11-14,2025-12-14,,Overdue,263,29,6,20,0,6,50,0,0,SMB,3955513
CUST0074,INV008433,59343.2,2026-04-10,2026-06-09,,Overdue,86,29,7,15,0,1,34,0,1,Mid-Market,2879455
CUST1360,INV008434,8638.36,2025-03-28,2025-05-27,,Overdue,464,29,12,15,3,6,75,0,0,Mid-Market,126240
CUST1092,INV008435,7281.43,2026-02-13,2026-03-15,,Overdue,172,27,4,13,0,2,48,1,0,Mid-Market,4839125
CUST0758,INV008436,21096.94,2025-08-28,2025-09-27,,Overdue,341,15,7,16,1,6,54,0,0,Mid-Market,2625508
CUST1942,INV008437,29800.2,2025-02-26,2025-03-28,,Overdue,524,20,3,18,0,1,68,0,0,SMB,2898439
CUST1101,INV008438,12954.05,2025-04-23,2025-06-07,,Overdue,453,14,5,17,0,6,74,0,0,SMB,3725002
CUST0208,INV008439,12852.68,2025-03-11,2025-04-10,2025-04-10,Paid,0,7,3,0,1,5,10,0,1,Mid-Market,2353554
CUST1908,INV008440,14897.87,2025-07-03,2025-07-18,,Overdue,412,15,6,0,2,6,31,1,0,SMB,2999311
CUST1790,INV008441,90811.42,2025-10-03,2025-11-17,2025-11-22,Paid,0,14,6,13,1,5,11,0,1,Mid-Market,3764755
CUST1245,INV008442,21967.56,2025-08-21,2025-09-20,,Overdue,348,28,5,18,2,6,4,0,0,Mid-Market,3911774
CUST1286,INV008443,8366.89,2025-02-23,2025-03-25,,Overdue,527,11,4,17,0,5,87,1,0,Mid-Market,4616701
CUST0410,INV008444,8452.49,2025-09-14,2025-10-29,2025-11-05,Paid,0,10,3,0,1,7,75,0,1,SMB,520529
CUST0331,INV008445,17139.07,2025-03-31,2025-05-15,2025-05-17,Paid,0,19,7,4,0,7,5,0,1,SMB,4207137
CUST0344,INV008446,27941.21,2026-03-11,2026-04-25,,Overdue,131,3,1,15,1,3,22,0,1,SMB,4446720
CUST0989,INV008447,35738.37,2026-02-12,2026-04-13,,Overdue,143,12,3,19,0,0,39,1,0,SMB,736268
CUST0771,INV008448,24938.26,2025-09-26,2025-10-26,,Overdue,312,13,4,15,0,3,41,1,0,SMB,112507
CUST1844,INV008449,9491.26,2026-01-01,2026-01-31,2026-02-15,Paid,0,7,1,13,0,7,11,1,1,Mid-Market,3299479
CUST0074,INV008450,14415.49,2025-12-17,2026-01-01,,Overdue,245,12,4,16,0,7,58,0,0,Mid-Market,2879455
CUST1661,INV008451,45885.66,2025-10-26,2025-11-25,2025-12-19,Paid,0,22,4,19,0,5,11,0,1,Mid-Market,1811369
CUST1724,INV008452,7001.7,2025-06-08,2025-06-23,2025-06-29,Paid,0,2,0,0,0,3,48,0,1,SMB,411309
CUST0254,INV008453,13825.18,2026-05-02,2026-06-01,2026-06-04,Paid,0,1,0,6,2,0,72,0,1,SMB,515982
CUST0959,INV008454,40033.14,2026-06-10,2026-06-25,,Overdue,70,6,3,17,2,5,53,0,0,SMB,3754697
CUST1857,INV008455,52853.62,2025-12-21,2026-01-20,,Overdue,226,25,7,9,0,4,57,0,0,Mid-Market,888927
CUST0820,INV008456,18161.96,2026-02-05,2026-03-07,2026-03-19,Paid,0,19,9,13,0,3,40,0,1,SMB,828883
CUST1771,INV008457,14600.24,2026-02-09,2026-03-11,2026-03-22,Paid,0,25,4,6,2,4,49,0,1,SMB,3972750
CUST0986,INV008458,5871.6,2025-04-06,2025-05-21,2025-05-22,Paid,0,6,1,7,1,7,62,1,1,SMB,1474663
CUST1786,INV008459,37258.67,2026-07-24,2026-08-23,,Overdue,11,13,3,14,2,1,61,1,0,Enterprise,3871615
CUST0332,INV008460,82353.78,2026-01-27,2026-02-26,2026-02-26,Paid,0,4,0,0,0,6,52,0,1,Mid-Market,2304736
CUST1422,INV008461,286402.68,2025-12-18,2026-02-16,2026-03-01,Paid,0,26,3,14,1,2,28,1,1,Mid-Market,965480
CUST1369,INV008462,32417.26,2026-07-30,2026-09-13,,Overdue,0,26,3,5,2,6,66,0,1,SMB,2584957
CUST1608,INV008463,20933.8,2025-10-15,2025-11-14,2025-11-14,Paid,0,26,6,0,0,2,77,0,1,Mid-Market,4211603
CUST0747,INV008464,8779.63,2026-06-07,2026-07-07,,Overdue,58,14,5,21,1,2,42,1,1,SMB,388540
CUST0836,INV008465,5000.0,2025-06-11,2025-07-11,,Overdue,419,16,5,28,4,2,78,0,0,SMB,4421545
CUST1692,INV008466,26290.4,2025-07-01,2025-07-16,,Overdue,414,28,7,14,0,5,69,0,0,Mid-Market,2488064
CUST0455,INV008467,231038.38,2026-07-03,2026-07-18,,Overdue,47,29,6,14,1,4,35,1,1,SMB,749539
CUST1930,INV008468,78496.73,2025-03-23,2025-04-22,2025-05-03,Paid,0,2,0,7,0,1,9,0,1,SMB,569385
CUST1139,INV008469,67276.37,2026-06-08,2026-07-08,2026-08-07,Paid,0,9,1,26,0,4,7,1,1,SMB,4887231
CUST0313,INV008470,28158.45,2025-01-04,2025-01-19,,Overdue,592,13,3,28,2,3,57,0,0,SMB,3669348
CUST1018,INV008471,31556.13,2026-05-10,2026-06-09,,Overdue,86,21,5,14,0,7,36,0,1,Mid-Market,4077902
CUST0228,INV008472,5000.0,2026-07-09,2026-08-08,,Overdue,26,14,2,25,0,0,35,0,0,SMB,4108848
CUST0834,INV008473,47217.06,2025-02-20,2025-04-21,,Overdue,500,14,8,13,0,5,14,0,0,SMB,1967160
CUST0858,INV008474,12340.72,2025-09-18,2025-10-18,,Overdue,320,5,1,12,0,3,74,0,0,SMB,174932
CUST1269,INV008475,10919.14,2025-05-14,2025-06-13,2025-06-20,Paid,0,2,0,13,0,4,81,0,1,Mid-Market,162935
CUST0818,INV008476,15942.49,2026-08-22,2026-09-21,2026-09-26,Paid,0,5,1,8,0,3,74,0,1,SMB,4192535
CUST1550,INV008477,15413.45,2025-12-28,2026-01-27,,Overdue,219,6,1,30,1,3,32,0,0,Mid-Market,2082709
CUST1018,INV008478,10746.81,2026-07-22,2026-08-21,2026-09-09,Paid,0,2,0,23,1,3,24,0,1,Mid-Market,4077902
CUST0528,INV008479,22334.15,2025-08-05,2025-09-04,2025-09-04,Paid,0,1,0,3,0,1,39,0,1,SMB,1550134
CUST0950,INV008480,12603.41,2025-03-09,2025-04-08,,Overdue,513,16,0,15,0,1,84,0,0,Mid-Market,756673
CUST0427,INV008481,24350.87,2026-07-10,2026-08-24,,Overdue,10,22,5,14,1,6,34,0,1,SMB,4716805
CUST0042,INV008482,5000.0,2025-05-23,2025-06-22,,Overdue,438,9,2,18,0,0,39,0,0,SMB,3817255
CUST0465,INV008483,17782.0,2025-12-12,2026-01-11,2026-01-19,Paid,0,25,4,11,0,2,40,0,1,Enterprise,1383572
CUST1646,INV008484,7359.18,2026-07-08,2026-09-06,2026-09-06,Paid,0,14,5,4,1,5,15,0,1,Mid-Market,50917
CUST0278,INV008485,11597.57,2026-08-08,2026-09-07,2026-09-07,Paid,0,9,1,2,0,5,49,0,1,Mid-Market,3062359
CUST0836,INV008486,25422.73,2025-07-13,2025-08-12,,Overdue,387,29,9,8,1,4,60,1,1,SMB,4421545
CUST0019,INV008487,5000.0,2025-09-03,2025-10-03,2025-10-24,Paid,0,5,0,17,3,6,14,0,1,SMB,2513160
CUST0066,INV008488,9677.83,2025-11-10,2025-11-25,,Overdue,282,15,3,18,1,6,15,1,0,Mid-Market,2495840
CUST0167,INV008489,38908.36,2026-01-19,2026-02-18,2026-03-24,Paid,0,10,2,29,1,4,12,0,1,SMB,3938577
CUST1609,INV008490,5360.55,2025-10-04,2025-10-19,2025-10-19,Paid,0,15,2,0,1,1,18,0,1,SMB,1960332
CUST1020,INV008491,130335.5,2025-03-13,2025-04-12,,Overdue,509,17,7,29,1,1,15,0,0,SMB,3353364
CUST0403,INV008492,73453.51,2025-05-09,2025-06-08,2025-06-09,Paid,0,3,0,0,1,0,6,0,1,Mid-Market,1620057
CUST1936,INV008493,13433.04,2025-12-24,2026-01-08,,Overdue,238,8,2,18,1,4,61,0,0,Mid-Market,1679753
CUST1846,INV008494,10024.53,2026-06-09,2026-07-24,2026-08-23,Paid,0,25,8,16,1,4,8,0,1,SMB,4330428
CUST0409,INV008495,26955.43,2025-08-08,2025-09-22,2025-09-26,Paid,0,4,1,2,0,6,50,0,1,Enterprise,3257796
CUST0112,INV008496,5179.88,2025-01-06,2025-02-05,2025-02-26,Paid,0,11,0,14,1,0,18,1,1,SMB,1278807
CUST1298,INV008497,5000.0,2025-08-16,2025-10-15,2025-10-26,Paid,0,28,9,6,0,5,67,0,1,SMB,1971672
CUST1431,INV008498,13914.2,2025-01-17,2025-03-03,,Overdue,549,19,4,25,2,0,24,0,0,SMB,4876709
CUST1397,INV008499,19263.19,2026-08-08,2026-09-22,,Overdue,0,14,5,0,1,6,88,0,1,SMB,1659184
CUST0597,INV008500,24207.73,2025-01-12,2025-02-11,,Overdue,569,18,4,17,0,7,40,1,0,Mid-Market,1528768
CUST0651,INV008501,11911.5,2026-08-21,2026-10-05,,Overdue,0,21,6,21,0,7,24,0,1,SMB,1734532
CUST1063,INV008502,78743.16,2026-05-14,2026-07-13,2026-07-13,Paid,0,2,2,0,1,6,56,1,1,Mid-Market,4834808
CUST0105,INV008503,5000.0,2026-05-17,2026-06-16,2026-06-19,Paid,0,27,9,1,1,3,45,0,1,Enterprise,3653110
CUST0324,INV008504,7056.74,2025-03-11,2025-04-25,2025-04-25,Paid,0,9,3,4,0,0,12,0,1,SMB,4524017
CUST1817,INV008505,35833.41,2025-04-18,2025-06-02,2025-06-02,Paid,0,10,3,0,0,7,39,0,1,SMB,375437
CUST1983,INV008506,6893.63,2025-07-20,2025-08-19,,Overdue,380,27,5,22,0,7,29,0,0,SMB,2415885
CUST0992,INV008507,6632.12,2025-02-21,2025-03-23,,Overdue,529,25,8,16,0,3,1,0,0,Mid-Market,2063148
CUST1438,INV008508,24918.23,2026-07-03,2026-07-18,,Overdue,47,13,1,18,0,5,1,0,1,Mid-Market,575005
CUST0429,INV008509,7680.79,2025-09-16,2025-10-16,2025-11-04,Paid,0,19,7,20,1,4,37,0,1,SMB,1096161
CUST0635,INV008510,19281.77,2026-04-27,2026-05-12,2026-06-07,Paid,0,4,2,14,2,7,12,1,1,SMB,4884777
CUST0730,INV008511,10939.59,2025-09-21,2025-10-21,,Overdue,317,28,9,0,1,3,68,0,0,SMB,1572534
CUST0889,INV008512,9305.27,2025-10-30,2025-11-29,2025-12-10,Paid,0,16,3,8,1,2,71,1,1,SMB,1871367
CUST1085,INV008513,5000.0,2026-07-30,2026-09-28,2026-10-14,Paid,0,12,1,22,1,7,48,0,1,Enterprise,2518665
CUST1636,INV008514,25325.4,2026-07-08,2026-08-07,2026-08-19,Paid,0,25,8,9,1,1,40,0,1,SMB,3488780
CUST1331,INV008515,6328.45,2026-07-09,2026-08-08,,Overdue,26,16,8,13,0,6,15,0,1,Mid-Market,723812
CUST1378,INV008516,18615.65,2025-05-05,2025-05-20,,Overdue,471,17,6,22,2,3,26,1,0,Mid-Market,1570373
CUST0393,INV008517,13198.98,2025-09-27,2025-11-26,2025-12-23,Paid,0,16,6,24,0,6,55,0,1,SMB,3294967
CUST0204,INV008518,17916.76,2026-04-25,2026-05-25,2026-06-25,Paid,0,7,2,31,0,2,25,0,1,Enterprise,4790039
CUST0258,INV008519,18964.51,2025-05-12,2025-06-26,2025-07-10,Paid,0,2,0,12,0,0,42,1,1,Mid-Market,1439330
CUST0486,INV008520,26732.31,2025-01-02,2025-01-17,2025-02-05,Paid,0,9,4,9,0,7,25,0,1,Enterprise,3130977
CUST1541,INV008521,10638.56,2025-04-25,2025-05-25,,Overdue,466,27,5,11,1,6,25,0,0,Mid-Market,3845830
CUST0446,INV008522,76320.47,2026-04-26,2026-05-26,,Overdue,100,12,2,7,3,7,25,1,1,Enterprise,2230707
CUST1733,INV008523,5000.0,2025-01-01,2025-01-16,2025-01-25,Paid,0,13,4,11,1,0,17,0,1,Mid-Market,3330931
CUST1204,INV008524,17560.53,2025-11-27,2026-01-11,2026-01-18,Paid,0,14,4,6,0,0,75,0,1,SMB,330833
CUST1024,INV008525,50829.44,2026-07-31,2026-08-30,,Overdue,4,12,1,22,1,0,21,1,1,Enterprise,4673037
CUST0342,INV008526,35481.71,2026-01-26,2026-02-25,2026-03-07,Paid,0,3,0,5,1,6,58,0,1,SMB,4318173
CUST0133,INV008527,8309.58,2025-05-23,2025-07-07,,Overdue,423,22,7,29,2,2,16,0,1,SMB,825158
CUST0443,INV008528,9815.86,2025-11-24,2025-12-24,2025-12-24,Paid,0,21,9,0,1,6,7,0,1,SMB,387913
CUST1860,INV008529,8048.23,2026-01-12,2026-01-27,,Overdue,219,16,3,12,1,1,75,0,0,Mid-Market,2879045
CUST0253,INV008530,40103.85,2025-03-31,2025-05-30,,Overdue,461,18,6,21,2,5,5,1,0,Enterprise,1126941
CUST0265,INV008531,10509.93,2025-02-11,2025-03-13,,Overdue,539,25,6,1,0,5,79,0,0,Enterprise,127175
CUST0093,INV008532,28427.81,2025-02-04,2025-03-21,2025-03-29,Paid,0,3,0,3,1,3,25,0,1,Mid-Market,2951717
CUST1686,INV008533,28689.93,2026-05-09,2026-06-23,,Overdue,72,22,8,18,0,1,8,0,0,Enterprise,3169734
CUST1435,INV008534,235247.51,2026-07-07,2026-08-06,,Overdue,28,9,2,19,0,3,1,1,1,SMB,1564101
CUST0138,INV008535,30129.24,2025-05-04,2025-06-03,,Overdue,457,15,5,3,1,1,62,0,0,Mid-Market,2893236
CUST1232,INV008536,9787.45,2025-02-26,2025-03-13,2025-03-21,Paid,0,8,2,11,0,2,33,0,1,SMB,2564719
CUST1002,INV008537,5114.58,2026-04-01,2026-05-01,,Overdue,125,10,3,26,0,6,78,0,0,Mid-Market,2033044
CUST1661,INV008538,16716.43,2025-08-23,2025-10-07,,Overdue,331,21,5,14,1,7,47,0,0,Mid-Market,1811369
CUST1770,INV008539,19553.59,2026-01-27,2026-02-26,2026-02-26,Paid,0,22,6,1,1,2,60,0,1,SMB,219934
CUST1597,INV008540,5000.0,2026-05-07,2026-06-06,,Overdue,89,3,2,0,0,0,43,0,0,SMB,3040193
CUST0307,INV008541,10787.53,2025-12-09,2026-01-08,2026-01-23,Paid,0,5,1,16,1,7,5,0,1,Mid-Market,3507550
CUST0266,INV008542,29654.01,2025-06-25,2025-07-25,2025-08-06,Paid,0,6,2,21,0,4,22,1,1,Mid-Market,2735747
CUST0646,INV008543,12934.38,2025-02-21,2025-04-07,,Overdue,514,14,2,23,0,2,63,0,0,Enterprise,1913462
CUST0318,INV008544,58024.68,2026-07-04,2026-08-18,,Overdue,16,19,2,26,1,7,2,0,1,SMB,2820374
CUST1137,INV008545,5000.0,2026-04-23,2026-06-07,2026-06-23,Paid,0,26,9,14,1,6,3,0,1,Enterprise,1707888
CUST0901,INV008546,43342.23,2026-05-04,2026-06-18,,Overdue,77,18,4,12,1,6,1,0,1,SMB,4540512
CUST1402,INV008547,54934.11,2025-01-05,2025-02-04,2025-02-28,Paid,0,26,7,15,0,2,11,1,1,SMB,2453233
CUST0454,INV008548,57325.25,2025-07-28,2025-08-27,,Overdue,372,25,8,18,0,0,69,0,0,Enterprise,798736
CUST0191,INV008549,5000.0,2025-08-05,2025-09-04,2025-09-08,Paid,0,7,3,6,0,4,17,1,1,SMB,344746
CUST1915,INV008550,30168.48,2026-06-20,2026-08-19,2026-09-10,Paid,0,4,0,14,1,2,1,0,1,SMB,2126775
CUST1464,INV008551,11285.18,2025-12-08,2026-01-07,2026-01-07,Paid,0,29,8,2,0,2,33,1,1,Mid-Market,3699244
CUST1211,INV008552,5398.4,2026-02-05,2026-04-06,2026-04-12,Paid,0,3,1,0,2,6,46,0,1,SMB,939493
CUST0831,INV008553,14561.44,2026-04-07,2026-05-22,2026-05-22,Paid,0,13,1,9,1,7,30,1,1,SMB,2484003
CUST1391,INV008554,8910.82,2025-07-30,2025-09-13,2025-10-07,Paid,0,4,0,19,3,1,77,0,1,SMB,147406
CUST1113,INV008555,55312.29,2025-01-26,2025-02-25,,Overdue,555,9,2,0,1,3,52,0,0,SMB,2059606
CUST0187,INV008556,36793.02,2025-09-09,2025-10-09,2025-10-20,Paid,0,25,5,19,1,6,9,0,1,Mid-Market,4679375
CUST0819,INV008557,6957.36,2025-01-03,2025-02-02,,Overdue,578,28,9,18,0,3,72,0,0,SMB,323452
CUST1970,INV008558,10676.27,2025-01-02,2025-02-01,2025-02-13,Paid,0,6,2,4,0,6,75,0,1,SMB,4225318
CUST1021,INV008559,15052.55,2025-01-02,2025-03-03,,Overdue,549,11,3,29,2,6,3,1,0,Mid-Market,3289254
CUST0132,INV008560,20488.0,2025-05-30,2025-07-14,,Overdue,416,28,4,7,0,5,48,0,0,SMB,3674064
CUST0872,INV008561,60257.26,2026-08-06,2026-09-20,2026-09-20,Paid,0,9,1,0,1,1,26,0,1,SMB,4049453
CUST0635,INV008562,43948.88,2025-01-04,2025-02-03,,Overdue,577,9,2,17,0,6,84,0,0,SMB,4884777
CUST1584,INV008563,23188.04,2026-05-12,2026-05-27,,Overdue,99,22,8,22,0,5,53,0,0,SMB,1003122
CUST1824,INV008564,16972.53,2026-07-04,2026-08-18,,Overdue,16,21,7,28,1,5,12,0,1,Mid-Market,669696
CUST1400,INV008565,5000.0,2026-04-13,2026-05-13,,Overdue,113,27,9,13,1,3,66,0,1,Mid-Market,2378476
CUST0691,INV008566,80177.45,2025-03-11,2025-05-10,,Overdue,481,19,5,21,0,0,83,0,0,SMB,4325115
CUST0692,INV008567,14085.53,2025-07-20,2025-09-03,2025-09-15,Paid,0,1,0,7,0,6,65,1,1,SMB,2926280
CUST1123,INV008568,104280.56,2025-11-04,2025-12-04,2025-12-19,Paid,0,4,0,18,0,4,23,0,1,Enterprise,1185627
CUST1866,INV008569,26798.72,2025-09-09,2025-10-09,,Overdue,329,1,1,29,1,2,6,1,0,Enterprise,3427932
CUST1058,INV008570,166922.38,2025-10-14,2025-11-28,,Overdue,279,13,3,36,1,3,43,1,0,SMB,3753292
CUST1956,INV008571,40389.35,2025-10-19,2025-11-18,,Overdue,289,16,6,6,0,2,83,0,1,Enterprise,1154381
CUST0582,INV008572,5260.49,2025-06-03,2025-07-03,,Overdue,427,12,4,27,0,1,83,0,0,Enterprise,2632814
CUST0171,INV008573,11915.37,2025-05-13,2025-06-12,2025-06-12,Paid,0,1,1,3,0,6,59,0,1,Mid-Market,358449
CUST1390,INV008574,18599.04,2026-08-09,2026-09-08,,Overdue,0,15,2,6,2,1,61,0,0,SMB,1801797
CUST0784,INV008575,9193.18,2025-10-01,2025-11-15,,Overdue,292,22,6,8,2,3,42,0,0,SMB,1111404
CUST1083,INV008576,15107.39,2026-05-24,2026-06-08,2026-06-28,Paid,0,27,8,21,0,1,65,0,1,SMB,4803267
CUST0181,INV008577,5614.24,2025-12-19,2026-02-02,2026-02-14,Paid,0,5,1,13,0,3,24,0,1,SMB,4615537
CUST0019,INV008578,22152.85,2025-01-05,2025-02-04,,Overdue,576,23,8,0,2,0,35,0,0,SMB,2513160
CUST1250,INV008579,27928.75,2025-10-20,2025-12-19,,Overdue,258,1,1,17,2,3,25,0,0,Mid-Market,3850986
CUST1497,INV008580,8069.85,2025-12-26,2026-02-24,,Overdue,191,17,1,25,1,1,15,0,0,Mid-Market,608981
CUST1119,INV008581,153315.67,2026-08-21,2026-10-05,2026-10-22,Paid,0,8,2,13,1,0,27,0,1,SMB,873759
CUST0881,INV008582,23470.82,2025-08-02,2025-09-01,,Overdue,367,22,7,21,0,5,15,0,0,SMB,3158591
CUST1321,INV008583,9732.82,2026-02-10,2026-03-12,2026-03-17,Paid,0,8,3,4,1,7,16,0,1,SMB,3816001
CUST1617,INV008584,5000.0,2026-03-12,2026-04-11,,Overdue,145,22,5,22,3,0,62,0,0,Enterprise,1595491
CUST0175,INV008585,23387.17,2025-01-15,2025-01-30,,Overdue,581,22,8,5,0,3,56,0,0,Mid-Market,240237
CUST1246,INV008586,16975.25,2025-09-30,2025-10-30,,Overdue,308,26,7,13,0,2,22,0,0,Mid-Market,3683795
CUST1639,INV008587,48196.46,2026-07-17,2026-08-31,2026-09-04,Paid,0,15,4,3,0,2,87,0,1,Enterprise,1596933
CUST0054,INV008588,19084.46,2025-02-14,2025-03-16,2025-03-18,Paid,0,23,4,0,0,1,65,0,1,Enterprise,4128584
CUST0695,INV008589,6676.05,2026-02-16,2026-03-18,2026-03-18,Paid,0,12,2,2,1,6,17,1,1,SMB,2381256
CUST0863,INV008590,117092.36,2025-07-06,2025-08-05,,Overdue,394,16,8,8,0,6,59,0,0,Mid-Market,1608426
CUST1427,INV008591,34051.35,2025-06-19,2025-08-18,,Overdue,381,18,7,14,1,6,11,0,0,SMB,2992775
CUST1342,INV008592,17083.89,2026-08-17,2026-09-16,2026-10-01,Paid,0,3,1,4,2,5,2,0,1,SMB,4241896
CUST1891,INV008593,25968.47,2026-02-05,2026-03-07,,Overdue,180,28,9,38,1,3,58,0,1,SMB,3929928
CUST0349,INV008594,35384.95,2025-09-03,2025-11-02,,Overdue,305,29,5,9,1,2,70,0,0,SMB,799971
CUST0443,INV008595,5277.16,2026-07-06,2026-07-21,2026-07-21,Paid,0,4,0,0,1,6,12,0,1,SMB,387913
CUST0833,INV008596,25788.77,2025-02-12,2025-03-29,,Overdue,523,15,6,0,1,3,55,1,0,SMB,3256943
CUST0580,INV008597,14042.96,2025-06-28,2025-07-28,,Overdue,402,14,3,31,0,2,3,0,0,SMB,3614462
CUST1564,INV008598,36581.58,2026-04-02,2026-05-02,,Overdue,124,1,0,17,1,0,77,0,1,SMB,3298204
CUST1810,INV008599,10507.22,2026-06-19,2026-07-19,2026-07-19,Paid,0,25,9,2,1,7,66,0,1,SMB,1367621
CUST0282,INV008600,12031.68,2025-09-01,2025-10-31,,Overdue,307,25,6,9,1,7,66,0,0,SMB,3258823
CUST0360,INV008601,116177.11,2025-01-17,2025-02-16,,Overdue,564,20,5,5,0,3,1,0,0,Mid-Market,2442919
CUST0915,INV008602,75426.36,2025-04-22,2025-05-22,,Overdue,469,17,2,20,0,6,80,0,0,Mid-Market,1700824
CUST0823,INV008603,5000.0,2026-08-21,2026-09-20,,Overdue,0,17,9,32,0,2,65,1,0,SMB,2239921
CUST1655,INV008604,70035.81,2026-07-01,2026-07-31,,Overdue,34,22,10,3,1,4,31,0,1,SMB,378821
CUST0892,INV008605,20462.47,2025-01-30,2025-03-01,,Overdue,551,18,3,19,0,1,18,0,0,Enterprise,4582669
CUST0953,INV008606,10848.89,2025-07-11,2025-09-09,2025-09-20,Paid,0,1,1,12,0,1,46,1,1,SMB,1211068
CUST1670,INV008607,8045.15,2026-03-13,2026-05-12,2026-05-21,Paid,0,26,8,7,0,3,26,0,1,Mid-Market,571244
CUST0641,INV008608,8526.06,2025-06-28,2025-07-28,2025-08-14,Paid,0,27,4,9,1,4,24,0,1,SMB,3981586
CUST1032,INV008609,11159.7,2026-04-19,2026-05-19,2026-05-26,Paid,0,28,3,1,1,0,41,1,1,Mid-Market,3331941
CUST0563,INV008610,7135.71,2025-05-14,2025-06-13,,Overdue,447,2,0,15,6,1,30,0,0,SMB,4804896
CUST0491,INV008611,5683.94,2025-11-08,2026-01-07,,Overdue,239,23,3,16,0,6,8,0,0,SMB,3529027
CUST0341,INV008612,7782.4,2025-01-25,2025-02-24,,Overdue,556,16,4,18,2,3,68,0,0,SMB,3422455
CUST0472,INV008613,30436.38,2026-01-06,2026-02-05,2026-02-22,Paid,0,14,3,14,0,5,46,0,1,Enterprise,3870887
CUST1817,INV008614,23157.87,2026-06-09,2026-07-24,,Overdue,41,20,11,2,0,1,60,0,1,SMB,375437
CUST1711,INV008615,38401.68,2025-11-15,2025-12-15,2025-12-30,Paid,0,23,5,19,0,3,46,0,1,SMB,2559907
CUST1719,INV008616,20612.03,2025-08-18,2025-09-17,,Overdue,351,23,7,4,1,5,89,0,0,Enterprise,4451207
CUST1728,INV008617,5962.95,2025-04-12,2025-05-12,2025-05-21,Paid,0,20,4,11,0,7,74,0,1,Enterprise,2642806
CUST0249,INV008618,36114.18,2026-03-26,2026-04-25,,Overdue,131,29,4,2,2,4,1,1,0,Enterprise,289017
CUST0235,INV008619,8065.18,2026-01-13,2026-02-27,,Overdue,188,18,7,22,2,2,62,0,0,SMB,3282244
CUST1107,INV008620,42049.98,2025-07-22,2025-08-21,2025-08-23,Paid,0,9,2,5,0,6,46,1,1,SMB,4272102
CUST1117,INV008621,6864.24,2025-09-24,2025-10-24,,Overdue,314,14,6,33,2,7,19,0,0,SMB,4517890
CUST1909,INV008622,11075.86,2026-04-07,2026-05-07,,Overdue,119,13,6,7,1,6,3,1,0,SMB,267314
CUST1418,INV008623,15345.97,2025-12-31,2026-02-14,2026-02-28,Paid,0,26,9,18,0,2,86,0,1,SMB,614430
CUST0824,INV008624,43234.96,2025-04-14,2025-06-13,,Overdue,447,14,1,18,1,5,58,0,0,SMB,3248156
CUST1292,INV008625,26265.12,2025-04-21,2025-05-06,,Overdue,485,26,11,0,1,6,79,1,0,SMB,3678104
CUST1441,INV008626,22471.46,2026-03-04,2026-03-19,2026-04-02,Paid,0,19,3,0,0,6,63,0,1,Enterprise,1217272
CUST0632,INV008627,145171.17,2026-04-14,2026-05-14,,Overdue,112,17,7,2,2,2,77,0,0,Enterprise,287199
CUST1607,INV008628,5000.0,2026-08-04,2026-09-03,,Overdue,0,27,7,14,1,2,10,0,1,SMB,3796328
CUST0529,INV008629,7798.0,2026-07-15,2026-08-14,2026-08-20,Paid,0,8,2,2,0,0,54,1,1,SMB,2654884
CUST1277,INV008630,7471.2,2025-09-07,2025-10-07,2025-10-08,Paid,0,4,1,4,1,3,18,0,1,SMB,1419391
CUST1981,INV008631,5000.0,2026-04-27,2026-06-26,,Overdue,69,9,2,28,0,0,69,1,1,SMB,1033667
CUST0122,INV008632,10726.58,2025-11-27,2025-12-27,,Overdue,250,24,8,7,1,7,59,0,0,Enterprise,2569507
CUST0892,INV008633,43816.65,2026-08-10,2026-09-09,,Overdue,0,27,7,21,1,2,44,0,1,Enterprise,4582669
CUST0010,INV008634,12189.77,2025-07-20,2025-09-03,,Overdue,365,11,2,9,2,6,49,0,0,Mid-Market,2288057
CUST1823,INV008635,15787.87,2026-03-30,2026-04-29,2026-05-09,Paid,0,7,1,10,0,2,56,0,1,Mid-Market,4687370
CUST1340,INV008636,5000.0,2026-05-19,2026-06-18,2026-07-03,Paid,0,15,3,7,0,4,20,0,1,SMB,2823737
CUST0838,INV008637,9931.58,2026-06-30,2026-07-30,,Overdue,35,25,6,10,0,1,24,0,0,SMB,2600982
CUST1297,INV008638,13881.35,2025-04-21,2025-05-21,,Overdue,470,18,2,0,1,2,79,0,0,SMB,1977716
CUST1330,INV008639,41873.16,2026-06-28,2026-08-27,2026-08-27,Paid,0,20,6,3,0,0,40,1,1,SMB,4882091
CUST1829,INV008640,5000.0,2025-07-28,2025-08-27,,Overdue,372,29,6,5,2,7,58,1,0,Mid-Market,3870888
CUST1234,INV008641,13974.52,2025-02-02,2025-02-17,2025-03-02,Paid,0,5,1,18,1,5,23,0,1,SMB,4052981
CUST1982,INV008642,65304.62,2026-07-09,2026-09-07,,Overdue,0,16,4,27,1,0,41,1,0,Mid-Market,3273253
CUST1754,INV008643,14113.92,2025-04-17,2025-05-17,,Overdue,474,21,7,25,1,6,59,0,0,SMB,1792166
CUST0753,INV008644,5000.0,2025-09-22,2025-10-22,2025-10-27,Paid,0,12,5,9,1,5,14,1,1,Mid-Market,4859479
CUST0886,INV008645,79155.99,2025-08-14,2025-09-13,2025-09-13,Paid,0,17,9,2,1,6,43,0,1,SMB,1157810
CUST0464,INV008646,45931.06,2026-05-02,2026-07-01,2026-07-10,Paid,0,25,5,11,0,0,11,0,1,Mid-Market,2930304
CUST0712,INV008647,52543.53,2025-06-28,2025-07-28,,Overdue,402,15,1,16,0,4,86,1,0,Mid-Market,2191912
CUST0728,INV008648,5000.0,2025-08-10,2025-09-09,,Overdue,359,25,6,12,1,0,31,0,0,Mid-Market,2951092
CUST0717,INV008649,99953.04,2026-01-05,2026-02-04,2026-02-26,Paid,0,21,8,20,0,5,17,1,1,Mid-Market,4076390
CUST1949,INV008650,10165.18,2025-06-16,2025-08-15,,Overdue,384,26,7,1,0,3,82,1,0,SMB,2470872
CUST1440,INV008651,13234.22,2026-07-07,2026-08-21,,Overdue,13,19,4,12,2,5,53,0,0,Mid-Market,1279458
CUST1240,INV008652,10907.68,2025-10-27,2025-11-26,,Overdue,281,24,8,11,0,3,46,0,0,SMB,1499466
CUST0080,INV008653,56779.87,2026-01-16,2026-03-02,,Overdue,185,7,2,10,0,7,78,0,0,SMB,1147353
CUST1803,INV008654,18401.76,2025-02-04,2025-03-21,,Overdue,531,21,6,5,1,4,25,0,0,SMB,4686440
CUST0480,INV008655,35658.44,2026-02-11,2026-03-28,2026-03-28,Paid,0,12,3,0,0,3,25,0,1,Mid-Market,2530252
CUST0902,INV008656,23763.38,2026-05-17,2026-07-01,,Overdue,64,17,4,0,1,5,55,1,0,SMB,4994490
CUST0891,INV008657,20029.43,2025-11-10,2025-12-10,,Overdue,267,7,2,30,2,4,22,0,0,Mid-Market,2949033
CUST1571,INV008658,8545.98,2025-04-11,2025-05-11,2025-05-11,Paid,0,11,3,0,1,4,42,1,1,Mid-Market,2054517
CUST1825,INV008659,134879.97,2026-07-23,2026-09-06,2026-09-09,Paid,0,1,0,6,1,4,12,0,1,Mid-Market,4122250
CUST0018,INV008660,5098.01,2025-08-03,2025-09-02,,Overdue,366,17,3,5,1,5,55,0,0,Mid-Market,855113
CUST1189,INV008661,33264.76,2026-07-30,2026-08-29,2026-08-29,Paid,0,25,5,7,2,5,43,1,1,SMB,2635171
CUST1549,INV008662,32101.45,2025-03-03,2025-04-02,,Overdue,519,22,8,33,0,3,38,0,0,SMB,1477989
CUST0202,INV008663,69867.53,2026-01-04,2026-02-18,2026-03-06,Paid,0,7,2,16,0,6,5,0,1,SMB,4282851
CUST0741,INV008664,88264.21,2026-01-03,2026-02-17,2026-02-17,Paid,0,2,1,7,1,5,54,0,1,SMB,4587871
CUST1370,INV008665,19198.96,2026-07-28,2026-08-27,,Overdue,7,11,4,11,1,2,17,0,0,SMB,213187
CUST1390,INV008666,37436.23,2025-04-04,2025-05-19,,Overdue,472,16,6,20,1,6,85,0,0,SMB,1801797
CUST1472,INV008667,128652.95,2026-04-14,2026-05-29,,Overdue,97,15,2,24,2,3,17,0,0,Mid-Market,400067
CUST1537,INV008668,20636.64,2025-01-26,2025-03-27,,Overdue,525,8,1,16,1,4,32,0,0,SMB,2139934
CUST0319,INV008669,7582.26,2026-03-11,2026-03-26,,Overdue,161,15,3,30,0,1,62,1,0,SMB,3632299
CUST0217,INV008670,14995.9,2025-05-01,2025-05-31,,Overdue,460,7,2,4,0,7,34,0,0,SMB,3567741
CUST1058,INV008671,5975.09,2025-02-19,2025-04-05,,Overdue,516,5,1,9,0,3,59,1,0,SMB,3753292
CUST1895,INV008672,31946.46,2025-02-05,2025-03-07,,Overdue,545,8,1,14,2,1,69,0,0,Mid-Market,3680400
CUST0266,INV008673,63860.49,2026-02-14,2026-03-16,,Overdue,171,2,1,16,1,3,4,0,0,Mid-Market,2735747
CUST1664,INV008674,19515.39,2025-10-16,2025-11-15,,Overdue,292,6,1,5,0,6,84,1,0,SMB,1517172
CUST0724,INV008675,5000.0,2026-01-14,2026-02-28,2026-03-18,Paid,0,4,1,23,0,4,72,1,1,Mid-Market,1454355
CUST0775,INV008676,61184.6,2025-04-10,2025-05-10,,Overdue,481,7,3,18,0,7,70,1,0,Mid-Market,856564
CUST1848,INV008677,5000.0,2025-11-20,2025-12-20,2025-12-26,Paid,0,6,3,7,0,3,81,1,1,SMB,2483351
CUST1104,INV008678,5000.0,2025-11-25,2025-12-25,2025-12-31,Paid,0,28,6,8,0,7,89,0,1,Enterprise,892840
CUST1701,INV008679,18428.65,2025-08-09,2025-09-08,,Overdue,360,22,3,22,4,7,4,0,0,Enterprise,691593
CUST0413,INV008680,28333.08,2026-07-21,2026-09-19,2026-10-03,Paid,0,5,1,6,0,0,14,0,1,Enterprise,3884242
CUST1276,INV008681,33598.86,2025-04-20,2025-05-20,,Overdue,471,27,4,3,1,0,81,0,0,SMB,4802989
CUST1036,INV008682,20616.78,2025-05-29,2025-06-28,2025-07-02,Paid,0,5,0,0,0,4,60,1,1,Mid-Market,1470858
CUST0401,INV008683,128033.06,2026-02-10,2026-03-12,2026-03-12,Paid,0,18,8,0,1,2,79,0,1,SMB,2592017
CUST1840,INV008684,23509.7,2026-02-14,2026-03-16,,Overdue,171,11,6,8,1,1,89,1,0,SMB,1191452
CUST0724,INV008685,61986.26,2025-05-09,2025-07-08,2025-07-08,Paid,0,23,5,0,2,5,51,0,1,Mid-Market,1454355
CUST0282,INV008686,48385.46,2026-04-29,2026-06-28,2026-06-28,Paid,0,23,8,5,0,3,13,0,1,SMB,3258823
CUST1136,INV008687,6045.84,2025-04-18,2025-05-18,,Overdue,473,8,1,35,0,4,74,0,0,SMB,2441098
CUST0723,INV008688,18587.96,2026-01-24,2026-02-23,,Overdue,192,20,5,4,0,7,30,0,1,SMB,3032410
CUST1402,INV008689,184115.86,2026-03-01,2026-03-31,,Overdue,156,11,4,19,1,7,82,0,0,SMB,2453233
CUST0751,INV008690,13301.73,2026-03-23,2026-04-22,,Overdue,134,27,7,14,2,1,67,0,1,SMB,1680369
CUST0268,INV008691,11219.17,2025-03-09,2025-04-08,,Overdue,513,27,9,26,1,6,18,1,0,Mid-Market,1407453
CUST1941,INV008692,26123.11,2025-03-07,2025-04-06,,Overdue,515,29,12,5,1,3,21,0,0,SMB,3547831
CUST0298,INV008693,13786.98,2026-07-19,2026-09-02,,Overdue,1,25,2,12,0,3,89,0,0,SMB,362023
CUST1341,INV008694,9959.63,2026-05-19,2026-07-03,,Overdue,62,26,10,9,1,2,44,0,0,SMB,1757542
CUST0570,INV008695,13584.93,2026-05-19,2026-06-18,,Overdue,77,19,4,13,1,1,57,0,0,SMB,4211900
CUST0509,INV008696,92227.13,2025-11-17,2026-01-01,2026-01-01,Paid,0,19,4,1,2,7,56,1,1,Enterprise,2846461
CUST1974,INV008697,19213.75,2026-08-03,2026-09-17,2026-09-24,Paid,0,29,1,6,2,3,47,1,1,Mid-Market,2648133
CUST0546,INV008698,5836.72,2026-03-23,2026-04-22,2026-04-22,Paid,0,2,1,0,1,2,7,0,1,SMB,1589600
CUST0775,INV008699,5000.0,2026-07-28,2026-09-26,2026-09-26,Paid,0,10,3,0,0,0,69,0,1,Mid-Market,856564
CUST0365,INV008700,200146.51,2025-07-29,2025-09-12,,Overdue,356,7,3,13,1,6,73,0,0,Enterprise,4718170
CUST0547,INV008701,17617.81,2026-01-05,2026-02-04,,Overdue,211,12,2,31,1,2,65,0,0,SMB,2277503
CUST0271,INV008702,34015.74,2026-07-18,2026-09-16,,Overdue,0,26,5,22,0,1,19,1,0,Mid-Market,1608242
CUST1985,INV008703,10184.51,2026-04-03,2026-05-03,2026-05-23,Paid,0,2,0,15,1,7,41,0,1,SMB,3640437
CUST1498,INV008704,30363.18,2026-07-31,2026-08-30,,Overdue,4,7,2,6,1,6,66,0,1,SMB,2093321
CUST0739,INV008705,94781.51,2025-06-12,2025-07-12,,Overdue,418,19,4,0,2,2,82,1,0,SMB,3222382
CUST0537,INV008706,11472.83,2025-11-28,2026-01-27,2026-02-01,Paid,0,1,0,0,1,7,17,0,1,Mid-Market,3608539
CUST1258,INV008707,34842.28,2025-12-16,2026-01-15,,Overdue,231,11,1,12,0,7,58,0,0,SMB,271552
CUST0059,INV008708,5400.54,2026-04-13,2026-05-13,2026-06-14,Paid,0,8,1,32,3,6,68,0,1,SMB,256487
CUST1275,INV008709,166519.24,2026-03-02,2026-04-01,,Overdue,155,8,2,19,1,0,47,0,0,SMB,4650145
CUST1871,INV008710,28811.67,2025-11-23,2025-12-23,2026-01-06,Paid,0,14,3,14,0,0,65,0,1,Mid-Market,3550967
CUST0086,INV008711,14577.09,2025-04-16,2025-05-31,2025-07-04,Paid,0,13,4,35,0,7,14,0,1,SMB,2815331
CUST0763,INV008712,16352.33,2025-09-12,2025-10-12,,Overdue,326,10,4,13,0,1,77,0,0,SMB,214074
CUST0390,INV008713,13226.29,2025-12-24,2026-01-23,,Overdue,223,17,5,17,0,7,16,0,0,Mid-Market,2145588
CUST1204,INV008714,13920.18,2026-03-20,2026-05-19,,Overdue,107,27,9,34,1,4,33,0,0,SMB,330833
CUST0719,INV008715,5000.0,2025-04-23,2025-06-07,2025-07-05,Paid,0,6,0,22,1,2,5,0,1,SMB,717540
CUST0856,INV008716,19970.96,2025-01-30,2025-03-31,2025-04-14,Paid,0,20,5,17,0,1,56,0,1,SMB,3566144
CUST0149,INV008717,19151.21,2026-06-08,2026-07-08,2026-07-08,Paid,0,21,4,0,2,3,37,1,1,SMB,4277995
CUST0583,INV008718,35906.07,2025-02-15,2025-03-17,,Overdue,535,14,2,27,1,2,12,0,0,SMB,3819457
CUST0121,INV008719,13054.08,2025-06-20,2025-08-04,2025-08-06,Paid,0,24,7,0,0,0,73,0,1,Mid-Market,1498763
CUST0765,INV008720,10187.98,2025-05-10,2025-06-09,2025-06-14,Paid,0,8,3,0,0,2,65,1,1,SMB,3705180
CUST0605,INV008721,21855.88,2025-12-19,2026-02-02,2026-02-10,Paid,0,7,0,15,0,1,37,1,1,SMB,1499087
CUST0256,INV008722,5000.0,2025-07-22,2025-08-06,2025-08-26,Paid,0,5,0,18,0,7,82,1,1,Mid-Market,323146
CUST0766,INV008723,25423.35,2025-08-14,2025-09-13,2025-09-13,Paid,0,6,2,1,0,4,65,0,1,Mid-Market,4533120
CUST0864,INV008724,5000.0,2025-03-21,2025-04-20,2025-04-20,Paid,0,8,1,0,0,4,47,0,1,SMB,3280431
CUST0800,INV008725,67563.19,2025-11-06,2025-12-06,2025-12-06,Paid,0,21,7,0,1,5,7,0,1,Enterprise,342575
CUST1333,INV008726,43663.59,2025-02-04,2025-03-06,2025-03-11,Paid,0,3,1,7,0,3,23,1,1,SMB,3620118
CUST0059,INV008727,8723.83,2026-07-18,2026-08-17,2026-08-26,Paid,0,9,2,9,1,1,17,0,1,SMB,256487
CUST1022,INV008728,42665.16,2025-06-10,2025-07-25,2025-07-25,Paid,0,25,9,0,2,7,42,0,1,SMB,1149577
CUST1093,INV008729,24624.92,2026-08-19,2026-09-18,,Overdue,0,10,0,32,0,5,62,0,1,Mid-Market,4720432
CUST1470,INV008730,8030.4,2026-03-11,2026-04-10,2026-04-14,Paid,0,1,0,5,1,2,54,0,1,Mid-Market,1912205
CUST0388,INV008731,5000.0,2026-06-22,2026-07-22,2026-08-06,Paid,0,7,3,6,1,7,44,0,1,SMB,4458285
CUST1110,INV008732,30225.33,2025-08-13,2025-09-12,,Overdue,356,20,8,22,1,0,49,1,0,SMB,69477
CUST0786,INV008733,9953.88,2026-03-22,2026-04-21,2026-04-21,Paid,0,6,3,3,1,2,31,1,1,Enterprise,2663987
CUST1251,INV008734,65839.13,2025-11-13,2025-12-28,,Overdue,249,13,0,32,3,6,43,1,0,Mid-Market,773858
CUST0593,INV008735,22337.76,2026-02-18,2026-03-20,,Overdue,167,7,2,22,0,2,10,0,1,SMB,4563070
CUST1650,INV008736,10942.58,2025-04-05,2025-05-05,2025-05-09,Paid,0,8,0,9,1,0,49,1,1,Mid-Market,299265
CUST1208,INV008737,132964.67,2025-08-13,2025-09-12,,Overdue,356,27,8,26,1,3,12,0,0,SMB,2333785
CUST1816,INV008738,39200.57,2026-07-07,2026-08-21,,Overdue,13,21,7,27,1,5,37,1,1,Enterprise,4121495
CUST1346,INV008739,5000.0,2025-03-07,2025-04-06,2025-04-15,Paid,0,5,2,8,0,4,33,1,1,SMB,1899395
CUST0909,INV008740,13542.77,2026-02-01,2026-03-03,2026-03-06,Paid,0,12,3,2,1,6,44,0,1,SMB,2561910
CUST1342,INV008741,5518.77,2025-07-29,2025-08-28,,Overdue,371,6,3,8,1,5,33,0,0,SMB,4241896
CUST0566,INV008742,9899.13,2026-04-19,2026-05-19,,Overdue,107,23,9,17,1,4,45,0,0,Mid-Market,3920426
CUST0399,INV008743,19058.48,2026-07-25,2026-08-24,,Overdue,10,15,4,7,0,5,47,1,1,Mid-Market,2643726
CUST1733,INV008744,31383.84,2026-05-05,2026-06-04,,Overdue,91,21,5,9,0,6,72,0,0,Mid-Market,3330931
CUST0899,INV008745,28605.83,2025-06-29,2025-07-29,2025-07-29,Paid,0,21,5,7,0,5,76,1,1,SMB,2861139
CUST1317,INV008746,64723.08,2026-06-08,2026-06-23,,Overdue,72,28,7,5,2,2,53,0,1,Mid-Market,4205479
CUST0293,INV008747,41630.92,2026-04-04,2026-05-04,2026-05-26,Paid,0,4,2,15,1,5,27,1,1,Mid-Market,4950164
CUST0485,INV008748,39134.0,2025-03-09,2025-04-08,2025-04-12,Paid,0,17,2,7,0,6,59,0,1,Mid-Market,3349973
CUST1923,INV008749,26943.36,2025-11-25,2025-12-25,,Overdue,252,14,3,27,1,1,75,1,0,Mid-Market,1995537
CUST1471,INV008750,79761.71,2025-07-21,2025-08-20,,Overdue,379,7,2,12,1,4,50,0,0,Mid-Market,1515915
CUST0803,INV008751,16054.16,2026-04-20,2026-05-20,,Overdue,106,23,4,1,1,6,74,0,0,Mid-Market,3251078
CUST1716,INV008752,16476.6,2026-06-02,2026-08-01,,Overdue,33,13,3,13,0,7,20,0,0,Enterprise,4990359
CUST1916,INV008753,5000.0,2025-01-15,2025-02-14,,Overdue,566,22,5,19,3,5,56,0,0,Mid-Market,1664694
CUST1436,INV008754,63333.14,2025-02-11,2025-03-13,2025-03-20,Paid,0,10,3,11,0,3,18,0,1,SMB,2380344
CUST1532,INV008755,20395.6,2026-06-27,2026-08-11,,Overdue,23,18,4,4,0,7,80,0,0,Mid-Market,1012452
CUST1758,INV008756,413993.56,2025-10-16,2025-10-31,2025-11-01,Paid,0,2,2,2,0,3,65,0,1,SMB,546440
CUST1810,INV008757,14683.32,2026-06-17,2026-07-17,,Overdue,48,22,5,15,1,0,79,0,1,SMB,1367621
CUST0890,INV008758,24066.55,2025-09-01,2025-09-16,2025-10-02,Paid,0,12,3,16,0,1,54,1,1,SMB,3422863
CUST0244,INV008759,38044.24,2026-07-21,2026-08-05,2026-08-20,Paid,0,13,2,22,0,7,5,0,1,SMB,2201061
CUST1444,INV008760,7318.06,2026-08-21,2026-09-20,,Overdue,0,25,7,2,0,4,15,1,0,SMB,1543551
CUST1953,INV008761,31525.36,2025-06-23,2025-07-23,,Overdue,407,21,5,13,1,1,62,0,0,Mid-Market,4874574
CUST0960,INV008762,22803.32,2026-06-18,2026-07-18,2026-07-24,Paid,0,7,1,4,1,7,86,0,1,Mid-Market,1256184
CUST1178,INV008763,16257.54,2026-05-24,2026-07-23,2026-08-03,Paid,0,18,4,14,0,4,38,1,1,SMB,2223513
CUST0816,INV008764,71154.15,2025-09-01,2025-10-31,2025-10-31,Paid,0,22,5,0,2,0,45,0,1,Mid-Market,4685352
CUST1448,INV008765,8921.78,2025-03-01,2025-04-30,,Overdue,491,11,2,24,0,1,89,0,0,Mid-Market,1756517
CUST0273,INV008766,28995.68,2025-04-14,2025-04-29,2025-05-09,Paid,0,22,4,0,1,1,61,0,1,Enterprise,4369453
CUST1960,INV008767,94340.35,2025-10-30,2025-12-29,,Overdue,248,10,2,2,0,4,52,0,0,Mid-Market,4351828
CUST1671,INV008768,10865.83,2025-03-18,2025-05-02,,Overdue,489,22,9,14,1,2,60,0,0,SMB,1449769
CUST1849,INV008769,16368.5,2025-01-18,2025-03-19,2025-03-19,Paid,0,6,1,3,1,4,24,0,1,Enterprise,2239063
CUST0520,INV008770,229878.13,2026-06-18,2026-07-18,,Overdue,47,14,4,3,0,1,63,0,1,SMB,2698202
CUST1152,INV008771,35397.31,2025-07-03,2025-08-17,,Overdue,382,20,4,19,1,0,60,0,0,Mid-Market,2236268
CUST1397,INV008772,13277.19,2026-07-04,2026-07-19,2026-07-19,Paid,0,5,2,0,1,0,10,1,1,SMB,1659184
CUST0568,INV008773,49149.64,2025-10-08,2025-10-23,,Overdue,315,20,6,0,1,2,46,0,0,SMB,2431486
CUST0638,INV008774,12480.3,2025-10-15,2025-11-14,,Overdue,293,6,1,0,4,2,68,0,0,SMB,1633214
CUST0159,INV008775,5000.0,2026-06-09,2026-08-08,2026-08-08,Paid,0,9,3,0,1,1,6,1,1,SMB,569165
CUST1595,INV008776,86887.02,2026-04-19,2026-05-04,,Overdue,122,29,9,20,3,2,73,0,0,Mid-Market,2977053
CUST1594,INV008777,7309.58,2025-09-24,2025-10-24,2025-11-09,Paid,0,5,0,16,0,7,44,0,1,SMB,3097589
CUST0652,INV008778,255687.85,2025-12-23,2026-02-21,,Overdue,194,5,1,13,0,0,78,0,0,Mid-Market,504418
CUST0176,INV008779,13503.01,2025-01-01,2025-01-31,,Overdue,580,19,6,24,0,1,82,0,0,SMB,906047
CUST1951,INV008780,185955.87,2025-01-27,2025-03-28,,Overdue,524,13,1,0,0,5,31,0,0,SMB,4981767
CUST0620,INV008781,5604.52,2026-07-02,2026-08-16,,Overdue,18,27,7,13,2,5,35,0,0,Mid-Market,1864188
CUST0211,INV008782,61420.17,2025-06-09,2025-06-24,,Overdue,436,23,8,30,1,2,35,0,0,Mid-Market,4070120
CUST0447,INV008783,36305.56,2026-02-03,2026-02-18,,Overdue,197,5,3,15,1,0,19,0,0,Enterprise,1751243
CUST0586,INV008784,50906.52,2026-06-27,2026-07-27,,Overdue,38,14,4,2,1,2,33,0,0,SMB,267770
CUST0167,INV008785,57989.82,2025-05-07,2025-07-06,2025-07-17,Paid,0,2,0,18,0,0,89,0,1,SMB,3938577
CUST0460,INV008786,13389.89,2025-07-29,2025-09-27,2025-10-10,Paid,0,25,7,12,1,5,59,0,1,SMB,3315962
CUST0916,INV008787,5950.06,2025-05-30,2025-06-29,2025-07-11,Paid,0,5,0,13,0,1,47,0,1,SMB,189227
CUST1381,INV008788,20933.0,2025-01-31,2025-03-02,,Overdue,550,23,5,3,0,0,71,1,0,SMB,3499330
CUST1328,INV008789,27529.96,2025-10-29,2025-11-28,,Overdue,279,28,8,27,0,5,68,0,0,Mid-Market,820692
CUST1257,INV008790,13741.22,2025-09-14,2025-10-29,,Overdue,309,23,2,27,1,3,2,0,0,SMB,3914044
CUST1351,INV008791,29072.67,2025-02-26,2025-03-28,,Overdue,524,26,7,10,0,4,89,0,1,Enterprise,2082816
CUST1908,INV008792,30626.64,2025-01-09,2025-02-08,,Overdue,572,12,3,8,0,6,25,0,0,SMB,2999311
CUST1206,INV008793,8865.95,2025-01-05,2025-02-19,2025-03-12,Paid,0,24,4,21,0,0,34,0,1,Mid-Market,1138963
CUST1658,INV008794,32694.8,2025-04-24,2025-05-24,,Overdue,467,20,5,1,1,7,53,0,0,SMB,3395026
CUST1358,INV008795,16861.5,2025-07-24,2025-08-08,,Overdue,391,7,1,4,1,7,25,0,0,SMB,2213349
CUST1739,INV008796,10938.23,2025-01-24,2025-03-10,2025-03-25,Paid,0,3,1,19,0,3,22,1,1,SMB,1772199
CUST1991,INV008797,48405.81,2026-05-08,2026-06-07,,Overdue,88,9,2,11,1,2,37,0,1,Mid-Market,1677059
CUST1053,INV008798,10127.49,2026-02-10,2026-03-12,2026-04-08,Paid,0,15,5,25,0,5,1,0,1,Enterprise,3416085
CUST0714,INV008799,13951.36,2025-04-13,2025-05-28,,Overdue,463,15,3,3,0,7,32,0,0,SMB,335622
CUST1117,INV008800,23672.06,2025-03-01,2025-03-31,,Overdue,521,8,3,1,0,5,79,0,0,SMB,4517890
CUST0841,INV008801,87056.41,2025-03-27,2025-04-26,,Overdue,495,28,4,19,0,4,48,1,0,SMB,3030346
CUST0868,INV008802,26709.75,2026-01-07,2026-03-08,2026-03-09,Paid,0,26,5,0,1,0,78,0,1,SMB,1445285
CUST0688,INV008803,37357.48,2026-08-19,2026-09-18,2026-10-10,Paid,0,16,3,19,2,0,7,0,1,SMB,784983
CUST0330,INV008804,16356.12,2025-07-21,2025-09-04,2025-09-10,Paid,0,25,6,12,3,1,67,0,1,SMB,2134504
CUST1747,INV008805,20363.72,2025-03-30,2025-04-29,2025-05-05,Paid,0,2,0,3,0,0,66,0,1,SMB,1895700
CUST1208,INV008806,20975.76,2026-03-13,2026-04-12,,Overdue,144,20,6,0,2,4,57,0,0,SMB,2333785
CUST0095,INV008807,29534.26,2025-04-30,2025-05-30,2025-06-13,Paid,0,1,0,6,0,2,36,0,1,Mid-Market,339768
CUST0785,INV008808,16383.54,2025-06-05,2025-07-05,,Overdue,425,24,6,0,0,1,74,0,0,SMB,3030248
CUST0649,INV008809,84120.02,2026-02-03,2026-03-20,,Overdue,167,29,10,33,0,4,13,0,0,Mid-Market,2049284
CUST1773,INV008810,15166.34,2025-07-07,2025-08-06,,Overdue,393,4,0,11,1,7,83,0,0,Enterprise,287068
CUST0353,INV008811,5000.0,2025-02-21,2025-03-23,,Overdue,529,4,2,14,1,6,44,0,0,Mid-Market,4125837
CUST0930,INV008812,342078.87,2026-06-15,2026-07-30,,Overdue,35,23,8,0,1,0,82,0,1,SMB,1951740
CUST0941,INV008813,15877.07,2026-04-25,2026-05-10,,Overdue,116,6,1,3,1,5,62,0,0,SMB,4612530
CUST0984,INV008814,81893.08,2026-08-10,2026-09-24,2026-10-13,Paid,0,3,1,20,1,4,68,0,1,SMB,4607220
CUST1289,INV008815,89750.68,2025-08-18,2025-09-17,2025-09-23,Paid,0,8,1,1,1,4,47,0,1,SMB,2112087
CUST1671,INV008816,56682.13,2026-04-26,2026-05-26,2026-05-27,Paid,0,2,2,6,4,5,30,0,1,SMB,1449769
CUST1680,INV008817,18069.36,2025-05-10,2025-06-09,,Overdue,451,29,7,15,0,2,73,0,0,Mid-Market,1944554
CUST1043,INV008818,29339.35,2025-02-24,2025-03-26,2025-04-05,Paid,0,17,3,8,1,5,35,0,1,SMB,4495818
CUST1767,INV008819,6157.89,2025-09-28,2025-10-28,,Overdue,310,28,8,5,2,6,51,1,0,Mid-Market,647904
CUST0646,INV008820,161159.17,2025-04-10,2025-05-10,2025-05-10,Paid,0,12,4,0,0,7,53,0,1,Enterprise,1913462
CUST0626,INV008821,9397.45,2025-03-10,2025-04-09,2025-04-30,Paid,0,29,8,20,0,7,10,0,1,SMB,3217759
CUST1523,INV008822,17087.44,2025-10-26,2025-12-10,2025-12-30,Paid,0,12,2,25,0,5,43,0,1,SMB,2032847
CUST0139,INV008823,24318.35,2026-06-13,2026-07-13,,Overdue,52,15,5,32,0,7,1,0,0,SMB,3787859
CUST1661,INV008824,19782.64,2025-12-20,2026-02-03,,Overdue,212,18,7,9,1,0,2,1,0,Mid-Market,1811369
CUST0716,INV008825,11420.06,2025-06-01,2025-07-01,,Overdue,429,9,5,16,1,3,5,1,0,Enterprise,1956862
CUST1597,INV008826,88817.51,2025-11-26,2025-12-26,,Overdue,251,21,6,23,1,5,32,1,0,SMB,3040193
CUST0762,INV008827,56969.95,2025-04-26,2025-05-26,,Overdue,465,5,2,13,1,1,39,0,0,SMB,1339467
CUST1834,INV008828,30395.42,2026-06-26,2026-07-11,,Overdue,54,22,10,22,0,5,28,1,0,Mid-Market,4527310
CUST1549,INV008829,14771.38,2025-11-19,2026-01-18,,Overdue,228,3,0,17,1,5,71,1,0,SMB,1477989
CUST1932,INV008830,63848.98,2026-07-17,2026-09-15,,Overdue,0,17,4,19,0,2,51,1,0,Mid-Market,1622138
CUST0255,INV008831,13842.95,2026-07-26,2026-08-10,2026-08-18,Paid,0,29,6,3,0,6,2,1,1,SMB,2588568
CUST1109,INV008832,105914.97,2025-08-17,2025-09-16,2025-09-16,Paid,0,24,6,0,0,1,75,0,1,Mid-Market,1425607
CUST1482,INV008833,24617.7,2025-12-26,2026-02-24,,Overdue,191,23,9,19,2,7,48,0,0,SMB,749895
CUST1556,INV008834,75341.13,2025-01-05,2025-02-19,,Overdue,561,12,6,11,2,6,83,0,0,SMB,3622401
CUST1586,INV008835,19656.82,2025-01-28,2025-02-27,,Overdue,553,14,6,12,1,5,27,0,0,SMB,4713754
CUST0676,INV008836,23659.81,2025-12-30,2026-01-29,2026-01-29,Paid,0,8,1,0,1,0,48,1,1,Enterprise,4649757
CUST0092,INV008837,75013.33,2026-04-07,2026-05-07,,Overdue,119,9,3,25,0,5,64,0,0,Mid-Market,3816484
CUST1624,INV008838,197585.2,2025-08-19,2025-10-03,,Overdue,335,2,1,8,0,7,87,0,0,Enterprise,1483284
CUST1093,INV008839,104858.47,2026-01-30,2026-03-16,,Overdue,171,21,6,0,0,5,70,0,0,Mid-Market,4720432
CUST0037,INV008840,52951.66,2025-09-28,2025-10-28,,Overdue,310,2,1,32,0,1,49,0,0,SMB,4496228
CUST1789,INV008841,39707.03,2025-10-31,2025-11-30,,Overdue,277,29,10,11,2,4,9,0,0,SMB,514310
CUST1788,INV008842,13267.22,2026-01-18,2026-03-19,,Overdue,168,24,12,17,0,4,33,0,0,Mid-Market,847583
CUST0140,INV008843,29591.12,2026-07-12,2026-08-26,,Overdue,8,16,1,41,0,4,23,0,0,Enterprise,323349
CUST0867,INV008844,8839.19,2025-01-28,2025-02-27,,Overdue,553,20,4,7,1,6,70,0,0,SMB,4026765
CUST1917,INV008845,32073.39,2026-06-03,2026-06-18,,Overdue,77,11,5,12,1,3,60,1,1,Enterprise,631904
CUST0680,INV008846,34202.39,2025-07-18,2025-08-17,2025-08-19,Paid,0,20,4,5,0,4,17,1,1,Enterprise,4424142
CUST1590,INV008847,5000.0,2025-03-23,2025-04-22,,Overdue,499,10,1,24,1,4,2,0,0,Mid-Market,1243982
CUST1922,INV008848,22896.48,2025-03-29,2025-04-28,2025-04-28,Paid,0,8,1,0,1,0,39,0,1,SMB,3196779
CUST1202,INV008849,33352.06,2026-01-25,2026-02-09,2026-03-01,Paid,0,7,2,26,1,4,14,1,1,SMB,1620234
CUST1833,INV008850,20257.7,2026-08-03,2026-10-02,,Overdue,0,1,0,21,1,7,80,0,1,Mid-Market,2062755
CUST1837,INV008851,31509.64,2026-03-27,2026-05-11,,Overdue,115,23,7,3,0,6,37,1,0,SMB,2936569
CUST1895,INV008852,5757.61,2026-03-09,2026-04-08,2026-04-18,Paid,0,10,3,10,0,3,88,0,1,Mid-Market,3680400
CUST1642,INV008853,10138.91,2026-01-09,2026-03-10,,Overdue,177,19,4,30,1,6,68,1,0,Mid-Market,1277222
CUST0137,INV008854,62003.01,2026-03-11,2026-04-25,,Overdue,131,5,4,0,0,3,29,0,1,Mid-Market,329215
CUST0190,INV008855,22039.06,2025-07-06,2025-08-05,,Overdue,394,24,9,12,2,2,19,0,0,SMB,2581086
CUST1664,INV008856,30942.29,2026-01-25,2026-03-26,,Overdue,161,22,8,8,1,7,18,0,0,SMB,1517172
CUST0342,INV008857,12752.45,2025-08-06,2025-09-05,2025-09-05,Paid,0,8,2,7,1,3,31,0,1,SMB,4318173
CUST1583,INV008858,22460.06,2025-04-18,2025-06-02,,Overdue,458,21,7,0,2,4,12,0,1,Mid-Market,4496460
CUST1029,INV008859,5000.0,2026-07-04,2026-08-03,2026-08-16,Paid,0,26,5,11,0,7,85,0,1,SMB,277189
CUST0972,INV008860,51329.04,2025-12-15,2026-01-14,2026-01-14,Paid,0,9,2,0,1,7,32,0,1,Enterprise,4639699
CUST1281,INV008861,134313.63,2026-06-06,2026-07-06,,Overdue,59,29,10,15,3,7,68,0,1,Mid-Market,1780085
CUST1836,INV008862,7593.0,2025-01-26,2025-02-25,2025-03-13,Paid,0,13,4,15,1,6,23,0,1,Mid-Market,1900924
CUST0662,INV008863,8601.29,2025-02-17,2025-03-19,,Overdue,533,14,3,27,1,7,58,0,0,Enterprise,1261569
CUST1830,INV008864,34230.76,2026-01-05,2026-03-06,,Overdue,181,27,9,26,0,1,13,0,0,SMB,3026030
CUST0243,INV008865,96170.63,2025-01-14,2025-02-13,2025-02-25,Paid,0,6,1,12,0,2,17,0,1,Enterprise,3230246
CUST1811,INV008866,21980.32,2025-07-06,2025-08-05,,Overdue,394,11,2,22,1,3,22,1,0,Mid-Market,3687967
CUST1744,INV008867,6442.56,2026-06-08,2026-06-23,,Overdue,72,9,0,23,1,2,73,0,1,SMB,3951403
CUST0415,INV008868,17879.01,2025-10-06,2025-12-05,2025-12-11,Paid,0,13,4,13,0,6,6,0,1,Mid-Market,4468909
CUST1651,INV008869,7864.14,2025-12-07,2026-01-06,2026-01-17,Paid,0,4,1,8,0,0,73,0,1,SMB,1434822
CUST0707,INV008870,11284.14,2025-11-24,2025-12-24,,Overdue,253,2,0,27,0,7,66,1,0,SMB,3375495
CUST0343,INV008871,16251.8,2025-01-25,2025-03-11,,Overdue,541,24,4,14,0,4,59,0,0,SMB,919807
CUST0682,INV008872,8696.5,2026-06-13,2026-08-12,2026-08-20,Paid,0,21,3,0,1,6,62,0,1,SMB,2619931
CUST1403,INV008873,10118.23,2026-03-02,2026-04-16,,Overdue,140,2,0,16,0,4,8,0,0,SMB,2872236
CUST1618,INV008874,23730.92,2025-01-29,2025-02-28,,Overdue,552,22,8,4,1,5,48,0,0,Mid-Market,4882303
CUST1690,INV008875,27310.75,2025-11-19,2025-12-19,2026-01-27,Paid,0,13,3,36,0,5,9,1,1,Mid-Market,2671158
CUST0653,INV008876,5302.96,2025-11-09,2025-12-24,2025-12-24,Paid,0,19,6,3,0,2,21,1,1,Mid-Market,1522542
CUST1850,INV008877,32740.95,2026-08-07,2026-10-06,2026-10-15,Paid,0,1,0,8,2,3,38,0,1,Mid-Market,3032202
CUST0146,INV008878,15033.95,2025-09-27,2025-11-26,,Overdue,281,28,7,22,0,1,76,0,0,SMB,4276156
CUST0323,INV008879,45263.74,2025-10-22,2025-11-21,,Overdue,286,6,2,42,3,3,41,0,0,Mid-Market,412455
CUST0122,INV008880,48074.04,2025-08-11,2025-09-25,2025-09-29,Paid,0,27,8,10,1,2,3,0,1,Enterprise,2569507
CUST1276,INV008881,12777.73,2025-03-16,2025-03-31,2025-03-31,Paid,0,8,1,2,1,5,24,0,1,SMB,4802989
CUST1879,INV008882,40706.69,2025-04-12,2025-05-12,,Overdue,479,17,5,2,0,3,28,0,0,SMB,1676528
CUST1923,INV008883,9538.05,2026-06-16,2026-07-16,2026-07-16,Paid,0,3,1,0,1,2,61,0,1,Mid-Market,1995537
CUST0311,INV008884,82765.13,2025-06-22,2025-08-21,,Overdue,378,6,1,14,1,4,55,1,0,SMB,138668
CUST0601,INV008885,9905.68,2025-01-04,2025-01-19,,Overdue,592,26,3,16,1,4,42,0,0,SMB,452980
CUST0475,INV008886,31343.11,2026-04-24,2026-05-24,,Overdue,102,29,6,0,2,4,73,0,0,Mid-Market,4445564
CUST0570,INV008887,18258.59,2026-01-30,2026-03-31,2026-04-03,Paid,0,19,4,9,1,2,4,0,1,SMB,4211900
CUST1516,INV008888,7967.34,2025-06-16,2025-07-16,2025-07-24,Paid,0,7,2,9,0,6,3,0,1,SMB,4442541
CUST0575,INV008889,54226.0,2025-10-27,2025-11-26,,Overdue,281,15,5,5,0,5,75,0,0,Enterprise,685719
CUST0347,INV008890,11918.75,2025-04-28,2025-06-12,,Overdue,448,6,1,18,2,4,73,0,0,Mid-Market,2922176
CUST0820,INV008891,5000.0,2026-05-27,2026-07-11,2026-07-21,Paid,0,25,7,6,1,0,62,1,1,SMB,828883
CUST1511,INV008892,5000.0,2025-06-24,2025-07-24,,Overdue,406,29,8,27,2,6,47,0,0,Mid-Market,4698455
CUST1497,INV008893,9181.59,2025-06-08,2025-08-07,,Overdue,392,22,6,0,1,6,35,0,0,Mid-Market,608981
CUST0382,INV008894,87195.54,2026-01-19,2026-02-18,2026-02-28,Paid,0,23,6,11,3,1,62,0,1,Mid-Market,3379693
CUST1304,INV008895,77477.16,2025-08-15,2025-10-14,,Overdue,324,18,5,0,0,2,61,0,0,Mid-Market,4943091
CUST0072,INV008896,10736.47,2025-02-07,2025-03-24,,Overdue,528,10,4,18,2,5,15,0,0,SMB,1621951
CUST0521,INV008897,15146.81,2026-04-08,2026-05-08,2026-05-18,Paid,0,4,2,9,0,5,75,0,1,Mid-Market,1242931
CUST1390,INV008898,13836.8,2026-03-07,2026-04-21,2026-04-25,Paid,0,5,0,10,1,4,52,0,1,SMB,1801797
CUST0933,INV008899,5805.54,2025-04-14,2025-05-14,,Overdue,477,18,1,6,2,0,64,0,0,Enterprise,2345936
CUST1118,INV008900,8528.49,2025-07-12,2025-08-11,,Overdue,388,27,7,23,0,6,56,0,0,Enterprise,1931297
CUST1397,INV008901,58756.06,2025-09-07,2025-11-06,2025-12-02,Paid,0,10,2,23,1,3,31,0,1,SMB,1659184
CUST0339,INV008902,36456.97,2025-01-13,2025-01-28,2025-02-15,Paid,0,10,2,16,3,1,2,1,1,SMB,3612944
CUST1461,INV008903,28943.15,2026-07-21,2026-08-05,2026-08-15,Paid,0,10,2,8,1,5,71,0,1,SMB,4725519
CUST1360,INV008904,5795.59,2026-08-20,2026-09-19,,Overdue,0,7,3,14,0,5,61,1,1,Mid-Market,126240
CUST0664,INV008905,24360.13,2026-07-09,2026-08-08,2026-08-19,Paid,0,20,6,15,0,1,57,0,1,SMB,1245885
CUST1516,INV008906,5000.0,2026-01-23,2026-03-24,,Overdue,163,14,3,10,0,7,9,0,0,SMB,4442541
CUST1941,INV008907,51164.58,2025-03-12,2025-05-11,,Overdue,480,25,6,36,1,4,52,1,0,SMB,3547831
CUST1892,INV008908,28526.1,2026-07-25,2026-08-24,2026-08-30,Paid,0,8,3,5,0,2,10,1,1,SMB,3905288
CUST0040,INV008909,5737.44,2026-03-14,2026-04-13,2026-05-02,Paid,0,26,5,12,0,5,31,1,1,SMB,2396582
CUST1383,INV008910,110904.59,2025-02-13,2025-03-15,2025-03-19,Paid,0,9,0,8,1,7,15,0,1,Enterprise,3295705
CUST0574,INV008911,5000.0,2025-09-29,2025-10-29,,Overdue,309,24,6,30,3,6,17,1,0,Mid-Market,2249391
CUST1278,INV008912,37432.93,2025-01-14,2025-02-13,2025-02-17,Paid,0,5,3,5,0,2,27,1,1,Enterprise,4360518
CUST0966,INV008913,38375.39,2026-01-06,2026-02-05,,Overdue,210,25,8,21,1,0,54,1,0,SMB,765339
CUST0581,INV008914,6376.21,2025-04-22,2025-05-22,,Overdue,469,21,5,3,0,2,61,0,0,SMB,231948
CUST1422,INV008915,21208.33,2026-01-14,2026-02-13,2026-02-26,Paid,0,8,1,13,2,4,14,0,1,Mid-Market,965480
CUST1781,INV008916,5000.0,2025-11-10,2026-01-09,,Overdue,237,20,5,33,2,1,72,0,0,SMB,4280987
CUST1901,INV008917,5000.0,2026-02-19,2026-04-05,,Overdue,151,29,10,0,1,7,50,0,0,Mid-Market,2138618
CUST0170,INV008918,7571.33,2026-04-30,2026-06-14,2026-06-16,Paid,0,5,2,3,2,7,30,1,1,Mid-Market,1835559
CUST1714,INV008919,11889.07,2025-06-18,2025-07-18,,Overdue,412,27,7,36,0,6,41,0,0,SMB,76616
CUST0701,INV008920,41950.94,2025-09-03,2025-11-02,,Overdue,305,20,6,23,1,1,12,0,1,Mid-Market,3691771
CUST0511,INV008921,23562.41,2025-09-23,2025-11-22,,Overdue,285,18,8,0,1,1,83,0,0,Mid-Market,2894180
CUST1284,INV008922,24186.39,2025-08-31,2025-10-30,,Overdue,308,4,1,6,1,4,54,0,0,SMB,4645130
CUST0584,INV008923,7987.06,2025-10-27,2025-11-11,,Overdue,296,11,3,8,0,3,46,0,0,SMB,1256751
CUST0984,INV008924,12964.74,2025-11-23,2025-12-23,,Overdue,254,21,5,19,1,4,69,0,0,SMB,4607220
CUST0459,INV008925,8691.26,2026-06-14,2026-07-14,2026-07-26,Paid,0,22,6,19,0,1,76,1,1,SMB,3705074
CUST0529,INV008926,6470.61,2026-08-18,2026-09-17,,Overdue,0,20,6,15,2,1,70,0,1,SMB,2654884
CUST1906,INV008927,12164.78,2025-12-08,2026-02-06,2026-02-06,Paid,0,11,2,0,3,7,5,0,1,SMB,2643157
CUST0341,INV008928,23730.4,2026-07-08,2026-08-07,,Overdue,27,14,4,26,0,2,88,0,0,SMB,3422455
CUST0057,INV008929,12423.7,2025-09-06,2025-10-06,2025-10-28,Paid,0,26,2,20,2,7,18,0,1,SMB,2953030
CUST0218,INV008930,15938.57,2026-01-15,2026-02-14,,Overdue,201,13,6,7,2,1,25,0,0,Mid-Market,3506653
CUST0619,INV008931,44130.87,2026-06-16,2026-07-16,,Overdue,49,28,3,38,1,6,58,0,1,Mid-Market,3781404
CUST0816,INV008932,13349.65,2026-01-16,2026-03-17,,Overdue,170,4,3,9,0,5,56,0,1,Mid-Market,4685352
CUST1964,INV008933,5802.44,2025-02-11,2025-03-13,,Overdue,539,16,7,20,0,6,28,0,0,SMB,4424798
CUST1709,INV008934,38694.53,2025-12-11,2026-01-10,,Overdue,236,6,1,36,1,0,49,0,0,Mid-Market,4159070
CUST0731,INV008935,28734.38,2026-08-22,2026-09-21,,Overdue,0,23,5,12,0,4,88,0,1,SMB,1772907
CUST0464,INV008936,30597.07,2025-09-18,2025-10-03,2025-10-03,Paid,0,13,2,6,2,6,87,0,1,Mid-Market,2930304
CUST0247,INV008937,41185.38,2025-11-02,2025-12-17,,Overdue,260,23,4,20,0,2,65,0,0,SMB,565693
CUST0730,INV008938,34774.57,2025-08-28,2025-10-12,,Overdue,326,20,4,13,0,2,78,0,0,SMB,1572534
CUST0373,INV008939,22668.43,2025-11-09,2025-12-09,,Overdue,268,5,1,25,0,5,83,0,0,SMB,1599420
CUST0417,INV008940,240735.15,2026-03-17,2026-05-16,,Overdue,110,19,6,20,0,3,38,0,0,SMB,560370
CUST1055,INV008941,6093.83,2025-05-13,2025-06-12,,Overdue,448,21,5,22,2,3,70,0,0,Enterprise,4073278
CUST0368,INV008942,12253.69,2025-02-20,2025-04-06,2025-04-09,Paid,0,10,4,3,0,1,34,0,1,Enterprise,4952444
CUST0559,INV008943,57949.91,2026-01-27,2026-03-28,,Overdue,159,5,1,22,0,0,23,0,1,Mid-Market,3339791
CUST1670,INV008944,25402.08,2026-06-07,2026-07-22,2026-07-22,Paid,0,14,1,0,2,6,14,0,1,Mid-Market,571244
CUST0108,INV008945,47000.95,2026-05-23,2026-06-22,,Overdue,73,4,0,19,0,7,86,1,1,Mid-Market,3902666
CUST0584,INV008946,26101.72,2025-12-20,2026-01-04,,Overdue,242,6,2,19,2,0,38,1,0,SMB,1256751
CUST0839,INV008947,87034.21,2026-01-30,2026-03-16,2026-03-19,Paid,0,5,0,0,1,2,78,1,1,Mid-Market,814265
CUST0418,INV008948,8042.45,2025-04-06,2025-06-05,,Overdue,455,24,7,24,0,6,86,1,0,SMB,1802374
CUST1644,INV008949,84327.21,2025-04-16,2025-05-16,2025-05-28,Paid,0,29,7,11,1,4,45,0,1,Mid-Market,1593812
CUST0821,INV008950,71039.87,2026-05-28,2026-06-27,,Overdue,68,29,8,6,2,3,61,0,0,Mid-Market,4421047
CUST1422,INV008951,6566.33,2026-07-12,2026-08-11,2026-08-20,Paid,0,2,0,11,0,6,9,0,1,Mid-Market,965480
CUST1296,INV008952,41384.65,2025-08-30,2025-10-14,2025-10-14,Paid,0,6,2,0,2,2,75,0,1,SMB,3549701
CUST0683,INV008953,21098.56,2026-05-03,2026-05-18,,Overdue,108,2,0,29,1,3,76,0,1,SMB,491904
CUST1140,INV008954,12009.08,2026-05-30,2026-07-29,,Overdue,36,12,4,20,2,3,89,0,1,Mid-Market,1874964
CUST1865,INV008955,5000.0,2025-03-02,2025-05-01,,Overdue,490,22,2,33,1,6,2,1,0,Enterprise,4681889
CUST1610,INV008956,8015.93,2026-02-20,2026-03-22,2026-04-04,Paid,0,4,1,10,3,0,9,1,1,Mid-Market,3790030
CUST0256,INV008957,44717.14,2025-10-21,2025-11-20,,Overdue,287,13,2,9,1,2,50,0,0,Mid-Market,323146
CUST1105,INV008958,49704.03,2025-10-29,2025-12-13,,Overdue,264,17,4,22,2,0,45,0,1,Enterprise,4444643
CUST0780,INV008959,17841.63,2025-06-19,2025-07-19,,Overdue,411,6,3,23,1,7,35,0,0,Mid-Market,2958056
CUST1152,INV008960,49860.54,2025-02-10,2025-03-12,2025-04-01,Paid,0,3,0,25,0,5,62,0,1,Mid-Market,2236268
CUST0838,INV008961,56684.73,2025-08-19,2025-09-03,,Overdue,365,13,1,23,1,0,78,1,0,SMB,2600982
CUST0915,INV008962,25710.12,2026-02-13,2026-03-15,,Overdue,172,23,3,30,0,2,57,1,0,Mid-Market,1700824
CUST0235,INV008963,10696.44,2025-10-24,2025-11-23,2025-12-18,Paid,0,3,0,20,0,4,83,0,1,SMB,3282244
CUST0553,INV008964,34236.72,2026-03-31,2026-05-15,,Overdue,111,26,3,18,0,3,46,1,0,Mid-Market,2744245
CUST0181,INV008965,35845.91,2025-02-26,2025-04-12,,Overdue,509,20,6,28,0,7,69,0,0,SMB,4615537
CUST0157,INV008966,43215.06,2025-08-28,2025-10-27,2025-11-01,Paid,0,9,1,1,1,0,81,0,1,Mid-Market,3025635
CUST1478,INV008967,52334.09,2026-08-21,2026-09-20,,Overdue,0,23,4,20,2,4,86,0,0,Mid-Market,3788858
CUST0571,INV008968,5641.11,2025-06-25,2025-07-10,2025-07-10,Paid,0,4,1,4,1,1,75,0,1,Mid-Market,175438
CUST0857,INV008969,13227.73,2025-03-04,2025-04-03,,Overdue,518,2,0,15,1,7,30,0,0,SMB,3998401
CUST1785,INV008970,5000.0,2026-07-05,2026-07-20,,Overdue,45,5,0,17,2,2,50,0,0,Mid-Market,1852466
CUST1728,INV008971,46490.16,2025-05-18,2025-06-17,2025-06-17,Paid,0,8,4,1,0,1,15,0,1,Enterprise,2642806
CUST1048,INV008972,17813.08,2026-03-30,2026-04-29,,Overdue,127,2,1,12,1,5,36,1,1,SMB,651891
CUST1497,INV008973,33887.93,2026-03-25,2026-04-24,2026-04-30,Paid,0,25,7,14,0,5,39,0,1,Mid-Market,608981
CUST1424,INV008974,5035.77,2025-08-14,2025-08-29,,Overdue,370,5,2,14,0,7,81,0,0,SMB,3431915
CUST0948,INV008975,89409.38,2026-03-19,2026-04-18,2026-05-11,Paid,0,6,3,20,0,1,60,0,1,Enterprise,4350915
CUST0592,INV008976,6671.91,2025-07-25,2025-08-24,,Overdue,375,7,0,17,1,2,27,0,0,Mid-Market,1876525
CUST0134,INV008977,47789.6,2025-01-27,2025-02-26,,Overdue,554,13,1,15,0,3,54,0,0,SMB,2760527
CUST0421,INV008978,24783.92,2026-04-02,2026-06-01,2026-06-10,Paid,0,9,3,12,0,7,2,0,1,Mid-Market,3358505
CUST0213,INV008979,18225.14,2025-04-17,2025-05-17,,Overdue,474,7,2,9,1,4,70,0,0,Mid-Market,2726517
CUST0900,INV008980,16811.86,2026-03-20,2026-04-19,,Overdue,137,4,0,15,3,1,4,0,0,SMB,1519793
CUST0482,INV008981,11636.91,2025-02-05,2025-03-07,,Overdue,545,5,1,0,1,7,87,0,0,Mid-Market,4952825
CUST0348,INV008982,80434.32,2026-08-20,2026-09-19,2026-09-25,Paid,0,28,8,9,2,6,47,0,1,SMB,1419277
CUST0166,INV008983,22306.04,2025-06-04,2025-08-03,,Overdue,396,3,1,12,0,1,48,0,0,Mid-Market,2046170
CUST0937,INV008984,6190.55,2025-06-18,2025-07-18,2025-07-22,Paid,0,17,5,0,1,4,57,0,1,SMB,2962066
CUST0348,INV008985,15003.52,2025-09-29,2025-11-13,,Overdue,294,19,6,19,0,1,65,0,0,SMB,1419277
CUST0849,INV008986,25042.73,2026-07-01,2026-07-31,,Overdue,34,13,2,10,1,2,58,1,1,Mid-Market,648506
CUST0398,INV008987,54057.59,2026-02-24,2026-03-26,2026-04-04,Paid,0,1,0,11,0,4,51,0,1,SMB,2480721
CUST0583,INV008988,12032.66,2025-07-03,2025-09-01,2025-09-17,Paid,0,5,0,14,1,0,47,0,1,SMB,3819457
CUST0726,INV008989,12864.46,2025-08-25,2025-10-09,,Overdue,329,23,10,1,1,7,77,1,0,Mid-Market,3474083
CUST1459,INV008990,22548.69,2026-05-24,2026-06-08,2026-06-14,Paid,0,9,3,13,0,0,70,1,1,SMB,4072261
CUST1601,INV008991,52755.58,2026-03-17,2026-05-01,2026-05-05,Paid,0,4,1,7,0,3,34,0,1,SMB,1706042
CUST1245,INV008992,5604.05,2025-05-02,2025-06-01,,Overdue,459,10,1,21,0,7,37,0,0,Mid-Market,3911774
CUST0308,INV008993,36510.48,2026-02-21,2026-03-23,,Overdue,164,14,4,19,1,6,80,0,0,SMB,1600184
CUST0991,INV008994,13848.57,2026-06-19,2026-08-03,2026-08-17,Paid,0,10,4,4,0,5,55,0,1,Mid-Market,1161009
CUST0798,INV008995,15923.76,2026-01-10,2026-03-11,2026-03-16,Paid,0,1,1,11,0,1,44,0,1,Mid-Market,4631025
CUST1721,INV008996,163011.45,2026-07-29,2026-08-13,,Overdue,21,23,7,0,1,2,79,0,1,SMB,402365
CUST0719,INV008997,18097.53,2025-11-22,2026-01-06,2026-01-10,Paid,0,19,4,4,2,6,68,1,1,SMB,717540
CUST0466,INV008998,46849.41,2026-04-25,2026-05-25,,Overdue,101,17,6,14,0,4,43,0,1,SMB,4755907
CUST0099,INV008999,45202.78,2025-05-30,2025-06-29,2025-07-12,Paid,0,20,5,20,0,5,76,0,1,SMB,3277544
CUST1266,INV009000,6768.1,2026-08-15,2026-10-14,,Overdue,0,27,6,9,1,5,10,1,0,SMB,858301
CUST0158,INV009001,5000.0,2026-05-05,2026-06-04,,Overdue,91,25,10,8,1,1,66,0,1,Mid-Market,3351017
CUST0610,INV009002,50060.23,2025-06-02,2025-06-17,,Overdue,443,15,2,19,1,5,88,0,0,Mid-Market,1436689
CUST0554,INV009003,7453.61,2025-01-17,2025-02-16,,Overdue,564,22,8,16,1,2,16,0,0,Mid-Market,4172186
CUST0651,INV009004,5000.0,2026-07-05,2026-08-19,2026-08-19,Paid,0,6,1,0,0,2,35,0,1,SMB,1734532
CUST1819,INV009005,61461.25,2025-12-14,2026-01-13,,Overdue,233,7,2,10,3,0,40,0,0,Mid-Market,2141013
CUST0920,INV009006,7947.19,2026-04-04,2026-05-04,,Overdue,122,1,0,9,1,0,81,0,1,SMB,4924196
CUST0227,INV009007,10172.9,2025-07-21,2025-08-20,2025-08-29,Paid,0,5,1,7,0,2,72,1,1,Enterprise,1673154
CUST0423,INV009008,158636.89,2026-02-27,2026-04-28,2026-04-30,Paid,0,20,7,7,0,7,62,0,1,SMB,2875494
CUST1096,INV009009,5000.0,2025-10-07,2025-11-21,2025-12-10,Paid,0,20,3,18,1,1,34,0,1,SMB,3869712
CUST0243,INV009010,6271.14,2026-02-26,2026-04-12,2026-04-13,Paid,0,7,2,0,0,7,42,0,1,Enterprise,3230246
CUST0530,INV009011,13909.15,2026-08-23,2026-10-07,2026-11-02,Paid,0,2,0,23,0,4,81,0,1,Enterprise,1755243
CUST1613,INV009012,17322.18,2026-04-10,2026-04-25,,Overdue,131,21,8,12,1,7,4,1,0,Mid-Market,1528081
CUST1069,INV009013,9011.48,2025-12-21,2026-01-20,,Overdue,226,23,6,12,0,3,63,0,0,SMB,4547968
CUST1496,INV009014,6914.29,2026-08-05,2026-09-04,,Overdue,0,3,0,29,0,6,23,0,1,Mid-Market,1658795
CUST0371,INV009015,99707.32,2026-01-13,2026-02-12,2026-02-25,Paid,0,2,1,21,0,1,11,0,1,SMB,4435724
CUST1879,INV009016,28652.22,2025-05-04,2025-06-03,,Overdue,457,16,7,7,1,6,23,0,0,SMB,1676528
CUST0652,INV009017,39543.98,2025-03-21,2025-05-05,,Overdue,486,28,5,14,0,2,61,0,0,Mid-Market,504418
CUST0689,INV009018,19202.1,2026-07-11,2026-08-10,2026-08-14,Paid,0,17,8,7,0,4,69,0,1,Mid-Market,2313429
CUST0734,INV009019,29420.73,2025-08-21,2025-09-20,,Overdue,348,21,5,13,0,3,52,0,0,Mid-Market,2920574
CUST1951,INV009020,55988.5,2026-04-25,2026-05-25,,Overdue,101,12,5,2,1,6,61,0,1,SMB,4981767
CUST0092,INV009021,8133.13,2025-06-03,2025-06-18,,Overdue,442,28,6,10,0,2,5,0,0,Mid-Market,3816484
CUST1046,INV009022,28705.27,2026-02-13,2026-03-15,,Overdue,172,5,0,15,1,4,17,0,1,Mid-Market,4680232
CUST0172,INV009023,44180.66,2025-01-31,2025-03-17,2025-03-25,Paid,0,4,2,10,1,6,87,0,1,SMB,3897125
CUST1628,INV009024,103238.52,2026-08-20,2026-09-04,,Overdue,0,24,9,6,1,4,34,0,0,Mid-Market,2838107
CUST1216,INV009025,154490.98,2026-07-11,2026-08-10,2026-09-04,Paid,0,16,2,30,0,3,16,0,1,SMB,2231533
CUST1101,INV009026,23620.25,2026-05-18,2026-07-02,,Overdue,63,18,5,10,1,6,4,0,1,SMB,3725002
CUST1305,INV009027,68777.98,2026-01-06,2026-02-05,2026-02-10,Paid,0,13,5,4,1,7,52,0,1,Mid-Market,3850315
CUST1388,INV009028,5000.0,2025-11-19,2026-01-03,,Overdue,243,28,7,10,0,2,20,0,0,SMB,3981814
CUST0179,INV009029,104014.22,2025-11-28,2025-12-28,,Overdue,249,20,7,12,2,7,48,0,0,Enterprise,1456368
CUST0238,INV009030,10658.54,2025-08-31,2025-10-15,,Overdue,323,21,6,18,0,5,51,0,0,SMB,2431306
CUST1159,INV009031,17307.63,2026-07-06,2026-08-05,,Overdue,29,9,3,14,1,0,45,0,1,Enterprise,4872684
CUST0877,INV009032,34238.45,2026-03-06,2026-04-05,,Overdue,151,16,6,12,1,1,80,0,0,Mid-Market,913659
CUST0902,INV009033,18893.21,2025-07-01,2025-07-16,,Overdue,414,3,0,14,1,5,49,1,0,SMB,4994490
CUST0280,INV009034,26807.94,2026-04-18,2026-05-18,,Overdue,108,29,9,34,0,7,56,0,0,Mid-Market,1466828
CUST1043,INV009035,107763.36,2026-01-11,2026-02-25,2026-02-25,Paid,0,17,5,4,0,5,3,0,1,SMB,4495818
CUST1619,INV009036,14999.62,2025-03-22,2025-04-21,,Overdue,500,20,5,4,1,7,42,0,0,Mid-Market,4983842
CUST0740,INV009037,7428.48,2026-07-04,2026-07-19,,Overdue,46,10,2,25,1,3,71,0,1,SMB,3931857
CUST0371,INV009038,135058.58,2026-02-24,2026-03-26,,Overdue,161,22,8,5,1,1,42,1,1,SMB,4435724
CUST1801,INV009039,37300.58,2026-04-12,2026-05-12,2026-05-23,Paid,0,23,4,7,0,3,85,0,1,Enterprise,1905797
CUST1136,INV009040,150578.37,2026-03-04,2026-04-03,,Overdue,153,20,4,17,2,0,29,0,0,SMB,2441098
CUST1787,INV009041,52241.37,2025-02-26,2025-03-28,2025-03-28,Paid,0,4,3,7,1,6,17,0,1,Mid-Market,2432865
CUST1700,INV009042,5862.93,2025-11-18,2025-12-18,,Overdue,259,22,4,22,1,1,85,0,0,Mid-Market,919446
CUST0870,INV009043,41998.31,2026-06-26,2026-07-26,2026-08-05,Paid,0,1,1,6,0,4,28,0,1,Enterprise,2972705
CUST1704,INV009044,8234.2,2026-05-10,2026-07-09,2026-07-09,Paid,0,21,5,6,0,7,60,1,1,Mid-Market,1584227
CUST1019,INV009045,22190.77,2025-09-23,2025-10-23,,Overdue,315,16,4,28,0,6,87,0,0,Enterprise,95475
CUST0221,INV009046,20420.32,2025-08-15,2025-09-14,2025-09-24,Paid,0,11,2,10,0,6,47,0,1,Mid-Market,1938806
CUST0920,INV009047,5000.0,2025-02-23,2025-03-25,2025-03-29,Paid,0,19,3,0,1,5,11,0,1,SMB,4924196
CUST0304,INV009048,9771.15,2025-01-04,2025-03-05,2025-04-11,Paid,0,8,3,36,0,4,65,0,1,Mid-Market,2284805
CUST1727,INV009049,199823.01,2026-03-15,2026-03-30,,Overdue,157,5,3,12,1,1,60,0,0,Mid-Market,1967577
CUST1349,INV009050,27955.73,2025-11-06,2025-12-06,,Overdue,271,23,8,9,0,7,88,0,0,Enterprise,2500979
CUST1461,INV009051,18479.25,2025-03-30,2025-04-29,2025-04-29,Paid,0,24,11,5,0,2,61,0,1,SMB,4725519
CUST0438,INV009052,134981.12,2025-11-16,2025-12-16,,Overdue,261,8,3,15,1,6,77,0,0,Mid-Market,2711198
CUST1194,INV009053,14820.47,2026-01-10,2026-02-09,2026-03-05,Paid,0,29,3,14,2,4,43,0,1,Mid-Market,2916069
CUST0375,INV009054,20102.1,2026-05-16,2026-06-30,2026-07-18,Paid,0,18,5,31,1,7,39,1,1,SMB,3398924
CUST1581,INV009055,59326.0,2025-08-22,2025-09-06,2025-09-12,Paid,0,29,8,10,1,6,1,0,1,SMB,4267690
CUST0381,INV009056,14753.92,2025-12-03,2026-01-02,2026-01-20,Paid,0,15,2,22,0,3,9,0,1,SMB,1570982
CUST0986,INV009057,10440.83,2026-07-25,2026-09-08,,Overdue,0,18,6,42,0,2,85,0,1,SMB,1474663
CUST0014,INV009058,5000.0,2025-07-04,2025-08-03,,Overdue,396,13,4,17,1,3,74,1,0,SMB,616088
CUST0743,INV009059,8634.33,2026-03-14,2026-03-29,2026-04-06,Paid,0,15,3,15,0,7,9,0,1,Mid-Market,4789400
CUST0669,INV009060,8552.44,2026-07-10,2026-08-09,2026-09-01,Paid,0,26,5,15,0,7,3,0,1,SMB,2792974
CUST0500,INV009061,25811.28,2025-06-29,2025-08-28,,Overdue,371,21,4,15,2,7,29,1,0,Enterprise,1631420
CUST1670,INV009062,11962.62,2025-03-17,2025-04-01,,Overdue,520,13,6,9,0,0,86,0,0,Mid-Market,571244
CUST1415,INV009063,190616.53,2025-09-29,2025-10-14,2025-10-14,Paid,0,3,1,0,0,7,42,1,1,Mid-Market,2394688
CUST1573,INV009064,7649.31,2025-02-24,2025-03-26,,Overdue,526,12,4,20,0,5,43,1,0,Mid-Market,3682403
CUST0565,INV009065,89379.51,2025-03-18,2025-04-17,2025-04-20,Paid,0,12,6,9,0,4,24,0,1,SMB,1212189
CUST0530,INV009066,27439.89,2025-10-23,2025-11-22,2025-11-23,Paid,0,10,1,9,0,0,3,1,1,Enterprise,1755243
CUST0492,INV009067,49354.0,2025-08-07,2025-09-21,,Overdue,347,1,1,19,1,5,8,0,0,Mid-Market,3255228
CUST1574,INV009068,46444.79,2025-10-04,2025-11-03,2025-11-18,Paid,0,24,6,9,0,2,45,0,1,Enterprise,3271131
CUST1723,INV009069,5000.0,2026-08-01,2026-09-15,,Overdue,0,6,3,25,0,3,26,0,1,SMB,4159404
CUST1409,INV009070,21773.47,2025-09-23,2025-10-23,2025-10-25,Paid,0,19,5,0,1,4,51,0,1,Mid-Market,2480992
CUST1220,INV009071,16945.74,2025-02-12,2025-04-13,,Overdue,508,24,7,13,0,1,55,0,0,SMB,3893139
CUST0755,INV009072,7094.12,2025-12-27,2026-02-25,2026-02-28,Paid,0,13,2,2,0,0,33,0,1,SMB,1408097
CUST0300,INV009073,34878.51,2025-08-16,2025-09-15,2025-09-22,Paid,0,27,6,2,0,4,35,0,1,SMB,4736166
CUST0815,INV009074,122582.59,2025-08-15,2025-09-14,2025-10-01,Paid,0,1,0,7,1,7,80,0,1,Enterprise,2961190
CUST0547,INV009075,5000.0,2025-03-04,2025-04-18,,Overdue,503,19,6,17,0,1,11,1,0,SMB,2277503
CUST0727,INV009076,12907.07,2025-06-20,2025-07-20,2025-08-03,Paid,0,25,6,17,1,5,49,1,1,SMB,2514722
CUST0731,INV009077,6337.46,2025-11-03,2025-12-03,,Overdue,274,6,3,22,4,2,79,0,0,SMB,1772907
CUST0828,INV009078,23665.6,2026-07-22,2026-09-20,2026-09-20,Paid,0,1,0,0,0,5,25,0,1,SMB,3818950
CUST0602,INV009079,15904.84,2025-02-03,2025-03-05,,Overdue,547,25,8,7,2,1,78,0,0,SMB,1088336
CUST1332,INV009080,12019.95,2025-05-10,2025-05-25,,Overdue,466,23,8,11,0,7,73,0,0,Mid-Market,2982977
CUST1276,INV009081,43892.85,2026-01-29,2026-03-15,,Overdue,172,17,5,30,1,7,10,0,0,SMB,4802989
CUST1032,INV009082,113117.38,2025-05-31,2025-06-30,2025-06-30,Paid,0,17,2,0,0,5,87,0,1,Mid-Market,3331941
CUST0768,INV009083,315312.24,2026-01-19,2026-02-18,2026-03-04,Paid,0,21,4,14,1,6,45,0,1,Enterprise,3337093
CUST0875,INV009084,10513.03,2025-01-17,2025-02-01,2025-02-02,Paid,0,11,2,11,1,6,6,0,1,SMB,1034156
CUST1232,INV009085,5000.0,2026-08-17,2026-09-16,,Overdue,0,20,5,0,3,6,28,0,0,SMB,2564719
CUST0937,INV009086,38530.15,2025-01-14,2025-03-15,,Overdue,537,12,4,21,2,2,13,0,0,SMB,2962066
CUST0131,INV009087,110247.68,2025-03-22,2025-05-21,2025-05-21,Paid,0,24,5,4,1,6,77,0,1,SMB,2010155
CUST1760,INV009088,49696.51,2025-07-26,2025-08-25,2025-09-15,Paid,0,13,0,24,1,0,64,1,1,Mid-Market,1502137
CUST1733,INV009089,109792.45,2025-07-23,2025-09-06,2025-09-14,Paid,0,18,7,4,0,6,30,1,1,Mid-Market,3330931
CUST1678,INV009090,17579.93,2026-01-14,2026-02-13,,Overdue,202,22,5,7,0,7,5,1,0,SMB,4659770
CUST1788,INV009091,11973.19,2026-06-28,2026-08-12,,Overdue,22,24,5,24,0,1,71,0,0,Mid-Market,847583
CUST0608,INV009092,24721.68,2025-01-23,2025-02-22,,Overdue,558,1,1,5,2,3,55,0,0,SMB,987635
CUST0026,INV009093,15826.59,2025-06-11,2025-07-11,,Overdue,419,3,2,18,1,5,87,0,0,Mid-Market,1506081
CUST1647,INV009094,42748.7,2025-05-24,2025-06-23,,Overdue,437,17,5,0,0,5,52,1,0,SMB,4523447
CUST1478,INV009095,58091.1,2025-04-14,2025-04-29,2025-05-08,Paid,0,7,1,14,0,3,28,0,1,Mid-Market,3788858
CUST0635,INV009096,62823.45,2026-01-17,2026-02-16,2026-03-12,Paid,0,17,3,17,0,7,24,1,1,SMB,4884777
CUST1210,INV009097,36702.23,2026-03-31,2026-04-30,,Overdue,126,16,5,23,0,3,77,0,1,Enterprise,884874
CUST0484,INV009098,28164.63,2026-02-21,2026-04-22,2026-05-02,Paid,0,12,1,14,0,2,49,0,1,Mid-Market,3660793
CUST0680,INV009099,48748.35,2025-11-20,2026-01-19,,Overdue,227,25,6,1,2,5,77,0,0,Enterprise,4424142
CUST1075,INV009100,5000.0,2025-06-20,2025-08-04,2025-08-13,Paid,0,8,3,6,0,6,48,0,1,Enterprise,4026974
CUST1915,INV009101,27189.08,2026-07-30,2026-08-29,2026-08-29,Paid,0,11,3,0,0,1,31,0,1,SMB,2126775
CUST0005,INV009102,23213.24,2026-08-06,2026-09-05,2026-09-09,Paid,0,3,1,6,0,4,24,0,1,SMB,123997
CUST0589,INV009103,27257.4,2025-10-01,2025-10-31,,Overdue,307,28,7,11,1,6,71,1,0,SMB,2487245
CUST1184,INV009104,20178.57,2026-03-28,2026-04-27,2026-05-09,Paid,0,29,6,15,0,1,20,0,1,Enterprise,1835818
CUST0208,INV009105,33923.24,2025-05-05,2025-05-20,,Overdue,471,12,3,0,1,1,2,1,0,Mid-Market,2353554
CUST0257,INV009106,12399.32,2026-01-18,2026-02-17,,Overdue,198,4,2,21,0,5,82,1,1,Enterprise,1214795
CUST1229,INV009107,68153.88,2025-11-13,2025-11-28,2025-12-12,Paid,0,9,1,11,0,5,76,0,1,Enterprise,314237
CUST1791,INV009108,35371.08,2025-04-17,2025-06-01,,Overdue,459,26,11,21,0,0,58,0,0,SMB,607242
CUST1974,INV009109,25608.66,2026-04-08,2026-05-23,,Overdue,103,22,4,29,1,7,54,1,0,Mid-Market,2648133
CUST0011,INV009110,10965.22,2026-03-06,2026-04-05,2026-04-08,Paid,0,21,1,6,1,4,85,1,1,SMB,4514344
CUST0949,INV009111,49777.43,2025-12-03,2026-01-02,,Overdue,244,29,9,13,1,3,39,0,0,Enterprise,1686675
CUST0008,INV009112,27082.95,2026-05-11,2026-06-10,2026-06-17,Paid,0,21,8,3,0,2,19,0,1,Enterprise,536799
CUST1433,INV009113,10347.67,2025-12-28,2026-01-27,2026-02-03,Paid,0,17,3,7,1,4,70,0,1,SMB,3140930
CUST0936,INV009114,20813.11,2026-03-08,2026-04-07,,Overdue,149,16,2,8,1,3,73,1,1,SMB,2757184
CUST0032,INV009115,41319.2,2026-06-04,2026-07-19,2026-07-31,Paid,0,12,2,9,1,2,4,0,1,SMB,2642631
CUST0540,INV009116,38237.56,2026-02-10,2026-03-12,2026-03-15,Paid,0,15,4,11,1,6,20,0,1,SMB,4776276
CUST1742,INV009117,35846.78,2026-01-12,2026-02-11,,Overdue,204,15,4,23,0,4,3,1,0,Mid-Market,4030053
CUST1005,INV009118,24161.88,2025-06-01,2025-07-01,2025-07-01,Paid,0,1,0,2,1,7,73,0,1,Mid-Market,99976
CUST0387,INV009119,61440.19,2025-11-18,2025-12-18,2025-12-26,Paid,0,3,0,11,0,7,62,0,1,SMB,3635681
CUST1252,INV009120,75947.42,2025-08-02,2025-09-01,,Overdue,367,2,0,19,0,2,69,1,0,SMB,2868907
CUST0640,INV009121,46042.61,2026-07-30,2026-08-29,2026-09-25,Paid,0,26,5,24,0,2,68,0,1,SMB,563313
CUST1791,INV009122,12241.03,2025-03-06,2025-04-05,2025-04-09,Paid,0,17,5,0,0,3,19,1,1,SMB,607242
CUST1499,INV009123,7646.0,2025-09-27,2025-11-11,,Overdue,296,12,3,19,1,7,16,0,0,SMB,158944
CUST1748,INV009124,12785.41,2026-06-21,2026-07-21,2026-07-28,Paid,0,5,1,5,0,0,22,0,1,SMB,2716981
CUST1775,INV009125,155384.31,2025-04-10,2025-04-25,2025-05-17,Paid,0,11,3,15,0,3,80,1,1,Mid-Market,4199287
CUST0207,INV009126,29193.34,2025-04-15,2025-05-30,2025-06-16,Paid,0,19,6,11,0,4,21,1,1,SMB,1354766
CUST1342,INV009127,184691.44,2025-05-11,2025-06-10,,Overdue,450,15,6,14,4,3,56,0,0,SMB,4241896
CUST1819,INV009128,19531.85,2026-01-24,2026-02-23,2026-03-06,Paid,0,7,2,17,0,3,60,0,1,Mid-Market,2141013
CUST1781,INV009129,17003.7,2025-11-17,2025-12-17,,Overdue,260,8,3,3,1,3,34,1,1,SMB,4280987
CUST0557,INV009130,20454.2,2026-03-14,2026-04-28,2026-05-09,Paid,0,10,3,15,1,5,69,0,1,SMB,391207
CUST1641,INV009131,20086.96,2025-01-19,2025-02-18,,Overdue,562,6,2,19,1,5,80,1,0,Mid-Market,3006151
CUST0348,INV009132,10161.38,2025-08-13,2025-09-12,,Overdue,356,28,11,8,0,5,66,0,0,SMB,1419277
CUST0793,INV009133,6982.43,2026-07-20,2026-08-19,,Overdue,15,21,6,2,1,4,13,0,0,Mid-Market,4931909
CUST0234,INV009134,36364.08,2026-04-05,2026-05-20,2026-05-20,Paid,0,15,2,0,1,6,78,0,1,SMB,771037
CUST1725,INV009135,63253.18,2026-01-29,2026-02-28,,Overdue,187,10,3,9,2,4,21,0,1,Mid-Market,4300167
CUST1068,INV009136,253972.51,2025-08-14,2025-09-13,2025-10-07,Paid,0,28,8,24,0,6,60,0,1,SMB,4639058
CUST1006,INV009137,14275.31,2025-12-26,2026-02-09,2026-02-19,Paid,0,21,8,8,1,2,68,0,1,Mid-Market,2572620
CUST0737,INV009138,15480.62,2026-03-06,2026-04-05,,Overdue,151,17,3,14,0,7,74,0,0,SMB,2094940
CUST0942,INV009139,10186.01,2025-01-15,2025-01-30,,Overdue,581,28,11,15,0,2,46,0,0,Mid-Market,4370614
CUST1166,INV009140,67895.66,2026-07-14,2026-08-28,,Overdue,6,22,6,26,1,4,16,1,1,Mid-Market,702755
CUST1672,INV009141,49761.03,2026-06-30,2026-07-30,,Overdue,35,6,4,0,1,7,55,0,0,Enterprise,2545389
CUST0176,INV009142,9164.25,2026-02-18,2026-04-04,2026-04-23,Paid,0,19,6,21,1,5,11,1,1,SMB,906047
CUST1678,INV009143,8935.63,2025-12-21,2026-01-20,2026-02-09,Paid,0,20,7,12,0,2,33,0,1,SMB,4659770
CUST0449,INV009144,57097.45,2026-04-02,2026-05-02,2026-05-23,Paid,0,20,4,21,1,3,86,0,1,SMB,1862375
CUST0592,INV009145,32312.07,2026-06-15,2026-07-15,2026-08-02,Paid,0,6,1,19,1,1,50,0,1,Mid-Market,1876525
CUST0082,INV009146,47022.84,2025-07-15,2025-08-14,,Overdue,385,14,4,6,0,7,52,0,0,Mid-Market,4868750
CUST0135,INV009147,9110.94,2025-04-25,2025-05-25,2025-06-16,Paid,0,24,5,27,1,5,75,0,1,Enterprise,1818967
CUST1743,INV009148,5000.0,2026-02-21,2026-04-07,,Overdue,149,28,12,29,0,7,62,0,0,Mid-Market,750033
CUST0856,INV009149,9182.32,2025-12-18,2026-01-17,,Overdue,229,13,3,24,2,5,41,0,0,SMB,3566144
CUST1201,INV009150,43816.54,2025-03-16,2025-04-30,2025-06-01,Paid,0,13,1,32,0,5,11,0,1,Mid-Market,1799736
CUST1407,INV009151,181871.92,2025-02-05,2025-03-07,,Overdue,545,9,2,10,1,1,7,0,0,Mid-Market,1183183
CUST1267,INV009152,14336.1,2025-08-30,2025-10-14,,Overdue,324,9,2,3,1,2,79,0,0,SMB,4230266
CUST1591,INV009153,214455.15,2025-03-04,2025-04-03,,Overdue,518,21,1,19,0,6,84,1,0,Mid-Market,669003
CUST1165,INV009154,50504.6,2026-05-24,2026-06-08,,Overdue,87,24,4,15,0,2,16,0,0,SMB,1605537
CUST1481,INV009155,5469.64,2025-07-07,2025-08-06,2025-08-22,Paid,0,29,1,18,0,0,29,0,1,Mid-Market,4900334
CUST0440,INV009156,27283.4,2025-04-03,2025-04-18,2025-04-22,Paid,0,8,2,6,0,3,5,1,1,SMB,4259738
CUST1080,INV009157,52259.36,2025-01-05,2025-02-04,,Overdue,576,10,2,30,0,3,85,0,0,Enterprise,1433875
CUST1551,INV009158,5000.0,2026-03-14,2026-04-13,,Overdue,143,20,3,14,0,0,64,1,0,Enterprise,1250532
CUST0697,INV009159,41959.12,2025-06-15,2025-08-14,2025-08-14,Paid,0,4,2,0,0,0,15,1,1,SMB,4446650
CUST1850,INV009160,71162.49,2026-03-22,2026-05-21,,Overdue,105,3,0,14,2,1,6,1,0,Mid-Market,3032202
CUST0419,INV009161,32822.45,2025-01-25,2025-03-11,,Overdue,541,13,4,18,1,3,49,0,0,Mid-Market,4465276
CUST0088,INV009162,20708.07,2026-05-23,2026-06-22,2026-07-02,Paid,0,21,6,3,1,3,87,0,1,Mid-Market,2680723
CUST1633,INV009163,18528.65,2025-04-08,2025-05-23,,Overdue,468,8,3,18,2,6,51,0,0,Mid-Market,2105845
CUST0656,INV009164,17477.64,2025-09-25,2025-10-25,2025-11-06,Paid,0,24,4,13,1,5,42,1,1,SMB,612621
CUST1032,INV009165,6795.53,2026-01-28,2026-02-27,,Overdue,188,9,4,1,2,4,65,0,0,Mid-Market,3331941
CUST1501,INV009166,11075.34,2026-08-19,2026-09-18,2026-09-25,Paid,0,14,3,5,1,7,5,0,1,Mid-Market,3927590
CUST0215,INV009167,14521.8,2025-10-12,2025-11-11,2025-11-25,Paid,0,1,0,13,1,3,73,0,1,Mid-Market,677220
CUST1709,INV009168,24673.73,2025-04-19,2025-05-04,,Overdue,487,14,4,12,0,1,79,0,0,Mid-Market,4159070
CUST1759,INV009169,12621.86,2025-01-27,2025-02-26,2025-02-26,Paid,0,12,5,0,0,1,24,0,1,SMB,1521926
CUST0552,INV009170,9236.06,2025-02-24,2025-03-11,2025-03-28,Paid,0,4,1,17,0,5,37,0,1,Enterprise,1466953
CUST1521,INV009171,47087.88,2025-05-13,2025-06-27,,Overdue,433,22,6,14,1,0,53,0,0,SMB,3649537
CUST1718,INV009172,31908.06,2025-02-21,2025-04-22,,Overdue,499,21,5,20,2,1,6,0,0,Mid-Market,3888187
CUST0503,INV009173,12845.78,2026-05-08,2026-06-07,2026-06-22,Paid,0,4,0,17,2,6,39,1,1,SMB,2878630
CUST1806,INV009174,36544.23,2025-10-25,2025-11-24,2025-12-07,Paid,0,13,4,9,0,1,75,0,1,Mid-Market,3461134
CUST0699,INV009175,14000.41,2026-02-03,2026-03-20,,Overdue,167,16,7,13,0,5,89,0,1,SMB,2331608
CUST0245,INV009176,23460.3,2026-08-14,2026-09-13,2026-10-13,Paid,0,11,2,36,0,4,62,0,1,SMB,4000511
CUST1502,INV009177,58398.42,2025-01-18,2025-03-19,2025-03-19,Paid,0,3,0,4,1,1,82,0,1,SMB,3765929
CUST0309,INV009178,12043.24,2026-07-13,2026-09-11,,Overdue,0,2,0,9,0,2,86,1,1,Mid-Market,4224482
CUST0231,INV009179,6819.82,2025-09-03,2025-10-03,,Overdue,335,25,9,4,0,2,60,1,0,Mid-Market,4827402
CUST1407,INV009180,19050.82,2026-05-18,2026-06-02,,Overdue,93,26,7,0,2,0,41,0,0,Mid-Market,1183183
CUST0155,INV009181,5633.77,2025-03-30,2025-05-29,,Overdue,462,3,0,8,1,3,78,0,0,Enterprise,338963
CUST1199,INV009182,16689.77,2025-07-22,2025-09-20,2025-10-07,Paid,0,20,5,10,1,3,10,0,1,Mid-Market,827567
CUST0848,INV009183,16636.64,2025-08-28,2025-09-27,,Overdue,341,17,3,4,1,4,81,1,0,Enterprise,1084186
CUST0115,INV009184,5000.0,2026-05-05,2026-05-20,,Overdue,106,1,0,38,0,1,70,0,1,Mid-Market,4513158
CUST1414,INV009185,37445.25,2025-01-13,2025-02-12,,Overdue,568,26,10,11,1,5,7,1,1,SMB,4768784
CUST0311,INV009186,18348.63,2025-11-11,2025-12-11,2025-12-13,Paid,0,25,8,2,1,1,5,0,1,SMB,138668
CUST0993,INV009187,71818.43,2025-07-17,2025-09-15,,Overdue,353,11,5,21,0,7,27,0,0,SMB,4517223
CUST0300,INV009188,27324.31,2025-08-31,2025-10-15,,Overdue,323,16,5,3,2,5,35,0,0,SMB,4736166
CUST1042,INV009189,45963.76,2026-05-22,2026-06-21,2026-07-02,Paid,0,20,5,10,1,1,55,0,1,Mid-Market,1691232
CUST0784,INV009190,72405.59,2025-02-12,2025-03-14,2025-03-14,Paid,0,10,2,0,0,1,17,1,1,SMB,1111404
CUST0012,INV009191,19308.16,2025-11-26,2026-01-10,2026-01-29,Paid,0,20,3,19,1,1,7,0,1,Enterprise,2459029
CUST1428,INV009192,22008.34,2026-08-14,2026-09-13,2026-09-27,Paid,0,6,1,18,1,2,61,0,1,Enterprise,823952
CUST1837,INV009193,5000.0,2026-03-05,2026-03-20,,Overdue,167,2,0,18,2,6,65,1,0,SMB,2936569
CUST1728,INV009194,76079.78,2025-06-11,2025-07-11,,Overdue,419,22,5,19,1,4,15,0,0,Enterprise,2642806
CUST0232,INV009195,19040.1,2026-03-11,2026-04-10,,Overdue,146,29,8,9,0,0,58,1,0,Mid-Market,4720817
CUST0955,INV009196,8056.78,2025-08-21,2025-10-05,,Overdue,333,7,1,20,0,0,49,0,0,SMB,803494
CUST1629,INV009197,46153.24,2025-04-21,2025-06-20,,Overdue,440,17,7,34,1,5,75,0,0,SMB,80257
CUST0730,INV009198,5000.0,2025-08-20,2025-09-19,2025-10-07,Paid,0,8,2,16,0,2,52,1,1,SMB,1572534
CUST1302,INV009199,14338.82,2025-09-30,2025-10-30,2025-11-08,Paid,0,13,2,12,2,1,26,0,1,Enterprise,1496250
CUST1377,INV009200,54628.5,2026-08-21,2026-09-20,2026-09-20,Paid,0,22,4,0,2,7,43,1,1,SMB,1637819
CUST1018,INV009201,14218.2,2025-02-10,2025-03-12,,Overdue,540,25,4,15,1,1,53,1,0,Mid-Market,4077902
CUST0999,INV009202,10743.73,2026-07-14,2026-08-28,,Overdue,6,29,12,3,3,7,56,0,1,Enterprise,187686
CUST0303,INV009203,14528.18,2026-04-11,2026-05-11,,Overdue,115,4,0,12,1,6,78,0,0,Mid-Market,2370715
CUST0541,INV009204,5000.0,2025-03-18,2025-05-17,2025-05-20,Paid,0,11,1,3,1,3,77,0,1,Enterprise,4638727
CUST0470,INV009205,45047.76,2026-05-05,2026-06-19,,Overdue,76,2,0,2,1,5,68,0,0,Enterprise,3375315
CUST0813,INV009206,19479.42,2025-04-27,2025-05-27,2025-06-06,Paid,0,25,5,11,1,0,33,0,1,SMB,429039
CUST0077,INV009207,16775.51,2026-03-10,2026-04-09,,Overdue,147,8,2,31,0,3,14,0,1,Mid-Market,3416823
CUST1020,INV009208,16836.95,2025-01-19,2025-02-18,2025-02-20,Paid,0,18,2,6,0,7,77,0,1,SMB,3353364
CUST1545,INV009209,22338.79,2026-07-25,2026-08-24,2026-08-24,Paid,0,8,1,2,0,7,17,0,1,Enterprise,984048
CUST0024,INV009210,42337.88,2025-07-15,2025-08-14,,Overdue,385,11,6,35,0,7,39,1,0,SMB,2142101
CUST1039,INV009211,20909.03,2026-03-27,2026-04-26,2026-05-04,Paid,0,24,7,7,1,5,48,1,1,SMB,4946799
CUST0676,INV009212,5644.09,2026-03-01,2026-04-30,2026-05-15,Paid,0,5,0,10,1,6,6,0,1,Enterprise,4649757
CUST0525,INV009213,39164.11,2026-01-29,2026-02-28,2026-03-18,Paid,0,7,2,11,1,0,22,0,1,Mid-Market,4422216
CUST0347,INV009214,36263.6,2025-10-11,2025-11-25,2025-12-14,Paid,0,23,4,17,1,3,87,1,1,Mid-Market,2922176
CUST0172,INV009215,27052.29,2025-02-03,2025-02-18,,Overdue,562,4,3,2,2,1,37,0,0,SMB,3897125
CUST1893,INV009216,64552.96,2025-10-22,2025-11-21,,Overdue,286,22,5,10,0,1,43,0,0,Mid-Market,2165226
CUST1351,INV009217,22705.87,2025-09-08,2025-10-08,2025-10-26,Paid,0,10,1,16,0,1,45,0,1,Enterprise,2082816
CUST0712,INV009218,66928.23,2025-12-05,2026-01-04,,Overdue,242,6,2,12,4,4,65,0,0,Mid-Market,2191912
CUST1509,INV009219,89968.15,2026-03-16,2026-04-15,2026-04-16,Paid,0,13,2,4,0,3,4,0,1,Mid-Market,1183387
CUST0489,INV009220,39431.21,2025-06-29,2025-07-29,2025-07-29,Paid,0,16,4,1,0,4,68,0,1,Enterprise,1386092
CUST1486,INV009221,10426.09,2025-08-16,2025-09-15,,Overdue,353,22,8,17,1,4,57,0,0,SMB,1294360
CUST0378,INV009222,19326.15,2025-01-23,2025-02-22,2025-03-02,Paid,0,25,5,8,2,3,34,0,1,SMB,3854409
CUST1612,INV009223,76027.93,2025-11-23,2026-01-07,,Overdue,239,2,0,25,1,1,30,1,0,Mid-Market,3862010
CUST1188,INV009224,5000.0,2025-06-03,2025-08-02,2025-08-14,Paid,0,26,4,11,0,6,39,0,1,SMB,4306146
CUST0372,INV009225,14884.06,2025-05-26,2025-07-10,,Overdue,420,24,7,17,0,2,79,0,0,SMB,4954948
CUST1597,INV009226,15631.37,2025-09-09,2025-09-24,,Overdue,344,15,2,18,2,6,39,0,0,SMB,3040193
CUST1000,INV009227,9272.32,2025-10-29,2025-12-28,,Overdue,249,8,1,16,1,6,72,0,0,SMB,2117636
CUST0977,INV009228,52726.79,2025-03-11,2025-05-10,,Overdue,481,17,6,4,3,5,17,0,0,Mid-Market,275391
CUST1448,INV009229,32106.54,2026-06-27,2026-08-11,,Overdue,23,27,4,21,2,0,12,0,1,Mid-Market,1756517
CUST0757,INV009230,10817.73,2025-04-03,2025-05-03,,Overdue,488,29,10,20,2,3,6,0,0,Mid-Market,1344315
CUST0477,INV009231,40356.71,2025-06-12,2025-07-12,2025-07-18,Paid,0,14,4,6,1,1,29,0,1,SMB,3928450
CUST0382,INV009232,18799.47,2025-03-22,2025-05-06,2025-05-14,Paid,0,18,3,7,0,4,14,0,1,Mid-Market,3379693
CUST0155,INV009233,9043.54,2026-08-11,2026-10-10,2026-10-19,Paid,0,29,5,14,0,1,1,0,1,Enterprise,338963
CUST0257,INV009234,10797.63,2025-03-04,2025-04-18,,Overdue,503,14,4,18,0,5,39,0,0,Enterprise,1214795
CUST1780,INV009235,34065.86,2026-03-12,2026-04-11,,Overdue,145,4,1,8,2,3,6,0,0,Mid-Market,1688846
CUST0674,INV009236,56331.54,2025-02-17,2025-03-19,,Overdue,533,21,6,14,0,3,44,0,0,Mid-Market,2634182
CUST0068,INV009237,13537.67,2026-03-21,2026-04-20,2026-04-20,Paid,0,21,6,5,0,7,41,0,1,Mid-Market,3899033
CUST0344,INV009238,37965.81,2025-03-15,2025-04-29,2025-05-11,Paid,0,22,5,11,0,0,32,0,1,SMB,4446720
CUST1301,INV009239,107125.27,2026-06-26,2026-07-11,2026-07-23,Paid,0,23,1,11,1,0,84,0,1,SMB,2953609
CUST0673,INV009240,6254.96,2025-06-06,2025-07-06,,Overdue,424,1,0,33,2,3,5,0,0,SMB,4581211
CUST0391,INV009241,31434.77,2026-05-02,2026-06-16,,Overdue,79,23,6,21,0,5,47,0,0,Enterprise,2705982
CUST1473,INV009242,50546.84,2025-09-23,2025-10-23,2025-10-25,Paid,0,6,2,11,0,0,17,1,1,Enterprise,1756826
CUST0259,INV009243,20027.27,2025-09-13,2025-09-28,,Overdue,340,5,0,13,0,4,33,0,0,Mid-Market,2727747
CUST0307,INV009244,75984.39,2025-02-08,2025-03-25,,Overdue,527,15,2,7,2,7,42,0,0,Mid-Market,3507550
CUST1871,INV009245,198558.1,2025-02-24,2025-03-26,,Overdue,526,16,6,9,2,1,23,0,0,Mid-Market,3550967
CUST1119,INV009246,31050.04,2025-01-28,2025-02-27,,Overdue,553,22,8,13,0,7,70,0,0,SMB,873759
CUST0950,INV009247,17438.06,2025-04-28,2025-06-12,,Overdue,448,27,12,7,0,2,50,0,0,Mid-Market,756673
CUST1488,INV009248,58511.75,2026-01-05,2026-02-19,,Overdue,196,8,1,16,1,1,29,1,0,Mid-Market,2599565
CUST0970,INV009249,51127.04,2025-07-28,2025-09-26,,Overdue,342,29,4,16,3,5,64,1,0,SMB,678889
CUST0246,INV009250,5000.0,2026-08-10,2026-09-09,,Overdue,0,28,7,36,2,7,4,0,1,Enterprise,2872136
CUST0733,INV009251,21966.29,2026-07-31,2026-08-30,,Overdue,4,6,1,0,1,1,7,0,0,Mid-Market,4725112
CUST1659,INV009252,14844.73,2026-07-12,2026-08-26,2026-08-30,Paid,0,5,0,9,0,3,79,0,1,SMB,1597419
CUST0187,INV009253,32751.55,2025-11-12,2025-12-12,,Overdue,265,6,2,5,3,5,62,0,0,Mid-Market,4679375
CUST1798,INV009254,18148.47,2026-01-28,2026-02-27,2026-02-27,Paid,0,25,5,0,1,2,59,1,1,SMB,1693909
CUST0925,INV009255,20228.02,2026-03-20,2026-04-19,,Overdue,137,28,4,16,1,0,21,1,0,SMB,4206004
CUST0785,INV009256,9290.87,2025-09-16,2025-10-16,,Overdue,322,1,0,10,0,6,16,0,0,SMB,3030248
CUST1397,INV009257,45914.18,2025-07-17,2025-08-16,,Overdue,383,14,3,19,1,0,70,0,1,SMB,1659184
CUST1596,INV009258,115271.12,2026-03-21,2026-04-20,,Overdue,136,19,5,20,0,6,13,1,0,Mid-Market,2574055
CUST1430,INV009259,9436.38,2026-07-24,2026-08-23,2026-08-23,Paid,0,19,1,3,1,1,8,0,1,Enterprise,4670792
CUST0408,INV009260,5447.68,2026-08-05,2026-10-04,2026-10-11,Paid,0,25,5,8,0,3,61,0,1,SMB,2849131
CUST1149,INV009261,22471.5,2025-11-01,2025-12-01,,Overdue,276,15,6,25,1,2,3,1,0,Enterprise,533455
CUST1361,INV009262,21404.24,2025-12-05,2026-01-04,2026-01-04,Paid,0,19,5,0,0,3,46,0,1,Enterprise,4479899
CUST0341,INV009263,71035.34,2026-06-13,2026-07-13,2026-07-22,Paid,0,6,3,8,3,2,62,0,1,SMB,3422455
CUST0563,INV009264,6443.36,2025-02-23,2025-03-25,,Overdue,527,25,8,12,0,5,23,0,0,SMB,4804896
CUST1202,INV009265,12862.16,2025-04-22,2025-06-21,2025-06-28,Paid,0,26,8,6,1,2,8,1,1,SMB,1620234
CUST0651,INV009266,5000.0,2026-02-23,2026-04-09,2026-04-26,Paid,0,5,2,9,1,0,20,1,1,SMB,1734532
CUST0952,INV009267,87114.94,2025-11-01,2025-12-16,,Overdue,261,26,2,25,1,1,30,0,0,Mid-Market,1778665
CUST1863,INV009268,28297.95,2026-03-14,2026-05-13,,Overdue,113,16,4,22,2,0,75,0,0,SMB,3507521
CUST1194,INV009269,13857.29,2025-03-26,2025-05-25,,Overdue,466,27,11,0,1,3,54,1,0,Mid-Market,2916069
CUST1063,INV009270,5870.7,2026-06-08,2026-07-08,2026-07-19,Paid,0,9,1,21,0,0,20,0,1,Mid-Market,4834808
CUST0069,INV009271,6435.11,2025-09-09,2025-10-09,2025-10-16,Paid,0,25,7,14,0,1,2,0,1,SMB,1487188
CUST1260,INV009272,33331.79,2025-05-06,2025-06-05,,Overdue,455,15,5,20,0,4,17,0,0,Mid-Market,2270182
CUST1584,INV009273,7277.73,2026-02-09,2026-03-11,,Overdue,176,22,9,24,0,0,15,1,0,SMB,1003122
CUST0381,INV009274,24440.71,2025-10-31,2025-12-15,,Overdue,262,8,3,16,1,3,65,0,0,SMB,1570982
CUST0057,INV009275,169896.53,2025-01-28,2025-02-27,,Overdue,553,25,7,29,1,1,69,1,0,SMB,2953030
CUST1301,INV009276,15559.28,2025-09-23,2025-10-23,,Overdue,315,25,7,26,0,7,69,0,0,SMB,2953609
CUST0850,INV009277,8421.6,2025-02-21,2025-03-23,2025-04-21,Paid,0,8,1,27,2,3,72,0,1,Mid-Market,606718
CUST1123,INV009278,32273.68,2026-05-26,2026-06-25,,Overdue,70,29,5,10,0,5,68,0,1,Enterprise,1185627
CUST0916,INV009279,6465.32,2025-07-26,2025-08-25,2025-09-13,Paid,0,4,3,14,0,2,43,0,1,SMB,189227
CUST1551,INV009280,123005.52,2026-07-28,2026-09-11,,Overdue,0,24,10,11,3,1,12,1,1,Enterprise,1250532
CUST0325,INV009281,89645.62,2026-05-26,2026-06-25,2026-06-30,Paid,0,2,0,5,2,2,83,0,1,Enterprise,1084586
CUST0461,INV009282,18691.58,2026-07-07,2026-09-05,2026-10-02,Paid,0,16,4,23,0,1,22,0,1,SMB,4812606
CUST0179,INV009283,8979.57,2025-07-20,2025-09-03,,Overdue,365,3,1,18,0,4,70,0,0,Enterprise,1456368
CUST0844,INV009284,14389.16,2025-10-11,2025-11-10,,Overdue,297,9,2,6,0,7,20,0,0,Enterprise,2104410
CUST0574,INV009285,16388.49,2025-12-23,2026-01-22,,Overdue,224,26,9,16,2,4,15,1,0,Mid-Market,2249391
CUST0119,INV009286,32324.06,2025-02-16,2025-04-02,2025-04-02,Paid,0,4,1,0,3,1,8,0,1,Enterprise,2083901
CUST1493,INV009287,62294.74,2025-05-17,2025-07-01,2025-07-01,Paid,0,2,1,0,0,2,37,0,1,SMB,956450
CUST0549,INV009288,7812.56,2025-05-10,2025-06-09,,Overdue,451,19,6,15,1,5,28,0,0,Mid-Market,3120771
CUST0646,INV009289,60530.92,2025-07-14,2025-08-13,,Overdue,386,23,10,29,4,2,11,1,0,Enterprise,1913462
CUST1479,INV009290,40850.96,2025-12-30,2026-01-29,2026-02-04,Paid,0,25,7,6,1,3,70,0,1,Mid-Market,2320463
CUST0026,INV009291,13256.07,2026-03-08,2026-04-07,2026-04-12,Paid,0,15,3,10,0,1,27,1,1,Mid-Market,1506081
CUST1514,INV009292,7430.05,2025-03-10,2025-05-09,,Overdue,482,7,3,3,1,2,42,0,0,SMB,345866
CUST1032,INV009293,24741.39,2026-04-03,2026-05-03,,Overdue,123,8,1,12,1,1,75,0,0,Mid-Market,3331941
CUST0969,INV009294,7634.34,2026-06-24,2026-07-24,,Overdue,41,3,2,8,0,4,83,0,1,Mid-Market,4963478
CUST1540,INV009295,61308.93,2025-12-01,2025-12-31,2026-01-09,Paid,0,23,2,12,1,2,76,0,1,Mid-Market,4713062
CUST0533,INV009296,7158.94,2026-06-10,2026-07-25,2026-07-27,Paid,0,15,4,2,1,2,81,0,1,Enterprise,289779
CUST1951,INV009297,38089.97,2026-07-12,2026-08-26,,Overdue,8,1,0,10,2,4,8,0,0,SMB,4981767
CUST0149,INV009298,20320.46,2025-01-16,2025-02-15,2025-02-18,Paid,0,16,3,4,0,7,59,0,1,SMB,4277995
CUST1512,INV009299,12573.86,2026-04-01,2026-05-01,2026-05-01,Paid,0,28,7,0,2,5,60,0,1,Mid-Market,2688439
CUST1049,INV009300,19874.02,2026-05-25,2026-06-24,2026-07-12,Paid,0,22,3,19,0,3,62,0,1,Enterprise,3579921
CUST0655,INV009301,64859.79,2025-07-28,2025-08-27,2025-09-19,Paid,0,3,3,15,0,1,19,0,1,SMB,4906854
CUST1781,INV009302,6685.81,2025-06-07,2025-08-06,2025-08-22,Paid,0,2,1,12,1,1,43,0,1,SMB,4280987
CUST1955,INV009303,14586.38,2025-12-03,2026-01-02,2026-01-25,Paid,0,15,5,16,1,1,60,0,1,Enterprise,4861671
CUST0945,INV009304,10386.44,2025-08-29,2025-09-13,2025-09-13,Paid,0,4,3,0,0,6,51,1,1,SMB,4112224
CUST0555,INV009305,21192.08,2025-02-27,2025-03-29,2025-05-05,Paid,0,27,8,26,0,1,84,0,1,Enterprise,471280
CUST0425,INV009306,11106.87,2025-11-01,2025-12-01,2025-12-18,Paid,0,14,2,11,1,5,64,0,1,SMB,4251765
CUST0293,INV009307,5000.0,2025-12-11,2026-01-10,,Overdue,236,9,3,23,0,0,66,0,0,Mid-Market,4950164
CUST1209,INV009308,7668.39,2025-01-14,2025-02-13,2025-02-20,Paid,0,22,6,0,1,4,70,0,1,SMB,4044420
CUST0554,INV009309,113295.53,2025-12-25,2026-01-09,2026-01-16,Paid,0,28,6,9,0,6,48,0,1,Mid-Market,4172186
CUST0431,INV009310,28190.16,2026-01-12,2026-03-13,,Overdue,174,9,2,30,0,7,18,0,1,SMB,1829685
CUST0604,INV009311,27237.83,2025-08-31,2025-09-30,,Overdue,338,14,4,20,1,6,20,1,0,SMB,1218932
CUST0317,INV009312,16603.81,2025-05-25,2025-06-24,,Overdue,436,15,3,0,1,3,73,0,0,SMB,2820742
CUST0398,INV009313,20918.19,2026-02-19,2026-03-21,2026-04-06,Paid,0,24,4,18,3,4,67,0,1,SMB,2480721
CUST1348,INV009314,14331.11,2026-01-29,2026-02-28,2026-03-10,Paid,0,5,1,6,0,7,40,0,1,SMB,3188102
CUST1589,INV009315,37306.71,2025-12-24,2026-01-23,2026-01-23,Paid,0,24,4,0,3,1,18,0,1,SMB,164589
CUST0596,INV009316,24362.71,2026-07-30,2026-08-14,2026-08-24,Paid,0,2,1,6,1,6,12,1,1,SMB,2231913
CUST0546,INV009317,6827.62,2025-06-07,2025-06-22,2025-07-09,Paid,0,24,7,13,0,0,83,1,1,SMB,1589600
CUST0076,INV009318,28388.08,2025-01-18,2025-02-17,,Overdue,563,17,4,13,0,0,26,0,0,Mid-Market,2240421
CUST0865,INV009319,5000.0,2026-07-15,2026-08-14,,Overdue,20,11,5,3,0,4,33,0,0,SMB,2642316
CUST1944,INV009320,33318.2,2026-07-22,2026-08-06,2026-08-11,Paid,0,13,3,10,1,7,6,1,1,Mid-Market,2572919
CUST0916,INV009321,5381.07,2025-12-13,2026-02-11,,Overdue,204,12,3,2,1,2,58,1,0,SMB,189227
CUST0709,INV009322,20009.15,2025-02-27,2025-03-29,,Overdue,523,3,1,11,0,6,57,0,0,SMB,805612
CUST0486,INV009323,6669.98,2025-06-04,2025-07-04,,Overdue,426,23,3,16,0,5,9,1,0,Enterprise,3130977
CUST1822,INV009324,22088.74,2026-07-21,2026-08-20,,Overdue,14,20,5,0,1,3,10,0,0,SMB,922834
CUST1112,INV009325,39272.45,2026-05-02,2026-05-17,2026-05-18,Paid,0,13,1,0,0,6,44,1,1,SMB,2537111
CUST0747,INV009326,98995.24,2026-06-15,2026-07-30,,Overdue,35,15,2,6,2,7,53,0,1,SMB,388540
CUST1256,INV009327,5000.0,2026-05-02,2026-06-01,,Overdue,94,11,4,17,1,0,27,1,0,SMB,3286904
CUST1031,INV009328,58423.47,2025-05-31,2025-06-15,2025-06-15,Paid,0,16,3,0,1,5,81,0,1,SMB,1518919
CUST1828,INV009329,25113.3,2025-12-25,2026-01-24,,Overdue,222,7,0,20,1,1,52,0,0,Enterprise,1082499
CUST0550,INV009330,14035.33,2026-01-03,2026-01-18,,Overdue,228,1,0,0,2,6,84,1,0,Mid-Market,1193647
CUST0976,INV009331,47091.91,2025-02-16,2025-03-18,2025-03-25,Paid,0,23,7,2,0,2,64,0,1,SMB,3369151
CUST1076,INV009332,17397.38,2025-07-26,2025-08-25,,Overdue,374,19,5,8,2,6,54,0,0,SMB,3542963
CUST1679,INV009333,45140.29,2026-03-26,2026-04-25,,Overdue,131,18,7,6,0,6,13,0,0,SMB,1314134
CUST0942,INV009334,8165.97,2026-04-28,2026-05-13,2026-05-18,Paid,0,9,4,4,2,3,31,0,1,Mid-Market,4370614
CUST0919,INV009335,11696.01,2026-07-24,2026-09-22,,Overdue,0,18,5,0,1,7,81,0,1,Mid-Market,331854
CUST1420,INV009336,56590.71,2025-05-23,2025-06-22,,Overdue,438,3,1,0,3,1,49,0,0,Enterprise,4910319
CUST1245,INV009337,97285.04,2026-02-04,2026-03-06,2026-03-27,Paid,0,3,0,20,2,4,75,0,1,Mid-Market,3911774
CUST1452,INV009338,21268.2,2025-04-07,2025-05-22,2025-06-06,Paid,0,4,1,12,0,5,27,0,1,Mid-Market,3251208
CUST1776,INV009339,5000.0,2025-02-16,2025-04-02,,Overdue,519,16,8,29,0,0,13,0,0,SMB,1654243
CUST1167,INV009340,18050.9,2025-07-10,2025-08-09,2025-08-15,Paid,0,11,4,12,1,4,46,0,1,Mid-Market,3716344
CUST1885,INV009341,22752.4,2025-05-20,2025-07-04,,Overdue,426,23,5,16,1,2,51,0,0,SMB,2871839
CUST0363,INV009342,17452.3,2025-08-19,2025-09-18,,Overdue,350,23,9,26,2,0,43,0,0,SMB,2458630
CUST0382,INV009343,30832.93,2025-12-06,2026-01-05,,Overdue,241,15,5,18,2,7,79,0,0,Mid-Market,3379693
CUST1585,INV009344,13671.79,2026-05-06,2026-06-20,2026-07-02,Paid,0,9,0,8,0,1,86,0,1,Enterprise,4093763
CUST1301,INV009345,50963.8,2025-02-18,2025-04-19,2025-04-25,Paid,0,26,8,7,0,2,89,0,1,SMB,2953609
CUST0271,INV009346,6858.79,2026-03-29,2026-04-28,,Overdue,128,8,5,15,1,3,19,0,0,Mid-Market,1608242
CUST1038,INV009347,75875.47,2025-11-12,2025-12-12,,Overdue,265,22,4,17,0,5,29,0,0,Mid-Market,1495065
CUST0298,INV009348,103785.22,2025-11-18,2026-01-02,2026-01-13,Paid,0,6,1,16,1,1,87,1,1,SMB,362023
CUST1004,INV009349,8839.1,2025-03-28,2025-04-12,,Overdue,509,21,6,10,0,6,83,0,0,Mid-Market,3364344
CUST1488,INV009350,8834.33,2026-04-19,2026-06-18,2026-07-01,Paid,0,18,2,8,0,3,67,0,1,Mid-Market,2599565
CUST1551,INV009351,33212.96,2025-10-09,2025-11-08,,Overdue,299,6,2,17,2,0,19,0,0,Enterprise,1250532
CUST0234,INV009352,6719.57,2025-03-15,2025-04-14,2025-04-20,Paid,0,6,1,11,0,3,13,0,1,SMB,771037
CUST0575,INV009353,13458.92,2026-03-29,2026-04-28,2026-04-28,Paid,0,12,3,0,2,5,88,0,1,Enterprise,685719
CUST1732,INV009354,66338.58,2025-02-16,2025-03-18,,Overdue,534,5,2,5,1,0,38,0,0,Mid-Market,328495
CUST0027,INV009355,46055.7,2026-08-11,2026-09-10,2026-09-10,Paid,0,14,5,1,0,3,35,0,1,SMB,165359
CUST1495,INV009356,159563.36,2025-04-06,2025-05-06,,Overdue,485,6,0,16,1,4,33,0,0,Mid-Market,332140
CUST0093,INV009357,26128.56,2025-01-31,2025-03-02,,Overdue,550,21,7,5,1,5,45,1,0,Mid-Market,2951717
CUST0617,INV009358,11958.07,2026-06-18,2026-08-02,,Overdue,32,27,6,34,1,4,57,0,1,SMB,4606766
CUST0309,INV009359,23184.6,2025-01-17,2025-02-16,,Overdue,564,28,13,17,0,2,49,0,0,Mid-Market,4224482
CUST0052,INV009360,18947.2,2025-07-31,2025-08-30,,Overdue,369,20,4,28,2,7,66,0,1,Mid-Market,141006
CUST0319,INV009361,19214.93,2025-08-23,2025-09-07,,Overdue,361,19,5,28,0,5,83,0,0,SMB,3632299
CUST1993,INV009362,21508.35,2026-01-27,2026-02-26,,Overdue,189,14,3,9,0,5,39,0,0,Mid-Market,1523300
CUST0181,INV009363,8675.28,2025-12-20,2026-01-19,,Overdue,227,1,0,23,1,7,47,0,0,SMB,4615537
CUST1593,INV009364,29208.58,2025-11-01,2025-12-31,2026-01-06,Paid,0,27,5,13,0,3,33,1,1,SMB,556453
CUST1144,INV009365,5384.81,2026-08-22,2026-10-06,,Overdue,0,20,8,24,1,0,50,1,0,Mid-Market,4728083
CUST1844,INV009366,10755.51,2026-07-04,2026-08-18,,Overdue,16,29,8,0,0,1,66,0,1,Mid-Market,3299479
CUST0875,INV009367,19557.64,2026-07-19,2026-08-03,,Overdue,31,25,10,15,2,0,33,0,1,SMB,1034156
CUST1067,INV009368,5000.0,2026-06-24,2026-08-08,,Overdue,26,23,7,16,1,7,49,1,0,SMB,4672580
CUST0647,INV009369,47524.07,2026-08-12,2026-09-11,2026-09-29,Paid,0,7,1,26,0,4,71,1,1,Mid-Market,704224
CUST1909,INV009370,5000.0,2026-05-24,2026-06-23,2026-06-28,Paid,0,7,0,1,0,7,10,1,1,SMB,267314
CUST1962,INV009371,43027.2,2026-01-30,2026-03-01,,Overdue,186,14,3,9,1,5,28,1,1,SMB,3992863
CUST1284,INV009372,6046.23,2026-03-07,2026-04-06,,Overdue,150,20,10,14,2,1,89,0,0,SMB,4645130
CUST0197,INV009373,14692.34,2026-07-16,2026-08-15,,Overdue,19,16,6,16,1,3,44,0,0,Mid-Market,3401463
CUST0645,INV009374,37016.93,2025-06-26,2025-07-26,,Overdue,404,12,5,31,0,5,13,0,0,SMB,2380229
CUST0971,INV009375,198419.65,2026-02-10,2026-02-25,,Overdue,190,23,6,15,1,5,29,0,0,Mid-Market,2417108
CUST0255,INV009376,24746.81,2025-10-28,2025-11-12,2025-11-23,Paid,0,11,1,17,0,7,40,0,1,SMB,2588568
CUST0732,INV009377,5000.0,2026-03-21,2026-05-05,,Overdue,121,18,1,21,1,4,9,1,0,Mid-Market,2565967
CUST0336,INV009378,57164.89,2025-05-07,2025-07-06,,Overdue,424,12,4,14,1,7,29,0,0,SMB,4904042
CUST1577,INV009379,17467.23,2025-12-15,2026-01-29,,Overdue,217,24,4,5,2,3,4,0,0,SMB,2484138
CUST1526,INV009380,23621.36,2025-01-21,2025-02-20,2025-02-22,Paid,0,10,1,4,0,4,81,0,1,SMB,257352
CUST0990,INV009381,38478.81,2026-02-24,2026-03-11,,Overdue,176,24,7,20,2,7,81,0,0,Mid-Market,851955
CUST0900,INV009382,5000.0,2025-06-01,2025-06-16,2025-06-22,Paid,0,25,1,10,1,3,19,0,1,SMB,1519793
CUST1279,INV009383,22170.92,2025-06-09,2025-07-09,,Overdue,421,5,2,1,1,7,48,0,0,SMB,2632153
CUST0514,INV009384,14622.34,2026-04-25,2026-06-24,2026-06-28,Paid,0,26,5,2,1,4,67,0,1,Enterprise,1722795
CUST1731,INV009385,74744.8,2026-03-19,2026-04-18,2026-05-02,Paid,0,24,5,13,1,7,42,0,1,SMB,763340
CUST0242,INV009386,45574.96,2025-04-06,2025-05-21,2025-05-31,Paid,0,2,0,18,0,2,82,0,1,Enterprise,513001
CUST0149,INV009387,5000.0,2025-12-18,2026-02-01,,Overdue,214,10,4,20,1,0,85,0,0,SMB,4277995
CUST1734,INV009388,77856.75,2025-03-16,2025-04-15,2025-05-02,Paid,0,26,6,14,0,0,58,0,1,SMB,881257
CUST1323,INV009389,34527.97,2026-08-17,2026-10-16,,Overdue,0,24,4,0,2,6,88,0,1,Enterprise,2072784
CUST0757,INV009390,5000.0,2025-12-25,2026-01-24,2026-01-31,Paid,0,26,3,5,0,3,59,0,1,Mid-Market,1344315
CUST1874,INV009391,23289.39,2025-05-13,2025-06-12,,Overdue,448,16,8,0,2,7,16,0,0,Mid-Market,1980440
CUST0620,INV009392,61996.06,2026-02-04,2026-04-05,,Overdue,151,25,7,27,1,3,60,0,0,Mid-Market,1864188
CUST0453,INV009393,6541.72,2025-05-19,2025-06-18,2025-06-18,Paid,0,6,2,0,0,1,67,0,1,SMB,857744
CUST1417,INV009394,87341.18,2025-09-03,2025-10-03,,Overdue,335,6,1,15,1,1,17,0,0,SMB,2998632
CUST0212,INV009395,5000.0,2025-10-18,2025-11-17,,Overdue,290,20,5,20,0,0,64,0,0,Mid-Market,2996862
CUST0668,INV009396,9984.34,2025-04-22,2025-06-06,,Overdue,454,29,9,19,1,7,33,0,0,SMB,3438445
CUST1562,INV009397,8579.48,2025-06-19,2025-07-04,,Overdue,426,24,8,32,1,0,71,1,0,SMB,3798294
CUST0594,INV009398,87284.98,2026-08-22,2026-10-21,,Overdue,0,23,3,4,0,2,22,1,1,SMB,1388530
CUST1619,INV009399,13480.29,2025-08-28,2025-09-12,,Overdue,356,12,5,7,0,3,7,0,1,Mid-Market,4983842
CUST0131,INV009400,6885.57,2025-12-03,2026-01-02,2026-01-07,Paid,0,9,3,0,0,3,5,0,1,SMB,2010155
CUST1353,INV009401,34379.33,2025-05-18,2025-06-17,,Overdue,443,17,4,13,1,0,13,0,0,SMB,1121984
CUST0612,INV009402,42667.0,2026-08-17,2026-09-16,2026-09-16,Paid,0,10,2,3,2,3,10,0,1,Mid-Market,3116983
CUST0256,INV009403,42939.01,2025-08-24,2025-09-23,2025-10-07,Paid,0,8,3,20,1,1,14,1,1,Mid-Market,323146
CUST1503,INV009404,16792.05,2025-01-03,2025-03-04,,Overdue,548,24,8,5,0,3,71,0,1,SMB,2008691
CUST0561,INV009405,28411.07,2026-07-25,2026-09-08,,Overdue,0,9,1,15,2,1,31,1,1,Mid-Market,4087106
CUST1937,INV009406,11496.14,2025-04-26,2025-06-10,,Overdue,450,7,2,29,2,7,4,1,0,SMB,276256
CUST0063,INV009407,117571.47,2026-04-17,2026-05-17,,Overdue,109,25,10,4,1,4,48,0,0,Mid-Market,2989302
CUST1335,INV009408,69161.88,2025-05-11,2025-05-26,,Overdue,465,10,3,25,0,3,63,0,0,Enterprise,3867042
CUST0407,INV009409,65052.95,2026-04-28,2026-05-13,,Overdue,113,24,10,0,0,4,4,1,0,SMB,156022
CUST0802,INV009410,48733.21,2026-02-05,2026-03-07,,Overdue,180,25,8,16,0,6,78,0,0,SMB,79336
CUST1129,INV009411,37039.25,2025-07-20,2025-09-03,,Overdue,365,25,6,16,1,7,79,0,0,SMB,331696
CUST1641,INV009412,6346.37,2025-10-19,2025-11-18,2025-11-29,Paid,0,1,0,9,0,6,57,1,1,Mid-Market,3006151
CUST1861,INV009413,41493.88,2025-12-08,2026-01-22,,Overdue,224,19,6,19,1,0,35,0,0,Mid-Market,1328673
CUST0015,INV009414,24692.76,2025-08-04,2025-09-03,,Overdue,365,22,7,15,1,3,14,0,0,SMB,1812999
CUST1711,INV009415,77914.25,2026-08-08,2026-09-07,,Overdue,0,28,8,16,1,6,77,0,1,SMB,2559907
CUST0259,INV009416,49385.85,2026-01-01,2026-03-02,2026-03-12,Paid,0,11,5,6,0,5,24,0,1,Mid-Market,2727747
CUST0723,INV009417,38191.97,2026-04-14,2026-06-13,,Overdue,82,23,5,8,0,5,23,0,1,SMB,3032410
CUST1436,INV009418,5000.0,2026-02-22,2026-04-23,,Overdue,133,20,7,22,0,2,53,0,0,SMB,2380344
CUST1283,INV009419,20150.8,2025-01-27,2025-03-13,2025-03-19,Paid,0,10,3,2,0,5,80,0,1,Mid-Market,3134562
CUST0614,INV009420,12608.26,2026-03-31,2026-05-15,2026-05-15,Paid,0,2,1,6,1,5,27,0,1,SMB,2168433
CUST1284,INV009421,28349.54,2026-08-03,2026-10-02,,Overdue,0,14,4,0,0,7,85,1,1,SMB,4645130
CUST1880,INV009422,14536.99,2025-01-14,2025-02-28,,Overdue,552,12,5,11,0,5,8,1,0,Mid-Market,2964611
CUST1695,INV009423,16714.87,2025-04-08,2025-06-07,,Overdue,453,4,1,33,0,5,33,1,0,SMB,4856546
CUST1069,INV009424,34857.86,2025-10-06,2025-10-21,2025-11-12,Paid,0,22,3,17,3,2,17,0,1,SMB,4547968
CUST1979,INV009425,14297.81,2026-05-05,2026-07-04,2026-07-13,Paid,0,13,4,0,0,5,58,1,1,Enterprise,1210152
CUST0813,INV009426,24874.33,2025-07-26,2025-08-25,,Overdue,374,20,6,26,1,4,62,0,0,SMB,429039
CUST1787,INV009427,5000.0,2025-08-21,2025-09-20,,Overdue,348,28,8,2,0,6,78,1,0,Mid-Market,2432865
CUST0331,INV009428,9581.59,2026-07-27,2026-08-26,,Overdue,8,10,3,21,1,7,30,0,0,SMB,4207137
CUST0165,INV009429,42448.36,2026-08-20,2026-10-19,2026-10-22,Paid,0,2,0,11,1,2,46,0,1,SMB,1077557
CUST1217,INV009430,6436.94,2025-08-27,2025-09-26,,Overdue,342,25,10,17,1,1,17,0,0,SMB,1872744
CUST1545,INV009431,76551.97,2025-09-07,2025-11-06,,Overdue,301,17,3,23,2,0,67,0,0,Enterprise,984048
CUST1425,INV009432,58360.78,2026-08-06,2026-09-05,,Overdue,0,10,2,0,2,5,57,0,1,Enterprise,92056
CUST1398,INV009433,16844.34,2026-08-20,2026-09-19,,Overdue,0,23,5,9,1,5,6,0,1,SMB,4848793
CUST1089,INV009434,441853.7,2025-11-02,2025-12-02,,Overdue,275,16,6,20,0,6,56,1,0,Enterprise,1711655
CUST0387,INV009435,76351.55,2026-04-08,2026-05-08,,Overdue,118,9,3,10,1,1,89,0,0,SMB,3635681
CUST1519,INV009436,8524.68,2025-08-24,2025-09-23,2025-10-01,Paid,0,19,5,6,0,0,70,0,1,SMB,2986537
CUST1818,INV009437,46451.97,2025-10-18,2025-12-02,2025-12-12,Paid,0,11,1,11,0,7,50,0,1,Mid-Market,1866760
CUST1717,INV009438,23526.04,2025-02-08,2025-02-23,2025-03-04,Paid,0,6,1,7,0,2,67,1,1,SMB,1284215
CUST1439,INV009439,10130.32,2025-07-02,2025-07-17,,Overdue,413,25,6,8,1,0,35,1,0,SMB,3469548
CUST1818,INV009440,7555.95,2025-01-30,2025-02-14,,Overdue,566,25,4,26,0,5,19,0,0,Mid-Market,1866760
CUST1815,INV009441,59569.16,2026-01-23,2026-03-24,,Overdue,163,4,1,8,2,1,75,0,0,SMB,789574
CUST1054,INV009442,12113.24,2025-05-23,2025-06-22,2025-07-15,Paid,0,16,3,26,1,7,15,0,1,Mid-Market,4656976
CUST1290,INV009443,19893.01,2026-02-23,2026-03-25,2026-04-17,Paid,0,12,4,23,0,4,37,1,1,SMB,476674
CUST0328,INV009444,8768.97,2025-03-15,2025-04-14,,Overdue,507,24,8,17,1,4,31,0,0,Mid-Market,2711637
CUST1516,INV009445,10423.75,2025-02-24,2025-04-10,,Overdue,511,24,6,6,1,3,55,0,0,SMB,4442541
CUST1241,INV009446,19400.82,2026-07-26,2026-08-10,2026-08-26,Paid,0,27,6,15,2,5,86,0,1,Enterprise,1411236
CUST0320,INV009447,32473.59,2025-01-24,2025-02-23,2025-03-02,Paid,0,16,1,13,2,1,71,0,1,SMB,3095915
CUST1942,INV009448,5000.0,2025-01-22,2025-03-08,2025-03-19,Paid,0,23,6,6,2,1,1,0,1,SMB,2898439
CUST0399,INV009449,22402.32,2026-03-04,2026-05-03,,Overdue,123,22,7,13,2,6,54,1,1,Mid-Market,2643726
CUST1915,INV009450,10445.0,2025-02-01,2025-03-03,,Overdue,549,3,1,7,3,4,85,0,0,SMB,2126775
CUST0105,INV009451,89533.01,2025-12-05,2026-01-04,2026-01-31,Paid,0,12,3,31,0,7,34,0,1,Enterprise,3653110
CUST0696,INV009452,417797.71,2026-05-30,2026-06-29,2026-07-02,Paid,0,15,2,1,1,2,72,1,1,Mid-Market,3739024
CUST1017,INV009453,15378.43,2026-05-27,2026-07-26,,Overdue,39,20,2,19,1,4,27,0,0,SMB,258859
CUST0330,INV009454,5000.0,2025-03-11,2025-04-10,2025-04-24,Paid,0,12,1,12,1,3,43,1,1,SMB,2134504
CUST0660,INV009455,24757.33,2025-03-29,2025-04-28,2025-05-21,Paid,0,9,1,20,0,3,87,1,1,Mid-Market,4244463
CUST1641,INV009456,17936.1,2026-07-25,2026-08-24,,Overdue,10,10,1,20,2,1,16,1,0,Mid-Market,3006151
CUST1071,INV009457,158158.13,2025-08-07,2025-10-06,2025-10-24,Paid,0,23,4,23,0,1,78,1,1,SMB,4917951
CUST0599,INV009458,116609.89,2026-08-12,2026-09-26,2026-10-12,Paid,0,27,8,8,1,3,25,0,1,SMB,2813398
CUST0821,INV009459,52332.61,2025-09-27,2025-11-11,2025-11-11,Paid,0,8,1,0,0,1,69,0,1,Mid-Market,4421047
CUST1973,INV009460,12250.3,2025-03-19,2025-04-18,,Overdue,503,13,4,38,3,5,3,1,0,SMB,689104
CUST0641,INV009461,43380.55,2026-08-15,2026-09-14,2026-09-17,Paid,0,22,5,9,0,0,68,0,1,SMB,3981586
CUST1794,INV009462,28710.16,2025-01-10,2025-02-09,,Overdue,571,15,5,0,0,7,75,1,0,Mid-Market,4353677
CUST0314,INV009463,28038.2,2026-04-13,2026-05-13,,Overdue,113,28,5,15,0,3,72,0,0,Enterprise,1974914
CUST1171,INV009464,5000.0,2025-12-02,2026-01-31,,Overdue,215,17,1,11,1,3,59,1,0,Mid-Market,2645834
CUST1982,INV009465,63690.8,2025-07-05,2025-08-04,,Overdue,395,27,4,20,0,1,61,0,0,Mid-Market,3273253
CUST0462,INV009466,24533.83,2026-06-30,2026-07-30,,Overdue,35,12,6,12,3,0,86,0,0,Mid-Market,3076394
CUST1608,INV009467,19913.61,2025-05-01,2025-06-30,2025-07-19,Paid,0,16,4,25,0,7,15,1,1,Mid-Market,4211603
CUST0486,INV009468,12086.49,2026-08-15,2026-09-14,2026-10-01,Paid,0,25,7,10,1,6,61,0,1,Enterprise,3130977
CUST1676,INV009469,9960.51,2026-07-19,2026-09-02,2026-09-06,Paid,0,11,6,0,0,5,12,0,1,SMB,489439
CUST0410,INV009470,30250.22,2025-10-01,2025-11-15,,Overdue,292,19,6,18,1,3,63,1,0,SMB,520529
CUST0027,INV009471,5000.0,2026-02-14,2026-04-15,2026-04-15,Paid,0,29,4,0,0,7,24,1,1,SMB,165359
CUST1053,INV009472,48508.72,2025-12-24,2026-02-07,,Overdue,208,13,3,13,0,6,71,0,0,Enterprise,3416085
CUST0271,INV009473,7676.31,2025-04-08,2025-05-23,2025-06-18,Paid,0,3,1,23,0,0,24,0,1,Mid-Market,1608242
CUST0686,INV009474,5000.0,2025-08-29,2025-09-28,2025-10-07,Paid,0,25,7,6,1,3,78,1,1,Mid-Market,3395503
CUST0501,INV009475,136202.13,2026-07-11,2026-08-10,2026-08-23,Paid,0,4,0,18,0,0,62,0,1,Mid-Market,836261
CUST1277,INV009476,9338.61,2025-04-24,2025-06-23,2025-07-02,Paid,0,24,8,15,2,4,13,0,1,SMB,1419391
CUST0385,INV009477,10698.31,2026-05-02,2026-05-17,2026-05-28,Paid,0,15,4,7,0,3,10,1,1,Mid-Market,2214563
CUST0060,INV009478,68496.53,2025-08-29,2025-10-13,,Overdue,325,14,5,26,1,6,65,0,0,SMB,3687820
CUST1131,INV009479,140706.42,2025-06-05,2025-07-05,,Overdue,425,28,8,18,1,7,5,0,0,Mid-Market,1240456
CUST0220,INV009480,5000.0,2025-12-18,2026-01-17,,Overdue,229,11,3,25,1,0,47,1,0,Mid-Market,1515744
CUST1465,INV009481,8466.16,2025-02-13,2025-03-15,,Overdue,537,28,8,5,0,4,8,0,0,Enterprise,4664466
CUST0771,INV009482,9111.76,2026-08-15,2026-08-30,2026-09-08,Paid,0,13,5,13,1,6,51,0,1,SMB,112507
CUST1907,INV009483,56094.98,2025-11-08,2026-01-07,,Overdue,239,20,5,23,1,1,78,0,0,Enterprise,2847909
CUST1682,INV009484,113451.66,2025-05-18,2025-07-17,2025-08-02,Paid,0,18,1,13,1,6,37,0,1,Enterprise,997272
CUST0564,INV009485,7478.2,2026-03-12,2026-04-11,,Overdue,145,13,4,30,0,2,81,1,0,SMB,1522178
CUST1596,INV009486,90648.56,2025-05-23,2025-07-07,,Overdue,423,21,3,7,0,0,43,1,0,Mid-Market,2574055
CUST0546,INV009487,10839.65,2025-10-26,2025-11-25,2025-12-01,Paid,0,27,6,13,1,6,86,0,1,SMB,1589600
CUST0096,INV009488,30826.28,2026-07-16,2026-08-30,2026-09-16,Paid,0,19,5,21,0,4,57,0,1,SMB,2689929
CUST0989,INV009489,6176.74,2025-09-19,2025-11-03,,Overdue,304,4,1,17,0,7,44,0,0,SMB,736268
CUST1113,INV009490,19498.05,2026-05-27,2026-06-26,,Overdue,69,12,2,15,3,5,65,0,1,SMB,2059606
CUST0828,INV009491,19710.12,2025-03-03,2025-04-02,2025-04-17,Paid,0,3,0,16,0,3,49,0,1,SMB,3818950
CUST1946,INV009492,16072.13,2026-07-21,2026-08-20,2026-08-30,Paid,0,16,3,0,1,4,39,0,1,Mid-Market,849687
CUST0231,INV009493,32369.47,2026-02-27,2026-04-28,,Overdue,128,1,0,10,0,2,76,0,0,Mid-Market,4827402
CUST0968,INV009494,8046.31,2026-01-31,2026-03-17,,Overdue,170,4,0,15,0,2,30,1,0,SMB,1834006
CUST0275,INV009495,9102.25,2025-01-31,2025-04-01,,Overdue,520,9,3,16,0,7,80,0,0,Mid-Market,213834
CUST0246,INV009496,34127.96,2025-11-26,2026-01-10,,Overdue,236,23,7,3,1,2,66,1,0,Enterprise,2872136
CUST0111,INV009497,84291.42,2025-06-18,2025-07-18,,Overdue,412,13,4,15,2,1,51,0,0,SMB,2805063
CUST0234,INV009498,21529.65,2025-09-23,2025-11-22,,Overdue,285,22,4,17,1,7,79,0,0,SMB,771037
CUST1302,INV009499,36449.05,2025-11-04,2025-12-04,2025-12-16,Paid,0,10,3,15,1,5,46,1,1,Enterprise,1496250
CUST1501,INV009500,47008.33,2026-04-04,2026-05-04,2026-05-17,Paid,0,9,2,12,3,0,8,0,1,Mid-Market,3927590
CUST0417,INV009501,50539.23,2025-07-04,2025-08-18,2025-08-20,Paid,0,20,4,3,0,6,6,1,1,SMB,560370
CUST0678,INV009502,8488.57,2025-11-30,2025-12-30,2025-12-30,Paid,0,6,1,5,0,5,59,0,1,SMB,4413089
CUST1152,INV009503,10127.3,2026-05-30,2026-06-29,2026-07-14,Paid,0,19,5,15,0,3,5,1,1,Mid-Market,2236268
CUST1261,INV009504,11047.12,2026-03-17,2026-04-16,2026-04-16,Paid,0,3,1,0,1,0,78,1,1,SMB,1947951
CUST0803,INV009505,151544.38,2026-01-26,2026-02-25,,Overdue,190,10,3,23,0,0,68,0,0,Mid-Market,3251078
CUST0619,INV009506,36614.26,2026-07-14,2026-09-12,,Overdue,0,10,3,8,2,6,3,1,1,Mid-Market,3781404
CUST1152,INV009507,35007.43,2025-09-11,2025-11-10,,Overdue,297,24,11,16,1,6,32,0,0,Mid-Market,2236268
CUST0707,INV009508,31768.67,2026-08-09,2026-09-08,,Overdue,0,21,7,24,1,1,88,0,1,SMB,3375495
CUST0851,INV009509,5879.38,2025-12-01,2025-12-31,2026-01-03,Paid,0,24,5,0,1,6,62,0,1,SMB,1646853
CUST1418,INV009510,152999.58,2026-02-04,2026-03-21,,Overdue,166,25,6,16,0,3,88,0,1,SMB,614430
CUST0475,INV009511,35567.5,2025-06-15,2025-07-15,2025-07-17,Paid,0,2,0,10,0,5,30,0,1,Mid-Market,4445564
CUST0655,INV009512,45395.13,2025-09-17,2025-10-17,,Overdue,321,13,3,0,1,1,49,1,0,SMB,4906854
CUST0395,INV009513,5000.0,2025-01-04,2025-02-18,,Overdue,562,7,2,27,0,3,12,0,0,SMB,487625
CUST0111,INV009514,48033.01,2025-04-29,2025-06-13,,Overdue,447,29,4,3,0,7,89,0,0,SMB,2805063
CUST0090,INV009515,15425.66,2026-04-15,2026-05-15,,Overdue,111,13,2,25,1,5,50,0,0,SMB,915139
CUST0763,INV009516,5867.69,2026-04-15,2026-05-30,2026-05-30,Paid,0,14,0,1,0,4,82,0,1,SMB,214074
CUST1304,INV009517,8486.54,2026-05-08,2026-06-07,,Overdue,88,28,6,0,0,5,18,0,1,Mid-Market,4943091
CUST1357,INV009518,6217.39,2026-05-15,2026-06-14,2026-06-16,Paid,0,18,6,0,0,5,47,0,1,Enterprise,3255228
CUST1248,INV009519,6113.26,2025-03-11,2025-04-25,2025-04-29,Paid,0,14,3,1,0,3,63,0,1,SMB,4377802
CUST1125,INV009520,23401.32,2026-01-05,2026-02-04,,Overdue,211,23,6,3,1,1,44,0,0,Mid-Market,295300
CUST0132,INV009521,14961.53,2025-06-30,2025-07-30,,Overdue,400,27,7,20,0,4,21,1,0,SMB,3674064
CUST1037,INV009522,30763.04,2025-01-05,2025-02-19,2025-03-30,Paid,0,13,1,33,1,3,48,1,1,SMB,1798982
CUST0457,INV009523,117709.6,2025-07-16,2025-09-14,,Overdue,354,19,3,26,1,2,66,0,0,SMB,67297
CUST1465,INV009524,19350.94,2025-02-16,2025-03-18,,Overdue,534,8,4,12,2,1,32,1,0,Enterprise,4664466
CUST0098,INV009525,5000.0,2026-07-06,2026-09-04,,Overdue,0,4,1,10,3,4,45,1,1,SMB,2318185
CUST1144,INV009526,17292.74,2025-05-20,2025-06-19,2025-06-30,Paid,0,9,2,9,0,2,51,0,1,Mid-Market,4728083
CUST0293,INV009527,72648.97,2026-06-24,2026-07-24,,Overdue,41,12,4,0,0,4,53,1,1,Mid-Market,4950164
CUST1840,INV009528,20212.58,2026-03-03,2026-03-18,2026-03-28,Paid,0,20,2,14,0,5,28,0,1,SMB,1191452
CUST1735,INV009529,101654.05,2026-08-12,2026-09-11,,Overdue,0,2,1,17,1,3,89,0,1,SMB,1896357
CUST1025,INV009530,34646.14,2026-07-15,2026-08-14,2026-08-17,Paid,0,29,8,3,0,3,62,0,1,Enterprise,3745727
CUST0572,INV009531,5000.0,2025-11-06,2026-01-05,,Overdue,241,4,0,0,1,4,29,0,0,Mid-Market,3820183
CUST0250,INV009532,24577.39,2025-10-01,2025-10-31,,Overdue,307,21,2,12,1,4,61,1,0,Enterprise,464994
CUST0652,INV009533,29643.59,2026-06-23,2026-07-23,2026-08-09,Paid,0,24,1,21,0,3,8,0,1,Mid-Market,504418
CUST0149,INV009534,64883.97,2026-01-25,2026-03-11,2026-03-14,Paid,0,19,4,2,0,6,46,0,1,SMB,4277995
CUST1419,INV009535,135894.83,2026-04-04,2026-05-04,2026-05-04,Paid,0,9,2,1,0,7,31,0,1,SMB,3718508
CUST0044,INV009536,54596.53,2025-12-27,2026-02-10,2026-02-20,Paid,0,9,1,6,0,6,66,0,1,Enterprise,4524770
CUST1907,INV009537,34217.07,2025-03-10,2025-04-09,,Overdue,512,11,2,17,0,0,62,1,1,Enterprise,2847909
CUST1722,INV009538,43312.14,2026-08-06,2026-09-05,2026-09-06,Paid,0,10,3,5,1,7,18,0,1,SMB,2434775
CUST1644,INV009539,18620.03,2026-03-07,2026-04-21,,Overdue,135,3,0,27,0,7,55,0,0,Mid-Market,1593812
CUST1068,INV009540,5100.64,2025-02-01,2025-02-16,,Overdue,564,8,1,7,2,5,85,0,0,SMB,4639058
CUST1102,INV009541,22959.71,2026-05-28,2026-06-27,,Overdue,68,22,6,6,2,4,37,1,1,Enterprise,1917306
CUST1250,INV009542,31738.65,2025-07-01,2025-07-31,,Overdue,399,11,3,13,0,0,86,1,0,Mid-Market,3850986
CUST0162,INV009543,6610.02,2025-09-05,2025-10-05,,Overdue,333,6,3,22,0,7,30,0,0,Mid-Market,3928363
CUST1817,INV009544,83002.14,2025-10-24,2025-12-08,,Overdue,269,18,4,18,0,6,83,0,0,SMB,375437
CUST0253,INV009545,60199.0,2025-01-30,2025-03-01,2025-03-01,Paid,0,8,1,0,0,3,21,0,1,Enterprise,1126941
CUST0132,INV009546,5587.23,2025-10-29,2025-11-28,,Overdue,279,23,6,17,0,2,78,1,0,SMB,3674064
CUST1472,INV009547,86321.35,2026-04-21,2026-05-21,,Overdue,105,2,2,22,1,7,13,0,1,Mid-Market,400067
CUST1908,INV009548,16182.5,2025-12-18,2026-01-17,2026-02-08,Paid,0,20,7,23,0,2,19,0,1,SMB,2999311
CUST1911,INV009549,10112.31,2026-04-27,2026-06-26,,Overdue,69,5,2,27,0,6,4,0,1,SMB,3516032
CUST0474,INV009550,64814.05,2025-11-13,2026-01-12,,Overdue,234,25,8,34,1,6,21,0,0,Enterprise,4889498
CUST1680,INV009551,20930.14,2026-02-01,2026-03-03,2026-03-15,Paid,0,10,3,13,1,1,24,0,1,Mid-Market,1944554
CUST1802,INV009552,147146.7,2025-03-30,2025-04-14,,Overdue,507,18,2,9,2,1,45,1,1,Mid-Market,2979735
CUST1133,INV009553,9387.29,2025-08-22,2025-09-21,,Overdue,347,12,3,4,2,7,13,0,0,SMB,1040029
CUST0706,INV009554,5000.0,2025-06-17,2025-07-17,2025-07-17,Paid,0,28,8,0,0,3,22,0,1,Enterprise,1617343
CUST1059,INV009555,16639.95,2025-05-06,2025-06-05,,Overdue,455,23,3,7,3,4,87,0,1,SMB,1608141
CUST1491,INV009556,48495.32,2026-07-27,2026-08-26,,Overdue,8,21,8,7,1,2,49,0,0,SMB,3010883
CUST1926,INV009557,8715.49,2025-04-30,2025-06-14,2025-06-14,Paid,0,2,0,1,0,7,48,1,1,SMB,434370
CUST0275,INV009558,5824.91,2026-03-04,2026-03-19,2026-03-28,Paid,0,10,1,14,1,6,17,0,1,Mid-Market,213834
CUST0187,INV009559,27692.79,2025-07-09,2025-09-07,2025-09-13,Paid,0,12,1,12,0,4,20,0,1,Mid-Market,4679375
CUST0949,INV009560,5096.52,2026-03-04,2026-04-03,,Overdue,153,19,4,13,2,6,32,0,0,Enterprise,1686675
CUST0243,INV009561,29932.28,2026-07-14,2026-08-28,2026-09-03,Paid,0,5,1,2,1,0,50,0,1,Enterprise,3230246
CUST0264,INV009562,15668.02,2025-07-21,2025-09-19,,Overdue,349,10,1,16,0,3,62,0,0,Mid-Market,3333616
CUST1998,INV009563,36115.11,2025-02-28,2025-03-30,2025-04-04,Paid,0,1,1,5,1,5,15,0,1,SMB,2533502
CUST0522,INV009564,5520.21,2025-08-11,2025-10-10,,Overdue,328,7,1,27,1,1,42,1,0,SMB,4939084
CUST0963,INV009565,80673.32,2026-05-07,2026-06-06,2026-06-12,Paid,0,1,0,0,1,3,11,0,1,SMB,3591815
CUST1702,INV009566,18342.31,2025-01-11,2025-03-12,2025-03-16,Paid,0,22,5,6,1,1,37,0,1,SMB,3701361
CUST1565,INV009567,47264.87,2026-05-27,2026-07-26,,Overdue,39,28,10,17,2,3,68,0,1,Mid-Market,2530017
CUST0783,INV009568,57519.28,2025-11-06,2025-12-06,,Overdue,271,22,8,0,0,3,38,0,0,SMB,729447
CUST1111,INV009569,6922.66,2025-02-03,2025-03-20,,Overdue,532,17,3,25,1,7,81,0,0,Mid-Market,3606210
CUST0535,INV009570,53223.62,2025-12-06,2026-01-05,,Overdue,241,12,3,22,1,7,61,1,0,Mid-Market,4938639
CUST0210,INV009571,5297.2,2026-04-26,2026-05-26,2026-06-26,Paid,0,7,4,29,1,1,61,0,1,SMB,4998409
CUST0046,INV009572,5596.31,2026-07-28,2026-08-12,2026-08-31,Paid,0,8,1,25,2,0,15,0,1,Mid-Market,4797647
CUST1491,INV009573,156999.71,2025-04-03,2025-05-03,,Overdue,488,3,0,19,2,3,28,1,0,SMB,3010883
CUST1564,INV009574,66960.18,2025-05-13,2025-06-12,,Overdue,448,15,5,13,1,2,87,0,0,SMB,3298204
CUST0026,INV009575,175196.62,2026-02-23,2026-03-25,,Overdue,162,12,3,0,2,3,67,1,0,Mid-Market,1506081
CUST1290,INV009576,15211.18,2026-04-13,2026-05-28,2026-06-23,Paid,0,26,10,25,0,4,21,1,1,SMB,476674
CUST0175,INV009577,24402.2,2026-03-20,2026-04-19,,Overdue,137,17,5,5,1,7,29,0,0,Mid-Market,240237
CUST1540,INV009578,37322.62,2025-01-30,2025-03-31,,Overdue,521,2,0,10,0,7,61,0,1,Mid-Market,4713062
CUST1335,INV009579,21759.47,2025-10-25,2025-11-09,,Overdue,298,17,7,8,1,2,16,0,0,Enterprise,3867042
CUST0322,INV009580,10444.85,2025-03-02,2025-03-17,,Overdue,535,25,6,7,2,4,43,0,0,Mid-Market,4159803
CUST1603,INV009581,8990.42,2026-04-03,2026-05-18,,Overdue,108,4,1,24,2,1,24,0,0,SMB,3974482
CUST1159,INV009582,27278.72,2025-10-31,2025-12-30,,Overdue,247,7,3,21,1,1,31,0,0,Enterprise,4872684
CUST0055,INV009583,7579.03,2025-12-06,2026-01-20,,Overdue,226,15,4,17,1,1,85,0,0,Mid-Market,4373654
CUST2000,INV009584,7369.73,2026-03-24,2026-04-23,,Overdue,133,21,4,12,0,7,13,1,1,SMB,1701348
CUST1567,INV009585,32649.08,2025-10-29,2025-11-28,,Overdue,279,25,6,0,0,5,25,0,0,Mid-Market,4181146
CUST1610,INV009586,20027.08,2026-06-24,2026-07-09,2026-07-15,Paid,0,16,4,11,2,4,6,0,1,Mid-Market,3790030
CUST1555,INV009587,56230.03,2026-04-30,2026-05-30,,Overdue,96,25,11,25,2,1,86,0,0,SMB,3050109
CUST1180,INV009588,14401.51,2025-03-18,2025-04-17,,Overdue,504,6,0,7,1,2,79,0,0,Mid-Market,572154
CUST1873,INV009589,12317.1,2026-05-30,2026-06-29,,Overdue,66,5,2,6,1,7,43,0,0,Mid-Market,525278
CUST0668,INV009590,33642.77,2026-07-03,2026-08-02,,Overdue,32,26,2,21,2,6,82,1,0,SMB,3438445
CUST0147,INV009591,9778.83,2025-04-02,2025-05-17,,Overdue,474,16,4,12,0,1,51,0,0,Mid-Market,2524653
CUST1509,INV009592,11405.74,2026-04-11,2026-05-26,,Overdue,100,1,0,24,2,6,75,1,0,Mid-Market,1183387
CUST0599,INV009593,11867.34,2026-04-11,2026-05-11,2026-05-15,Paid,0,15,6,3,0,3,89,0,1,SMB,2813398
CUST0020,INV009594,17859.63,2026-08-22,2026-09-21,,Overdue,0,20,5,14,0,4,41,0,0,SMB,983396
CUST1293,INV009595,129629.61,2025-02-09,2025-03-11,,Overdue,541,5,2,15,0,4,89,0,0,Mid-Market,4943180
CUST0333,INV009596,5559.21,2025-11-25,2025-12-25,,Overdue,252,13,4,11,1,4,82,0,0,SMB,3071372
CUST1579,INV009597,80459.37,2025-10-12,2025-11-26,2025-12-22,Paid,0,14,3,25,1,4,35,0,1,Mid-Market,1899916
CUST0907,INV009598,46063.99,2026-07-08,2026-08-22,,Overdue,12,25,5,12,2,7,44,1,1,Mid-Market,3083449
CUST0944,INV009599,105554.09,2025-03-07,2025-04-21,,Overdue,500,2,0,19,0,0,14,1,0,Mid-Market,725673
CUST0911,INV009600,507212.87,2025-04-19,2025-05-19,2025-05-30,Paid,0,2,0,11,1,7,56,0,1,Mid-Market,2585610
CUST0401,INV009601,92175.81,2026-02-19,2026-04-20,,Overdue,136,19,0,12,1,1,84,0,0,SMB,2592017
CUST0950,INV009602,55584.9,2025-04-02,2025-05-02,2025-05-12,Paid,0,19,3,16,2,3,58,1,1,Mid-Market,756673
CUST1330,INV009603,5928.36,2026-01-03,2026-03-04,2026-03-08,Paid,0,12,3,3,0,3,43,0,1,SMB,4882091
CUST0028,INV009604,6726.28,2026-02-27,2026-03-29,2026-04-01,Paid,0,23,10,6,0,5,59,0,1,Mid-Market,2213859
CUST0467,INV009605,31577.19,2026-07-26,2026-08-25,,Overdue,9,17,5,11,0,6,55,1,0,SMB,665863
CUST1284,INV009606,5000.0,2025-08-28,2025-09-27,2025-10-14,Paid,0,2,0,12,1,4,37,0,1,SMB,4645130
CUST1558,INV009607,40759.3,2026-03-11,2026-04-10,,Overdue,146,11,3,12,1,3,34,1,0,SMB,3321557
CUST0982,INV009608,5000.0,2025-07-31,2025-08-30,2025-08-31,Paid,0,17,4,0,1,1,46,1,1,Mid-Market,1424073
CUST1911,INV009609,69719.36,2026-02-04,2026-04-05,,Overdue,151,14,4,22,1,2,48,0,0,SMB,3516032
CUST0101,INV009610,15967.32,2026-06-10,2026-07-10,,Overdue,55,9,3,11,1,3,40,0,0,SMB,4520013
CUST0551,INV009611,24999.15,2026-04-13,2026-05-13,2026-05-13,Paid,0,26,4,0,0,5,20,0,1,Mid-Market,3661646
CUST0802,INV009612,10421.52,2025-06-19,2025-08-18,,Overdue,381,25,9,8,0,0,42,0,0,SMB,79336
CUST0353,INV009613,5000.0,2025-07-29,2025-08-28,,Overdue,371,29,7,28,0,4,72,1,0,Mid-Market,4125837
CUST1324,INV009614,75712.25,2025-09-13,2025-10-13,2025-10-17,Paid,0,19,6,5,1,2,64,1,1,SMB,903605
CUST1706,INV009615,83759.21,2025-03-14,2025-05-13,,Overdue,478,28,6,32,0,5,23,0,0,SMB,4276405
CUST0296,INV009616,15498.71,2025-05-27,2025-06-26,2025-07-10,Paid,0,19,3,8,1,6,51,1,1,Mid-Market,510796
CUST0353,INV009617,42698.95,2025-12-06,2026-01-05,,Overdue,241,1,0,28,0,2,12,1,1,Mid-Market,4125837
CUST0908,INV009618,14899.88,2025-11-13,2025-12-28,,Overdue,249,5,3,25,1,4,51,0,0,SMB,1499991
CUST1154,INV009619,29392.35,2026-07-29,2026-08-13,2026-08-26,Paid,0,19,5,13,0,4,3,0,1,Mid-Market,4037793
CUST1019,INV009620,47058.14,2025-06-03,2025-07-18,,Overdue,412,2,0,0,2,3,7,0,1,Enterprise,95475
CUST1180,INV009621,38372.06,2025-09-12,2025-10-12,2025-10-17,Paid,0,29,8,3,1,6,37,0,1,Mid-Market,572154
CUST1098,INV009622,84201.63,2025-12-17,2026-01-16,,Overdue,230,14,3,9,0,4,20,1,1,SMB,2523199
CUST1366,INV009623,37007.68,2026-07-01,2026-07-31,,Overdue,34,19,4,15,1,7,88,0,0,SMB,948332
CUST1489,INV009624,22653.84,2025-11-08,2026-01-07,,Overdue,239,24,9,3,0,0,58,0,1,SMB,1199734
CUST1114,INV009625,10286.43,2025-05-14,2025-07-13,,Overdue,417,8,3,0,1,1,89,0,0,Mid-Market,1609757
CUST1603,INV009626,13650.0,2025-05-09,2025-06-08,2025-06-12,Paid,0,17,4,12,0,2,19,1,1,SMB,3974482
CUST0455,INV009627,49516.01,2026-03-12,2026-04-11,,Overdue,145,2,0,3,1,4,27,0,0,SMB,749539
CUST1772,INV009628,5000.0,2025-10-07,2025-11-06,,Overdue,301,17,3,5,3,3,77,0,0,Mid-Market,1185270
CUST0712,INV009629,66556.55,2025-12-24,2026-01-23,2026-02-03,Paid,0,8,1,5,1,7,86,0,1,Mid-Market,2191912
CUST0980,INV009630,16628.22,2025-09-09,2025-11-08,,Overdue,299,14,4,13,0,7,36,0,0,Mid-Market,4658474
CUST1356,INV009631,9714.69,2025-05-15,2025-07-14,2025-07-26,Paid,0,17,1,18,0,4,60,0,1,Enterprise,2785090
CUST0739,INV009632,7341.33,2026-06-07,2026-07-22,,Overdue,43,6,1,27,2,0,23,0,0,SMB,3222382
CUST0977,INV009633,43233.36,2025-11-15,2025-12-15,,Overdue,262,26,6,0,1,4,84,1,0,Mid-Market,275391
CUST1372,INV009634,21706.32,2025-03-21,2025-04-20,,Overdue,501,29,8,7,1,0,30,0,0,SMB,4753855
CUST0233,INV009635,107878.97,2025-07-10,2025-07-25,,Overdue,405,11,4,18,0,4,83,0,0,Mid-Market,2612605
CUST1802,INV009636,6228.71,2026-03-29,2026-04-28,,Overdue,128,8,0,12,0,7,39,0,1,Mid-Market,2979735
CUST1622,INV009637,12355.25,2025-12-10,2026-01-09,,Overdue,237,13,2,2,0,6,66,1,0,SMB,1734449
CUST1024,INV009638,20086.01,2025-01-30,2025-03-16,2025-04-02,Paid,0,8,1,22,0,1,34,0,1,Enterprise,4673037
CUST0102,INV009639,10385.27,2026-02-18,2026-03-20,,Overdue,167,7,2,12,2,3,9,0,1,Mid-Market,4418327
CUST0953,INV009640,22161.65,2026-01-03,2026-01-18,,Overdue,228,24,6,29,0,5,85,1,0,SMB,1211068
CUST0481,INV009641,30318.12,2026-08-19,2026-09-18,,Overdue,0,24,3,13,0,6,84,1,1,Mid-Market,832877
CUST1238,INV009642,35756.39,2026-05-17,2026-07-16,,Overdue,49,26,8,7,0,0,72,0,1,SMB,3798529
CUST0108,INV009643,99326.45,2025-01-21,2025-03-07,,Overdue,545,3,1,7,2,4,50,1,0,Mid-Market,3902666
CUST1189,INV009644,5982.1,2026-07-03,2026-07-18,,Overdue,47,2,1,0,1,2,85,1,1,SMB,2635171
CUST0973,INV009645,30876.8,2025-09-03,2025-11-02,,Overdue,305,12,1,26,0,7,80,0,0,Mid-Market,3894886
CUST1627,INV009646,11534.03,2025-10-10,2025-11-09,2025-11-20,Paid,0,4,1,11,0,0,1,0,1,SMB,2348756
CUST0704,INV009647,33860.8,2025-08-20,2025-09-19,2025-09-20,Paid,0,5,1,0,1,1,2,0,1,SMB,2238370
CUST0335,INV009648,33905.49,2025-11-12,2025-12-12,,Overdue,265,16,1,21,3,1,69,0,0,SMB,3171881
CUST0086,INV009649,8209.77,2025-12-02,2026-01-01,2026-01-01,Paid,0,2,2,1,1,2,35,0,1,SMB,2815331
CUST0734,INV009650,8944.98,2026-02-15,2026-03-17,,Overdue,170,27,9,18,1,4,74,0,0,Mid-Market,2920574
CUST0875,INV009651,36740.8,2025-09-02,2025-10-17,,Overdue,321,24,4,7,2,4,45,0,0,SMB,1034156
CUST1448,INV009652,22548.06,2026-01-22,2026-02-21,,Overdue,194,24,7,17,1,4,10,0,0,Mid-Market,1756517
CUST1637,INV009653,17683.34,2025-12-24,2026-01-23,,Overdue,223,13,2,0,1,4,63,0,0,SMB,4165345
CUST1762,INV009654,42530.93,2025-01-22,2025-02-21,,Overdue,559,28,10,15,2,5,26,0,0,Mid-Market,2792455
CUST0364,INV009655,45785.31,2025-01-19,2025-03-05,2025-03-13,Paid,0,4,0,4,0,5,79,0,1,Mid-Market,1644918
CUST0060,INV009656,12969.68,2025-10-14,2025-11-28,2025-11-28,Paid,0,28,10,0,0,4,3,0,1,SMB,3687820
CUST1506,INV009657,9395.13,2025-10-03,2025-11-02,,Overdue,305,5,2,18,0,6,79,0,0,SMB,2759236
CUST1274,INV009658,6235.92,2026-07-06,2026-08-05,2026-08-10,Paid,0,27,7,10,0,2,46,1,1,SMB,4573535
CUST0560,INV009659,22775.81,2025-03-13,2025-03-28,2025-04-10,Paid,0,12,4,6,1,5,39,0,1,Mid-Market,642632
CUST0117,INV009660,5307.31,2025-12-31,2026-01-30,2026-02-08,Paid,0,15,3,7,1,6,80,0,1,Mid-Market,2319070
CUST1763,INV009661,24329.1,2025-12-01,2025-12-16,,Overdue,261,5,1,19,0,5,50,1,0,SMB,2319409
CUST0874,INV009662,74372.15,2026-08-13,2026-09-12,2026-09-20,Paid,0,5,0,12,0,1,60,0,1,SMB,2971989
CUST0915,INV009663,15468.18,2025-07-18,2025-09-01,2025-09-18,Paid,0,16,4,18,1,7,87,0,1,Mid-Market,1700824
CUST0968,INV009664,12884.7,2025-01-17,2025-02-16,2025-02-25,Paid,0,25,5,12,1,2,19,0,1,SMB,1834006
CUST0999,INV009665,162404.4,2025-08-06,2025-09-20,,Overdue,348,9,2,22,0,3,10,1,0,Enterprise,187686
CUST1569,INV009666,99678.15,2025-05-27,2025-07-11,2025-07-11,Paid,0,15,3,0,1,3,4,1,1,Mid-Market,2328581
CUST0044,INV009667,10253.78,2025-07-29,2025-08-28,2025-08-28,Paid,0,27,9,0,0,0,39,0,1,Enterprise,4524770
CUST0509,INV009668,25311.48,2026-02-18,2026-03-20,,Overdue,167,4,1,17,0,4,77,0,1,Enterprise,2846461
CUST1189,INV009669,30597.64,2025-11-26,2025-12-26,,Overdue,251,17,6,22,0,1,75,0,0,SMB,2635171
CUST1392,INV009670,27001.84,2025-12-18,2026-02-01,,Overdue,214,24,8,17,2,7,43,1,0,SMB,3502814
CUST1881,INV009671,135222.04,2025-06-12,2025-07-12,,Overdue,418,27,5,23,1,0,72,1,0,Mid-Market,2837976
CUST1316,INV009672,24034.12,2025-04-11,2025-05-11,2025-06-03,Paid,0,1,1,21,1,5,37,1,1,Mid-Market,3749509
CUST0849,INV009673,27923.81,2025-11-23,2025-12-23,,Overdue,254,16,5,15,0,3,85,0,0,Mid-Market,648506
CUST1880,INV009674,43855.8,2025-11-23,2025-12-08,2025-12-08,Paid,0,23,6,0,0,7,18,0,1,Mid-Market,2964611
CUST0917,INV009675,72396.97,2025-06-04,2025-07-04,2025-07-12,Paid,0,28,4,11,0,0,29,1,1,SMB,1823055
CUST0898,INV009676,56212.77,2025-01-10,2025-02-09,,Overdue,571,29,8,8,2,5,46,0,0,Enterprise,2275541
CUST0799,INV009677,37725.25,2025-12-19,2026-01-18,2026-02-05,Paid,0,20,3,17,0,3,50,0,1,Mid-Market,473332
CUST0876,INV009678,5000.0,2025-07-02,2025-08-31,,Overdue,368,17,6,18,0,3,17,0,0,SMB,3763543
CUST1761,INV009679,13519.15,2026-03-31,2026-04-30,2026-04-30,Paid,0,4,2,0,1,2,23,0,1,SMB,2923524
CUST0286,INV009680,49982.15,2025-01-06,2025-02-05,,Overdue,575,23,6,0,0,0,6,1,0,SMB,625919
CUST1228,INV009681,28293.82,2025-11-29,2025-12-29,,Overdue,248,13,3,0,0,7,35,0,0,SMB,4845464
CUST0684,INV009682,50318.53,2025-11-29,2025-12-29,,Overdue,248,8,2,29,1,3,37,0,0,Mid-Market,628526
CUST1548,INV009683,145388.69,2025-09-15,2025-10-15,2025-10-31,Paid,0,18,2,17,0,1,89,1,1,Mid-Market,4772340
CUST0819,INV009684,6788.85,2025-07-30,2025-08-29,,Overdue,370,13,2,8,0,7,49,0,0,SMB,323452
CUST0121,INV009685,68727.88,2025-02-20,2025-04-06,,Overdue,515,9,4,14,2,3,3,0,0,Mid-Market,1498763
CUST0945,INV009686,15829.59,2026-03-21,2026-04-20,,Overdue,136,5,1,16,0,6,40,0,0,SMB,4112224
CUST1780,INV009687,56125.74,2026-01-12,2026-01-27,,Overdue,219,11,3,19,1,6,60,0,1,Mid-Market,1688846
CUST1688,INV009688,21136.98,2026-05-01,2026-05-31,2026-05-31,Paid,0,28,8,0,0,6,35,0,1,SMB,2287300
CUST1688,INV009689,184795.4,2025-02-20,2025-03-22,2025-03-22,Paid,0,14,5,4,2,2,40,0,1,SMB,2287300
CUST1018,INV009690,25086.55,2025-06-03,2025-07-03,,Overdue,427,24,4,14,1,7,59,0,0,Mid-Market,4077902
CUST1212,INV009691,11608.42,2026-08-05,2026-08-20,2026-09-03,Paid,0,18,7,12,1,0,4,1,1,SMB,828799
CUST0907,INV009692,33519.23,2025-11-06,2025-12-06,,Overdue,271,18,4,18,0,3,41,0,0,Mid-Market,3083449
CUST0013,INV009693,30453.09,2026-02-03,2026-03-05,,Overdue,182,20,8,0,0,4,55,0,0,Mid-Market,3971451
CUST0603,INV009694,68740.72,2025-05-14,2025-06-13,2025-06-20,Paid,0,16,4,9,0,4,5,0,1,SMB,2928350
CUST0200,INV009695,34477.18,2025-08-08,2025-09-07,2025-09-25,Paid,0,4,0,11,1,7,65,0,1,Mid-Market,4844821
CUST0586,INV009696,261728.93,2025-06-12,2025-07-27,,Overdue,403,19,2,18,2,7,31,0,0,SMB,267770
CUST1792,INV009697,19704.37,2026-07-23,2026-09-21,,Overdue,0,5,3,15,1,3,60,0,1,Mid-Market,3177640
CUST1480,INV009698,19937.95,2026-05-17,2026-06-16,,Overdue,79,2,0,3,2,0,43,0,1,SMB,884440
CUST0448,INV009699,12041.5,2025-04-25,2025-06-09,2025-06-27,Paid,0,17,4,23,1,5,9,0,1,Mid-Market,3937008
CUST1812,INV009700,23996.62,2026-05-14,2026-06-13,,Overdue,82,28,7,7,1,2,58,0,1,Mid-Market,2417893
CUST1864,INV009701,27751.89,2026-04-17,2026-06-16,2026-06-22,Paid,0,4,1,2,1,1,16,0,1,Mid-Market,4734013
CUST0841,INV009702,29179.17,2025-05-29,2025-06-28,,Overdue,432,6,1,13,1,5,70,0,0,SMB,3030346
CUST1095,INV009703,23557.22,2025-08-29,2025-09-28,,Overdue,340,22,5,4,2,0,88,0,0,SMB,3861666
CUST0590,INV009704,11970.24,2025-05-03,2025-06-02,,Overdue,458,18,2,23,1,6,89,0,0,SMB,2752882
CUST1820,INV009705,9121.0,2025-03-10,2025-04-09,,Overdue,512,6,2,26,2,2,34,1,0,SMB,3680623
CUST1154,INV009706,15135.92,2025-03-04,2025-03-19,,Overdue,533,20,4,7,0,6,35,0,0,Mid-Market,4037793
CUST0889,INV009707,68977.64,2025-01-16,2025-02-15,,Overdue,565,26,5,3,2,7,85,0,0,SMB,1871367
CUST0043,INV009708,85545.16,2026-01-25,2026-02-24,,Overdue,191,15,3,18,3,3,77,0,0,SMB,1649792
CUST0520,INV009709,20394.8,2026-08-13,2026-10-12,,Overdue,0,1,0,13,2,1,38,0,0,SMB,2698202
CUST1037,INV009710,8590.54,2025-09-15,2025-11-14,,Overdue,293,17,6,5,1,0,50,1,0,SMB,1798982
CUST0725,INV009711,20309.14,2025-08-05,2025-09-19,2025-09-23,Paid,0,2,0,9,1,7,12,1,1,Mid-Market,2725480
CUST0623,INV009712,178378.94,2026-04-24,2026-05-24,2026-05-24,Paid,0,4,1,11,1,3,30,0,1,SMB,1035132
CUST0988,INV009713,59812.37,2025-04-24,2025-06-23,,Overdue,437,24,6,0,2,1,44,1,0,SMB,3341070
CUST0803,INV009714,38205.8,2026-01-15,2026-03-16,,Overdue,171,3,2,21,1,3,87,0,0,Mid-Market,3251078
CUST0535,INV009715,57681.1,2025-08-25,2025-10-24,,Overdue,314,27,11,3,1,4,89,0,0,Mid-Market,4938639
CUST0302,INV009716,102802.67,2026-04-21,2026-05-21,2026-06-01,Paid,0,21,6,7,0,5,2,0,1,Mid-Market,805111
CUST1790,INV009717,6954.43,2026-08-21,2026-09-20,2026-09-29,Paid,0,3,1,13,1,4,74,0,1,Mid-Market,3764755
CUST0527,INV009718,14882.78,2025-05-09,2025-05-24,2025-06-17,Paid,0,24,8,22,1,2,9,0,1,SMB,652276
CUST1666,INV009719,12981.47,2026-05-25,2026-07-24,,Overdue,41,14,3,31,1,1,71,1,0,Enterprise,1468826
CUST1597,INV009720,39620.99,2025-06-14,2025-06-29,2025-07-02,Paid,0,20,2,9,0,4,12,1,1,SMB,3040193
CUST1139,INV009721,25851.16,2025-10-04,2025-11-03,2025-11-22,Paid,0,27,8,22,3,6,34,0,1,SMB,4887231
CUST0460,INV009722,46925.25,2025-09-14,2025-10-14,,Overdue,324,8,2,7,0,3,79,1,0,SMB,3315962
CUST0832,INV009723,13268.03,2025-05-12,2025-05-27,,Overdue,464,29,5,18,1,2,49,0,0,SMB,307354
CUST0505,INV009724,86851.24,2026-07-24,2026-09-22,2026-09-30,Paid,0,8,1,6,1,4,51,0,1,Mid-Market,3129042
CUST1332,INV009725,20551.03,2025-09-14,2025-10-14,2025-10-14,Paid,0,9,1,0,2,7,12,0,1,Mid-Market,2982977
CUST0932,INV009726,44114.58,2025-05-21,2025-06-05,2025-07-03,Paid,0,18,6,22,0,6,6,0,1,Mid-Market,4634946
CUST1987,INV009727,72795.29,2025-07-28,2025-09-26,2025-10-02,Paid,0,27,7,5,0,2,26,0,1,Mid-Market,2764766
CUST0325,INV009728,67179.56,2026-06-03,2026-07-03,,Overdue,62,26,3,14,1,5,69,0,1,Enterprise,1084586
CUST0579,INV009729,31597.35,2025-02-20,2025-04-21,2025-04-21,Paid,0,7,3,0,0,7,49,0,1,SMB,2914140
CUST0761,INV009730,49978.44,2026-05-18,2026-06-17,2026-06-17,Paid,0,10,3,0,0,1,51,0,1,SMB,4560784
CUST1199,INV009731,125700.91,2025-09-16,2025-10-31,2025-10-31,Paid,0,1,0,0,1,4,74,0,1,Mid-Market,827567
CUST0851,INV009732,36812.81,2025-06-27,2025-07-27,,Overdue,403,29,11,15,1,4,85,0,0,SMB,1646853
CUST1538,INV009733,10618.51,2026-06-27,2026-07-27,,Overdue,38,4,0,2,2,0,41,0,0,Mid-Market,2976979
CUST1196,INV009734,39460.31,2025-12-22,2026-01-21,,Overdue,225,20,5,26,0,6,11,0,0,Enterprise,964565
CUST0960,INV009735,21220.41,2025-11-14,2026-01-13,,Overdue,233,4,2,0,0,7,47,1,0,Mid-Market,1256184
CUST0502,INV009736,5000.0,2025-12-30,2026-01-14,2026-01-30,Paid,0,23,6,14,0,0,14,0,1,Mid-Market,3544708
CUST0334,INV009737,34961.34,2025-02-24,2025-03-26,2025-03-30,Paid,0,29,7,0,0,1,16,0,1,SMB,2438229
CUST0284,INV009738,24751.73,2025-06-05,2025-08-04,,Overdue,395,14,6,33,1,6,44,0,0,SMB,335711
CUST0475,INV009739,70011.71,2025-02-13,2025-03-15,2025-03-20,Paid,0,5,1,0,1,7,58,0,1,Mid-Market,4445564
CUST1078,INV009740,10403.59,2026-08-16,2026-09-15,,Overdue,0,5,2,18,1,1,21,0,1,Mid-Market,2277039
CUST1482,INV009741,5000.0,2026-06-26,2026-08-10,2026-08-16,Paid,0,19,8,6,0,5,14,0,1,SMB,749895
CUST1603,INV009742,26073.66,2025-11-18,2025-12-03,,Overdue,274,26,5,19,0,5,76,0,0,SMB,3974482
CUST1444,INV009743,32214.68,2025-01-14,2025-01-29,2025-01-29,Paid,0,21,5,1,0,7,26,0,1,SMB,1543551
CUST1638,INV009744,24193.35,2025-12-23,2026-02-21,,Overdue,194,5,3,13,1,6,73,1,0,SMB,4788202
CUST0632,INV009745,22487.36,2026-04-28,2026-05-28,,Overdue,98,24,2,6,2,0,3,0,0,Enterprise,287199
CUST0703,INV009746,7564.89,2025-12-25,2026-01-24,,Overdue,222,11,3,39,1,4,88,0,0,SMB,1010652
CUST0409,INV009747,19169.64,2025-11-14,2025-12-29,2026-01-08,Paid,0,2,0,2,0,5,49,0,1,Enterprise,3257796
CUST0982,INV009748,15546.55,2025-03-16,2025-04-15,2025-04-18,Paid,0,15,5,1,0,2,41,0,1,Mid-Market,1424073
CUST1328,INV009749,64389.69,2026-08-14,2026-09-28,2026-10-27,Paid,0,14,3,28,2,6,19,0,1,Mid-Market,820692
CUST1959,INV009750,32187.24,2025-07-13,2025-08-12,,Overdue,387,14,3,19,1,1,12,0,0,Mid-Market,320146
CUST0559,INV009751,16680.62,2025-12-29,2026-02-27,2026-03-01,Paid,0,8,2,4,0,0,55,0,1,Mid-Market,3339791
CUST0222,INV009752,123486.22,2025-04-06,2025-05-06,,Overdue,485,20,4,13,0,2,2,0,0,Mid-Market,3294424
CUST1557,INV009753,16832.93,2025-02-09,2025-03-11,2025-03-21,Paid,0,25,5,13,0,0,28,1,1,Mid-Market,2494975
CUST0158,INV009754,38475.88,2026-02-01,2026-03-18,2026-03-29,Paid,0,8,1,15,2,3,42,0,1,Mid-Market,3351017
CUST0348,INV009755,18640.25,2025-04-17,2025-05-17,,Overdue,474,5,3,19,1,4,65,0,0,SMB,1419277
CUST1183,INV009756,112549.96,2025-01-17,2025-02-16,2025-02-19,Paid,0,5,1,1,0,2,29,1,1,Mid-Market,1129525
CUST0889,INV009757,24025.23,2026-06-11,2026-07-26,,Overdue,39,25,9,14,0,0,3,1,1,SMB,1871367
CUST1908,INV009758,24745.88,2026-05-14,2026-06-13,2026-06-24,Paid,0,29,5,9,1,2,87,0,1,SMB,2999311
CUST0922,INV009759,19151.37,2026-06-09,2026-07-09,2026-07-09,Paid,0,14,4,0,0,5,8,0,1,SMB,1707153
CUST1259,INV009760,26809.51,2025-02-12,2025-03-14,2025-03-29,Paid,0,5,2,7,1,3,78,1,1,SMB,93764
CUST0662,INV009761,73096.65,2026-08-16,2026-09-30,2026-10-08,Paid,0,29,4,7,0,6,28,0,1,Enterprise,1261569
CUST0405,INV009762,51320.41,2025-12-16,2026-01-15,,Overdue,231,9,2,20,0,7,42,0,0,SMB,906626
CUST1281,INV009763,22653.65,2025-01-30,2025-03-31,,Overdue,521,22,1,24,1,3,85,1,0,Mid-Market,1780085
CUST0677,INV009764,120731.59,2026-03-17,2026-04-16,,Overdue,140,27,10,18,2,4,3,0,1,SMB,4915313
CUST0589,INV009765,52732.42,2026-06-26,2026-08-10,,Overdue,24,11,3,0,1,0,60,0,1,SMB,2487245
CUST1621,INV009766,14211.67,2026-03-31,2026-04-30,,Overdue,126,17,1,33,0,7,51,0,0,SMB,1000922
CUST0558,INV009767,5539.46,2025-04-04,2025-05-04,,Overdue,487,27,8,23,2,0,78,1,0,SMB,1280746
CUST0905,INV009768,14544.76,2025-10-22,2025-11-21,,Overdue,286,12,5,11,1,5,19,0,0,SMB,1148657
CUST1937,INV009769,33301.2,2026-07-03,2026-08-02,2026-08-20,Paid,0,12,4,14,2,5,4,1,1,SMB,276256
CUST1071,INV009770,40022.63,2025-03-30,2025-04-29,,Overdue,492,24,4,17,1,0,87,0,0,SMB,4917951
CUST1237,INV009771,85745.4,2026-05-18,2026-06-17,2026-06-22,Paid,0,16,4,13,0,7,7,0,1,Enterprise,2787946
CUST0479,INV009772,7372.07,2025-08-02,2025-10-01,2025-10-17,Paid,0,1,0,20,0,7,41,1,1,Enterprise,1571466
CUST0487,INV009773,14197.83,2026-02-26,2026-03-28,,Overdue,159,18,6,26,0,1,16,0,0,SMB,2349899
CUST1595,INV009774,6784.24,2026-06-10,2026-08-09,2026-08-09,Paid,0,6,0,0,1,6,65,1,1,Mid-Market,2977053
CUST0566,INV009775,5774.46,2025-07-11,2025-07-26,2025-08-02,Paid,0,5,1,8,0,7,53,1,1,Mid-Market,3920426
CUST1366,INV009776,11756.73,2025-08-12,2025-09-26,,Overdue,342,18,7,16,0,6,55,0,0,SMB,948332
CUST0524,INV009777,31780.63,2026-07-09,2026-09-07,2026-09-07,Paid,0,13,2,0,1,4,20,0,1,Mid-Market,1592247
CUST0704,INV009778,47638.4,2026-01-22,2026-03-23,,Overdue,164,6,1,33,2,3,4,0,0,SMB,2238370
CUST1527,INV009779,8532.57,2026-04-19,2026-05-19,2026-05-19,Paid,0,7,2,0,1,6,37,0,1,SMB,1725502
CUST1030,INV009780,9805.75,2025-07-22,2025-09-05,2025-09-11,Paid,0,3,3,5,1,4,82,0,1,Mid-Market,2126198
CUST0821,INV009781,5000.0,2026-03-23,2026-04-22,,Overdue,134,11,2,19,0,7,81,0,1,Mid-Market,4421047
CUST1168,INV009782,27292.09,2025-03-09,2025-04-08,,Overdue,513,8,2,34,2,7,22,1,0,Mid-Market,3576362
CUST0858,INV009783,10592.07,2025-04-02,2025-05-17,2025-05-24,Paid,0,4,1,15,1,1,44,0,1,SMB,174932
CUST1285,INV009784,116195.73,2025-06-27,2025-07-27,2025-08-13,Paid,0,10,1,18,2,0,61,1,1,SMB,486542
CUST0585,INV009785,33183.53,2026-07-13,2026-08-12,2026-08-12,Paid,0,9,2,6,1,3,72,1,1,Mid-Market,1003692
CUST0686,INV009786,18556.11,2025-01-03,2025-02-02,2025-03-10,Paid,0,23,5,32,1,0,46,1,1,Mid-Market,3395503
CUST0232,INV009787,11601.48,2025-04-13,2025-04-28,,Overdue,493,13,0,29,3,7,26,1,0,Mid-Market,4720817
CUST0270,INV009788,5000.0,2025-09-30,2025-10-30,2025-11-13,Paid,0,19,1,20,1,1,3,1,1,SMB,145028
CUST0940,INV009789,5609.0,2026-06-18,2026-08-17,,Overdue,17,15,2,0,1,1,89,1,1,Mid-Market,2015730
CUST1471,INV009790,11823.67,2025-04-26,2025-05-11,,Overdue,480,5,1,13,2,6,55,0,0,Mid-Market,1515915
CUST0874,INV009791,10950.03,2026-04-09,2026-05-24,2026-05-28,Paid,0,25,10,6,0,0,37,0,1,SMB,2971989
CUST1246,INV009792,8109.8,2025-04-14,2025-05-29,,Overdue,462,13,6,12,2,0,47,0,0,Mid-Market,3683795
CUST0052,INV009793,32115.52,2025-09-16,2025-10-16,2025-10-20,Paid,0,12,3,7,1,2,48,0,1,Mid-Market,141006
CUST0116,INV009794,36837.28,2025-11-04,2025-12-19,,Overdue,258,9,3,16,2,3,36,0,0,Enterprise,464600
CUST0538,INV009795,13923.98,2026-01-02,2026-02-16,,Overdue,199,24,9,6,1,3,15,0,0,SMB,3796037
CUST1589,INV009796,152535.44,2025-10-29,2025-11-28,2025-12-08,Paid,0,8,3,9,1,4,7,1,1,SMB,164589
CUST1901,INV009797,5000.0,2026-07-14,2026-08-13,2026-08-13,Paid,0,9,2,8,0,5,31,0,1,Mid-Market,2138618
CUST0541,INV009798,23345.6,2025-01-27,2025-03-28,,Overdue,524,21,6,16,1,4,61,0,0,Enterprise,4638727
CUST1043,INV009799,17701.77,2026-05-23,2026-07-22,2026-07-22,Paid,0,13,0,0,1,5,46,1,1,SMB,4495818
CUST0815,INV009800,12699.26,2026-06-11,2026-07-26,2026-07-26,Paid,0,27,8,0,0,1,15,0,1,Enterprise,2961190
CUST1416,INV009801,10963.61,2025-12-31,2026-01-30,2026-02-19,Paid,0,29,7,20,1,5,13,0,1,Enterprise,86413
CUST0791,INV009802,21873.7,2025-10-25,2025-11-24,2025-12-09,Paid,0,9,3,8,1,3,22,0,1,SMB,2879915
CUST1653,INV009803,17579.21,2025-12-27,2026-01-26,,Overdue,220,6,2,19,2,1,50,0,0,SMB,1999902
CUST0618,INV009804,14885.21,2026-05-19,2026-07-03,,Overdue,62,29,4,20,2,0,52,0,0,SMB,1347991
CUST0419,INV009805,6010.6,2026-08-11,2026-09-25,,Overdue,0,6,3,6,0,7,56,0,0,Mid-Market,4465276
CUST0309,INV009806,5000.0,2025-01-30,2025-03-01,,Overdue,551,11,1,6,2,3,44,1,0,Mid-Market,4224482
CUST1763,INV009807,16506.07,2026-03-15,2026-04-29,,Overdue,127,10,0,6,2,7,87,0,0,SMB,2319409
CUST0864,INV009808,14733.87,2025-12-06,2025-12-21,2025-12-21,Paid,0,14,3,0,0,6,67,0,1,SMB,3280431
CUST0186,INV009809,18087.26,2025-05-06,2025-06-20,2025-06-20,Paid,0,28,4,0,0,1,20,0,1,Mid-Market,3301128
CUST0261,INV009810,19759.27,2026-08-19,2026-09-18,2026-09-24,Paid,0,6,3,11,0,6,83,0,1,Mid-Market,4802820
CUST1552,INV009811,13062.46,2026-07-20,2026-09-03,2026-09-11,Paid,0,7,1,0,1,2,46,0,1,Mid-Market,514462
CUST1297,INV009812,17811.37,2026-01-01,2026-01-31,2026-02-04,Paid,0,9,1,10,0,7,48,0,1,SMB,1977716
CUST0160,INV009813,9381.28,2026-03-19,2026-04-18,2026-04-22,Paid,0,3,0,3,0,5,30,0,1,Mid-Market,4464084
CUST0870,INV009814,101108.13,2025-09-20,2025-10-05,2025-10-13,Paid,0,12,2,3,4,7,42,0,1,Enterprise,2972705
CUST0762,INV009815,9899.7,2025-08-10,2025-10-09,2025-10-14,Paid,0,16,1,9,1,5,41,0,1,SMB,1339467
CUST0224,INV009816,15199.52,2025-01-02,2025-02-01,,Overdue,579,13,3,29,2,2,30,0,0,SMB,4011676
CUST1280,INV009817,10680.89,2026-01-29,2026-02-28,2026-03-22,Paid,0,6,0,28,0,3,24,1,1,SMB,903329
CUST0180,INV009818,10503.02,2025-11-02,2025-12-17,2026-01-10,Paid,0,13,4,23,1,3,12,0,1,SMB,895474
CUST0020,INV009819,22575.97,2025-05-26,2025-06-25,,Overdue,435,26,8,13,1,6,44,0,0,SMB,983396
CUST1648,INV009820,19885.89,2026-06-14,2026-07-14,2026-07-17,Paid,0,5,1,0,0,4,53,0,1,Mid-Market,312091
CUST0632,INV009821,13912.45,2026-06-12,2026-07-12,,Overdue,53,4,3,24,3,5,17,0,1,Enterprise,287199
CUST1730,INV009822,16589.48,2025-11-04,2025-11-19,2025-11-19,Paid,0,8,3,5,0,3,73,0,1,Mid-Market,827635
CUST1492,INV009823,10723.43,2025-12-06,2026-01-05,2026-02-03,Paid,0,3,0,28,1,4,79,0,1,SMB,4157618
CUST1647,INV009824,32916.38,2025-12-18,2026-01-17,2026-01-17,Paid,0,2,2,5,1,5,25,0,1,SMB,4523447
CUST1234,INV009825,171990.19,2025-07-28,2025-09-11,,Overdue,357,20,7,25,1,2,12,0,0,SMB,4052981
CUST1537,INV009826,9183.45,2025-07-24,2025-08-23,,Overdue,376,19,6,20,1,2,78,0,0,SMB,2139934
CUST0058,INV009827,32661.86,2025-01-15,2025-02-14,,Overdue,566,7,2,0,2,2,84,0,0,SMB,838768
CUST1117,INV009828,23039.12,2026-03-04,2026-04-03,,Overdue,153,12,3,21,1,7,46,0,1,SMB,4517890
CUST1245,INV009829,42986.0,2026-04-21,2026-05-21,,Overdue,105,29,13,13,2,6,49,0,0,Mid-Market,3911774
CUST0723,INV009830,44213.83,2025-10-25,2025-12-24,2025-12-24,Paid,0,4,1,0,2,0,45,0,1,SMB,3032410
CUST1964,INV009831,27049.2,2026-07-11,2026-09-09,2026-09-13,Paid,0,10,1,8,0,3,37,0,1,SMB,4424798
CUST1256,INV009832,21166.59,2025-04-04,2025-04-19,,Overdue,502,28,6,36,0,7,27,0,0,SMB,3286904
CUST1798,INV009833,14264.79,2025-04-17,2025-06-01,2025-06-01,Paid,0,9,2,0,0,2,30,0,1,SMB,1693909
CUST1388,INV009834,10250.07,2026-02-23,2026-03-25,,Overdue,162,29,6,13,0,4,25,0,0,SMB,3981814
CUST0615,INV009835,19993.34,2025-10-05,2025-11-19,2025-11-19,Paid,0,12,0,6,2,6,81,0,1,Enterprise,4506397
CUST0562,INV009836,6096.14,2025-05-08,2025-06-07,2025-06-23,Paid,0,11,1,18,0,4,26,1,1,SMB,4805185
CUST0374,INV009837,12162.88,2026-04-04,2026-05-04,2026-05-28,Paid,0,21,1,23,0,1,71,0,1,Mid-Market,2125915
CUST0622,INV009838,66626.23,2025-02-07,2025-04-08,,Overdue,513,19,6,15,1,1,47,0,0,SMB,268401
CUST1480,INV009839,24306.82,2025-07-17,2025-09-15,2025-10-09,Paid,0,2,1,22,1,0,39,0,1,SMB,884440
CUST0088,INV009840,53780.4,2025-12-23,2026-01-22,,Overdue,224,6,0,2,0,4,84,1,0,Mid-Market,2680723
CUST1044,INV009841,95764.17,2025-01-07,2025-03-08,2025-03-25,Paid,0,6,1,11,2,5,8,0,1,Mid-Market,4145077
CUST1014,INV009842,18452.78,2026-07-10,2026-08-24,,Overdue,10,1,0,29,1,1,28,0,0,SMB,1445796
CUST0014,INV009843,27101.0,2025-11-28,2025-12-28,,Overdue,249,7,2,5,1,3,15,0,0,SMB,616088
CUST0133,INV009844,16287.51,2026-06-03,2026-07-03,2026-07-03,Paid,0,12,2,3,1,3,81,0,1,SMB,825158
CUST1961,INV009845,9773.15,2025-07-13,2025-08-12,2025-08-16,Paid,0,21,7,6,0,3,26,0,1,SMB,594026
CUST1832,INV009846,8493.29,2025-11-12,2025-12-27,,Overdue,250,23,8,17,0,6,53,0,0,Mid-Market,4451913
CUST1058,INV009847,51182.37,2025-01-01,2025-03-02,,Overdue,550,12,2,12,1,7,15,1,0,SMB,3753292
CUST0892,INV009848,27136.29,2025-03-03,2025-04-02,,Overdue,519,20,3,19,1,3,55,0,0,Enterprise,4582669
CUST1232,INV009849,139609.3,2025-12-09,2026-01-23,,Overdue,223,21,7,4,1,1,13,0,0,SMB,2564719
CUST1837,INV009850,58223.95,2025-01-18,2025-03-04,2025-03-14,Paid,0,23,6,0,2,7,20,0,1,SMB,2936569
CUST1223,INV009851,10601.88,2026-01-06,2026-02-05,2026-02-11,Paid,0,6,1,5,1,6,81,0,1,SMB,4235224
CUST0592,INV009852,51038.84,2026-08-02,2026-09-01,2026-09-01,Paid,0,14,1,0,0,0,89,0,1,Mid-Market,1876525
CUST0583,INV009853,16235.0,2026-07-25,2026-08-24,2026-09-08,Paid,0,17,5,14,0,1,85,0,1,SMB,3819457
CUST1179,INV009854,74373.85,2025-08-23,2025-09-22,2025-10-03,Paid,0,17,3,10,1,3,8,1,1,Mid-Market,1448949
CUST1614,INV009855,13543.56,2025-03-10,2025-05-09,,Overdue,482,18,1,13,1,2,17,0,0,SMB,1620889
CUST1102,INV009856,7689.22,2026-03-23,2026-04-22,,Overdue,134,13,3,15,0,5,34,0,0,Enterprise,1917306
CUST1196,INV009857,9939.23,2025-01-08,2025-02-07,,Overdue,573,13,4,6,2,5,48,0,0,Enterprise,964565
CUST0289,INV009858,10460.22,2026-04-07,2026-05-22,,Overdue,104,27,5,19,0,3,10,1,1,SMB,472381
CUST1569,INV009859,9506.66,2025-11-07,2025-11-22,,Overdue,285,11,3,14,2,0,78,0,0,Mid-Market,2328581
CUST1836,INV009860,12424.08,2025-05-14,2025-06-13,2025-07-05,Paid,0,3,0,6,1,4,75,1,1,Mid-Market,1900924
CUST1812,INV009861,51880.17,2026-01-20,2026-02-19,2026-03-01,Paid,0,17,1,16,1,4,75,1,1,Mid-Market,2417893
CUST1013,INV009862,132726.28,2025-02-25,2025-03-27,2025-04-07,Paid,0,26,4,16,1,3,29,0,1,Enterprise,1997238
CUST0879,INV009863,5824.4,2025-12-26,2026-02-09,,Overdue,206,2,1,35,0,0,16,0,0,SMB,2287035
CUST1444,INV009864,77925.85,2025-04-24,2025-05-24,,Overdue,467,28,8,18,2,1,19,0,0,SMB,1543551
CUST0007,INV009865,13660.94,2025-03-29,2025-05-13,,Overdue,478,2,1,23,2,7,86,1,0,SMB,2048671
CUST1184,INV009866,31190.93,2025-05-18,2025-06-17,,Overdue,443,7,0,8,0,6,24,0,0,Enterprise,1835818
CUST0240,INV009867,5000.0,2025-04-18,2025-05-18,,Overdue,473,27,11,3,2,0,43,1,0,SMB,1862336
CUST1987,INV009868,37198.92,2026-05-15,2026-06-14,,Overdue,81,29,7,18,3,5,56,0,1,Mid-Market,2764766
CUST1447,INV009869,5000.0,2026-06-19,2026-08-18,2026-08-22,Paid,0,28,5,5,0,3,39,0,1,Mid-Market,4215255
CUST0536,INV009870,30149.85,2025-05-24,2025-06-08,2025-06-15,Paid,0,22,5,7,1,1,9,0,1,Enterprise,838140
CUST1750,INV009871,28488.51,2025-02-25,2025-03-27,2025-04-03,Paid,0,25,3,0,0,4,48,0,1,SMB,4958951
CUST0070,INV009872,26662.35,2025-01-06,2025-02-20,,Overdue,560,10,1,12,1,7,33,0,0,Enterprise,1706321
CUST1904,INV009873,10562.76,2026-06-26,2026-07-26,,Overdue,39,14,5,9,2,3,42,0,0,SMB,4450852
CUST0216,INV009874,38159.37,2026-03-23,2026-04-07,2026-04-11,Paid,0,21,3,9,0,4,34,0,1,SMB,493316
CUST1128,INV009875,32567.87,2026-01-20,2026-02-19,2026-03-03,Paid,0,19,2,20,0,3,45,0,1,SMB,903392
CUST1751,INV009876,17855.15,2025-11-03,2025-12-18,2025-12-18,Paid,0,17,5,6,1,1,36,0,1,Mid-Market,4137138
CUST1078,INV009877,43124.66,2025-10-29,2025-12-28,,Overdue,249,16,3,13,0,0,32,0,0,Mid-Market,2277039
CUST0806,INV009878,20018.17,2026-02-09,2026-02-24,,Overdue,191,17,4,7,2,5,82,0,1,Mid-Market,1936963
CUST0330,INV009879,37375.74,2026-07-16,2026-08-15,2026-08-15,Paid,0,18,2,0,1,5,26,0,1,SMB,2134504
CUST0848,INV009880,19421.2,2026-05-25,2026-06-24,,Overdue,71,29,3,14,1,4,80,1,1,Enterprise,1084186
CUST1227,INV009881,27356.3,2025-03-14,2025-04-28,,Overdue,493,27,9,16,0,7,33,0,0,SMB,2617587
CUST1312,INV009882,39133.06,2026-07-18,2026-08-02,2026-08-15,Paid,0,11,2,20,0,1,88,1,1,Enterprise,1187411
CUST0045,INV009883,14795.63,2025-09-22,2025-10-07,2025-10-28,Paid,0,19,2,17,3,4,43,1,1,SMB,500930
CUST0829,INV009884,6413.52,2025-08-15,2025-09-29,2025-10-06,Paid,0,11,2,7,0,6,6,0,1,Mid-Market,192980
CUST0198,INV009885,29029.82,2025-07-12,2025-07-27,,Overdue,403,10,1,31,1,2,52,1,0,Enterprise,173950
CUST1240,INV009886,72358.73,2026-01-09,2026-02-08,,Overdue,207,14,3,12,1,1,60,0,0,SMB,1499466
CUST1505,INV009887,29707.39,2025-01-10,2025-03-11,2025-03-28,Paid,0,14,5,13,1,1,78,0,1,SMB,2978100
CUST1333,INV009888,30276.96,2025-10-29,2025-12-28,,Overdue,249,10,2,1,0,0,84,1,0,SMB,3620118
CUST0896,INV009889,21116.79,2025-12-25,2026-01-24,2026-01-25,Paid,0,21,6,5,1,0,78,1,1,SMB,4630197
CUST1459,INV009890,46125.38,2025-02-21,2025-03-23,,Overdue,529,23,7,24,1,3,59,0,0,SMB,4072261
CUST0332,INV009891,18289.17,2025-04-09,2025-05-09,2025-05-29,Paid,0,4,1,17,1,0,44,0,1,Mid-Market,2304736
CUST0696,INV009892,13990.04,2026-08-16,2026-09-15,2026-09-15,Paid,0,10,3,1,1,7,24,0,1,Mid-Market,3739024
CUST0027,INV009893,66522.68,2025-01-13,2025-03-14,,Overdue,538,27,7,0,0,5,71,1,0,SMB,165359
CUST1190,INV009894,12957.91,2026-01-25,2026-03-11,,Overdue,176,6,1,18,1,3,67,0,1,Mid-Market,1331506
CUST0318,INV009895,53608.93,2025-12-23,2026-02-06,2026-02-08,Paid,0,22,5,6,0,5,40,0,1,SMB,2820374
CUST1298,INV009896,66565.08,2025-01-11,2025-02-10,2025-03-13,Paid,0,29,6,28,1,0,20,0,1,SMB,1971672
CUST1407,INV009897,38824.89,2025-03-22,2025-04-21,,Overdue,500,11,3,44,1,0,25,0,0,Mid-Market,1183183
CUST0365,INV009898,6315.51,2025-09-18,2025-10-18,,Overdue,320,18,4,14,1,5,32,1,0,Enterprise,4718170
CUST1127,INV009899,22632.79,2025-01-06,2025-02-05,,Overdue,575,6,1,19,1,3,71,1,0,SMB,142036
CUST0960,INV009900,17997.71,2026-04-03,2026-04-18,,Overdue,138,21,4,19,3,2,52,1,1,Mid-Market,1256184
CUST1527,INV009901,13413.28,2026-01-08,2026-02-07,,Overdue,208,15,3,8,2,1,85,1,0,SMB,1725502
CUST1869,INV009902,25406.28,2026-04-26,2026-05-26,,Overdue,100,27,9,4,1,6,21,0,1,SMB,2488710
CUST0373,INV009903,47534.28,2025-08-10,2025-09-09,2025-09-09,Paid,0,6,1,0,1,5,49,1,1,SMB,1599420
CUST1640,INV009904,13925.09,2025-03-22,2025-04-21,,Overdue,500,20,7,20,0,7,23,1,0,Enterprise,375329
CUST1950,INV009905,18557.28,2026-05-30,2026-06-29,,Overdue,66,1,0,9,2,3,64,0,1,SMB,2977503
CUST0245,INV009906,17308.29,2025-03-01,2025-03-31,,Overdue,521,9,1,2,3,2,12,0,0,SMB,4000511
CUST1841,INV009907,70535.47,2025-08-09,2025-09-08,2025-09-19,Paid,0,14,0,7,3,5,68,1,1,SMB,1280796
CUST1193,INV009908,17032.85,2025-12-15,2026-01-14,2026-01-20,Paid,0,3,0,8,1,0,83,0,1,SMB,4374660
CUST1652,INV009909,6409.87,2026-07-15,2026-09-13,2026-09-21,Paid,0,1,1,1,1,6,5,1,1,SMB,1857402
CUST1677,INV009910,5000.0,2025-08-16,2025-09-15,2025-09-15,Paid,0,14,5,1,0,3,65,0,1,SMB,3667597
CUST1442,INV009911,31657.47,2025-10-17,2025-12-01,,Overdue,276,14,3,14,0,2,64,0,0,SMB,4805997
CUST1380,INV009912,10294.02,2025-10-20,2025-12-19,2025-12-20,Paid,0,4,0,3,0,2,43,1,1,Mid-Market,1040121
CUST0478,INV009913,42990.07,2025-07-12,2025-08-11,2025-08-15,Paid,0,14,5,3,0,5,48,1,1,Mid-Market,3083349
CUST0125,INV009914,5818.4,2026-04-19,2026-05-19,,Overdue,107,23,4,7,1,5,2,1,1,SMB,1576534
CUST0537,INV009915,12849.86,2025-09-14,2025-10-14,2025-10-14,Paid,0,4,3,0,1,7,66,1,1,Mid-Market,3608539
CUST0706,INV009916,5822.19,2026-05-21,2026-06-20,,Overdue,75,11,3,0,1,1,75,0,1,Enterprise,1617343
CUST1920,INV009917,34016.83,2026-01-23,2026-02-07,,Overdue,208,20,6,2,1,6,73,0,0,SMB,3931143
CUST1636,INV009918,42144.0,2026-02-02,2026-03-19,,Overdue,168,9,2,28,0,0,67,1,0,SMB,3488780
CUST1426,INV009919,30903.51,2026-01-01,2026-01-31,,Overdue,215,11,0,21,1,5,33,0,0,Enterprise,2198983
CUST1541,INV009920,7435.82,2025-10-17,2025-12-16,2025-12-30,Paid,0,15,1,12,0,6,23,0,1,Mid-Market,3845830
CUST0531,INV009921,10448.74,2025-11-05,2025-12-20,,Overdue,257,6,4,21,0,4,82,0,0,Mid-Market,4324692
CUST1706,INV009922,27842.36,2025-10-05,2025-11-04,2025-11-26,Paid,0,25,6,21,0,5,62,0,1,SMB,4276405
CUST0786,INV009923,5000.0,2026-04-09,2026-05-09,2026-05-16,Paid,0,12,2,0,0,2,74,0,1,Enterprise,2663987
CUST0254,INV009924,17306.98,2025-07-08,2025-08-07,2025-08-21,Paid,0,28,8,0,0,3,59,0,1,SMB,515982
CUST0121,INV009925,100398.78,2025-06-27,2025-07-27,,Overdue,403,13,5,5,2,7,80,0,0,Mid-Market,1498763
CUST1056,INV009926,18398.87,2026-06-12,2026-07-12,2026-07-29,Paid,0,18,3,10,1,6,27,1,1,SMB,587977
CUST0661,INV009927,5000.0,2026-01-10,2026-02-24,2026-02-24,Paid,0,23,6,0,1,5,68,0,1,SMB,3863233
CUST1802,INV009928,11999.15,2026-08-21,2026-09-20,2026-10-07,Paid,0,23,4,18,0,6,43,0,1,Mid-Market,2979735
CUST1061,INV009929,11723.0,2026-03-30,2026-04-29,2026-05-12,Paid,0,14,5,15,1,0,54,1,1,Enterprise,2773408
CUST1713,INV009930,187270.39,2025-08-05,2025-09-19,2025-10-11,Paid,0,24,3,22,1,4,65,0,1,Mid-Market,4039284
CUST1366,INV009931,116503.79,2025-02-11,2025-02-26,2025-03-02,Paid,0,26,6,5,2,4,46,0,1,SMB,948332
CUST1037,INV009932,45749.47,2025-07-13,2025-08-12,2025-08-15,Paid,0,11,2,2,2,4,12,0,1,SMB,1798982
CUST1207,INV009933,15629.63,2025-11-23,2025-12-23,,Overdue,254,25,7,34,0,5,55,1,0,Mid-Market,1927145
CUST1681,INV009934,73176.5,2026-01-08,2026-02-07,2026-02-15,Paid,0,24,4,5,0,2,58,0,1,SMB,4765700
CUST1289,INV009935,7090.71,2026-04-10,2026-05-25,2026-06-08,Paid,0,2,0,5,2,1,9,0,1,SMB,2112087
CUST0088,INV009936,64639.14,2025-06-12,2025-08-11,2025-08-11,Paid,0,19,5,6,0,6,46,1,1,Mid-Market,2680723
CUST1964,INV009937,55713.26,2025-10-03,2025-11-02,,Overdue,305,28,10,20,1,6,37,0,0,SMB,4424798
CUST1486,INV009938,18932.86,2025-12-30,2026-01-29,2026-02-23,Paid,0,2,0,20,0,4,65,0,1,SMB,1294360
CUST0046,INV009939,68815.64,2026-04-25,2026-05-25,,Overdue,101,17,2,8,0,4,83,0,0,Mid-Market,4797647
CUST1416,INV009940,14083.78,2026-04-05,2026-05-20,,Overdue,106,29,4,23,2,7,77,0,1,Enterprise,86413
CUST1143,INV009941,6216.2,2025-09-22,2025-11-06,,Overdue,301,23,9,36,0,6,64,1,0,Mid-Market,2548214
CUST0933,INV009942,58569.25,2026-06-23,2026-07-23,,Overdue,42,8,5,5,1,7,73,0,1,Enterprise,2345936
CUST1555,INV009943,20226.67,2026-01-21,2026-02-05,2026-02-13,Paid,0,5,0,0,0,5,22,0,1,SMB,3050109
CUST1471,INV009944,40206.37,2025-03-26,2025-05-25,2025-06-02,Paid,0,26,8,10,1,3,25,0,1,Mid-Market,1515915
CUST1756,INV009945,136064.81,2025-11-12,2025-12-12,,Overdue,265,29,6,15,0,4,9,0,0,Mid-Market,1511312
CUST1966,INV009946,10697.29,2025-08-31,2025-09-30,2025-10-08,Paid,0,11,4,16,1,0,35,1,1,Mid-Market,1440254
CUST0745,INV009947,19084.28,2026-04-14,2026-05-29,2026-05-29,Paid,0,25,4,3,0,1,53,0,1,SMB,168581
CUST1630,INV009948,105834.78,2025-12-08,2026-01-07,,Overdue,239,20,5,9,2,6,46,1,0,SMB,4651731
CUST0967,INV009949,42990.38,2025-06-26,2025-07-26,2025-08-10,Paid,0,1,0,16,0,1,46,0,1,Mid-Market,4189289
CUST0763,INV009950,10940.4,2025-05-10,2025-06-09,,Overdue,451,20,7,2,0,4,63,0,0,SMB,214074
CUST0762,INV009951,8475.9,2025-03-24,2025-05-23,2025-06-07,Paid,0,16,6,18,0,2,57,1,1,SMB,1339467
CUST0794,INV009952,12989.8,2025-12-26,2026-01-10,2026-01-10,Paid,0,5,0,0,1,2,73,1,1,Mid-Market,965113
CUST0744,INV009953,10525.81,2025-03-29,2025-04-28,,Overdue,493,27,11,19,0,6,7,0,1,Mid-Market,2723829
CUST1070,INV009954,27926.97,2026-06-16,2026-07-16,,Overdue,49,28,8,9,0,4,81,0,0,SMB,2172827
CUST1910,INV009955,23823.66,2026-04-16,2026-05-31,,Overdue,95,16,5,32,1,4,76,0,0,SMB,2685122
CUST1532,INV009956,29121.67,2026-05-13,2026-06-12,,Overdue,83,24,9,8,1,5,73,0,0,Mid-Market,1012452
CUST0558,INV009957,9501.33,2026-05-22,2026-06-21,2026-07-17,Paid,0,5,1,21,0,2,6,1,1,SMB,1280746
CUST1995,INV009958,20520.22,2025-12-20,2026-01-19,,Overdue,227,28,6,11,2,7,88,1,0,Mid-Market,1455802
CUST0526,INV009959,5000.0,2026-02-20,2026-03-22,,Overdue,165,10,6,22,1,4,19,0,1,SMB,2231906
CUST0597,INV009960,25463.63,2025-02-20,2025-04-06,,Overdue,515,9,0,26,0,7,55,0,0,Mid-Market,1528768
CUST1855,INV009961,71356.28,2026-08-23,2026-09-07,,Overdue,0,22,8,13,2,3,64,1,1,Enterprise,4482027
CUST0840,INV009962,5298.9,2025-03-04,2025-04-18,,Overdue,503,24,8,12,1,3,81,1,0,Mid-Market,358617
CUST0003,INV009963,35718.65,2025-03-30,2025-05-14,,Overdue,477,19,3,23,0,4,78,1,0,Mid-Market,1002246
CUST1052,INV009964,11955.97,2025-07-09,2025-09-07,,Overdue,361,29,9,20,1,2,65,0,0,Mid-Market,3394250
CUST1405,INV009965,49143.56,2025-12-14,2026-01-13,2026-01-19,Paid,0,3,0,0,0,7,56,0,1,Mid-Market,776448
CUST0157,INV009966,25813.36,2026-06-22,2026-07-22,,Overdue,43,9,3,22,2,3,82,0,0,Mid-Market,3025635
CUST0855,INV009967,33014.57,2025-06-25,2025-07-25,,Overdue,405,22,5,30,0,5,88,0,0,SMB,2813545
CUST1938,INV009968,23501.6,2025-12-30,2026-02-28,,Overdue,187,20,3,24,0,5,80,0,0,Mid-Market,470539
CUST1955,INV009969,83144.21,2026-07-08,2026-09-06,2026-09-10,Paid,0,8,4,8,0,7,18,0,1,Enterprise,4861671
CUST0511,INV009970,31176.21,2026-04-28,2026-05-28,2026-05-28,Paid,0,4,1,0,0,2,11,1,1,Mid-Market,2894180
CUST1357,INV009971,10878.86,2025-04-29,2025-06-28,,Overdue,432,11,3,3,1,5,64,0,0,Enterprise,3255228
CUST1868,INV009972,24311.75,2025-06-18,2025-08-02,,Overdue,397,4,2,19,0,6,34,0,0,SMB,2329023
CUST0687,INV009973,15231.47,2025-05-27,2025-07-26,2025-07-27,Paid,0,12,2,0,1,7,38,0,1,Mid-Market,864422
CUST1138,INV009974,25910.41,2026-03-13,2026-04-27,,Overdue,129,23,6,24,1,4,66,0,0,SMB,2635917
CUST1413,INV009975,14475.75,2026-03-15,2026-05-14,,Overdue,112,7,3,30,0,4,36,1,0,SMB,1210294
CUST1511,INV009976,11194.63,2025-07-08,2025-09-06,2025-09-26,Paid,0,28,6,16,0,4,27,0,1,Mid-Market,4698455
CUST1867,INV009977,26883.61,2025-06-09,2025-06-24,,Overdue,436,8,3,22,0,3,8,0,0,SMB,2504698
CUST1274,INV009978,23290.24,2026-02-06,2026-04-07,,Overdue,149,10,2,9,1,1,80,0,0,SMB,4573535
CUST0571,INV009979,63828.55,2026-08-09,2026-09-08,,Overdue,0,23,4,11,1,1,79,1,0,Mid-Market,175438
CUST0715,INV009980,14545.6,2025-01-18,2025-02-17,,Overdue,563,29,3,10,2,5,1,0,0,SMB,2012889
CUST1339,INV009981,5000.0,2025-05-20,2025-07-04,,Overdue,426,24,7,8,3,1,67,0,0,SMB,3197915
CUST0239,INV009982,15307.97,2025-04-25,2025-06-09,,Overdue,451,13,2,18,0,3,65,0,0,Mid-Market,2942371
CUST1258,INV009983,5000.0,2025-11-24,2026-01-23,2026-02-21,Paid,0,24,8,24,0,2,4,0,1,SMB,271552
CUST0303,INV009984,33378.66,2025-08-13,2025-09-12,2025-09-17,Paid,0,14,2,5,3,5,10,0,1,Mid-Market,2370715
CUST0607,INV009985,5000.0,2026-07-12,2026-08-11,2026-08-25,Paid,0,16,4,11,1,1,71,0,1,SMB,2158542
CUST0991,INV009986,8197.86,2026-03-15,2026-03-30,2026-04-07,Paid,0,7,0,14,0,1,79,0,1,Mid-Market,1161009
CUST1677,INV009987,15331.51,2026-07-04,2026-08-03,,Overdue,31,16,5,9,0,5,73,0,0,SMB,3667597
CUST0334,INV009988,103151.14,2026-01-21,2026-03-07,,Overdue,180,17,6,11,0,5,69,0,0,SMB,2438229
CUST0113,INV009989,7533.46,2026-06-05,2026-07-05,,Overdue,60,20,8,3,1,6,33,0,1,Enterprise,172775
CUST1645,INV009990,22301.41,2025-09-10,2025-10-10,2025-10-23,Paid,0,19,5,12,0,0,42,0,1,SMB,915256
CUST0362,INV009991,39339.19,2025-04-08,2025-05-08,,Overdue,483,12,1,14,0,5,29,0,0,Mid-Market,4157834
CUST1881,INV009992,97154.77,2025-03-12,2025-04-26,,Overdue,495,9,3,10,0,4,63,0,0,Mid-Market,2837976
CUST0801,INV009993,47944.28,2026-07-05,2026-07-20,,Overdue,45,28,6,17,1,1,25,0,0,Mid-Market,1509700
CUST0097,INV009994,65769.2,2026-03-23,2026-05-07,,Overdue,119,26,9,10,0,1,19,0,0,Mid-Market,3183211
CUST1982,INV009995,52276.75,2025-03-31,2025-04-30,,Overdue,491,8,5,2,0,2,81,0,0,Mid-Market,3273253
CUST1871,INV009996,6574.0,2026-03-06,2026-03-21,,Overdue,166,9,1,22,2,4,29,0,0,Mid-Market,3550967
CUST0016,INV009997,31561.46,2025-08-07,2025-10-06,,Overdue,332,5,0,20,0,7,85,0,0,SMB,708003
CUST0556,INV009998,51465.19,2025-04-17,2025-05-17,,Overdue,474,21,8,16,3,6,79,0,0,SMB,959245
CUST1978,INV009999,8463.34,2026-04-21,2026-05-21,,Overdue,105,10,4,30,0,3,3,0,1,SMB,1258468
CUST0376,INV010000,12335.54,2026-03-30,2026-05-14,2026-05-17,Paid,0,5,1,0,2,3,30,0,1,SMB,3395647
